######  SPATIAL GRID# x y 
0.0000000000000000e+00 	 6.6666666666666663e-01 
0.0000000000000000e+00 	 6.6666666666666663e-01 
0.0000000000000000e+00 	 6.6666666666666663e-01 
0.0000000000000000e+00 	 6.6666666666666663e-01 
0.0000000000000000e+00 	 6.6666666666666663e-01 
0.0000000000000000e+00 	 6.6666666666666663e-01 
0.0000000000000000e+00 	 6.6666666666666663e-01 
0.0000000000000000e+00 	 6.6666666666666663e-01 
0.0000000000000000e+00 	 6.6666666666666663e-01 
0.0000000000000000e+00 	 6.6666666666666663e-01 
0.0000000000000000e+00 	 6.6666666666666663e-01 
0.0000000000000000e+00 	 6.6666666666666663e-01 
0.0000000000000000e+00 	 6.6666666666666663e-01 
0.0000000000000000e+00 	 6.6666666666666663e-01 
0.0000000000000000e+00 	 6.6666666666666663e-01 
0.0000000000000000e+00 	 6.6666666666666663e-01 
0.0000000000000000e+00 	 6.6666666666666663e-01 
0.0000000000000000e+00 	 6.6666666666666663e-01 
0.0000000000000000e+00 	 6.6666666666666663e-01 
0.0000000000000000e+00 	 6.6666666666666663e-01 
0.0000000000000000e+00 	 6.6666666666666663e-01 
0.0000000000000000e+00 	 6.6666666666666663e-01 
0.0000000000000000e+00 	 6.6666666666666663e-01 
0.0000000000000000e+00 	 6.6666666666666663e-01 
0.0000000000000000e+00 	 6.6666666666666663e-01 
0.0000000000000000e+00 	 6.6666666666666663e-01 
0.0000000000000000e+00 	 6.6666666666666663e-01 
0.0000000000000000e+00 	 6.6666666666666663e-01 
0.0000000000000000e+00 	 6.6666666666666663e-01 
0.0000000000000000e+00 	 6.6666666666666663e-01 
0.0000000000000000e+00 	 6.6666666666666663e-01 
0.0000000000000000e+00 	 6.6666666666666663e-01 
0.0000000000000000e+00 	 6.6666666666666663e-01 
0.0000000000000000e+00 	 6.6666666666666663e-01 
0.0000000000000000e+00 	 6.6666666666666663e-01 
0.0000000000000000e+00 	 6.6666666666666663e-01 
0.0000000000000000e+00 	 6.6666666666666663e-01 
0.0000000000000000e+00 	 6.6666666666666663e-01 
0.0000000000000000e+00 	 6.6666666666666663e-01 
0.0000000000000000e+00 	 6.6666666666666663e-01 
0.0000000000000000e+00 	 6.6666666666666663e-01 
0.0000000000000000e+00 	 6.6666666666666663e-01 
0.0000000000000000e+00 	 6.6666666666666663e-01 
0.0000000000000000e+00 	 6.6666666666666663e-01 
0.0000000000000000e+00 	 6.6666666666666663e-01 
0.0000000000000000e+00 	 6.6666666666666663e-01 
0.0000000000000000e+00 	 6.6666666666666663e-01 
0.0000000000000000e+00 	 6.6666666666666663e-01 
0.0000000000000000e+00 	 6.6666666666666663e-01 
0.0000000000000000e+00 	 6.6666666666666663e-01 
0.0000000000000000e+00 	 6.6666666666666663e-01 
0.0000000000000000e+00 	 6.6666666666666663e-01 
0.0000000000000000e+00 	 6.6666666666666663e-01 
0.0000000000000000e+00 	 6.6666666666666663e-01 
0.0000000000000000e+00 	 6.6666666666666663e-01 
0.0000000000000000e+00 	 6.6666666666666663e-01 
0.0000000000000000e+00 	 6.6666666666666663e-01 
0.0000000000000000e+00 	 6.6666666666666663e-01 
0.0000000000000000e+00 	 6.6666666666666663e-01 
0.0000000000000000e+00 	 6.6666666666666663e-01 
0.0000000000000000e+00 	 6.6666666666666663e-01 
0.0000000000000000e+00 	 6.6666666666666663e-01 
0.0000000000000000e+00 	 6.6666666666666663e-01 
0.0000000000000000e+00 	 6.6666666666666663e-01 
0.0000000000000000e+00 	 6.6666666666666663e-01 
0.0000000000000000e+00 	 6.6666666666666663e-01 
0.0000000000000000e+00 	 6.6666666666666663e-01 
0.0000000000000000e+00 	 6.6666666666666663e-01 
0.0000000000000000e+00 	 6.6666666666666663e-01 
0.0000000000000000e+00 	 6.6666666666666663e-01 
0.0000000000000000e+00 	 6.6666666666666663e-01 
0.0000000000000000e+00 	 6.6666666666666663e-01 
-1.6666666666666666e-03 	 6.6666666666666663e-01 
-1.6603244968195758e-03 	 6.6652140709542051e-01 
-1.6413462550203465e-03 	 6.6637725303722173e-01 
-1.6098763771484469e-03 	 6.6623530159149580e-01 
-1.5661543679765138e-03 	 6.6609663309445721e-01 
-1.5105129783944164e-03 	 6.6596230289709879e-01 
-1.4433756729740645e-03 	 6.6583333333333328e-01 
-1.3652534071483193e-03 	 6.6571070593941484e-01 
-1.2767407385316297e-03 	 6.6559535398385572e-01 
-1.1785113019775789e-03 	 6.6548815536468908e-01 
-1.0713126828108988e-03 	 6.6538992592813495e-01 
-9.5596072725174358e-04 	 6.6530141325951830e-01 
-8.3333333333333360e-04 	 6.6522329099369260e-01 
-7.0436376956783215e-04 	 6.6515615368827219e-01 
-5.7003357220944786e-04 	 6.6510051229869016e-01 
-4.3136507517086770e-04 	 6.6505679028951814e-01 
-2.8941362944488383e-04 	 6.6502532041164630e-01 
-1.4525957124609704e-04 	 6.6500634216984711e-01 
1.0205389992894610e-19 	 6.6499999999999992e-01 
1.4525957124609688e-04 	 6.6500634216984711e-01 
2.8941362944488399e-04 	 6.6502532041164630e-01 
4.3136507517086786e-04 	 6.6505679028951814e-01 
5.7003357220944796e-04 	 6.6510051229869016e-01 
7.0436376956783237e-04 	 6.6515615368827219e-01 
8.3333333333333306e-04 	 6.6522329099369260e-01 
9.5596072725174315e-04 	 6.6530141325951830e-01 
1.0713126828108990e-03 	 6.6538992592813495e-01 
1.1785113019775792e-03 	 6.6548815536468908e-01 
1.2767407385316299e-03 	 6.6559535398385572e-01 
1.3652534071483195e-03 	 6.6571070593941484e-01 
1.4433756729740645e-03 	 6.6583333333333328e-01 
1.5105129783944164e-03 	 6.6596230289709879e-01 
1.5661543679765138e-03 	 6.6609663309445721e-01 
1.6098763771484469e-03 	 6.6623530159149580e-01 
1.6413462550203465e-03 	 6.6637725303722173e-01 
1.6603244968195758e-03 	 6.6652140709542051e-01 
1.6666666666666666e-03 	 6.6666666666666663e-01 
1.6603244968195758e-03 	 6.6681192623791274e-01 
1.6413462550203468e-03 	 6.6695608029611153e-01 
1.6098763771484469e-03 	 6.6709803174183746e-01 
1.5661543679765138e-03 	 6.6723670023887605e-01 
1.5105129783944164e-03 	 6.6737103043623447e-01 
1.4433756729740645e-03 	 6.6749999999999998e-01 
1.3652534071483197e-03 	 6.6762262739391842e-01 
1.2767407385316299e-03 	 6.6773797934947754e-01 
1.1785113019775792e-03 	 6.6784517796864418e-01 
1.0713126828108990e-03 	 6.6794340740519831e-01 
9.5596072725174369e-04 	 6.6803192007381496e-01 
8.3333333333333382e-04 	 6.6811004233964066e-01 
7.0436376956783302e-04 	 6.6817717964506107e-01 
5.7003357220944872e-04 	 6.6823282103464310e-01 
4.3136507517086748e-04 	 6.6827654304381512e-01 
2.8941362944488367e-04 	 6.6830801292168696e-01 
1.4525957124609688e-04 	 6.6832699116348615e-01 
1.0205389992894610e-19 	 6.6833333333333333e-01 
-1.4525957124609669e-04 	 6.6832699116348615e-01 
-2.8941362944488345e-04 	 6.6830801292168696e-01 
-4.3136507517086732e-04 	 6.6827654304381512e-01 
-5.7003357220944710e-04 	 6.6823282103464310e-01 
-7.0436376956783150e-04 	 6.6817717964506107e-01 
-8.3333333333333360e-04 	 6.6811004233964066e-01 
-9.5596072725174358e-04 	 6.6803192007381496e-01 
-1.0713126828108988e-03 	 6.6794340740519831e-01 
-1.1785113019775789e-03 	 6.6784517796864418e-01 
-1.2767407385316297e-03 	 6.6773797934947754e-01 
-1.3652534071483193e-03 	 6.6762262739391842e-01 
-1.4433756729740641e-03 	 6.6749999999999998e-01 
-1.5105129783944161e-03 	 6.6737103043623447e-01 
-1.5661543679765136e-03 	 6.6723670023887605e-01 
-1.6098763771484471e-03 	 6.6709803174183746e-01 
-1.6413462550203465e-03 	 6.6695608029611153e-01 
-1.6603244968195758e-03 	 6.6681192623791274e-01 
-3.3333333333333331e-03 	 6.6666666666666663e-01 
-3.3206489936391517e-03 	 6.6637614752417440e-01 
-3.2826925100406931e-03 	 6.6608783940777683e-01 
-3.2197527542968938e-03 	 6.6580393651632486e-01 
-3.1323087359530276e-03 	 6.6552659952224769e-01 
-3.0210259567888327e-03 	 6.6525793912753095e-01 
-2.8867513459481290e-03 	 6.6499999999999992e-01 
-2.7305068142966385e-03 	 6.6475474521216316e-01 
-2.5534814770632594e-03 	 6.6452404130104481e-01 
-2.3570226039551579e-03 	 6.6430964406271142e-01 
-2.1426253656217976e-03 	 6.6411318518960338e-01 
-1.9119214545034872e-03 	 6.6393615985236998e-01 
-1.6666666666666672e-03 	 6.6377991532071845e-01 
-1.4087275391356643e-03 	 6.6364564070987775e-01 
-1.1400671444188957e-03 	 6.6353435793071358e-01 
-8.6273015034173540e-04 	 6.6344691391236976e-01 
-5.7882725888976766e-04 	 6.6338397415662598e-01 
-2.9051914249219408e-04 	 6.6334601767302748e-01 
2.0410779985789220e-19 	 6.6333333333333333e-01 
2.9051914249219376e-04 	 6.6334601767302748e-01 
5.7882725888976799e-04 	 6.6338397415662598e-01 
8.6273015034173573e-04 	 6.6344691391236976e-01 
1.1400671444188959e-03 	 6.6353435793071358e-01 
1.4087275391356647e-03 	 6.6364564070987775e-01 
1.6666666666666661e-03 	 6.6377991532071845e-01 
1.9119214545034863e-03 	 6.6393615985236998e-01 
2.1426253656217980e-03 	 6.6411318518960338e-01 
2.3570226039551583e-03 	 6.6430964406271142e-01 
2.5534814770632598e-03 	 6.6452404130104481e-01 
2.7305068142966390e-03 	 6.6475474521216316e-01 
2.8867513459481290e-03 	 6.6499999999999992e-01 
3.0210259567888327e-03 	 6.6525793912753095e-01 
3.1323087359530276e-03 	 6.6552659952224769e-01 
3.2197527542968938e-03 	 6.6580393651632486e-01 
3.2826925100406931e-03 	 6.6608783940777683e-01 
3.3206489936391517e-03 	 6.6637614752417440e-01 
3.3333333333333331e-03 	 6.6666666666666663e-01 
3.3206489936391517e-03 	 6.6695718580915886e-01 
3.2826925100406935e-03 	 6.6724549392555643e-01 
3.2197527542968938e-03 	 6.6752939681700840e-01 
3.1323087359530276e-03 	 6.6780673381108557e-01 
3.0210259567888327e-03 	 6.6807539420580231e-01 
2.8867513459481290e-03 	 6.6833333333333333e-01 
2.7305068142966394e-03 	 6.6857858812117010e-01 
2.5534814770632598e-03 	 6.6880929203228845e-01 
2.3570226039551583e-03 	 6.6902368927062184e-01 
2.1426253656217980e-03 	 6.6922014814372988e-01 
1.9119214545034874e-03 	 6.6939717348096328e-01 
1.6666666666666676e-03 	 6.6955341801261481e-01 
1.4087275391356660e-03 	 6.6968769262345551e-01 
1.1400671444188974e-03 	 6.6979897540261968e-01 
8.6273015034173497e-04 	 6.6988641942096350e-01 
5.7882725888976734e-04 	 6.6994935917670728e-01 
2.9051914249219376e-04 	 6.6998731566030578e-01 
2.0410779985789220e-19 	 6.6999999999999993e-01 
-2.9051914249219338e-04 	 6.6998731566030578e-01 
-5.7882725888976690e-04 	 6.6994935917670728e-01 
-8.6273015034173464e-04 	 6.6988641942096350e-01 
-1.1400671444188942e-03 	 6.6979897540261968e-01 
-1.4087275391356630e-03 	 6.6968769262345551e-01 
-1.6666666666666672e-03 	 6.6955341801261481e-01 
-1.9119214545034872e-03 	 6.6939717348096328e-01 
-2.1426253656217976e-03 	 6.6922014814372988e-01 
-2.3570226039551579e-03 	 6.6902368927062184e-01 
-2.5534814770632594e-03 	 6.6880929203228845e-01 
-2.7305068142966385e-03 	 6.6857858812117010e-01 
-2.8867513459481281e-03 	 6.6833333333333333e-01 
-3.0210259567888323e-03 	 6.6807539420580231e-01 
-3.1323087359530271e-03 	 6.6780673381108557e-01 
-3.2197527542968942e-03 	 6.6752939681700840e-01 
-3.2826925100406931e-03 	 6.6724549392555643e-01 
-3.3206489936391517e-03 	 6.6695718580915886e-01 
-4.9999999999999992e-03 	 6.6666666666666663e-01 
-4.9809734904587271e-03 	 6.6623088795292829e-01 
-4.9240387650610392e-03 	 6.6579842577833193e-01 
-4.8296291314453401e-03 	 6.6537257144115403e-01 
-4.6984631039295411e-03 	 6.6495656595003827e-01 
-4.5315389351832493e-03 	 6.6455357535796311e-01 
-4.3301270189221933e-03 	 6.6416666666666668e-01 
-4.0957602214449574e-03 	 6.6379878448491136e-01 
-3.8302222155948890e-03 	 6.6345272861823390e-01 
-3.5355339059327368e-03 	 6.6313113276073388e-01 
-3.2139380484326962e-03 	 6.6283644445107170e-01 
-2.8678821817552302e-03 	 6.6257090644522165e-01 
-2.5000000000000009e-03 	 6.6233653964774442e-01 
-2.1130913087034965e-03 	 6.6213512773148342e-01 
-1.7101007166283432e-03 	 6.6196820356273711e-01 
-1.2940952255126030e-03 	 6.6183703753522127e-01 
-8.6824088833465133e-04 	 6.6174262790160554e-01 
-4.3577871373829113e-04 	 6.6168569317620796e-01 
3.0616169978683825e-19 	 6.6166666666666663e-01 
4.3577871373829064e-04 	 6.6168569317620796e-01 
8.6824088833465198e-04 	 6.6174262790160554e-01 
1.2940952255126035e-03 	 6.6183703753522127e-01 
1.7101007166283439e-03 	 6.6196820356273711e-01 
2.1130913087034969e-03 	 6.6213512773148342e-01 
2.4999999999999992e-03 	 6.6233653964774442e-01 
2.8678821817552293e-03 	 6.6257090644522165e-01 
3.2139380484326970e-03 	 6.6283644445107170e-01 
3.5355339059327372e-03 	 6.6313113276073388e-01 
3.8302222155948895e-03 	 6.6345272861823390e-01 
4.0957602214449582e-03 	 6.6379878448491136e-01 
4.3301270189221933e-03 	 6.6416666666666668e-01 
4.5315389351832493e-03 	 6.6455357535796311e-01 
4.6984631039295411e-03 	 6.6495656595003827e-01 
4.8296291314453401e-03 	 6.6537257144115403e-01 
4.9240387650610392e-03 	 6.6579842577833193e-01 
4.9809734904587271e-03 	 6.6623088795292829e-01 
4.9999999999999992e-03 	 6.6666666666666663e-01 
4.9809734904587271e-03 	 6.6710244538040497e-01 
4.9240387650610401e-03 	 6.6753490755500133e-01 
4.8296291314453401e-03 	 6.6796076189217923e-01 
4.6984631039295411e-03 	 6.6837676738329499e-01 
4.5315389351832493e-03 	 6.6877975797537015e-01 
4.3301270189221933e-03 	 6.6916666666666658e-01 
4.0957602214449591e-03 	 6.6953454884842190e-01 
3.8302222155948895e-03 	 6.6988060471509936e-01 
3.5355339059327372e-03 	 6.7020220057259938e-01 
3.2139380484326970e-03 	 6.7049688888226155e-01 
2.8678821817552311e-03 	 6.7076242688811161e-01 
2.5000000000000014e-03 	 6.7099679368558884e-01 
2.1130913087034986e-03 	 6.7119820560184984e-01 
1.7101007166283461e-03 	 6.7136512977059615e-01 
1.2940952255126024e-03 	 6.7149629579811199e-01 
8.6824088833465101e-04 	 6.7159070543172772e-01 
4.3577871373829064e-04 	 6.7164764015712530e-01 
3.0616169978683825e-19 	 6.7166666666666663e-01 
-4.3577871373828999e-04 	 6.7164764015712530e-01 
-8.6824088833465025e-04 	 6.7159070543172772e-01 
-1.2940952255126017e-03 	 6.7149629579811199e-01 
-1.7101007166283411e-03 	 6.7136512977059615e-01 
-2.1130913087034943e-03 	 6.7119820560184984e-01 
-2.5000000000000009e-03 	 6.7099679368558884e-01 
-2.8678821817552302e-03 	 6.7076242688811161e-01 
-3.2139380484326962e-03 	 6.7049688888226155e-01 
-3.5355339059327368e-03 	 6.7020220057259938e-01 
-3.8302222155948890e-03 	 6.6988060471509936e-01 
-4.0957602214449574e-03 	 6.6953454884842190e-01 
-4.3301270189221915e-03 	 6.6916666666666658e-01 
-4.5315389351832476e-03 	 6.6877975797537015e-01 
-4.6984631039295403e-03 	 6.6837676738329499e-01 
-4.8296291314453409e-03 	 6.6796076189217923e-01 
-4.9240387650610392e-03 	 6.6753490755500133e-01 
-4.9809734904587271e-03 	 6.6710244538040497e-01 
-6.6666666666666662e-03 	 6.6666666666666663e-01 
-6.6412979872783034e-03 	 6.6608562838168228e-01 
-6.5653850200813862e-03 	 6.6550901214888714e-01 
-6.4395055085937876e-03 	 6.6494120636598320e-01 
-6.2646174719060551e-03 	 6.6438653237782885e-01 
-6.0420519135776654e-03 	 6.6384921158839527e-01 
-5.7735026918962580e-03 	 6.6333333333333333e-01 
-5.4610136285932771e-03 	 6.6284282375765968e-01 
-5.1069629541265187e-03 	 6.6238141593542299e-01 
-4.7140452079103157e-03 	 6.6195262145875633e-01 
-4.2852507312435952e-03 	 6.6155970371254014e-01 
-3.8238429090069743e-03 	 6.6120565303807333e-01 
-3.3333333333333344e-03 	 6.6089316397477038e-01 
-2.8174550782713286e-03 	 6.6062461475308898e-01 
-2.2801342888377914e-03 	 6.6040204919476053e-01 
-1.7254603006834708e-03 	 6.6022716115807289e-01 
-1.1576545177795353e-03 	 6.6010128164658521e-01 
-5.8103828498438817e-04 	 6.6002536867938832e-01 
4.0821559971578440e-19 	 6.5999999999999992e-01 
5.8103828498438752e-04 	 6.6002536867938832e-01 
1.1576545177795360e-03 	 6.6010128164658521e-01 
1.7254603006834715e-03 	 6.6022716115807289e-01 
2.2801342888377919e-03 	 6.6040204919476053e-01 
2.8174550782713295e-03 	 6.6062461475308898e-01 
3.3333333333333322e-03 	 6.6089316397477038e-01 
3.8238429090069726e-03 	 6.6120565303807333e-01 
4.2852507312435961e-03 	 6.6155970371254014e-01 
4.7140452079103166e-03 	 6.6195262145875633e-01 
5.1069629541265196e-03 	 6.6238141593542299e-01 
5.4610136285932779e-03 	 6.6284282375765968e-01 
5.7735026918962580e-03 	 6.6333333333333333e-01 
6.0420519135776654e-03 	 6.6384921158839527e-01 
6.2646174719060551e-03 	 6.6438653237782885e-01 
6.4395055085937876e-03 	 6.6494120636598320e-01 
6.5653850200813862e-03 	 6.6550901214888714e-01 
6.6412979872783034e-03 	 6.6608562838168228e-01 
6.6666666666666662e-03 	 6.6666666666666663e-01 
6.6412979872783034e-03 	 6.6724770495165098e-01 
6.5653850200813870e-03 	 6.6782432118444612e-01 
6.4395055085937876e-03 	 6.6839212696735006e-01 
6.2646174719060551e-03 	 6.6894680095550441e-01 
6.0420519135776654e-03 	 6.6948412174493799e-01 
5.7735026918962580e-03 	 6.6999999999999993e-01 
5.4610136285932788e-03 	 6.7049050957567358e-01 
5.1069629541265196e-03 	 6.7095191739791027e-01 
4.7140452079103166e-03 	 6.7138071187457693e-01 
4.2852507312435961e-03 	 6.7177362962079312e-01 
3.8238429090069748e-03 	 6.7212768029525993e-01 
3.3333333333333353e-03 	 6.7244016935856288e-01 
2.8174550782713321e-03 	 6.7270871858024428e-01 
2.2801342888377949e-03 	 6.7293128413857273e-01 
1.7254603006834699e-03 	 6.7310617217526036e-01 
1.1576545177795347e-03 	 6.7323205168674805e-01 
5.8103828498438752e-04 	 6.7330796465394493e-01 
4.0821559971578440e-19 	 6.7333333333333334e-01 
-5.8103828498438676e-04 	 6.7330796465394493e-01 
-1.1576545177795338e-03 	 6.7323205168674805e-01 
-1.7254603006834693e-03 	 6.7310617217526036e-01 
-2.2801342888377884e-03 	 6.7293128413857273e-01 
-2.8174550782713260e-03 	 6.7270871858024428e-01 
-3.3333333333333344e-03 	 6.7244016935856288e-01 
-3.8238429090069743e-03 	 6.7212768029525993e-01 
-4.2852507312435952e-03 	 6.7177362962079312e-01 
-4.7140452079103157e-03 	 6.7138071187457693e-01 
-5.1069629541265187e-03 	 6.7095191739791027e-01 
-5.4610136285932771e-03 	 6.7049050957567358e-01 
-5.7735026918962562e-03 	 6.6999999999999993e-01 
-6.0420519135776646e-03 	 6.6948412174493799e-01 
-6.2646174719060543e-03 	 6.6894680095550441e-01 
-6.4395055085937885e-03 	 6.6839212696735006e-01 
-6.5653850200813862e-03 	 6.6782432118444612e-01 
-6.6412979872783034e-03 	 6.6724770495165098e-01 
-8.3333333333333332e-03 	 6.6666666666666663e-01 
-8.3016224840978797e-03 	 6.6594036881043617e-01 
-8.2067312751017332e-03 	 6.6521959851944223e-01 
-8.0493818857422343e-03 	 6.6450984129081225e-01 
-7.8307718398825700e-03 	 6.6381649880561944e-01 
-7.5525648919720825e-03 	 6.6314484781882743e-01 
-7.2168783648703227e-03 	 6.6249999999999998e-01 
-6.8262670357415968e-03 	 6.6188686303040789e-01 
-6.3837036926581488e-03 	 6.6131010325261208e-01 
-5.8925565098878951e-03 	 6.6077411015677878e-01 
-5.3565634140544946e-03 	 6.6028296297400846e-01 
-4.7798036362587176e-03 	 6.5984039963092500e-01 
-4.1666666666666683e-03 	 6.5944978830179635e-01 
-3.5218188478391612e-03 	 6.5911410177469454e-01 
-2.8501678610472394e-03 	 6.5883589482678406e-01 
-2.1568253758543383e-03 	 6.5861728478092441e-01 
-1.4470681472244192e-03 	 6.5845993539156489e-01 
-7.2629785623048526e-04 	 6.5836504418256880e-01 
5.1026949964473050e-19 	 6.5833333333333333e-01 
7.2629785623048451e-04 	 6.5836504418256880e-01 
1.4470681472244201e-03 	 6.5845993539156489e-01 
2.1568253758543396e-03 	 6.5861728478092441e-01 
2.8501678610472403e-03 	 6.5883589482678406e-01 
3.5218188478391621e-03 	 6.5911410177469454e-01 
4.1666666666666657e-03 	 6.5944978830179635e-01 
4.7798036362587159e-03 	 6.5984039963092500e-01 
5.3565634140544955e-03 	 6.6028296297400846e-01 
5.8925565098878960e-03 	 6.6077411015677878e-01 
6.3837036926581497e-03 	 6.6131010325261208e-01 
6.8262670357415976e-03 	 6.6188686303040789e-01 
7.2168783648703227e-03 	 6.6249999999999998e-01 
7.5525648919720825e-03 	 6.6314484781882743e-01 
7.8307718398825700e-03 	 6.6381649880561944e-01 
8.0493818857422343e-03 	 6.6450984129081225e-01 
8.2067312751017332e-03 	 6.6521959851944223e-01 
8.3016224840978797e-03 	 6.6594036881043617e-01 
8.3333333333333332e-03 	 6.6666666666666663e-01 
8.3016224840978797e-03 	 6.6739296452289709e-01 
8.2067312751017349e-03 	 6.6811373481389102e-01 
8.0493818857422343e-03 	 6.6882349204252101e-01 
7.8307718398825700e-03 	 6.6951683452771382e-01 
7.5525648919720825e-03 	 6.7018848551450583e-01 
7.2168783648703227e-03 	 6.7083333333333328e-01 
6.8262670357415994e-03 	 6.7144647030292537e-01 
6.3837036926581497e-03 	 6.7202323008072118e-01 
5.8925565098878960e-03 	 6.7255922317655448e-01 
5.3565634140544955e-03 	 6.7305037035932480e-01 
4.7798036362587185e-03 	 6.7349293370240826e-01 
4.1666666666666692e-03 	 6.7388354503153691e-01 
3.5218188478391651e-03 	 6.7421923155863872e-01 
2.8501678610472437e-03 	 6.7449743850654920e-01 
2.1568253758543375e-03 	 6.7471604855240885e-01 
1.4470681472244186e-03 	 6.7487339794176837e-01 
7.2629785623048451e-04 	 6.7496828915076446e-01 
5.1026949964473050e-19 	 6.7499999999999993e-01 
-7.2629785623048342e-04 	 6.7496828915076446e-01 
-1.4470681472244173e-03 	 6.7487339794176837e-01 
-2.1568253758543366e-03 	 6.7471604855240885e-01 
-2.8501678610472355e-03 	 6.7449743850654920e-01 
-3.5218188478391577e-03 	 6.7421923155863872e-01 
-4.1666666666666683e-03 	 6.7388354503153691e-01 
-4.7798036362587176e-03 	 6.7349293370240826e-01 
-5.3565634140544946e-03 	 6.7305037035932480e-01 
-5.8925565098878951e-03 	 6.7255922317655448e-01 
-6.3837036926581488e-03 	 6.7202323008072118e-01 
-6.8262670357415968e-03 	 6.7144647030292537e-01 
-7.2168783648703209e-03 	 6.7083333333333328e-01 
-7.5525648919720807e-03 	 6.7018848551450583e-01 
-7.8307718398825683e-03 	 6.6951683452771382e-01 
-8.0493818857422361e-03 	 6.6882349204252101e-01 
-8.2067312751017332e-03 	 6.6811373481389102e-01 
-8.3016224840978797e-03 	 6.6739296452289709e-01 
-9.9999999999999985e-03 	 6.6666666666666663e-01 
-9.9619469809174542e-03 	 6.6579510923919005e-01 
-9.8480775301220784e-03 	 6.6493018488999733e-01 
-9.6592582628906801e-03 	 6.6407847621564142e-01 
-9.3969262078590823e-03 	 6.6324646523340991e-01 
-9.0630778703664986e-03 	 6.6244048404925959e-01 
-8.6602540378443865e-03 	 6.6166666666666663e-01 
-8.1915204428899147e-03 	 6.6093090230315621e-01 
-7.6604444311897781e-03 	 6.6023879056980128e-01 
-7.0710678118654736e-03 	 6.5959559885480112e-01 
-6.4278760968653923e-03 	 6.5900622223547689e-01 
-5.7357643635104604e-03 	 6.5847514622377668e-01 
-5.0000000000000018e-03 	 6.5800641262882220e-01 
-4.2261826174069929e-03 	 6.5760358879630010e-01 
-3.4202014332566865e-03 	 6.5726974045880759e-01 
-2.5881904510252061e-03 	 6.5700740840377592e-01 
-1.7364817766693027e-03 	 6.5681858913654456e-01 
-8.7155742747658225e-04 	 6.5670471968574917e-01 
6.1232339957367650e-19 	 6.5666666666666662e-01 
8.7155742747658128e-04 	 6.5670471968574917e-01 
1.7364817766693040e-03 	 6.5681858913654456e-01 
2.5881904510252070e-03 	 6.5700740840377592e-01 
3.4202014332566878e-03 	 6.5726974045880759e-01 
4.2261826174069938e-03 	 6.5760358879630010e-01 
4.9999999999999984e-03 	 6.5800641262882220e-01 
5.7357643635104587e-03 	 6.5847514622377668e-01 
6.4278760968653941e-03 	 6.5900622223547689e-01 
7.0710678118654745e-03 	 6.5959559885480112e-01 
7.6604444311897790e-03 	 6.6023879056980128e-01 
8.1915204428899165e-03 	 6.6093090230315621e-01 
8.6602540378443865e-03 	 6.6166666666666663e-01 
9.0630778703664986e-03 	 6.6244048404925959e-01 
9.3969262078590823e-03 	 6.6324646523340991e-01 
9.6592582628906801e-03 	 6.6407847621564142e-01 
9.8480775301220784e-03 	 6.6493018488999733e-01 
9.9619469809174542e-03 	 6.6579510923919005e-01 
9.9999999999999985e-03 	 6.6666666666666663e-01 
9.9619469809174542e-03 	 6.6753822409414321e-01 
9.8480775301220801e-03 	 6.6840314844333593e-01 
9.6592582628906801e-03 	 6.6925485711769184e-01 
9.3969262078590823e-03 	 6.7008686809992335e-01 
9.0630778703664986e-03 	 6.7089284928407367e-01 
8.6602540378443865e-03 	 6.7166666666666663e-01 
8.1915204428899182e-03 	 6.7240243103017705e-01 
7.6604444311897790e-03 	 6.7309454276353198e-01 
7.0710678118654745e-03 	 6.7373773447853214e-01 
6.4278760968653941e-03 	 6.7432711109785637e-01 
5.7357643635104621e-03 	 6.7485818710955658e-01 
5.0000000000000027e-03 	 6.7532692070451106e-01 
4.2261826174069973e-03 	 6.7572974453703316e-01 
3.4202014332566921e-03 	 6.7606359287452567e-01 
2.5881904510252048e-03 	 6.7632592492955734e-01 
1.7364817766693020e-03 	 6.7651474419678870e-01 
8.7155742747658128e-04 	 6.7662861364758409e-01 
6.1232339957367650e-19 	 6.7666666666666664e-01 
-8.7155742747657998e-04 	 6.7662861364758409e-01 
-1.7364817766693005e-03 	 6.7651474419678870e-01 
-2.5881904510252035e-03 	 6.7632592492955734e-01 
-3.4202014332566822e-03 	 6.7606359287452567e-01 
-4.2261826174069886e-03 	 6.7572974453703316e-01 
-5.0000000000000018e-03 	 6.7532692070451106e-01 
-5.7357643635104604e-03 	 6.7485818710955658e-01 
-6.4278760968653923e-03 	 6.7432711109785637e-01 
-7.0710678118654736e-03 	 6.7373773447853214e-01 
-7.6604444311897781e-03 	 6.7309454276353198e-01 
-8.1915204428899147e-03 	 6.7240243103017705e-01 
-8.6602540378443831e-03 	 6.7166666666666663e-01 
-9.0630778703664951e-03 	 6.7089284928407367e-01 
-9.3969262078590805e-03 	 6.7008686809992335e-01 
-9.6592582628906819e-03 	 6.6925485711769184e-01 
-9.8480775301220784e-03 	 6.6840314844333593e-01 
-9.9619469809174542e-03 	 6.6753822409414321e-01 
-1.1666666666666665e-02 	 6.6666666666666663e-01 
-1.1622271477737030e-02 	 6.6564984966794394e-01 
-1.1489423785142425e-02 	 6.6464077126055243e-01 
-1.1269134640039128e-02 	 6.6364711114047059e-01 
-1.0963080575835596e-02 	 6.6267643166120049e-01 
-1.0573590848760915e-02 	 6.6173612027969175e-01 
-1.0103629710818450e-02 	 6.6083333333333327e-01 
-9.5567738500382336e-03 	 6.5997494157590442e-01 
-8.9371851697214073e-03 	 6.5916747788699037e-01 
-8.2495791138430530e-03 	 6.5841708755282358e-01 
-7.4991887796762918e-03 	 6.5772948149694521e-01 
-6.6917250907622041e-03 	 6.5710989281662835e-01 
-5.8333333333333353e-03 	 6.5656303695584817e-01 
-4.9305463869748246e-03 	 6.5609307581790577e-01 
-3.9902350054661345e-03 	 6.5570358609083101e-01 
-3.0195555261960738e-03 	 6.5539753202662754e-01 
-2.0258954061141868e-03 	 6.5517724288152424e-01 
-1.0168169987226792e-03 	 6.5504439518892965e-01 
7.1437729950262260e-19 	 6.5499999999999992e-01 
1.0168169987226782e-03 	 6.5504439518892965e-01 
2.0258954061141881e-03 	 6.5517724288152424e-01 
3.0195555261960751e-03 	 6.5539753202662754e-01 
3.9902350054661362e-03 	 6.5570358609083101e-01 
4.9305463869748264e-03 	 6.5609307581790577e-01 
5.8333333333333319e-03 	 6.5656303695584817e-01 
6.6917250907622015e-03 	 6.5710989281662835e-01 
7.4991887796762927e-03 	 6.5772948149694521e-01 
8.2495791138430547e-03 	 6.5841708755282358e-01 
8.9371851697214091e-03 	 6.5916747788699037e-01 
9.5567738500382353e-03 	 6.5997494157590442e-01 
1.0103629710818450e-02 	 6.6083333333333327e-01 
1.0573590848760915e-02 	 6.6173612027969175e-01 
1.0963080575835596e-02 	 6.6267643166120049e-01 
1.1269134640039128e-02 	 6.6364711114047059e-01 
1.1489423785142425e-02 	 6.6464077126055243e-01 
1.1622271477737030e-02 	 6.6564984966794394e-01 
1.1666666666666665e-02 	 6.6666666666666663e-01 
1.1622271477737030e-02 	 6.6768348366538932e-01 
1.1489423785142427e-02 	 6.6869256207278083e-01 
1.1269134640039128e-02 	 6.6968622219286267e-01 
1.0963080575835596e-02 	 6.7065690167213277e-01 
1.0573590848760915e-02 	 6.7159721305364151e-01 
1.0103629710818450e-02 	 6.7249999999999999e-01 
9.5567738500382388e-03 	 6.7335839175742884e-01 
8.9371851697214091e-03 	 6.7416585544634289e-01 
8.2495791138430547e-03 	 6.7491624578050968e-01 
7.4991887796762927e-03 	 6.7560385183638805e-01 
6.6917250907622058e-03 	 6.7622344051670491e-01 
5.8333333333333362e-03 	 6.7677029637748509e-01 
4.9305463869748307e-03 	 6.7724025751542749e-01 
3.9902350054661414e-03 	 6.7762974724250225e-01 
3.0195555261960725e-03 	 6.7793580130670572e-01 
2.0258954061141859e-03 	 6.7815609045180902e-01 
1.0168169987226782e-03 	 6.7828893814440361e-01 
7.1437729950262260e-19 	 6.7833333333333334e-01 
-1.0168169987226766e-03 	 6.7828893814440361e-01 
-2.0258954061141842e-03 	 6.7815609045180902e-01 
-3.0195555261960712e-03 	 6.7793580130670572e-01 
-3.9902350054661292e-03 	 6.7762974724250225e-01 
-4.9305463869748203e-03 	 6.7724025751542760e-01 
-5.8333333333333353e-03 	 6.7677029637748509e-01 
-6.6917250907622041e-03 	 6.7622344051670491e-01 
-7.4991887796762918e-03 	 6.7560385183638805e-01 
-8.2495791138430530e-03 	 6.7491624578050968e-01 
-8.9371851697214073e-03 	 6.7416585544634289e-01 
-9.5567738500382336e-03 	 6.7335839175742884e-01 
-1.0103629710818449e-02 	 6.7249999999999999e-01 
-1.0573590848760913e-02 	 6.7159721305364151e-01 
-1.0963080575835595e-02 	 6.7065690167213277e-01 
-1.1269134640039129e-02 	 6.6968622219286267e-01 
-1.1489423785142425e-02 	 6.6869256207278083e-01 
-1.1622271477737030e-02 	 6.6768348366538932e-01 
-1.3333333333333332e-02 	 6.6666666666666663e-01 
-1.3282595974556607e-02 	 6.6550459009669782e-01 
-1.3130770040162772e-02 	 6.6435135763110753e-01 
-1.2879011017187575e-02 	 6.6321574606529965e-01 
-1.2529234943812110e-02 	 6.6210639808899108e-01 
-1.2084103827155331e-02 	 6.6103175651012402e-01 
-1.1547005383792516e-02 	 6.5999999999999992e-01 
-1.0922027257186554e-02 	 6.5901898084865262e-01 
-1.0213925908253037e-02 	 6.5809616520417946e-01 
-9.4280904158206315e-03 	 6.5723857625084603e-01 
-8.5705014624871904e-03 	 6.5645274075841364e-01 
-7.6476858180139487e-03 	 6.5574463940948002e-01 
-6.6666666666666688e-03 	 6.5511966128287413e-01 
-5.6349101565426572e-03 	 6.5458256283951133e-01 
-4.5602685776755829e-03 	 6.5413743172285455e-01 
-3.4509206013669416e-03 	 6.5378765564947905e-01 
-2.3153090355590706e-03 	 6.5353589662650391e-01 
-1.1620765699687763e-03 	 6.5338407069211002e-01 
8.1643119943156879e-19 	 6.5333333333333332e-01 
1.1620765699687750e-03 	 6.5338407069211002e-01 
2.3153090355590719e-03 	 6.5353589662650391e-01 
3.4509206013669429e-03 	 6.5378765564947905e-01 
4.5602685776755837e-03 	 6.5413743172285455e-01 
5.6349101565426590e-03 	 6.5458256283951133e-01 
6.6666666666666645e-03 	 6.5511966128287413e-01 
7.6476858180139452e-03 	 6.5574463940948002e-01 
8.5705014624871921e-03 	 6.5645274075841364e-01 
9.4280904158206332e-03 	 6.5723857625084603e-01 
1.0213925908253039e-02 	 6.5809616520417946e-01 
1.0922027257186556e-02 	 6.5901898084865262e-01 
1.1547005383792516e-02 	 6.5999999999999992e-01 
1.2084103827155331e-02 	 6.6103175651012402e-01 
1.2529234943812110e-02 	 6.6210639808899108e-01 
1.2879011017187575e-02 	 6.6321574606529965e-01 
1.3130770040162772e-02 	 6.6435135763110753e-01 
1.3282595974556607e-02 	 6.6550459009669782e-01 
1.3333333333333332e-02 	 6.6666666666666663e-01 
1.3282595974556607e-02 	 6.6782874323663544e-01 
1.3130770040162774e-02 	 6.6898197570222573e-01 
1.2879011017187575e-02 	 6.7011758726803361e-01 
1.2529234943812110e-02 	 6.7122693524434218e-01 
1.2084103827155331e-02 	 6.7230157682320923e-01 
1.1547005383792516e-02 	 6.7333333333333334e-01 
1.0922027257186558e-02 	 6.7431435248468052e-01 
1.0213925908253039e-02 	 6.7523716812915380e-01 
9.4280904158206332e-03 	 6.7609475708248723e-01 
8.5705014624871921e-03 	 6.7688059257491962e-01 
7.6476858180139495e-03 	 6.7758869392385324e-01 
6.6666666666666706e-03 	 6.7821367205045913e-01 
5.6349101565426642e-03 	 6.7875077049382193e-01 
4.5602685776755898e-03 	 6.7919590161047871e-01 
3.4509206013669399e-03 	 6.7954567768385421e-01 
2.3153090355590693e-03 	 6.7979743670682935e-01 
1.1620765699687750e-03 	 6.7994926264122324e-01 
8.1643119943156879e-19 	 6.7999999999999994e-01 
-1.1620765699687735e-03 	 6.7994926264122324e-01 
-2.3153090355590676e-03 	 6.7979743670682935e-01 
-3.4509206013669386e-03 	 6.7954567768385421e-01 
-4.5602685776755768e-03 	 6.7919590161047871e-01 
-5.6349101565426520e-03 	 6.7875077049382193e-01 
-6.6666666666666688e-03 	 6.7821367205045913e-01 
-7.6476858180139487e-03 	 6.7758869392385324e-01 
-8.5705014624871904e-03 	 6.7688059257491962e-01 
-9.4280904158206315e-03 	 6.7609475708248723e-01 
-1.0213925908253037e-02 	 6.7523716812915380e-01 
-1.0922027257186554e-02 	 6.7431435248468063e-01 
-1.1547005383792512e-02 	 6.7333333333333334e-01 
-1.2084103827155329e-02 	 6.7230157682320935e-01 
-1.2529234943812109e-02 	 6.7122693524434218e-01 
-1.2879011017187577e-02 	 6.7011758726803361e-01 
-1.3130770040162772e-02 	 6.6898197570222573e-01 
-1.3282595974556607e-02 	 6.6782874323663544e-01 
-1.4999999999999999e-02 	 6.6666666666666663e-01 
-1.4942920471376183e-02 	 6.6535933052545171e-01 
-1.4772116295183119e-02 	 6.6406194400166263e-01 
-1.4488887394336023e-02 	 6.6278438099012882e-01 
-1.4095389311788624e-02 	 6.6153636451678155e-01 
-1.3594616805549749e-02 	 6.6032739274055618e-01 
-1.2990381056766580e-02 	 6.5916666666666668e-01 
-1.2287280664334873e-02 	 6.5806302012140094e-01 
-1.1490666646784668e-02 	 6.5702485252136855e-01 
-1.0606601717798212e-02 	 6.5606006494886837e-01 
-9.6418141452980898e-03 	 6.5517600001988197e-01 
-8.6036465452656915e-03 	 6.5437938600233181e-01 
-7.5000000000000032e-03 	 6.5367628560990010e-01 
-6.3392739261104898e-03 	 6.5307204986111689e-01 
-5.1303021498850304e-03 	 6.5257127735487797e-01 
-3.8822856765378094e-03 	 6.5217777927233056e-01 
-2.6047226650039545e-03 	 6.5189455037148347e-01 
-1.3073361412148734e-03 	 6.5172374619529050e-01 
9.1848509936051480e-19 	 6.5166666666666662e-01 
1.3073361412148719e-03 	 6.5172374619529050e-01 
2.6047226650039563e-03 	 6.5189455037148347e-01 
3.8822856765378111e-03 	 6.5217777927233056e-01 
5.1303021498850321e-03 	 6.5257127735487797e-01 
6.3392739261104915e-03 	 6.5307204986111689e-01 
7.4999999999999980e-03 	 6.5367628560990010e-01 
8.6036465452656880e-03 	 6.5437938600233170e-01 
9.6418141452980916e-03 	 6.5517600001988197e-01 
1.0606601717798213e-02 	 6.5606006494886837e-01 
1.1490666646784669e-02 	 6.5702485252136855e-01 
1.2287280664334875e-02 	 6.5806302012140094e-01 
1.2990381056766580e-02 	 6.5916666666666668e-01 
1.3594616805549749e-02 	 6.6032739274055618e-01 
1.4095389311788624e-02 	 6.6153636451678155e-01 
1.4488887394336023e-02 	 6.6278438099012882e-01 
1.4772116295183119e-02 	 6.6406194400166263e-01 
1.4942920471376183e-02 	 6.6535933052545171e-01 
1.4999999999999999e-02 	 6.6666666666666663e-01 
1.4942920471376183e-02 	 6.6797400280788155e-01 
1.4772116295183121e-02 	 6.6927138933167063e-01 
1.4488887394336023e-02 	 6.7054895234320444e-01 
1.4095389311788624e-02 	 6.7179696881655171e-01 
1.3594616805549749e-02 	 6.7300594059277707e-01 
1.2990381056766580e-02 	 6.7416666666666658e-01 
1.2287280664334878e-02 	 6.7527031321193232e-01 
1.1490666646784669e-02 	 6.7630848081196471e-01 
1.0606601717798213e-02 	 6.7727326838446489e-01 
9.6418141452980916e-03 	 6.7815733331345129e-01 
8.6036465452656932e-03 	 6.7895394733100145e-01 
7.5000000000000049e-03 	 6.7965704772343316e-01 
6.3392739261104976e-03 	 6.8026128347221637e-01 
5.1303021498850391e-03 	 6.8076205597845529e-01 
3.8822856765378076e-03 	 6.8115555406100270e-01 
2.6047226650039532e-03 	 6.8143878296184979e-01 
1.3073361412148719e-03 	 6.8160958713804276e-01 
9.1848509936051480e-19 	 6.8166666666666664e-01 
-1.3073361412148702e-03 	 6.8160958713804276e-01 
-2.6047226650039511e-03 	 6.8143878296184979e-01 
-3.8822856765378059e-03 	 6.8115555406100270e-01 
-5.1303021498850234e-03 	 6.8076205597845529e-01 
-6.3392739261104837e-03 	 6.8026128347221637e-01 
-7.5000000000000032e-03 	 6.7965704772343316e-01 
-8.6036465452656915e-03 	 6.7895394733100145e-01 
-9.6418141452980898e-03 	 6.7815733331345129e-01 
-1.0606601717798212e-02 	 6.7727326838446489e-01 
-1.1490666646784668e-02 	 6.7630848081196471e-01 
-1.2287280664334873e-02 	 6.7527031321193232e-01 
-1.2990381056766576e-02 	 6.7416666666666658e-01 
-1.3594616805549745e-02 	 6.7300594059277707e-01 
-1.4095389311788623e-02 	 6.7179696881655171e-01 
-1.4488887394336025e-02 	 6.7054895234320444e-01 
-1.4772116295183119e-02 	 6.6927138933167063e-01 
-1.4942920471376183e-02 	 6.6797400280788155e-01 
-1.6666666666666666e-02 	 6.6666666666666663e-01 
-1.6603244968195759e-02 	 6.6521407095420571e-01 
-1.6413462550203466e-02 	 6.6377253037221784e-01 
-1.6098763771484469e-02 	 6.6235301591495799e-01 
-1.5661543679765140e-02 	 6.6096633094457213e-01 
-1.5105129783944165e-02 	 6.5962302897098835e-01 
-1.4433756729740645e-02 	 6.5833333333333333e-01 
-1.3652534071483194e-02 	 6.5710705939414915e-01 
-1.2767407385316298e-02 	 6.5595353983855764e-01 
-1.1785113019775790e-02 	 6.5488155364689082e-01 
-1.0713126828108989e-02 	 6.5389925928135029e-01 
-9.5596072725174352e-03 	 6.5301413259518348e-01 
-8.3333333333333367e-03 	 6.5223290993692595e-01 
-7.0436376956783224e-03 	 6.5156153688272245e-01 
-5.7003357220944788e-03 	 6.5100512298690150e-01 
-4.3136507517086767e-03 	 6.5056790289518218e-01 
-2.8941362944488384e-03 	 6.5025320411646315e-01 
-1.4525957124609705e-03 	 6.5006342169847087e-01 
1.0205389992894610e-18 	 6.4999999999999991e-01 
1.4525957124609690e-03 	 6.5006342169847087e-01 
2.8941362944488402e-03 	 6.5025320411646315e-01 
4.3136507517086793e-03 	 6.5056790289518218e-01 
5.7003357220944805e-03 	 6.5100512298690150e-01 
7.0436376956783241e-03 	 6.5156153688272245e-01 
8.3333333333333315e-03 	 6.5223290993692595e-01 
9.5596072725174317e-03 	 6.5301413259518348e-01 
1.0713126828108991e-02 	 6.5389925928135029e-01 
1.1785113019775792e-02 	 6.5488155364689082e-01 
1.2767407385316299e-02 	 6.5595353983855764e-01 
1.3652534071483195e-02 	 6.5710705939414915e-01 
1.4433756729740645e-02 	 6.5833333333333333e-01 
1.5105129783944165e-02 	 6.5962302897098835e-01 
1.5661543679765140e-02 	 6.6096633094457213e-01 
1.6098763771484469e-02 	 6.6235301591495799e-01 
1.6413462550203466e-02 	 6.6377253037221784e-01 
1.6603244968195759e-02 	 6.6521407095420571e-01 
1.6666666666666666e-02 	 6.6666666666666663e-01 
1.6603244968195759e-02 	 6.6811926237912755e-01 
1.6413462550203470e-02 	 6.6956080296111542e-01 
1.6098763771484469e-02 	 6.7098031741837527e-01 
1.5661543679765140e-02 	 6.7236700238876113e-01 
1.5105129783944165e-02 	 6.7371030436234491e-01 
1.4433756729740645e-02 	 6.7499999999999993e-01 
1.3652534071483199e-02 	 6.7622627393918411e-01 
1.2767407385316299e-02 	 6.7737979349477562e-01 
1.1785113019775792e-02 	 6.7845177968644244e-01 
1.0713126828108991e-02 	 6.7943407405198297e-01 
9.5596072725174369e-03 	 6.8031920073814978e-01 
8.3333333333333384e-03 	 6.8110042339640731e-01 
7.0436376956783302e-03 	 6.8177179645061081e-01 
5.7003357220944875e-03 	 6.8232821034643176e-01 
4.3136507517086749e-03 	 6.8276543043815108e-01 
2.8941362944488371e-03 	 6.8308012921687011e-01 
1.4525957124609690e-03 	 6.8326991163486239e-01 
1.0205389992894610e-18 	 6.8333333333333335e-01 
-1.4525957124609668e-03 	 6.8326991163486239e-01 
-2.8941362944488345e-03 	 6.8308012921687011e-01 
-4.3136507517086732e-03 	 6.8276543043815108e-01 
-5.7003357220944710e-03 	 6.8232821034643176e-01 
-7.0436376956783155e-03 	 6.8177179645061081e-01 
-8.3333333333333367e-03 	 6.8110042339640731e-01 
-9.5596072725174352e-03 	 6.8031920073814978e-01 
-1.0713126828108989e-02 	 6.7943407405198297e-01 
-1.1785113019775790e-02 	 6.7845177968644244e-01 
-1.2767407385316298e-02 	 6.7737979349477562e-01 
-1.3652534071483194e-02 	 6.7622627393918411e-01 
-1.4433756729740642e-02 	 6.7499999999999993e-01 
-1.5105129783944161e-02 	 6.7371030436234491e-01 
-1.5661543679765137e-02 	 6.7236700238876113e-01 
-1.6098763771484472e-02 	 6.7098031741837527e-01 
-1.6413462550203466e-02 	 6.6956080296111542e-01 
-1.6603244968195759e-02 	 6.6811926237912755e-01 
-1.8333333333333333e-02 	 6.6666666666666663e-01 
-1.8263569465015336e-02 	 6.6506881138295959e-01 
-1.8054808805223813e-02 	 6.6348311674277294e-01 
-1.7708640148632916e-02 	 6.6192165083978705e-01 
-1.7227698047741654e-02 	 6.6039629737236272e-01 
-1.6615642762338581e-02 	 6.5891866520142051e-01 
-1.5877132402714711e-02 	 6.5749999999999997e-01 
-1.5017787478631512e-02 	 6.5615109866689747e-01 
-1.4044148123847928e-02 	 6.5488222715574673e-01 
-1.2963624321753370e-02 	 6.5370304234491328e-01 
-1.1784439510919889e-02 	 6.5262251854281872e-01 
-1.0515567999769179e-02 	 6.5164887918803516e-01 
-9.1666666666666702e-03 	 6.5078953426395192e-01 
-7.7480014652461541e-03 	 6.5005102390432801e-01 
-6.2703692943039263e-03 	 6.4943896861892503e-01 
-4.7450158268795449e-03 	 6.4895802651803369e-01 
-3.1835499238937223e-03 	 6.4861185786144282e-01 
-1.5978552837070676e-03 	 6.4840309720165135e-01 
1.1225928992184072e-18 	 6.4833333333333332e-01 
1.5978552837070659e-03 	 6.4840309720165135e-01 
3.1835499238937245e-03 	 6.4861185786144282e-01 
4.7450158268795466e-03 	 6.4895802651803369e-01 
6.2703692943039280e-03 	 6.4943896861892503e-01 
7.7480014652461567e-03 	 6.5005102390432801e-01 
9.1666666666666650e-03 	 6.5078953426395192e-01 
1.0515567999769175e-02 	 6.5164887918803516e-01 
1.1784439510919890e-02 	 6.5262251854281872e-01 
1.2963624321753372e-02 	 6.5370304234491328e-01 
1.4044148123847930e-02 	 6.5488222715574673e-01 
1.5017787478631514e-02 	 6.5615109866689747e-01 
1.5877132402714711e-02 	 6.5749999999999997e-01 
1.6615642762338581e-02 	 6.5891866520142051e-01 
1.7227698047741654e-02 	 6.6039629737236272e-01 
1.7708640148632916e-02 	 6.6192165083978705e-01 
1.8054808805223813e-02 	 6.6348311674277294e-01 
1.8263569465015336e-02 	 6.6506881138295959e-01 
1.8333333333333333e-02 	 6.6666666666666663e-01 
1.8263569465015336e-02 	 6.6826452195037367e-01 
1.8054808805223817e-02 	 6.6985021659056032e-01 
1.7708640148632916e-02 	 6.7141168249354621e-01 
1.7227698047741654e-02 	 6.7293703596097054e-01 
1.6615642762338581e-02 	 6.7441466813191275e-01 
1.5877132402714711e-02 	 6.7583333333333329e-01 
1.5017787478631518e-02 	 6.7718223466643579e-01 
1.4044148123847930e-02 	 6.7845110617758653e-01 
1.2963624321753372e-02 	 6.7963029098841998e-01 
1.1784439510919890e-02 	 6.8071081479051454e-01 
1.0515567999769182e-02 	 6.8168445414529810e-01 
9.1666666666666737e-03 	 6.8254379906938134e-01 
7.7480014652461637e-03 	 6.8328230942900525e-01 
6.2703692943039367e-03 	 6.8389436471440823e-01 
4.7450158268795431e-03 	 6.8437530681529957e-01 
3.1835499238937206e-03 	 6.8472147547189044e-01 
1.5978552837070659e-03 	 6.8493023613168191e-01 
1.1225928992184072e-18 	 6.8499999999999994e-01 
-1.5978552837070635e-03 	 6.8493023613168191e-01 
-3.1835499238937180e-03 	 6.8472147547189044e-01 
-4.7450158268795405e-03 	 6.8437530681529957e-01 
-6.2703692943039185e-03 	 6.8389436471440823e-01 
-7.7480014652461472e-03 	 6.8328230942900525e-01 
-9.1666666666666702e-03 	 6.8254379906938134e-01 
-1.0515567999769179e-02 	 6.8168445414529810e-01 
-1.1784439510919889e-02 	 6.8071081479051454e-01 
-1.2963624321753370e-02 	 6.7963029098841998e-01 
-1.4044148123847928e-02 	 6.7845110617758653e-01 
-1.5017787478631512e-02 	 6.7718223466643579e-01 
-1.5877132402714704e-02 	 6.7583333333333329e-01 
-1.6615642762338578e-02 	 6.7441466813191275e-01 
-1.7227698047741651e-02 	 6.7293703596097054e-01 
-1.7708640148632920e-02 	 6.7141168249354621e-01 
-1.8054808805223813e-02 	 6.6985021659056032e-01 
-1.8263569465015336e-02 	 6.6826452195037367e-01 
-1.9999999999999997e-02 	 6.6666666666666663e-01 
-1.9923893961834908e-02 	 6.6492355181171348e-01 
-1.9696155060244157e-02 	 6.6319370311332804e-01 
-1.9318516525781360e-02 	 6.6149028576461621e-01 
-1.8793852415718165e-02 	 6.5982626380015330e-01 
-1.8126155740732997e-02 	 6.5821430143185267e-01 
-1.7320508075688773e-02 	 6.5666666666666662e-01 
-1.6383040885779829e-02 	 6.5519513793964568e-01 
-1.5320888862379556e-02 	 6.5381091447293582e-01 
-1.4142135623730947e-02 	 6.5252453104293573e-01 
-1.2855752193730785e-02 	 6.5134577780428704e-01 
-1.1471528727020921e-02 	 6.5028362578088683e-01 
-1.0000000000000004e-02 	 6.4934615859097788e-01 
-8.4523652348139858e-03 	 6.4854051092593368e-01 
-6.8404028665133730e-03 	 6.4787281425094845e-01 
-5.1763809020504122e-03 	 6.4734815014088531e-01 
-3.4729635533386053e-03 	 6.4697051160642249e-01 
-1.7431148549531645e-03 	 6.4674277270483171e-01 
1.2246467991473530e-18 	 6.4666666666666661e-01 
1.7431148549531626e-03 	 6.4674277270483171e-01 
3.4729635533386079e-03 	 6.4697051160642249e-01 
5.1763809020504139e-03 	 6.4734815014088531e-01 
6.8404028665133756e-03 	 6.4787281425094845e-01 
8.4523652348139876e-03 	 6.4854051092593368e-01 
9.9999999999999967e-03 	 6.4934615859097788e-01 
1.1471528727020917e-02 	 6.5028362578088683e-01 
1.2855752193730788e-02 	 6.5134577780428704e-01 
1.4142135623730949e-02 	 6.5252453104293573e-01 
1.5320888862379558e-02 	 6.5381091447293582e-01 
1.6383040885779833e-02 	 6.5519513793964568e-01 
1.7320508075688773e-02 	 6.5666666666666662e-01 
1.8126155740732997e-02 	 6.5821430143185267e-01 
1.8793852415718165e-02 	 6.5982626380015330e-01 
1.9318516525781360e-02 	 6.6149028576461621e-01 
1.9696155060244157e-02 	 6.6319370311332804e-01 
1.9923893961834908e-02 	 6.6492355181171348e-01 
1.9999999999999997e-02 	 6.6666666666666663e-01 
1.9923893961834908e-02 	 6.6840978152161978e-01 
1.9696155060244160e-02 	 6.7013963022000522e-01 
1.9318516525781360e-02 	 6.7184304756871704e-01 
1.8793852415718165e-02 	 6.7350706953317996e-01 
1.8126155740732997e-02 	 6.7511903190148059e-01 
1.7320508075688773e-02 	 6.7666666666666664e-01 
1.6383040885779836e-02 	 6.7813819539368758e-01 
1.5320888862379558e-02 	 6.7952241886039744e-01 
1.4142135623730949e-02 	 6.8080880229039753e-01 
1.2855752193730788e-02 	 6.8198755552904622e-01 
1.1471528727020924e-02 	 6.8304970755244643e-01 
1.0000000000000005e-02 	 6.8398717474235537e-01 
8.4523652348139945e-03 	 6.8479282240739958e-01 
6.8404028665133843e-03 	 6.8546051908238481e-01 
5.1763809020504096e-03 	 6.8598518319244794e-01 
3.4729635533386040e-03 	 6.8636282172691077e-01 
1.7431148549531626e-03 	 6.8659056062850155e-01 
1.2246467991473530e-18 	 6.8666666666666665e-01 
-1.7431148549531600e-03 	 6.8659056062850155e-01 
-3.4729635533386010e-03 	 6.8636282172691077e-01 
-5.1763809020504070e-03 	 6.8598518319244794e-01 
-6.8404028665133643e-03 	 6.8546051908238481e-01 
-8.4523652348139772e-03 	 6.8479282240739958e-01 
-1.0000000000000004e-02 	 6.8398717474235537e-01 
-1.1471528727020921e-02 	 6.8304970755244643e-01 
-1.2855752193730785e-02 	 6.8198755552904622e-01 
-1.4142135623730947e-02 	 6.8080880229039753e-01 
-1.5320888862379556e-02 	 6.7952241886039744e-01 
-1.6383040885779829e-02 	 6.7813819539368758e-01 
-1.7320508075688766e-02 	 6.7666666666666664e-01 
-1.8126155740732990e-02 	 6.7511903190148059e-01 
-1.8793852415718161e-02 	 6.7350706953318007e-01 
-1.9318516525781364e-02 	 6.7184304756871704e-01 
-1.9696155060244157e-02 	 6.7013963022000522e-01 
-1.9923893961834908e-02 	 6.6840978152161978e-01 
-2.1666666666666664e-02 	 6.6666666666666663e-01 
-2.1584218458654485e-02 	 6.6477829224046736e-01 
-2.1337501315264504e-02 	 6.6290428948388314e-01 
-2.0928392902929808e-02 	 6.6105892068944538e-01 
-2.0360006783694679e-02 	 6.5925623022794377e-01 
-1.9636668719127413e-02 	 6.5750993766228483e-01 
-1.8763883748662835e-02 	 6.5583333333333327e-01 
-1.7748294292928148e-02 	 6.5423917721239400e-01 
-1.6597629600911185e-02 	 6.5273960179012491e-01 
-1.5320646925708526e-02 	 6.5134601974095807e-01 
-1.3927064876541684e-02 	 6.5006903706575547e-01 
-1.2427489454272665e-02 	 6.4891837237373851e-01 
-1.0833333333333337e-02 	 6.4790278291800385e-01 
-9.1567290043818184e-03 	 6.4702999794753924e-01 
-7.4104364387228214e-03 	 6.4630665988297198e-01 
-5.6077459772212795e-03 	 6.4573827376373683e-01 
-3.7623771827834896e-03 	 6.4532916535140217e-01 
-1.8883744261992616e-03 	 6.4508244820801219e-01 
1.3267006990762992e-18 	 6.4500000000000002e-01 
1.8883744261992594e-03 	 6.4508244820801219e-01 
3.7623771827834918e-03 	 6.4532916535140217e-01 
5.6077459772212821e-03 	 6.4573827376373683e-01 
7.4104364387228240e-03 	 6.4630665988297198e-01 
9.1567290043818202e-03 	 6.4702999794753924e-01 
1.0833333333333330e-02 	 6.4790278291800374e-01 
1.2427489454272661e-02 	 6.4891837237373851e-01 
1.3927064876541688e-02 	 6.5006903706575547e-01 
1.5320646925708529e-02 	 6.5134601974095807e-01 
1.6597629600911188e-02 	 6.5273960179012491e-01 
1.7748294292928152e-02 	 6.5423917721239400e-01 
1.8763883748662835e-02 	 6.5583333333333327e-01 
1.9636668719127413e-02 	 6.5750993766228483e-01 
2.0360006783694679e-02 	 6.5925623022794377e-01 
2.0928392902929808e-02 	 6.6105892068944538e-01 
2.1337501315264504e-02 	 6.6290428948388314e-01 
2.1584218458654485e-02 	 6.6477829224046736e-01 
2.1666666666666664e-02 	 6.6666666666666663e-01 
2.1584218458654485e-02 	 6.6855504109286590e-01 
2.1337501315264507e-02 	 6.7042904384945012e-01 
2.0928392902929808e-02 	 6.7227441264388788e-01 
2.0360006783694679e-02 	 6.7407710310538949e-01 
1.9636668719127413e-02 	 6.7582339567104843e-01 
1.8763883748662835e-02 	 6.7749999999999999e-01 
1.7748294292928155e-02 	 6.7909415612093926e-01 
1.6597629600911188e-02 	 6.8059373154320835e-01 
1.5320646925708529e-02 	 6.8198731359237519e-01 
1.3927064876541688e-02 	 6.8326429626757779e-01 
1.2427489454272668e-02 	 6.8441496095959475e-01 
1.0833333333333339e-02 	 6.8543055041532941e-01 
9.1567290043818288e-03 	 6.8630333538579402e-01 
7.4104364387228335e-03 	 6.8702667345036128e-01 
5.6077459772212769e-03 	 6.8759505956959643e-01 
3.7623771827834875e-03 	 6.8800416798193109e-01 
1.8883744261992594e-03 	 6.8825088512532107e-01 
1.3267006990762992e-18 	 6.8833333333333324e-01 
-1.8883744261992566e-03 	 6.8825088512532107e-01 
-3.7623771827834844e-03 	 6.8800416798193109e-01 
-5.6077459772212752e-03 	 6.8759505956959643e-01 
-7.4104364387228118e-03 	 6.8702667345036128e-01 
-9.1567290043818098e-03 	 6.8630333538579402e-01 
-1.0833333333333337e-02 	 6.8543055041532941e-01 
-1.2427489454272665e-02 	 6.8441496095959475e-01 
-1.3927064876541684e-02 	 6.8326429626757779e-01 
-1.5320646925708526e-02 	 6.8198731359237519e-01 
-1.6597629600911185e-02 	 6.8059373154320835e-01 
-1.7748294292928148e-02 	 6.7909415612093926e-01 
-1.8763883748662832e-02 	 6.7749999999999999e-01 
-1.9636668719127406e-02 	 6.7582339567104843e-01 
-2.0360006783694675e-02 	 6.7407710310538949e-01 
-2.0928392902929811e-02 	 6.7227441264388788e-01 
-2.1337501315264504e-02 	 6.7042904384945012e-01 
-2.1584218458654485e-02 	 6.6855504109286590e-01 
-2.3333333333333331e-02 	 6.6666666666666663e-01 
-2.3244542955474061e-02 	 6.6463303266922125e-01 
-2.2978847570284851e-02 	 6.6261487585443823e-01 
-2.2538269280078255e-02 	 6.6062755561427444e-01 
-2.1926161151671193e-02 	 6.5868619665573436e-01 
-2.1147181697521829e-02 	 6.5680557389271699e-01 
-2.0207259421636901e-02 	 6.5499999999999992e-01 
-1.9113547700076467e-02 	 6.5328321648514220e-01 
-1.7874370339442815e-02 	 6.5166828910731400e-01 
-1.6499158227686106e-02 	 6.5016750843898052e-01 
-1.4998377559352584e-02 	 6.4879229632722379e-01 
-1.3383450181524408e-02 	 6.4755311896659018e-01 
-1.1666666666666671e-02 	 6.4645940724502970e-01 
-9.8610927739496493e-03 	 6.4551948496914480e-01 
-7.9804700109322689e-03 	 6.4474050551499540e-01 
-6.0391110523921477e-03 	 6.4412839738658834e-01 
-4.0517908122283735e-03 	 6.4368781909638173e-01 
-2.0336339974453585e-03 	 6.4342212371119256e-01 
1.4287545990052452e-18 	 6.4333333333333331e-01 
2.0336339974453563e-03 	 6.4342212371119256e-01 
4.0517908122283761e-03 	 6.4368781909638173e-01 
6.0391110523921503e-03 	 6.4412839738658834e-01 
7.9804700109322724e-03 	 6.4474050551499540e-01 
9.8610927739496528e-03 	 6.4551948496914480e-01 
1.1666666666666664e-02 	 6.4645940724502970e-01 
1.3383450181524403e-02 	 6.4755311896659018e-01 
1.4998377559352585e-02 	 6.4879229632722379e-01 
1.6499158227686109e-02 	 6.5016750843898052e-01 
1.7874370339442818e-02 	 6.5166828910731400e-01 
1.9113547700076471e-02 	 6.5328321648514220e-01 
2.0207259421636901e-02 	 6.5499999999999992e-01 
2.1147181697521829e-02 	 6.5680557389271699e-01 
2.1926161151671193e-02 	 6.5868619665573436e-01 
2.2538269280078255e-02 	 6.6062755561427444e-01 
2.2978847570284851e-02 	 6.6261487585443823e-01 
2.3244542955474061e-02 	 6.6463303266922125e-01 
2.3333333333333331e-02 	 6.6666666666666663e-01 
2.3244542955474061e-02 	 6.6870030066411201e-01 
2.2978847570284854e-02 	 6.7071845747889502e-01 
2.2538269280078255e-02 	 6.7270577771905882e-01 
2.1926161151671193e-02 	 6.7464713667759890e-01 
2.1147181697521829e-02 	 6.7652775944061627e-01 
2.0207259421636901e-02 	 6.7833333333333334e-01 
1.9113547700076478e-02 	 6.8005011684819106e-01 
1.7874370339442818e-02 	 6.8166504422601926e-01 
1.6499158227686109e-02 	 6.8316582489435274e-01 
1.4998377559352585e-02 	 6.8454103700610947e-01 
1.3383450181524412e-02 	 6.8578021436674308e-01 
1.1666666666666672e-02 	 6.8687392608830355e-01 
9.8610927739496614e-03 	 6.8781384836418846e-01 
7.9804700109322828e-03 	 6.8859282781833786e-01 
6.0391110523921451e-03 	 6.8920493594674492e-01 
4.0517908122283718e-03 	 6.8964551423695153e-01 
2.0336339974453563e-03 	 6.8991120962214070e-01 
1.4287545990052452e-18 	 6.8999999999999995e-01 
-2.0336339974453533e-03 	 6.8991120962214070e-01 
-4.0517908122283683e-03 	 6.8964551423695153e-01 
-6.0391110523921425e-03 	 6.8920493594674492e-01 
-7.9804700109322585e-03 	 6.8859282781833786e-01 
-9.8610927739496406e-03 	 6.8781384836418846e-01 
-1.1666666666666671e-02 	 6.8687392608830355e-01 
-1.3383450181524408e-02 	 6.8578021436674308e-01 
-1.4998377559352584e-02 	 6.8454103700610947e-01 
-1.6499158227686106e-02 	 6.8316582489435274e-01 
-1.7874370339442815e-02 	 6.8166504422601926e-01 
-1.9113547700076467e-02 	 6.8005011684819106e-01 
-2.0207259421636897e-02 	 6.7833333333333334e-01 
-2.1147181697521826e-02 	 6.7652775944061627e-01 
-2.1926161151671189e-02 	 6.7464713667759890e-01 
-2.2538269280078259e-02 	 6.7270577771905882e-01 
-2.2978847570284851e-02 	 6.7071845747889502e-01 
-2.3244542955474061e-02 	 6.6870030066411201e-01 
-2.4999999999999998e-02 	 6.6666666666666663e-01 
-2.4904867452293637e-02 	 6.6448777309797513e-01 
-2.4620193825305198e-02 	 6.6232546222499333e-01 
-2.4148145657226703e-02 	 6.6019619053910361e-01 
-2.3492315519647707e-02 	 6.5811616308352494e-01 
-2.2657694675916246e-02 	 6.5610121012314915e-01 
-2.1650635094610966e-02 	 6.5416666666666667e-01 
-2.0478801107224789e-02 	 6.5232725575789052e-01 
-1.9151111077974445e-02 	 6.5059697642450309e-01 
-1.7677669529663684e-02 	 6.4898899713700298e-01 
-1.6069690242163481e-02 	 6.4751555558869223e-01 
-1.4339410908776154e-02 	 6.4618786555944185e-01 
-1.2500000000000004e-02 	 6.4501603157205567e-01 
-1.0565456543517482e-02 	 6.4400897199075036e-01 
-8.5505035831417164e-03 	 6.4317435114701893e-01 
-6.4704761275630150e-03 	 6.4251852100943996e-01 
-4.3412044416732574e-03 	 6.4204647284136140e-01 
-2.1788935686914558e-03 	 6.4176179921437304e-01 
1.5308084989341914e-18 	 6.4166666666666661e-01 
2.1788935686914532e-03 	 6.4176179921437304e-01 
4.3412044416732600e-03 	 6.4204647284136140e-01 
6.4704761275630176e-03 	 6.4251852100943996e-01 
8.5505035831417199e-03 	 6.4317435114701893e-01 
1.0565456543517485e-02 	 6.4400897199075036e-01 
1.2499999999999995e-02 	 6.4501603157205567e-01 
1.4339410908776147e-02 	 6.4618786555944185e-01 
1.6069690242163485e-02 	 6.4751555558869223e-01 
1.7677669529663688e-02 	 6.4898899713700298e-01 
1.9151111077974448e-02 	 6.5059697642450320e-01 
2.0478801107224789e-02 	 6.5232725575789052e-01 
2.1650635094610966e-02 	 6.5416666666666667e-01 
2.2657694675916246e-02 	 6.5610121012314915e-01 
2.3492315519647707e-02 	 6.5811616308352494e-01 
2.4148145657226703e-02 	 6.6019619053910361e-01 
2.4620193825305198e-02 	 6.6232546222499333e-01 
2.4904867452293637e-02 	 6.6448777309797513e-01 
2.4999999999999998e-02 	 6.6666666666666663e-01 
2.4904867452293637e-02 	 6.6884556023535813e-01 
2.4620193825305201e-02 	 6.7100787110833993e-01 
2.4148145657226703e-02 	 6.7313714279422965e-01 
2.3492315519647707e-02 	 6.7521717024980832e-01 
2.2657694675916246e-02 	 6.7723212321018411e-01 
2.1650635094610966e-02 	 6.7916666666666659e-01 
2.0478801107224796e-02 	 6.8100607757544274e-01 
1.9151111077974448e-02 	 6.8273635690883006e-01 
1.7677669529663688e-02 	 6.8434433619633028e-01 
1.6069690242163485e-02 	 6.8581777774464103e-01 
1.4339410908776155e-02 	 6.8714546777389141e-01 
1.2500000000000008e-02 	 6.8831730176127759e-01 
1.0565456543517494e-02 	 6.8932436134258290e-01 
8.5505035831417303e-03 	 6.9015898218631433e-01 
6.4704761275630124e-03 	 6.9081481232389330e-01 
4.3412044416732548e-03 	 6.9128686049197186e-01 
2.1788935686914532e-03 	 6.9157153411896022e-01 
1.5308084989341914e-18 	 6.9166666666666665e-01 
-2.1788935686914502e-03 	 6.9157153411896022e-01 
-4.3412044416732513e-03 	 6.9128686049197186e-01 
-6.4704761275630098e-03 	 6.9081481232389330e-01 
-8.5505035831417060e-03 	 6.9015898218631433e-01 
-1.0565456543517473e-02 	 6.8932436134258290e-01 
-1.2500000000000004e-02 	 6.8831730176127759e-01 
-1.4339410908776154e-02 	 6.8714546777389141e-01 
-1.6069690242163481e-02 	 6.8581777774464103e-01 
-1.7677669529663684e-02 	 6.8434433619633028e-01 
-1.9151111077974445e-02 	 6.8273635690883017e-01 
-2.0478801107224789e-02 	 6.8100607757544274e-01 
-2.1650635094610959e-02 	 6.7916666666666659e-01 
-2.2657694675916242e-02 	 6.7723212321018411e-01 
-2.3492315519647703e-02 	 6.7521717024980832e-01 
-2.4148145657226706e-02 	 6.7313714279422965e-01 
-2.4620193825305198e-02 	 6.7100787110833993e-01 
-2.4904867452293637e-02 	 6.6884556023535813e-01 
-2.6666666666666665e-02 	 6.6666666666666663e-01 
-2.6565191949113214e-02 	 6.6434251352672913e-01 
-2.6261540080325545e-02 	 6.6203604859554854e-01 
-2.5758022034375151e-02 	 6.5976482546393278e-01 
-2.5058469887624221e-02 	 6.5754612951131541e-01 
-2.4168207654310662e-02 	 6.5539684635358131e-01 
-2.3094010767585032e-02 	 6.5333333333333332e-01 
-2.1844054514373108e-02 	 6.5137129503063873e-01 
-2.0427851816506075e-02 	 6.4952566374169229e-01 
-1.8856180831641263e-02 	 6.4781048583502532e-01 
-1.7141002924974381e-02 	 6.4623881485016055e-01 
-1.5295371636027897e-02 	 6.4482261215229353e-01 
-1.3333333333333338e-02 	 6.4357265589908164e-01 
-1.1269820313085314e-02 	 6.4249845901235592e-01 
-9.1205371553511657e-03 	 6.4160819677904235e-01 
-6.9018412027338832e-03 	 6.4090864463229147e-01 
-4.6306180711181413e-03 	 6.4040512658634108e-01 
-2.3241531399375527e-03 	 6.4010147471755341e-01 
1.6328623988631376e-18 	 6.4000000000000001e-01 
2.3241531399375501e-03 	 6.4010147471755341e-01 
4.6306180711181439e-03 	 6.4040512658634108e-01 
6.9018412027338858e-03 	 6.4090864463229147e-01 
9.1205371553511674e-03 	 6.4160819677904246e-01 
1.1269820313085318e-02 	 6.4249845901235592e-01 
1.3333333333333329e-02 	 6.4357265589908164e-01 
1.5295371636027890e-02 	 6.4482261215229353e-01 
1.7141002924974384e-02 	 6.4623881485016055e-01 
1.8856180831641266e-02 	 6.4781048583502532e-01 
2.0427851816506078e-02 	 6.4952566374169229e-01 
2.1844054514373112e-02 	 6.5137129503063873e-01 
2.3094010767585032e-02 	 6.5333333333333332e-01 
2.4168207654310662e-02 	 6.5539684635358131e-01 
2.5058469887624221e-02 	 6.5754612951131541e-01 
2.5758022034375151e-02 	 6.5976482546393278e-01 
2.6261540080325545e-02 	 6.6203604859554843e-01 
2.6565191949113214e-02 	 6.6434251352672913e-01 
2.6666666666666665e-02 	 6.6666666666666663e-01 
2.6565191949113214e-02 	 6.6899081980660413e-01 
2.6261540080325548e-02 	 6.7129728473778472e-01 
2.5758022034375151e-02 	 6.7356850786940048e-01 
2.5058469887624221e-02 	 6.7578720382201785e-01 
2.4168207654310662e-02 	 6.7793648697975195e-01 
2.3094010767585032e-02 	 6.7999999999999994e-01 
2.1844054514373115e-02 	 6.8196203830269453e-01 
2.0427851816506078e-02 	 6.8380766959164097e-01 
1.8856180831641266e-02 	 6.8552284749830794e-01 
1.7141002924974384e-02 	 6.8709451848317271e-01 
1.5295371636027899e-02 	 6.8851072118103973e-01 
1.3333333333333341e-02 	 6.8976067743425162e-01 
1.1269820313085328e-02 	 6.9083487432097734e-01 
9.1205371553511796e-03 	 6.9172513655429080e-01 
6.9018412027338797e-03 	 6.9242468870104179e-01 
4.6306180711181387e-03 	 6.9292820674699218e-01 
2.3241531399375501e-03 	 6.9323185861577985e-01 
1.6328623988631376e-18 	 6.9333333333333325e-01 
-2.3241531399375470e-03 	 6.9323185861577985e-01 
-4.6306180711181352e-03 	 6.9292820674699218e-01 
-6.9018412027338771e-03 	 6.9242468870104179e-01 
-9.1205371553511536e-03 	 6.9172513655429091e-01 
-1.1269820313085304e-02 	 6.9083487432097734e-01 
-1.3333333333333338e-02 	 6.8976067743425162e-01 
-1.5295371636027897e-02 	 6.8851072118103973e-01 
-1.7141002924974381e-02 	 6.8709451848317271e-01 
-1.8856180831641263e-02 	 6.8552284749830794e-01 
-2.0427851816506075e-02 	 6.8380766959164097e-01 
-2.1844054514373108e-02 	 6.8196203830269453e-01 
-2.3094010767585025e-02 	 6.7999999999999994e-01 
-2.4168207654310658e-02 	 6.7793648697975195e-01 
-2.5058469887624217e-02 	 6.7578720382201785e-01 
-2.5758022034375154e-02 	 6.7356850786940048e-01 
-2.6261540080325545e-02 	 6.7129728473778472e-01 
-2.6565191949113214e-02 	 6.6899081980660413e-01 
-2.8333333333333332e-02 	 6.6666666666666663e-01 
-2.8225516445932790e-02 	 6.6419725395548301e-01 
-2.7902886335345892e-02 	 6.6174663496610364e-01 
-2.7367898411523598e-02 	 6.5933346038876184e-01 
-2.6624624255600735e-02 	 6.5697609593910600e-01 
-2.5678720632705081e-02 	 6.5469248258401347e-01 
-2.4537386440559094e-02 	 6.5249999999999997e-01 
-2.3209307921521427e-02 	 6.5041533430338694e-01 
-2.1704592555037705e-02 	 6.4845435105888138e-01 
-2.0034692133618845e-02 	 6.4663197453304777e-01 
-1.8212315607785280e-02 	 6.4496207411162887e-01 
-1.6251332363279639e-02 	 6.4345735874514520e-01 
-1.4166666666666673e-02 	 6.4212928022610749e-01 
-1.1974184082653147e-02 	 6.4098794603396159e-01 
-9.6905707275606132e-03 	 6.4004204241106588e-01 
-7.3332062779047505e-03 	 6.3929876825514298e-01 
-4.9200317005630252e-03 	 6.3876378033132075e-01 
-2.4694127111836500e-03 	 6.3844115022073389e-01 
1.7349162987920836e-18 	 6.3833333333333331e-01 
2.4694127111836470e-03 	 6.3844115022073389e-01 
4.9200317005630278e-03 	 6.3876378033132075e-01 
7.3332062779047540e-03 	 6.3929876825514298e-01 
9.6905707275606167e-03 	 6.4004204241106588e-01 
1.1974184082653151e-02 	 6.4098794603396159e-01 
1.4166666666666662e-02 	 6.4212928022610749e-01 
1.6251332363279632e-02 	 6.4345735874514520e-01 
1.8212315607785284e-02 	 6.4496207411162887e-01 
2.0034692133618848e-02 	 6.4663197453304777e-01 
2.1704592555037708e-02 	 6.4845435105888138e-01 
2.3209307921521431e-02 	 6.5041533430338694e-01 
2.4537386440559094e-02 	 6.5249999999999997e-01 
2.5678720632705081e-02 	 6.5469248258401347e-01 
2.6624624255600735e-02 	 6.5697609593910600e-01 
2.7367898411523598e-02 	 6.5933346038876184e-01 
2.7902886335345892e-02 	 6.6174663496610364e-01 
2.8225516445932790e-02 	 6.6419725395548301e-01 
2.8333333333333332e-02 	 6.6666666666666663e-01 
2.8225516445932790e-02 	 6.6913607937785025e-01 
2.7902886335345895e-02 	 6.7158669836722962e-01 
2.7367898411523598e-02 	 6.7399987294457142e-01 
2.6624624255600735e-02 	 6.7635723739422726e-01 
2.5678720632705081e-02 	 6.7864085074931979e-01 
2.4537386440559094e-02 	 6.8083333333333329e-01 
2.3209307921521437e-02 	 6.8291799902994621e-01 
2.1704592555037708e-02 	 6.8487898227445188e-01 
2.0034692133618848e-02 	 6.8670135880028549e-01 
1.8212315607785284e-02 	 6.8837125922170439e-01 
1.6251332363279643e-02 	 6.8987597458818806e-01 
1.4166666666666675e-02 	 6.9120405310722577e-01 
1.1974184082653161e-02 	 6.9234538729937167e-01 
9.6905707275606288e-03 	 6.9329129092226738e-01 
7.3332062779047479e-03 	 6.9403456507819028e-01 
4.9200317005630226e-03 	 6.9456955300201251e-01 
2.4694127111836470e-03 	 6.9489218311259937e-01 
1.7349162987920836e-18 	 6.9499999999999995e-01 
-2.4694127111836435e-03 	 6.9489218311259937e-01 
-4.9200317005630191e-03 	 6.9456955300201251e-01 
-7.3332062779047445e-03 	 6.9403456507819028e-01 
-9.6905707275606011e-03 	 6.9329129092226738e-01 
-1.1974184082653137e-02 	 6.9234538729937167e-01 
-1.4166666666666673e-02 	 6.9120405310722577e-01 
-1.6251332363279639e-02 	 6.8987597458818806e-01 
-1.8212315607785280e-02 	 6.8837125922170439e-01 
-2.0034692133618845e-02 	 6.8670135880028549e-01 
-2.1704592555037705e-02 	 6.8487898227445188e-01 
-2.3209307921521427e-02 	 6.8291799902994632e-01 
-2.4537386440559091e-02 	 6.8083333333333329e-01 
-2.5678720632705074e-02 	 6.7864085074931979e-01 
-2.6624624255600731e-02 	 6.7635723739422726e-01 
-2.7367898411523602e-02 	 6.7399987294457142e-01 
-2.7902886335345892e-02 	 6.7158669836722962e-01 
-2.8225516445932790e-02 	 6.6913607937785025e-01 
-2.9999999999999999e-02 	 6.6666666666666663e-01 
-2.9885840942752366e-02 	 6.6405199438423690e-01 
-2.9544232590366239e-02 	 6.6145722133665874e-01 
-2.8977774788672046e-02 	 6.5890209531359101e-01 
-2.8190778623577249e-02 	 6.5640606236689658e-01 
-2.7189233611099498e-02 	 6.5398811881444563e-01 
-2.5980762113533160e-02 	 6.5166666666666662e-01 
-2.4574561328669746e-02 	 6.4945937357613526e-01 
-2.2981333293569335e-02 	 6.4738303837607047e-01 
-2.1213203435596423e-02 	 6.4545346323107022e-01 
-1.9283628290596180e-02 	 6.4368533337309730e-01 
-1.7207293090531383e-02 	 6.4209210533799688e-01 
-1.5000000000000006e-02 	 6.4068590455313346e-01 
-1.2678547852220980e-02 	 6.3947743305556715e-01 
-1.0260604299770061e-02 	 6.3847588804308941e-01 
-7.7645713530756187e-03 	 6.3768889187799460e-01 
-5.2094453300079091e-03 	 6.3712243407630043e-01 
-2.6146722824297469e-03 	 6.3678082572391426e-01 
1.8369701987210296e-18 	 6.3666666666666660e-01 
2.6146722824297438e-03 	 6.3678082572391426e-01 
5.2094453300079125e-03 	 6.3712243407630043e-01 
7.7645713530756222e-03 	 6.3768889187799460e-01 
1.0260604299770064e-02 	 6.3847588804308941e-01 
1.2678547852220983e-02 	 6.3947743305556715e-01 
1.4999999999999996e-02 	 6.4068590455313346e-01 
1.7207293090531376e-02 	 6.4209210533799688e-01 
1.9283628290596183e-02 	 6.4368533337309730e-01 
2.1213203435596427e-02 	 6.4545346323107022e-01 
2.2981333293569339e-02 	 6.4738303837607047e-01 
2.4574561328669749e-02 	 6.4945937357613526e-01 
2.5980762113533160e-02 	 6.5166666666666662e-01 
2.7189233611099498e-02 	 6.5398811881444563e-01 
2.8190778623577249e-02 	 6.5640606236689658e-01 
2.8977774788672046e-02 	 6.5890209531359101e-01 
2.9544232590366239e-02 	 6.6145722133665874e-01 
2.9885840942752366e-02 	 6.6405199438423690e-01 
2.9999999999999999e-02 	 6.6666666666666663e-01 
2.9885840942752366e-02 	 6.6928133894909636e-01 
2.9544232590366242e-02 	 6.7187611199667452e-01 
2.8977774788672046e-02 	 6.7443123801974225e-01 
2.8190778623577249e-02 	 6.7692727096643668e-01 
2.7189233611099498e-02 	 6.7934521451888763e-01 
2.5980762113533160e-02 	 6.8166666666666664e-01 
2.4574561328669756e-02 	 6.8387395975719800e-01 
2.2981333293569339e-02 	 6.8595029495726279e-01 
2.1213203435596427e-02 	 6.8787987010226304e-01 
1.9283628290596183e-02 	 6.8964799996023596e-01 
1.7207293090531386e-02 	 6.9124122799533638e-01 
1.5000000000000010e-02 	 6.9264742878019980e-01 
1.2678547852220995e-02 	 6.9385590027776611e-01 
1.0260604299770078e-02 	 6.9485744529024385e-01 
7.7645713530756152e-03 	 6.9564444145533866e-01 
5.2094453300079065e-03 	 6.9621089925703283e-01 
2.6146722824297438e-03 	 6.9655250760941900e-01 
1.8369701987210296e-18 	 6.9666666666666666e-01 
-2.6146722824297404e-03 	 6.9655250760941900e-01 
-5.2094453300079021e-03 	 6.9621089925703283e-01 
-7.7645713530756118e-03 	 6.9564444145533866e-01 
-1.0260604299770047e-02 	 6.9485744529024385e-01 
-1.2678547852220967e-02 	 6.9385590027776611e-01 
-1.5000000000000006e-02 	 6.9264742878019980e-01 
-1.7207293090531383e-02 	 6.9124122799533638e-01 
-1.9283628290596180e-02 	 6.8964799996023596e-01 
-2.1213203435596423e-02 	 6.8787987010226304e-01 
-2.2981333293569335e-02 	 6.8595029495726279e-01 
-2.4574561328669746e-02 	 6.8387395975719800e-01 
-2.5980762113533153e-02 	 6.8166666666666664e-01 
-2.7189233611099491e-02 	 6.7934521451888763e-01 
-2.8190778623577245e-02 	 6.7692727096643668e-01 
-2.8977774788672049e-02 	 6.7443123801974225e-01 
-2.9544232590366239e-02 	 6.7187611199667452e-01 
-2.9885840942752366e-02 	 6.6928133894909636e-01 
-3.1666666666666662e-02 	 6.6666666666666663e-01 
-3.1546165439571935e-02 	 6.6390673481299078e-01 
-3.1185578845386582e-02 	 6.6116780770721384e-01 
-3.0587651165820490e-02 	 6.5847073023842018e-01 
-2.9756932991553759e-02 	 6.5583602879468716e-01 
-2.8699746589493910e-02 	 6.5328375504487779e-01 
-2.7424137786507222e-02 	 6.5083333333333326e-01 
-2.5939814735818065e-02 	 6.4850341284888346e-01 
-2.4258074032100965e-02 	 6.4631172569325956e-01 
-2.2391714737573998e-02 	 6.4427495192909268e-01 
-2.0354940973407076e-02 	 6.4240859263456562e-01 
-1.8163253817783127e-02 	 6.4072685193084855e-01 
-1.5833333333333338e-02 	 6.3924252888015942e-01 
-1.3382911621788810e-02 	 6.3796692007717271e-01 
-1.0830637871979508e-02 	 6.3690973367511283e-01 
-8.1959364282464860e-03 	 6.3607901550084611e-01 
-5.4988589594527921e-03 	 6.3548108782128010e-01 
-2.7599318536758437e-03 	 6.3512050122709474e-01 
1.9390240986499756e-18 	 6.3500000000000001e-01 
2.7599318536758407e-03 	 6.3512050122709474e-01 
5.4988589594527956e-03 	 6.3548108782128010e-01 
8.1959364282464895e-03 	 6.3607901550084611e-01 
1.0830637871979512e-02 	 6.3690973367511283e-01 
1.3382911621788814e-02 	 6.3796692007717271e-01 
1.5833333333333328e-02 	 6.3924252888015942e-01 
1.8163253817783120e-02 	 6.4072685193084855e-01 
2.0354940973407079e-02 	 6.4240859263456562e-01 
2.2391714737574002e-02 	 6.4427495192909268e-01 
2.4258074032100969e-02 	 6.4631172569325956e-01 
2.5939814735818068e-02 	 6.4850341284888346e-01 
2.7424137786507222e-02 	 6.5083333333333326e-01 
2.8699746589493910e-02 	 6.5328375504487779e-01 
2.9756932991553759e-02 	 6.5583602879468716e-01 
3.0587651165820490e-02 	 6.5847073023842018e-01 
3.1185578845386582e-02 	 6.6116780770721384e-01 
3.1546165439571935e-02 	 6.6390673481299078e-01 
3.1666666666666662e-02 	 6.6666666666666663e-01 
3.1546165439571935e-02 	 6.6942659852034248e-01 
3.1185578845386586e-02 	 6.7216552562611942e-01 
3.0587651165820490e-02 	 6.7486260309491308e-01 
2.9756932991553759e-02 	 6.7749730453864609e-01 
2.8699746589493910e-02 	 6.8004957828845547e-01 
2.7424137786507222e-02 	 6.8250000000000000e-01 
2.5939814735818075e-02 	 6.8482992048444979e-01 
2.4258074032100969e-02 	 6.8702160764007369e-01 
2.2391714737574002e-02 	 6.8905838140424058e-01 
2.0354940973407079e-02 	 6.9092474069876764e-01 
1.8163253817783130e-02 	 6.9260648140248471e-01 
1.5833333333333342e-02 	 6.9409080445317384e-01 
1.3382911621788826e-02 	 6.9536641325616055e-01 
1.0830637871979526e-02 	 6.9642359965822043e-01 
8.1959364282464826e-03 	 6.9725431783248715e-01 
5.4988589594527895e-03 	 6.9785224551205327e-01 
2.7599318536758407e-03 	 6.9821283210623852e-01 
1.9390240986499756e-18 	 6.9833333333333325e-01 
-2.7599318536758368e-03 	 6.9821283210623852e-01 
-5.4988589594527851e-03 	 6.9785224551205327e-01 
-8.1959364282464791e-03 	 6.9725431783248715e-01 
-1.0830637871979494e-02 	 6.9642359965822043e-01 
-1.3382911621788798e-02 	 6.9536641325616055e-01 
-1.5833333333333338e-02 	 6.9409080445317384e-01 
-1.8163253817783127e-02 	 6.9260648140248471e-01 
-2.0354940973407076e-02 	 6.9092474069876764e-01 
-2.2391714737573998e-02 	 6.8905838140424058e-01 
-2.4258074032100965e-02 	 6.8702160764007369e-01 
-2.5939814735818065e-02 	 6.8482992048444979e-01 
-2.7424137786507215e-02 	 6.8250000000000000e-01 
-2.8699746589493903e-02 	 6.8004957828845547e-01 
-2.9756932991553756e-02 	 6.7749730453864621e-01 
-3.0587651165820493e-02 	 6.7486260309491308e-01 
-3.1185578845386582e-02 	 6.7216552562611942e-01 
-3.1546165439571935e-02 	 6.6942659852034248e-01 
-3.3333333333333333e-02 	 6.6666666666666663e-01 
-3.3206489936391519e-02 	 6.6376147524174467e-01 
-3.2826925100406933e-02 	 6.6087839407776894e-01 
-3.2197527542968937e-02 	 6.5803936516324923e-01 
-3.1323087359530280e-02 	 6.5526599522247764e-01 
-3.0210259567888330e-02 	 6.5257939127530995e-01 
-2.8867513459481291e-02 	 6.4999999999999991e-01 
-2.7305068142966387e-02 	 6.4754745212163178e-01 
-2.5534814770632595e-02 	 6.4524041301044865e-01 
-2.3570226039551580e-02 	 6.4309644062711502e-01 
-2.1426253656217979e-02 	 6.4113185189603406e-01 
-1.9119214545034870e-02 	 6.3936159852370023e-01 
-1.6666666666666673e-02 	 6.3779915320718539e-01 
-1.4087275391356645e-02 	 6.3645640709877827e-01 
-1.1400671444188958e-02 	 6.3534357930713636e-01 
-8.6273015034173534e-03 	 6.3446913912369773e-01 
-5.7882725888976768e-03 	 6.3383974156625966e-01 
-2.9051914249219411e-03 	 6.3346017673027510e-01 
2.0410779985789220e-18 	 6.3333333333333330e-01 
2.9051914249219380e-03 	 6.3346017673027510e-01 
5.7882725888976803e-03 	 6.3383974156625966e-01 
8.6273015034173586e-03 	 6.3446913912369773e-01 
1.1400671444188961e-02 	 6.3534357930713636e-01 
1.4087275391356648e-02 	 6.3645640709877827e-01 
1.6666666666666663e-02 	 6.3779915320718539e-01 
1.9119214545034863e-02 	 6.3936159852370023e-01 
2.1426253656217982e-02 	 6.4113185189603406e-01 
2.3570226039551584e-02 	 6.4309644062711502e-01 
2.5534814770632599e-02 	 6.4524041301044865e-01 
2.7305068142966391e-02 	 6.4754745212163178e-01 
2.8867513459481291e-02 	 6.5000000000000002e-01 
3.0210259567888330e-02 	 6.5257939127530995e-01 
3.1323087359530280e-02 	 6.5526599522247764e-01 
3.2197527542968937e-02 	 6.5803936516324923e-01 
3.2826925100406933e-02 	 6.6087839407776894e-01 
3.3206489936391519e-02 	 6.6376147524174467e-01 
3.3333333333333333e-02 	 6.6666666666666663e-01 
3.3206489936391519e-02 	 6.6957185809158859e-01 
3.2826925100406940e-02 	 6.7245493925556432e-01 
3.2197527542968937e-02 	 6.7529396817008402e-01 
3.1323087359530280e-02 	 6.7806733811085562e-01 
3.0210259567888330e-02 	 6.8075394205802331e-01 
2.8867513459481291e-02 	 6.8333333333333324e-01 
2.7305068142966397e-02 	 6.8578588121170148e-01 
2.5534814770632599e-02 	 6.8809292032288460e-01 
2.3570226039551584e-02 	 6.9023689270621824e-01 
2.1426253656217982e-02 	 6.9220148143729920e-01 
1.9119214545034874e-02 	 6.9397173480963303e-01 
1.6666666666666677e-02 	 6.9553418012614787e-01 
1.4087275391356660e-02 	 6.9687692623455499e-01 
1.1400671444188975e-02 	 6.9798975402619690e-01 
8.6273015034173499e-03 	 6.9886419420963553e-01 
5.7882725888976742e-03 	 6.9949359176707360e-01 
2.9051914249219380e-03 	 6.9987315660305816e-01 
2.0410779985789220e-18 	 6.9999999999999996e-01 
-2.9051914249219337e-03 	 6.9987315660305816e-01 
-5.7882725888976690e-03 	 6.9949359176707360e-01 
-8.6273015034173464e-03 	 6.9886419420963553e-01 
-1.1400671444188942e-02 	 6.9798975402619690e-01 
-1.4087275391356631e-02 	 6.9687692623455499e-01 
-1.6666666666666673e-02 	 6.9553418012614787e-01 
-1.9119214545034870e-02 	 6.9397173480963303e-01 
-2.1426253656217979e-02 	 6.9220148143729920e-01 
-2.3570226039551580e-02 	 6.9023689270621824e-01 
-2.5534814770632595e-02 	 6.8809292032288460e-01 
-2.7305068142966387e-02 	 6.8578588121170148e-01 
-2.8867513459481284e-02 	 6.8333333333333335e-01 
-3.0210259567888323e-02 	 6.8075394205802331e-01 
-3.1323087359530273e-02 	 6.7806733811085562e-01 
-3.2197527542968944e-02 	 6.7529396817008402e-01 
-3.2826925100406933e-02 	 6.7245493925556432e-01 
-3.3206489936391519e-02 	 6.6957185809158859e-01 
-3.4999999999999996e-02 	 6.6666666666666663e-01 
-3.4866814433211088e-02 	 6.6361621567049855e-01 
-3.4468271355427280e-02 	 6.6058898044832404e-01 
-3.3807403920117385e-02 	 6.5760800008807840e-01 
-3.2889241727506791e-02 	 6.5469596165026822e-01 
-3.1720772546282743e-02 	 6.5187502750574211e-01 
-3.0310889132455353e-02 	 6.4916666666666667e-01 
-2.8670321550114702e-02 	 6.4659149139437999e-01 
-2.6811555509164225e-02 	 6.4416910032763774e-01 
-2.4748737341529159e-02 	 6.4191792932513747e-01 
-2.2497566339028875e-02 	 6.3985511115750238e-01 
-2.0075175272286614e-02 	 6.3799634511655190e-01 
-1.7500000000000005e-02 	 6.3635577753421124e-01 
-1.4791639160924476e-02 	 6.3494589412038382e-01 
-1.1970705016398403e-02 	 6.3377742493915989e-01 
-9.0586665785882207e-03 	 6.3285926274654924e-01 
-6.0776862183425599e-03 	 6.3219839531123934e-01 
-3.0504509961680379e-03 	 6.3179985223345558e-01 
2.1431318985078680e-18 	 6.3166666666666660e-01 
3.0504509961680345e-03 	 6.3179985223345558e-01 
6.0776862183425642e-03 	 6.3219839531123934e-01 
9.0586665785882241e-03 	 6.3285926274654924e-01 
1.1970705016398407e-02 	 6.3377742493915989e-01 
1.4791639160924479e-02 	 6.3494589412038394e-01 
1.7499999999999995e-02 	 6.3635577753421124e-01 
2.0075175272286607e-02 	 6.3799634511655190e-01 
2.2497566339028878e-02 	 6.3985511115750238e-01 
2.4748737341529162e-02 	 6.4191792932513747e-01 
2.6811555509164229e-02 	 6.4416910032763774e-01 
2.8670321550114706e-02 	 6.4659149139437999e-01 
3.0310889132455353e-02 	 6.4916666666666667e-01 
3.1720772546282743e-02 	 6.5187502750574211e-01 
3.2889241727506791e-02 	 6.5469596165026822e-01 
3.3807403920117385e-02 	 6.5760800008807840e-01 
3.4468271355427280e-02 	 6.6058898044832404e-01 
3.4866814433211088e-02 	 6.6361621567049855e-01 
3.4999999999999996e-02 	 6.6666666666666663e-01 
3.4866814433211088e-02 	 6.6971711766283470e-01 
3.4468271355427280e-02 	 6.7274435288500922e-01 
3.3807403920117385e-02 	 6.7572533324525486e-01 
3.2889241727506791e-02 	 6.7863737168306504e-01 
3.1720772546282743e-02 	 6.8145830582759115e-01 
3.0310889132455353e-02 	 6.8416666666666659e-01 
2.8670321550114713e-02 	 6.8674184193895327e-01 
2.6811555509164229e-02 	 6.8916423300569551e-01 
2.4748737341529162e-02 	 6.9141540400819579e-01 
2.2497566339028878e-02 	 6.9347822217583088e-01 
2.0075175272286618e-02 	 6.9533698821678136e-01 
1.7500000000000009e-02 	 6.9697755579912202e-01 
1.4791639160924493e-02 	 6.9838743921294932e-01 
1.1970705016398422e-02 	 6.9955590839417336e-01 
9.0586665785882172e-03 	 7.0047407058678401e-01 
6.0776862183425573e-03 	 7.0113493802209392e-01 
3.0504509961680345e-03 	 7.0153348109987768e-01 
2.1431318985078680e-18 	 7.0166666666666666e-01 
-3.0504509961680301e-03 	 7.0153348109987768e-01 
-6.0776862183425521e-03 	 7.0113493802209392e-01 
-9.0586665785882137e-03 	 7.0047407058678401e-01 
-1.1970705016398388e-02 	 6.9955590839417348e-01 
-1.4791639160924462e-02 	 6.9838743921294943e-01 
-1.7500000000000005e-02 	 6.9697755579912202e-01 
-2.0075175272286614e-02 	 6.9533698821678136e-01 
-2.2497566339028875e-02 	 6.9347822217583088e-01 
-2.4748737341529159e-02 	 6.9141540400819579e-01 
-2.6811555509164225e-02 	 6.8916423300569551e-01 
-2.8670321550114702e-02 	 6.8674184193895327e-01 
-3.0310889132455342e-02 	 6.8416666666666659e-01 
-3.1720772546282736e-02 	 6.8145830582759115e-01 
-3.2889241727506784e-02 	 6.7863737168306504e-01 
-3.3807403920117385e-02 	 6.7572533324525486e-01 
-3.4468271355427280e-02 	 6.7274435288500922e-01 
-3.4866814433211088e-02 	 6.6971711766283470e-01 
-3.6666666666666667e-02 	 6.6666666666666663e-01 
-3.6527138930030671e-02 	 6.6347095609925244e-01 
-3.6109617610447627e-02 	 6.6029956681887914e-01 
-3.5417280297265832e-02 	 6.5717663501290757e-01 
-3.4455396095483308e-02 	 6.5412592807805880e-01 
-3.3231285524677162e-02 	 6.5117066373617427e-01 
-3.1754264805429422e-02 	 6.4833333333333332e-01 
-3.0035574957263025e-02 	 6.4563553066712831e-01 
-2.8088296247695856e-02 	 6.4309778764482683e-01 
-2.5927248643506741e-02 	 6.4073941802315992e-01 
-2.3568879021839777e-02 	 6.3857837041897081e-01 
-2.1031135999538358e-02 	 6.3663109170940357e-01 
-1.8333333333333340e-02 	 6.3491240186123721e-01 
-1.5496002930492308e-02 	 6.3343538114198950e-01 
-1.2540738588607853e-02 	 6.3221127057118331e-01 
-9.4900316537590897e-03 	 6.3124938636940076e-01 
-6.3670998477874446e-03 	 6.3055704905621901e-01 
-3.1957105674141353e-03 	 6.3013952773663595e-01 
2.2451857984368144e-18 	 6.3000000000000000e-01 
3.1957105674141318e-03 	 6.3013952773663595e-01 
6.3670998477874489e-03 	 6.3055704905621901e-01 
9.4900316537590932e-03 	 6.3124938636940076e-01 
1.2540738588607856e-02 	 6.3221127057118331e-01 
1.5496002930492313e-02 	 6.3343538114198950e-01 
1.8333333333333330e-02 	 6.3491240186123721e-01 
2.1031135999538351e-02 	 6.3663109170940357e-01 
2.3568879021839781e-02 	 6.3857837041897081e-01 
2.5927248643506744e-02 	 6.4073941802315992e-01 
2.8088296247695859e-02 	 6.4309778764482683e-01 
3.0035574957263028e-02 	 6.4563553066712831e-01 
3.1754264805429422e-02 	 6.4833333333333332e-01 
3.3231285524677162e-02 	 6.5117066373617427e-01 
3.4455396095483308e-02 	 6.5412592807805880e-01 
3.5417280297265832e-02 	 6.5717663501290757e-01 
3.6109617610447627e-02 	 6.6029956681887914e-01 
3.6527138930030671e-02 	 6.6347095609925255e-01 
3.6666666666666667e-02 	 6.6666666666666663e-01 
3.6527138930030671e-02 	 6.6986237723408071e-01 
3.6109617610447634e-02 	 6.7303376651445412e-01 
3.5417280297265832e-02 	 6.7615669832042569e-01 
3.4455396095483308e-02 	 6.7920740525527445e-01 
3.3231285524677162e-02 	 6.8216266959715899e-01 
3.1754264805429422e-02 	 6.8499999999999994e-01 
3.0035574957263035e-02 	 6.8769780266620495e-01 
2.8088296247695859e-02 	 6.9023554568850642e-01 
2.5927248643506744e-02 	 6.9259391531017334e-01 
2.3568879021839781e-02 	 6.9475496291436245e-01 
2.1031135999538365e-02 	 6.9670224162392969e-01 
1.8333333333333347e-02 	 6.9842093147209605e-01 
1.5496002930492327e-02 	 6.9989795219134376e-01 
1.2540738588607873e-02 	 7.0112206276214994e-01 
9.4900316537590863e-03 	 7.0208394696393250e-01 
6.3670998477874411e-03 	 7.0277628427711425e-01 
3.1957105674141318e-03 	 7.0319380559669731e-01 
2.2451857984368144e-18 	 7.0333333333333325e-01 
-3.1957105674141270e-03 	 7.0319380559669731e-01 
-6.3670998477874359e-03 	 7.0277628427711425e-01 
-9.4900316537590811e-03 	 7.0208394696393250e-01 
-1.2540738588607837e-02 	 7.0112206276214994e-01 
-1.5496002930492294e-02 	 6.9989795219134376e-01 
-1.8333333333333340e-02 	 6.9842093147209605e-01 
-2.1031135999538358e-02 	 6.9670224162392969e-01 
-2.3568879021839777e-02 	 6.9475496291436245e-01 
-2.5927248643506741e-02 	 6.9259391531017334e-01 
-2.8088296247695856e-02 	 6.9023554568850642e-01 
-3.0035574957263025e-02 	 6.8769780266620495e-01 
-3.1754264805429408e-02 	 6.8499999999999994e-01 
-3.3231285524677155e-02 	 6.8216266959715899e-01 
-3.4455396095483301e-02 	 6.7920740525527445e-01 
-3.5417280297265839e-02 	 6.7615669832042569e-01 
-3.6109617610447627e-02 	 6.7303376651445412e-01 
-3.6527138930030671e-02 	 6.6986237723408082e-01 
-3.8333333333333330e-02 	 6.6666666666666663e-01 
-3.8187463426850241e-02 	 6.6332569652800644e-01 
-3.7750963865467974e-02 	 6.6001015318943435e-01 
-3.7027156674414280e-02 	 6.5674526993773663e-01 
-3.6021550463459819e-02 	 6.5355589450584928e-01 
-3.4741798503071575e-02 	 6.5046629996660643e-01 
-3.3197640478403484e-02 	 6.4749999999999996e-01 
-3.1400828364411340e-02 	 6.4467956993987652e-01 
-2.9365036986227486e-02 	 6.4202647496201593e-01 
-2.7105759945484316e-02 	 6.3956090672118227e-01 
-2.4640191704650673e-02 	 6.3730162968043913e-01 
-2.1987096726790101e-02 	 6.3526583830225525e-01 
-1.9166666666666672e-02 	 6.3346902618826317e-01 
-1.6200366700060139e-02 	 6.3192486816359505e-01 
-1.3110772160817300e-02 	 6.3064511620320685e-01 
-9.9213967289299571e-03 	 6.2963950999225238e-01 
-6.6565134772323276e-03 	 6.2891570280119868e-01 
-3.3409701386602321e-03 	 6.2847920323981643e-01 
2.3472396983657600e-18 	 6.2833333333333330e-01 
3.3409701386602282e-03 	 6.2847920323981643e-01 
6.6565134772323320e-03 	 6.2891570280119868e-01 
9.9213967289299605e-03 	 6.2963950999225238e-01 
1.3110772160817304e-02 	 6.3064511620320685e-01 
1.6200366700060143e-02 	 6.3192486816359505e-01 
1.9166666666666662e-02 	 6.3346902618826317e-01 
2.1987096726790091e-02 	 6.3526583830225525e-01 
2.4640191704650677e-02 	 6.3730162968043913e-01 
2.7105759945484323e-02 	 6.3956090672118227e-01 
2.9365036986227489e-02 	 6.4202647496201593e-01 
3.1400828364411347e-02 	 6.4467956993987652e-01 
3.3197640478403484e-02 	 6.4749999999999996e-01 
3.4741798503071575e-02 	 6.5046629996660643e-01 
3.6021550463459819e-02 	 6.5355589450584928e-01 
3.7027156674414280e-02 	 6.5674526993773663e-01 
3.7750963865467974e-02 	 6.6001015318943435e-01 
3.8187463426850241e-02 	 6.6332569652800644e-01 
3.8333333333333330e-02 	 6.6666666666666663e-01 
3.8187463426850241e-02 	 6.7000763680532682e-01 
3.7750963865467974e-02 	 6.7332318014389891e-01 
3.7027156674414280e-02 	 6.7658806339559663e-01 
3.6021550463459819e-02 	 6.7977743882748398e-01 
3.4741798503071575e-02 	 6.8286703336672683e-01 
3.3197640478403484e-02 	 6.8583333333333329e-01 
3.1400828364411354e-02 	 6.8865376339345674e-01 
2.9365036986227489e-02 	 6.9130685837131733e-01 
2.7105759945484323e-02 	 6.9377242661215099e-01 
2.4640191704650677e-02 	 6.9603170365289413e-01 
2.1987096726790105e-02 	 6.9806749503107801e-01 
1.9166666666666679e-02 	 6.9986430714507009e-01 
1.6200366700060160e-02 	 7.0140846516973820e-01 
1.3110772160817321e-02 	 7.0268821713012641e-01 
9.9213967289299518e-03 	 7.0369382334108088e-01 
6.6565134772323250e-03 	 7.0441763053213458e-01 
3.3409701386602282e-03 	 7.0485413009351683e-01 
2.3472396983657600e-18 	 7.0499999999999996e-01 
-3.3409701386602235e-03 	 7.0485413009351683e-01 
-6.6565134772323190e-03 	 7.0441763053213458e-01 
-9.9213967289299484e-03 	 7.0369382334108088e-01 
-1.3110772160817283e-02 	 7.0268821713012641e-01 
-1.6200366700060125e-02 	 7.0140846516973820e-01 
-1.9166666666666672e-02 	 6.9986430714507009e-01 
-2.1987096726790101e-02 	 6.9806749503107801e-01 
-2.4640191704650673e-02 	 6.9603170365289413e-01 
-2.7105759945484316e-02 	 6.9377242661215099e-01 
-2.9365036986227486e-02 	 6.9130685837131733e-01 
-3.1400828364411340e-02 	 6.8865376339345674e-01 
-3.3197640478403470e-02 	 6.8583333333333329e-01 
-3.4741798503071568e-02 	 6.8286703336672683e-01 
-3.6021550463459812e-02 	 6.7977743882748398e-01 
-3.7027156674414280e-02 	 6.7658806339559663e-01 
-3.7750963865467974e-02 	 6.7332318014389891e-01 
-3.8187463426850241e-02 	 6.7000763680532682e-01 
-3.9999999999999994e-02 	 6.6666666666666663e-01 
-3.9847787923669817e-02 	 6.6318043695676032e-01 
-3.9392310120488314e-02 	 6.5972073955998944e-01 
-3.8637033051562721e-02 	 6.5631390486256580e-01 
-3.7587704831436329e-02 	 6.5298586093363986e-01 
-3.6252311481465994e-02 	 6.4976193619703870e-01 
-3.4641016151377546e-02 	 6.4666666666666661e-01 
-3.2766081771559659e-02 	 6.4372360921262473e-01 
-3.0641777724759112e-02 	 6.4095516227920502e-01 
-2.8284271247461894e-02 	 6.3838239541920472e-01 
-2.5711504387461569e-02 	 6.3602488894190756e-01 
-2.2943057454041842e-02 	 6.3390058489510692e-01 
-2.0000000000000007e-02 	 6.3202565051528914e-01 
-1.6904730469627972e-02 	 6.3041435518520061e-01 
-1.3680805733026746e-02 	 6.2907896183523027e-01 
-1.0352761804100824e-02 	 6.2802963361510389e-01 
-6.9459271066772106e-03 	 6.2727435654617836e-01 
-3.4862297099063290e-03 	 6.2681887874299680e-01 
2.4492935982947060e-18 	 6.2666666666666659e-01 
3.4862297099063251e-03 	 6.2681887874299680e-01 
6.9459271066772158e-03 	 6.2727435654617836e-01 
1.0352761804100828e-02 	 6.2802963361510389e-01 
1.3680805733026751e-02 	 6.2907896183523027e-01 
1.6904730469627975e-02 	 6.3041435518520061e-01 
1.9999999999999993e-02 	 6.3202565051528903e-01 
2.2943057454041835e-02 	 6.3390058489510692e-01 
2.5711504387461576e-02 	 6.3602488894190756e-01 
2.8284271247461898e-02 	 6.3838239541920472e-01 
3.0641777724759116e-02 	 6.4095516227920502e-01 
3.2766081771559666e-02 	 6.4372360921262484e-01 
3.4641016151377546e-02 	 6.4666666666666661e-01 
3.6252311481465994e-02 	 6.4976193619703870e-01 
3.7587704831436329e-02 	 6.5298586093363986e-01 
3.8637033051562721e-02 	 6.5631390486256580e-01 
3.9392310120488314e-02 	 6.5972073955998944e-01 
3.9847787923669817e-02 	 6.6318043695676032e-01 
3.9999999999999994e-02 	 6.6666666666666663e-01 
3.9847787923669817e-02 	 6.7015289637657294e-01 
3.9392310120488321e-02 	 6.7361259377334382e-01 
3.8637033051562721e-02 	 6.7701942847076746e-01 
3.7587704831436329e-02 	 6.8034747239969340e-01 
3.6252311481465994e-02 	 6.8357139713629456e-01 
3.4641016151377546e-02 	 6.8666666666666665e-01 
3.2766081771559673e-02 	 6.8960972412070842e-01 
3.0641777724759116e-02 	 6.9237817105412824e-01 
2.8284271247461898e-02 	 6.9495093791412854e-01 
2.5711504387461576e-02 	 6.9730844439142570e-01 
2.2943057454041849e-02 	 6.9943274843822634e-01 
2.0000000000000011e-02 	 7.0130768281804412e-01 
1.6904730469627989e-02 	 7.0291897814813264e-01 
1.3680805733026769e-02 	 7.0425437149810299e-01 
1.0352761804100819e-02 	 7.0530369971822937e-01 
6.9459271066772080e-03 	 7.0605897678715490e-01 
3.4862297099063251e-03 	 7.0651445459033646e-01 
2.4492935982947060e-18 	 7.0666666666666667e-01 
-3.4862297099063199e-03 	 7.0651445459033646e-01 
-6.9459271066772020e-03 	 7.0605897678715490e-01 
-1.0352761804100814e-02 	 7.0530369971822937e-01 
-1.3680805733026729e-02 	 7.0425437149810299e-01 
-1.6904730469627954e-02 	 7.0291897814813264e-01 
-2.0000000000000007e-02 	 7.0130768281804412e-01 
-2.2943057454041842e-02 	 6.9943274843822634e-01 
-2.5711504387461569e-02 	 6.9730844439142570e-01 
-2.8284271247461894e-02 	 6.9495093791412854e-01 
-3.0641777724759112e-02 	 6.9237817105412824e-01 
-3.2766081771559659e-02 	 6.8960972412070853e-01 
-3.4641016151377532e-02 	 6.8666666666666665e-01 
-3.6252311481465981e-02 	 6.8357139713629467e-01 
-3.7587704831436322e-02 	 6.8034747239969340e-01 
-3.8637033051562727e-02 	 6.7701942847076746e-01 
-3.9392310120488314e-02 	 6.7361259377334382e-01 
-3.9847787923669817e-02 	 6.7015289637657294e-01 
-4.1666666666666664e-02 	 6.6666666666666663e-01 
-4.1508112420489393e-02 	 6.6303517738551421e-01 
-4.1033656375508668e-02 	 6.5943132593054454e-01 
-4.0246909428711175e-02 	 6.5588253978739497e-01 
-3.9153859199412847e-02 	 6.5241582736143044e-01 
-3.7762824459860414e-02 	 6.4905757242747086e-01 
-3.6084391824351608e-02 	 6.4583333333333326e-01 
-3.4131335178707978e-02 	 6.4276764848537304e-01 
-3.1918518463290746e-02 	 6.3988384959639411e-01 
-2.9462782549439476e-02 	 6.3720388411722717e-01 
-2.6782817070272472e-02 	 6.3474814820337588e-01 
-2.3899018181293589e-02 	 6.3253533148795860e-01 
-2.0833333333333343e-02 	 6.3058227484231499e-01 
-1.7609094239195804e-02 	 6.2890384220680617e-01 
-1.4250839305236195e-02 	 6.2751280746725380e-01 
-1.0784126879271692e-02 	 6.2641975723795551e-01 
-7.2353407361220954e-03 	 6.2563301029115792e-01 
-3.6314892811524263e-03 	 6.2515855424617728e-01 
2.5513474982236524e-18 	 6.2500000000000000e-01 
3.6314892811524224e-03 	 6.2515855424617728e-01 
7.2353407361221006e-03 	 6.2563301029115792e-01 
1.0784126879271697e-02 	 6.2641975723795551e-01 
1.4250839305236200e-02 	 6.2751280746725380e-01 
1.7609094239195808e-02 	 6.2890384220680617e-01 
2.0833333333333329e-02 	 6.3058227484231499e-01 
2.3899018181293578e-02 	 6.3253533148795860e-01 
2.6782817070272476e-02 	 6.3474814820337588e-01 
2.9462782549439480e-02 	 6.3720388411722717e-01 
3.1918518463290746e-02 	 6.3988384959639411e-01 
3.4131335178707985e-02 	 6.4276764848537304e-01 
3.6084391824351608e-02 	 6.4583333333333326e-01 
3.7762824459860414e-02 	 6.4905757242747086e-01 
3.9153859199412847e-02 	 6.5241582736143044e-01 
4.0246909428711175e-02 	 6.5588253978739497e-01 
4.1033656375508668e-02 	 6.5943132593054454e-01 
4.1508112420489393e-02 	 6.6303517738551421e-01 
4.1666666666666664e-02 	 6.6666666666666663e-01 
4.1508112420489393e-02 	 6.7029815594781905e-01 
4.1033656375508668e-02 	 6.7390200740278872e-01 
4.0246909428711175e-02 	 6.7745079354593829e-01 
3.9153859199412847e-02 	 6.8091750597190281e-01 
3.7762824459860414e-02 	 6.8427576090586240e-01 
3.6084391824351608e-02 	 6.8750000000000000e-01 
3.4131335178707992e-02 	 6.9056568484796022e-01 
3.1918518463290746e-02 	 6.9344948373693915e-01 
2.9462782549439480e-02 	 6.9612944921610609e-01 
2.6782817070272476e-02 	 6.9858518512995738e-01 
2.3899018181293592e-02 	 7.0079800184537466e-01 
2.0833333333333346e-02 	 7.0275105849101827e-01 
1.7609094239195825e-02 	 7.0442949112652709e-01 
1.4250839305236220e-02 	 7.0582052586607946e-01 
1.0784126879271688e-02 	 7.0691357609537775e-01 
7.2353407361220919e-03 	 7.0770032304217534e-01 
3.6314892811524224e-03 	 7.0817477908715598e-01 
2.5513474982236524e-18 	 7.0833333333333326e-01 
-3.6314892811524172e-03 	 7.0817477908715598e-01 
-7.2353407361220867e-03 	 7.0770032304217534e-01 
-1.0784126879271683e-02 	 7.0691357609537786e-01 
-1.4250839305236178e-02 	 7.0582052586607946e-01 
-1.7609094239195787e-02 	 7.0442949112652709e-01 
-2.0833333333333343e-02 	 7.0275105849101827e-01 
-2.3899018181293589e-02 	 7.0079800184537466e-01 
-2.6782817070272472e-02 	 6.9858518512995738e-01 
-2.9462782549439476e-02 	 6.9612944921610609e-01 
-3.1918518463290746e-02 	 6.9344948373693915e-01 
-3.4131335178707978e-02 	 6.9056568484796022e-01 
-3.6084391824351601e-02 	 6.8750000000000000e-01 
-3.7762824459860400e-02 	 6.8427576090586251e-01 
-3.9153859199412840e-02 	 6.8091750597190281e-01 
-4.0246909428711175e-02 	 6.7745079354593829e-01 
-4.1033656375508668e-02 	 6.7390200740278872e-01 
-4.1508112420489393e-02 	 6.7029815594781905e-01 
-4.3333333333333328e-02 	 6.6666666666666663e-01 
-4.3168436917308969e-02 	 6.6288991781426809e-01 
-4.2675002630529008e-02 	 6.5914191230109964e-01 
-4.1856785805859616e-02 	 6.5545117471222403e-01 
-4.0720013567389357e-02 	 6.5184579378922103e-01 
-3.9273337438254827e-02 	 6.4835320865790302e-01 
-3.7527767497325670e-02 	 6.4500000000000002e-01 
-3.5496588585856297e-02 	 6.4181168775812125e-01 
-3.3195259201822369e-02 	 6.3881253691358331e-01 
-3.0641293851417051e-02 	 6.3602537281524962e-01 
-2.7854129753083368e-02 	 6.3347140746484421e-01 
-2.4854978908545329e-02 	 6.3117007808081027e-01 
-2.1666666666666674e-02 	 6.2913889916934096e-01 
-1.8313458008763637e-02 	 6.2739332922841184e-01 
-1.4820872877445643e-02 	 6.2594665309927722e-01 
-1.1215491954442559e-02 	 6.2480988086080702e-01 
-7.5247543655669793e-03 	 6.2399166403613759e-01 
-3.7767488523985232e-03 	 6.2349822974935765e-01 
2.6534013981525984e-18 	 6.2333333333333329e-01 
3.7767488523985189e-03 	 6.2349822974935765e-01 
7.5247543655669836e-03 	 6.2399166403613759e-01 
1.1215491954442564e-02 	 6.2480988086080702e-01 
1.4820872877445648e-02 	 6.2594665309927722e-01 
1.8313458008763640e-02 	 6.2739332922841184e-01 
2.1666666666666660e-02 	 6.2913889916934096e-01 
2.4854978908545322e-02 	 6.3117007808081027e-01 
2.7854129753083375e-02 	 6.3347140746484421e-01 
3.0641293851417058e-02 	 6.3602537281524962e-01 
3.3195259201822376e-02 	 6.3881253691358331e-01 
3.5496588585856303e-02 	 6.4181168775812125e-01 
3.7527767497325670e-02 	 6.4500000000000002e-01 
3.9273337438254827e-02 	 6.4835320865790302e-01 
4.0720013567389357e-02 	 6.5184579378922103e-01 
4.1856785805859616e-02 	 6.5545117471222403e-01 
4.2675002630529008e-02 	 6.5914191230109964e-01 
4.3168436917308969e-02 	 6.6288991781426809e-01 
4.3333333333333328e-02 	 6.6666666666666663e-01 
4.3168436917308969e-02 	 6.7044341551906517e-01 
4.2675002630529014e-02 	 6.7419142103223362e-01 
4.1856785805859616e-02 	 6.7788215862110923e-01 
4.0720013567389357e-02 	 6.8148753954411223e-01 
3.9273337438254827e-02 	 6.8498012467543024e-01 
3.7527767497325670e-02 	 6.8833333333333324e-01 
3.5496588585856310e-02 	 6.9152164557521190e-01 
3.3195259201822376e-02 	 6.9452079641974995e-01 
3.0641293851417058e-02 	 6.9730796051808364e-01 
2.7854129753083375e-02 	 6.9986192586848905e-01 
2.4854978908545336e-02 	 7.0216325525252299e-01 
2.1666666666666678e-02 	 7.0419443416399230e-01 
1.8313458008763658e-02 	 7.0594000410492141e-01 
1.4820872877445667e-02 	 7.0738668023405593e-01 
1.1215491954442554e-02 	 7.0852345247252624e-01 
7.5247543655669749e-03 	 7.0934166929719566e-01 
3.7767488523985189e-03 	 7.0983510358397561e-01 
2.6534013981525984e-18 	 7.0999999999999996e-01 
-3.7767488523985132e-03 	 7.0983510358397561e-01 
-7.5247543655669689e-03 	 7.0934166929719566e-01 
-1.1215491954442550e-02 	 7.0852345247252624e-01 
-1.4820872877445624e-02 	 7.0738668023405604e-01 
-1.8313458008763620e-02 	 7.0594000410492141e-01 
-2.1666666666666674e-02 	 7.0419443416399230e-01 
-2.4854978908545329e-02 	 7.0216325525252299e-01 
-2.7854129753083368e-02 	 6.9986192586848905e-01 
-3.0641293851417051e-02 	 6.9730796051808364e-01 
-3.3195259201822369e-02 	 6.9452079641974995e-01 
-3.5496588585856297e-02 	 6.9152164557521201e-01 
-3.7527767497325663e-02 	 6.8833333333333335e-01 
-3.9273337438254813e-02 	 6.8498012467543024e-01 
-4.0720013567389350e-02 	 6.8148753954411234e-01 
-4.1856785805859623e-02 	 6.7788215862110923e-01 
-4.2675002630529008e-02 	 6.7419142103223362e-01 
-4.3168436917308969e-02 	 6.7044341551906517e-01 
-4.4999999999999998e-02 	 6.6666666666666663e-01 
-4.4828761414128546e-02 	 6.6274465824302198e-01 
-4.4316348885549361e-02 	 6.5885249867165474e-01 
-4.3466662183008070e-02 	 6.5501980963705320e-01 
-4.2286167935365875e-02 	 6.5127576021701150e-01 
-4.0783850416649246e-02 	 6.4764884488833518e-01 
-3.8971143170299739e-02 	 6.4416666666666667e-01 
-3.6861841993004622e-02 	 6.4085572703086957e-01 
-3.4471999940354006e-02 	 6.3774122423077240e-01 
-3.1819805153394637e-02 	 6.3484686151327197e-01 
-2.8925442435894271e-02 	 6.3219466672631264e-01 
-2.5810939635797076e-02 	 6.2980482467366206e-01 
-2.2500000000000010e-02 	 6.2769552349636693e-01 
-1.9017821778331469e-02 	 6.2588281625001740e-01 
-1.5390906449655092e-02 	 6.2438049873130075e-01 
-1.1646857029613428e-02 	 6.2320000448365853e-01 
-7.8141679950118632e-03 	 6.2235031778111727e-01 
-3.9220084236446205e-03 	 6.2183790525253813e-01 
2.7554552980815448e-18 	 6.2166666666666659e-01 
3.9220084236446162e-03 	 6.2183790525253813e-01 
7.8141679950118684e-03 	 6.2235031778111727e-01 
1.1646857029613433e-02 	 6.2320000448365853e-01 
1.5390906449655097e-02 	 6.2438049873130075e-01 
1.9017821778331473e-02 	 6.2588281625001740e-01 
2.2499999999999996e-02 	 6.2769552349636693e-01 
2.5810939635797066e-02 	 6.2980482467366194e-01 
2.8925442435894275e-02 	 6.3219466672631264e-01 
3.1819805153394637e-02 	 6.3484686151327197e-01 
3.4471999940354006e-02 	 6.3774122423077240e-01 
3.6861841993004622e-02 	 6.4085572703086957e-01 
3.8971143170299739e-02 	 6.4416666666666667e-01 
4.0783850416649246e-02 	 6.4764884488833518e-01 
4.2286167935365875e-02 	 6.5127576021701150e-01 
4.3466662183008070e-02 	 6.5501980963705320e-01 
4.4316348885549361e-02 	 6.5885249867165474e-01 
4.4828761414128546e-02 	 6.6274465824302198e-01 
4.4999999999999998e-02 	 6.6666666666666663e-01 
4.4828761414128546e-02 	 6.7058867509031128e-01 
4.4316348885549361e-02 	 6.7448083466167852e-01 
4.3466662183008070e-02 	 6.7831352369628006e-01 
4.2286167935365875e-02 	 6.8205757311632176e-01 
4.0783850416649246e-02 	 6.8568448844499807e-01 
3.8971143170299739e-02 	 6.8916666666666659e-01 
3.6861841993004636e-02 	 6.9247760630246369e-01 
3.4471999940354006e-02 	 6.9559210910256086e-01 
3.1819805153394637e-02 	 6.9848647182006129e-01 
2.8925442435894275e-02 	 7.0113866660702062e-01 
2.5810939635797080e-02 	 7.0352850865967120e-01 
2.2500000000000013e-02 	 7.0563780983696633e-01 
1.9017821778331490e-02 	 7.0745051708331586e-01 
1.5390906449655116e-02 	 7.0895283460203251e-01 
1.1646857029613423e-02 	 7.1013332884967473e-01 
7.8141679950118597e-03 	 7.1098301555221599e-01 
3.9220084236446162e-03 	 7.1149542808079513e-01 
2.7554552980815448e-18 	 7.1166666666666667e-01 
-3.9220084236446101e-03 	 7.1149542808079513e-01 
-7.8141679950118528e-03 	 7.1098301555221599e-01 
-1.1646857029613418e-02 	 7.1013332884967473e-01 
-1.5390906449655071e-02 	 7.0895283460203251e-01 
-1.9017821778331452e-02 	 7.0745051708331586e-01 
-2.2500000000000010e-02 	 7.0563780983696633e-01 
-2.5810939635797076e-02 	 7.0352850865967120e-01 
-2.8925442435894271e-02 	 7.0113866660702062e-01 
-3.1819805153394637e-02 	 6.9848647182006129e-01 
-3.4471999940354006e-02 	 6.9559210910256086e-01 
-3.6861841993004622e-02 	 6.9247760630246369e-01 
-3.8971143170299732e-02 	 6.8916666666666659e-01 
-4.0783850416649232e-02 	 6.8568448844499807e-01 
-4.2286167935365868e-02 	 6.8205757311632176e-01 
-4.3466662183008070e-02 	 6.7831352369628006e-01 
-4.4316348885549361e-02 	 6.7448083466167852e-01 
-4.4828761414128546e-02 	 6.7058867509031128e-01 
-4.6666666666666662e-02 	 6.6666666666666663e-01 
-4.6489085910948122e-02 	 6.6259939867177586e-01 
-4.5957695140569702e-02 	 6.5856308504220984e-01 
-4.5076538560156511e-02 	 6.5458844456188237e-01 
-4.3852322303342385e-02 	 6.5070572664480208e-01 
-4.2294363395043659e-02 	 6.4694448111876734e-01 
-4.0414518843273801e-02 	 6.4333333333333331e-01 
-3.8227095400152934e-02 	 6.3989976630361778e-01 
-3.5748740678885629e-02 	 6.3666991154796149e-01 
-3.2998316455372212e-02 	 6.3366835021129442e-01 
-2.9996755118705167e-02 	 6.3091792598778096e-01 
-2.6766900363048816e-02 	 6.2843957126651373e-01 
-2.3333333333333341e-02 	 6.2625214782339289e-01 
-1.9722185547899299e-02 	 6.2437230327162296e-01 
-1.5960940021864538e-02 	 6.2281434436332428e-01 
-1.2078222104784295e-02 	 6.2159012810651015e-01 
-8.1035816244567471e-03 	 6.2070897152609694e-01 
-4.0672679948907170e-03 	 6.2017758075571849e-01 
2.8575091980104904e-18 	 6.2000000000000000e-01 
4.0672679948907126e-03 	 6.2017758075571849e-01 
8.1035816244567523e-03 	 6.2070897152609694e-01 
1.2078222104784301e-02 	 6.2159012810651015e-01 
1.5960940021864545e-02 	 6.2281434436332428e-01 
1.9722185547899306e-02 	 6.2437230327162296e-01 
2.3333333333333327e-02 	 6.2625214782339278e-01 
2.6766900363048806e-02 	 6.2843957126651362e-01 
2.9996755118705171e-02 	 6.3091792598778096e-01 
3.2998316455372219e-02 	 6.3366835021129442e-01 
3.5748740678885636e-02 	 6.3666991154796149e-01 
3.8227095400152941e-02 	 6.3989976630361778e-01 
4.0414518843273801e-02 	 6.4333333333333331e-01 
4.2294363395043659e-02 	 6.4694448111876734e-01 
4.3852322303342385e-02 	 6.5070572664480208e-01 
4.5076538560156511e-02 	 6.5458844456188237e-01 
4.5957695140569702e-02 	 6.5856308504220984e-01 
4.6489085910948122e-02 	 6.6259939867177597e-01 
4.6666666666666662e-02 	 6.6666666666666663e-01 
4.6489085910948122e-02 	 6.7073393466155729e-01 
4.5957695140569708e-02 	 6.7477024829112342e-01 
4.5076538560156511e-02 	 6.7874488877145089e-01 
4.3852322303342385e-02 	 6.8262760668853117e-01 
4.2294363395043659e-02 	 6.8638885221456591e-01 
4.0414518843273801e-02 	 6.8999999999999995e-01 
3.8227095400152955e-02 	 6.9343356702971548e-01 
3.5748740678885636e-02 	 6.9666342178537177e-01 
3.2998316455372219e-02 	 6.9966498312203884e-01 
2.9996755118705171e-02 	 7.0241540734555230e-01 
2.6766900363048823e-02 	 7.0489376206681953e-01 
2.3333333333333345e-02 	 7.0708118550994037e-01 
1.9722185547899323e-02 	 7.0896103006171030e-01 
1.5960940021864566e-02 	 7.1051898897000898e-01 
1.2078222104784290e-02 	 7.1174320522682311e-01 
8.1035816244567436e-03 	 7.1262436180723632e-01 
4.0672679948907126e-03 	 7.1315575257761477e-01 
2.8575091980104904e-18 	 7.1333333333333326e-01 
-4.0672679948907066e-03 	 7.1315575257761477e-01 
-8.1035816244567366e-03 	 7.1262436180723632e-01 
-1.2078222104784285e-02 	 7.1174320522682311e-01 
-1.5960940021864517e-02 	 7.1051898897000898e-01 
-1.9722185547899281e-02 	 7.0896103006171030e-01 
-2.3333333333333341e-02 	 7.0708118550994037e-01 
-2.6766900363048816e-02 	 7.0489376206681953e-01 
-2.9996755118705167e-02 	 7.0241540734555230e-01 
-3.2998316455372212e-02 	 6.9966498312203884e-01 
-3.5748740678885629e-02 	 6.9666342178537177e-01 
-3.8227095400152934e-02 	 6.9343356702971548e-01 
-4.0414518843273795e-02 	 6.8999999999999995e-01 
-4.2294363395043652e-02 	 6.8638885221456591e-01 
-4.3852322303342378e-02 	 6.8262760668853117e-01 
-4.5076538560156518e-02 	 6.7874488877145089e-01 
-4.5957695140569702e-02 	 6.7477024829112342e-01 
-4.6489085910948122e-02 	 6.7073393466155740e-01 
-4.8333333333333332e-02 	 6.6666666666666663e-01 
-4.8149410407767698e-02 	 6.6245413910052986e-01 
-4.7599041395590055e-02 	 6.5827367141276505e-01 
-4.6686414937304965e-02 	 6.5415707948671142e-01 
-4.5418476671318903e-02 	 6.5013569307259267e-01 
-4.3804876373438079e-02 	 6.4624011734919951e-01 
-4.1857894516247870e-02 	 6.4249999999999996e-01 
-3.9592348807301260e-02 	 6.3894380557636610e-01 
-3.7025481417417266e-02 	 6.3559859886515058e-01 
-3.4176827757349794e-02 	 6.3248983890931687e-01 
-3.1068067801516070e-02 	 6.2964118524924939e-01 
-2.7722861090300564e-02 	 6.2707431785936540e-01 
-2.4166666666666677e-02 	 6.2480877215041875e-01 
-2.0426549317467135e-02 	 6.2286179029322852e-01 
-1.6530973594073989e-02 	 6.2124818999534770e-01 
-1.2509587179955163e-02 	 6.1998025172936166e-01 
-8.3929952539016309e-03 	 6.1906762527107662e-01 
-4.2125275661368143e-03 	 6.1851725625889897e-01 
2.9595630979394368e-18 	 6.1833333333333329e-01 
4.2125275661368099e-03 	 6.1851725625889897e-01 
8.3929952539016361e-03 	 6.1906762527107662e-01 
1.2509587179955170e-02 	 6.1998025172936166e-01 
1.6530973594073992e-02 	 6.2124818999534770e-01 
2.0426549317467138e-02 	 6.2286179029322852e-01 
2.4166666666666659e-02 	 6.2480877215041875e-01 
2.7722861090300553e-02 	 6.2707431785936540e-01 
3.1068067801516074e-02 	 6.2964118524924939e-01 
3.4176827757349801e-02 	 6.3248983890931687e-01 
3.7025481417417273e-02 	 6.3559859886515058e-01 
3.9592348807301267e-02 	 6.3894380557636610e-01 
4.1857894516247870e-02 	 6.4249999999999996e-01 
4.3804876373438079e-02 	 6.4624011734919951e-01 
4.5418476671318903e-02 	 6.5013569307259267e-01 
4.6686414937304965e-02 	 6.5415707948671142e-01 
4.7599041395590055e-02 	 6.5827367141276494e-01 
4.8149410407767698e-02 	 6.6245413910052986e-01 
4.8333333333333332e-02 	 6.6666666666666663e-01 
4.8149410407767698e-02 	 6.7087919423280340e-01 
4.7599041395590055e-02 	 6.7505966192056821e-01 
4.6686414937304965e-02 	 6.7917625384662184e-01 
4.5418476671318903e-02 	 6.8319764026074059e-01 
4.3804876373438079e-02 	 6.8709321598413375e-01 
4.1857894516247870e-02 	 6.9083333333333330e-01 
3.9592348807301274e-02 	 6.9438952775696716e-01 
3.7025481417417273e-02 	 6.9773473446818268e-01 
3.4176827757349801e-02 	 7.0084349442401639e-01 
3.1068067801516074e-02 	 7.0369214808408387e-01 
2.7722861090300571e-02 	 7.0625901547396785e-01 
2.4166666666666684e-02 	 7.0852456118291451e-01 
2.0426549317467159e-02 	 7.1047154304010474e-01 
1.6530973594074013e-02 	 7.1208514333798556e-01 
1.2509587179955158e-02 	 7.1335308160397159e-01 
8.3929952539016275e-03 	 7.1426570806225664e-01 
4.2125275661368099e-03 	 7.1481607707443429e-01 
2.9595630979394368e-18 	 7.1499999999999997e-01 
-4.2125275661368039e-03 	 7.1481607707443429e-01 
-8.3929952539016205e-03 	 7.1426570806225664e-01 
-1.2509587179955152e-02 	 7.1335308160397159e-01 
-1.6530973594073965e-02 	 7.1208514333798556e-01 
-2.0426549317467114e-02 	 7.1047154304010474e-01 
-2.4166666666666677e-02 	 7.0852456118291451e-01 
-2.7722861090300564e-02 	 7.0625901547396785e-01 
-3.1068067801516070e-02 	 7.0369214808408387e-01 
-3.4176827757349794e-02 	 7.0084349442401639e-01 
-3.7025481417417266e-02 	 6.9773473446818268e-01 
-3.9592348807301260e-02 	 6.9438952775696716e-01 
-4.1857894516247857e-02 	 6.9083333333333330e-01 
-4.3804876373438072e-02 	 6.8709321598413375e-01 
-4.5418476671318896e-02 	 6.8319764026074070e-01 
-4.6686414937304965e-02 	 6.7917625384662184e-01 
-4.7599041395590055e-02 	 6.7505966192056821e-01 
-4.8149410407767698e-02 	 6.7087919423280340e-01 
-4.9999999999999996e-02 	 6.6666666666666663e-01 
-4.9809734904587274e-02 	 6.6230887952928374e-01 
-4.9240387650610395e-02 	 6.5798425778332015e-01 
-4.8296291314453406e-02 	 6.5372571441154059e-01 
-4.6984631039295413e-02 	 6.4956565950038314e-01 
-4.5315389351832491e-02 	 6.4553575357963167e-01 
-4.3301270189221933e-02 	 6.4166666666666661e-01 
-4.0957602214449579e-02 	 6.3798784484911431e-01 
-3.8302222155948890e-02 	 6.3452728618233967e-01 
-3.5355339059327369e-02 	 6.3131132760733921e-01 
-3.2139380484326963e-02 	 6.2836444451071771e-01 
-2.8678821817552307e-02 	 6.2570906445221708e-01 
-2.5000000000000008e-02 	 6.2336539647744471e-01 
-2.1130913087034964e-02 	 6.2135127731483408e-01 
-1.7101007166283433e-02 	 6.1968203562737123e-01 
-1.2940952255126030e-02 	 6.1837037535221318e-01 
-8.6824088833465148e-03 	 6.1742627901605629e-01 
-4.3577871373829116e-03 	 6.1685693176207934e-01 
3.0616169978683828e-18 	 6.1666666666666659e-01 
4.3577871373829064e-03 	 6.1685693176207934e-01 
8.6824088833465200e-03 	 6.1742627901605629e-01 
1.2940952255126035e-02 	 6.1837037535221318e-01 
1.7101007166283440e-02 	 6.1968203562737123e-01 
2.1130913087034971e-02 	 6.2135127731483419e-01 
2.4999999999999991e-02 	 6.2336539647744471e-01 
2.8678821817552293e-02 	 6.2570906445221708e-01 
3.2139380484326970e-02 	 6.2836444451071771e-01 
3.5355339059327376e-02 	 6.3131132760733921e-01 
3.8302222155948897e-02 	 6.3452728618233967e-01 
4.0957602214449579e-02 	 6.3798784484911431e-01 
4.3301270189221933e-02 	 6.4166666666666661e-01 
4.5315389351832491e-02 	 6.4553575357963167e-01 
4.6984631039295413e-02 	 6.4956565950038314e-01 
4.8296291314453406e-02 	 6.5372571441154059e-01 
4.9240387650610395e-02 	 6.5798425778332015e-01 
4.9809734904587274e-02 	 6.6230887952928374e-01 
4.9999999999999996e-02 	 6.6666666666666663e-01 
4.9809734904587274e-02 	 6.7102445380404951e-01 
4.9240387650610402e-02 	 6.7534907555001311e-01 
4.8296291314453406e-02 	 6.7960761892179267e-01 
4.6984631039295413e-02 	 6.8376767383295012e-01 
4.5315389351832491e-02 	 6.8779757975370159e-01 
4.3301270189221933e-02 	 6.9166666666666665e-01 
4.0957602214449593e-02 	 6.9534548848421895e-01 
3.8302222155948897e-02 	 6.9880604715099359e-01 
3.5355339059327376e-02 	 7.0202200572599405e-01 
3.2139380484326970e-02 	 7.0496888882261555e-01 
2.8678821817552311e-02 	 7.0762426888111618e-01 
2.5000000000000015e-02 	 7.0996793685588855e-01 
2.1130913087034988e-02 	 7.1198205601849907e-01 
1.7101007166283461e-02 	 7.1365129770596203e-01 
1.2940952255126025e-02 	 7.1496295798112008e-01 
8.6824088833465096e-03 	 7.1590705431727708e-01 
4.3577871373829064e-03 	 7.1647640157125392e-01 
3.0616169978683828e-18 	 7.1666666666666667e-01 
-4.3577871373829003e-03 	 7.1647640157125392e-01 
-8.6824088833465027e-03 	 7.1590705431727708e-01 
-1.2940952255126020e-02 	 7.1496295798112008e-01 
-1.7101007166283412e-02 	 7.1365129770596203e-01 
-2.1130913087034946e-02 	 7.1198205601849918e-01 
-2.5000000000000008e-02 	 7.0996793685588855e-01 
-2.8678821817552307e-02 	 7.0762426888111618e-01 
-3.2139380484326963e-02 	 7.0496888882261555e-01 
-3.5355339059327369e-02 	 7.0202200572599405e-01 
-3.8302222155948890e-02 	 6.9880604715099359e-01 
-4.0957602214449579e-02 	 6.9534548848421895e-01 
-4.3301270189221919e-02 	 6.9166666666666665e-01 
-4.5315389351832484e-02 	 6.8779757975370159e-01 
-4.6984631039295406e-02 	 6.8376767383295012e-01 
-4.8296291314453413e-02 	 6.7960761892179267e-01 
-4.9240387650610395e-02 	 6.7534907555001311e-01 
-4.9809734904587274e-02 	 6.7102445380404951e-01 
-5.1666666666666666e-02 	 6.6666666666666663e-01 
-5.1470059401406851e-02 	 6.6216361995803763e-01 
-5.0881733905630749e-02 	 6.5769484415387525e-01 
-4.9906167691601853e-02 	 6.5329434933636976e-01 
-4.8550785407271931e-02 	 6.4899562592817372e-01 
-4.6825902330226911e-02 	 6.4483138981006383e-01 
-4.4744645862196002e-02 	 6.4083333333333325e-01 
-4.2322855621597898e-02 	 6.3703188412186251e-01 
-3.9578962894480527e-02 	 6.3345597349952876e-01 
-3.6533850361304951e-02 	 6.3013281630536166e-01 
-3.3210693167137866e-02 	 6.2708770377218614e-01 
-2.9634782544804051e-02 	 6.2434381104506875e-01 
-2.5833333333333344e-02 	 6.2192202080447068e-01 
-2.1835276856602800e-02 	 6.1984076433643975e-01 
-1.7671040738492884e-02 	 6.1811588125939465e-01 
-1.3372317330296899e-02 	 6.1676049897506480e-01 
-8.9718225127913987e-03 	 6.1578493276103585e-01 
-4.5030467086290089e-03 	 6.1519660726525982e-01 
3.1636708977973292e-18 	 6.1499999999999999e-01 
4.5030467086290037e-03 	 6.1519660726525982e-01 
8.9718225127914039e-03 	 6.1578493276103585e-01 
1.3372317330296904e-02 	 6.1676049897506480e-01 
1.7671040738492891e-02 	 6.1811588125939465e-01 
2.1835276856602803e-02 	 6.1984076433643975e-01 
2.5833333333333326e-02 	 6.2192202080447068e-01 
2.9634782544804041e-02 	 6.2434381104506875e-01 
3.3210693167137872e-02 	 6.2708770377218614e-01 
3.6533850361304958e-02 	 6.3013281630536166e-01 
3.9578962894480534e-02 	 6.3345597349952876e-01 
4.2322855621597905e-02 	 6.3703188412186262e-01 
4.4744645862196002e-02 	 6.4083333333333325e-01 
4.6825902330226911e-02 	 6.4483138981006383e-01 
4.8550785407271931e-02 	 6.4899562592817372e-01 
4.9906167691601853e-02 	 6.5329434933636976e-01 
5.0881733905630749e-02 	 6.5769484415387525e-01 
5.1470059401406851e-02 	 6.6216361995803763e-01 
5.1666666666666666e-02 	 6.6666666666666663e-01 
5.1470059401406851e-02 	 6.7116971337529563e-01 
5.0881733905630756e-02 	 6.7563848917945801e-01 
4.9906167691601853e-02 	 6.8003898399696350e-01 
4.8550785407271931e-02 	 6.8433770740515953e-01 
4.6825902330226911e-02 	 6.8850194352326943e-01 
4.4744645862196002e-02 	 6.9250000000000000e-01 
4.2322855621597918e-02 	 6.9630144921147064e-01 
3.9578962894480534e-02 	 6.9987735983380450e-01 
3.6533850361304958e-02 	 7.0320051702797159e-01 
3.3210693167137872e-02 	 7.0624562956114711e-01 
2.9634782544804058e-02 	 7.0898952228826451e-01 
2.5833333333333350e-02 	 7.1141131252886258e-01 
2.1835276856602824e-02 	 7.1349256899689351e-01 
1.7671040738492912e-02 	 7.1521745207393850e-01 
1.3372317330296894e-02 	 7.1657283435826846e-01 
8.9718225127913952e-03 	 7.1754840057229741e-01 
4.5030467086290037e-03 	 7.1813672606807344e-01 
3.1636708977973292e-18 	 7.1833333333333327e-01 
-4.5030467086289976e-03 	 7.1813672606807344e-01 
-8.9718225127913883e-03 	 7.1754840057229741e-01 
-1.3372317330296887e-02 	 7.1657283435826846e-01 
-1.7671040738492860e-02 	 7.1521745207393861e-01 
-2.1835276856602779e-02 	 7.1349256899689351e-01 
-2.5833333333333344e-02 	 7.1141131252886258e-01 
-2.9634782544804051e-02 	 7.0898952228826451e-01 
-3.3210693167137866e-02 	 7.0624562956114711e-01 
-3.6533850361304951e-02 	 7.0320051702797159e-01 
-3.9578962894480527e-02 	 6.9987735983380450e-01 
-4.2322855621597898e-02 	 6.9630144921147075e-01 
-4.4744645862195988e-02 	 6.9250000000000000e-01 
-4.6825902330226904e-02 	 6.8850194352326943e-01 
-4.8550785407271924e-02 	 6.8433770740515953e-01 
-4.9906167691601860e-02 	 6.8003898399696350e-01 
-5.0881733905630749e-02 	 6.7563848917945801e-01 
-5.1470059401406851e-02 	 6.7116971337529563e-01 
-5.3333333333333330e-02 	 6.6666666666666663e-01 
-5.3130383898226427e-02 	 6.6201836038679152e-01 
-5.2523080160651089e-02 	 6.5740543052443035e-01 
-5.1516044068750301e-02 	 6.5286298426119882e-01 
-5.0116939775248441e-02 	 6.4842559235596431e-01 
-4.8336415308621324e-02 	 6.4412702604049599e-01 
-4.6188021535170064e-02 	 6.4000000000000001e-01 
-4.3688109028746216e-02 	 6.3607592339461083e-01 
-4.0855703633012150e-02 	 6.3238466081671785e-01 
-3.7712361663282526e-02 	 6.2895430500338412e-01 
-3.4282005849948761e-02 	 6.2581096303365447e-01 
-3.0590743272055795e-02 	 6.2297855763792043e-01 
-2.6666666666666675e-02 	 6.2047864513149653e-01 
-2.2539640626170629e-02 	 6.1833025135804531e-01 
-1.8241074310702331e-02 	 6.1654972689141818e-01 
-1.3803682405467766e-02 	 6.1515062259791631e-01 
-9.2612361422362826e-03 	 6.1414358650601553e-01 
-4.6483062798751053e-03 	 6.1353628276844019e-01 
3.2657247977262752e-18 	 6.1333333333333329e-01 
4.6483062798751001e-03 	 6.1353628276844019e-01 
9.2612361422362878e-03 	 6.1414358650601553e-01 
1.3803682405467772e-02 	 6.1515062259791631e-01 
1.8241074310702335e-02 	 6.1654972689141818e-01 
2.2539640626170636e-02 	 6.1833025135804531e-01 
2.6666666666666658e-02 	 6.2047864513149653e-01 
3.0590743272055781e-02 	 6.2297855763792043e-01 
3.4282005849948768e-02 	 6.2581096303365447e-01 
3.7712361663282533e-02 	 6.2895430500338412e-01 
4.0855703633012157e-02 	 6.3238466081671785e-01 
4.3688109028746223e-02 	 6.3607592339461083e-01 
4.6188021535170064e-02 	 6.4000000000000001e-01 
4.8336415308621324e-02 	 6.4412702604049599e-01 
5.0116939775248441e-02 	 6.4842559235596431e-01 
5.1516044068750301e-02 	 6.5286298426119882e-01 
5.2523080160651089e-02 	 6.5740543052443035e-01 
5.3130383898226427e-02 	 6.6201836038679152e-01 
5.3333333333333330e-02 	 6.6666666666666663e-01 
5.3130383898226427e-02 	 6.7131497294654174e-01 
5.2523080160651096e-02 	 6.7592790280890291e-01 
5.1516044068750301e-02 	 6.8047034907213444e-01 
5.0116939775248441e-02 	 6.8490774097736895e-01 
4.8336415308621324e-02 	 6.8920630729283727e-01 
4.6188021535170064e-02 	 6.9333333333333325e-01 
4.3688109028746230e-02 	 6.9725740993872243e-01 
4.0855703633012157e-02 	 7.0094867251661541e-01 
3.7712361663282533e-02 	 7.0437902832994914e-01 
3.4282005849948768e-02 	 7.0752237029967879e-01 
3.0590743272055798e-02 	 7.1035477569541283e-01 
2.6666666666666682e-02 	 7.1285468820183673e-01 
2.2539640626170657e-02 	 7.1500308197528795e-01 
1.8241074310702359e-02 	 7.1678360644191508e-01 
1.3803682405467759e-02 	 7.1818271073541695e-01 
9.2612361422362774e-03 	 7.1918974682731773e-01 
4.6483062798751001e-03 	 7.1979705056489307e-01 
3.2657247977262752e-18 	 7.1999999999999997e-01 
-4.6483062798750941e-03 	 7.1979705056489307e-01 
-9.2612361422362705e-03 	 7.1918974682731773e-01 
-1.3803682405467754e-02 	 7.1818271073541695e-01 
-1.8241074310702307e-02 	 7.1678360644191508e-01 
-2.2539640626170608e-02 	 7.1500308197528795e-01 
-2.6666666666666675e-02 	 7.1285468820183673e-01 
-3.0590743272055795e-02 	 7.1035477569541283e-01 
-3.4282005849948761e-02 	 7.0752237029967879e-01 
-3.7712361663282526e-02 	 7.0437902832994914e-01 
-4.0855703633012150e-02 	 7.0094867251661541e-01 
-4.3688109028746216e-02 	 6.9725740993872243e-01 
-4.6188021535170050e-02 	 6.9333333333333336e-01 
-4.8336415308621317e-02 	 6.8920630729283727e-01 
-5.0116939775248434e-02 	 6.8490774097736895e-01 
-5.1516044068750308e-02 	 6.8047034907213444e-01 
-5.2523080160651089e-02 	 6.7592790280890291e-01 
-5.3130383898226427e-02 	 6.7131497294654174e-01 
-5.4999999999999993e-02 	 6.6666666666666663e-01 
-5.4790708395045996e-02 	 6.6187310081554540e-01 
-5.4164426415671436e-02 	 6.5711601689498544e-01 
-5.3125920445898742e-02 	 6.5243161918602799e-01 
-5.1683094143224952e-02 	 6.4785555878375489e-01 
-4.9846928287015743e-02 	 6.4342266227092815e-01 
-4.7631397208144126e-02 	 6.3916666666666666e-01 
-4.5053362435894528e-02 	 6.3511996266735904e-01 
-4.2132444371543780e-02 	 6.3131334813390694e-01 
-3.8890872965260108e-02 	 6.2777579370140657e-01 
-3.5353318532759657e-02 	 6.2453422229512290e-01 
-3.1546703999307535e-02 	 6.2161330423077210e-01 
-2.7500000000000011e-02 	 6.1903526945852250e-01 
-2.3244004395738461e-02 	 6.1681973837965087e-01 
-1.8811107882911775e-02 	 6.1498357252344171e-01 
-1.4235047480638632e-02 	 6.1354074622076793e-01 
-9.5506497716811647e-03 	 6.1250224025099520e-01 
-4.7935658511212027e-03 	 6.1187595827162067e-01 
3.3677786976552208e-18 	 6.1166666666666658e-01 
4.7935658511211966e-03 	 6.1187595827162067e-01 
9.5506497716811717e-03 	 6.1250224025099520e-01 
1.4235047480638639e-02 	 6.1354074622076793e-01 
1.8811107882911782e-02 	 6.1498357252344171e-01 
2.3244004395738465e-02 	 6.1681973837965087e-01 
2.7499999999999990e-02 	 6.1903526945852250e-01 
3.1546703999307521e-02 	 6.2161330423077210e-01 
3.5353318532759664e-02 	 6.2453422229512290e-01 
3.8890872965260115e-02 	 6.2777579370140657e-01 
4.2132444371543787e-02 	 6.3131334813390694e-01 
4.5053362435894535e-02 	 6.3511996266735904e-01 
4.7631397208144126e-02 	 6.3916666666666666e-01 
4.9846928287015743e-02 	 6.4342266227092815e-01 
5.1683094143224952e-02 	 6.4785555878375489e-01 
5.3125920445898742e-02 	 6.5243161918602799e-01 
5.4164426415671436e-02 	 6.5711601689498544e-01 
5.4790708395045996e-02 	 6.6187310081554540e-01 
5.4999999999999993e-02 	 6.6666666666666663e-01 
5.4790708395045996e-02 	 6.7146023251778786e-01 
5.4164426415671443e-02 	 6.7621731643834782e-01 
5.3125920445898742e-02 	 6.8090171414730527e-01 
5.1683094143224952e-02 	 6.8547777454957837e-01 
4.9846928287015743e-02 	 6.8991067106240511e-01 
4.7631397208144126e-02 	 6.9416666666666660e-01 
4.5053362435894549e-02 	 6.9821337066597411e-01 
4.2132444371543787e-02 	 7.0201998519942632e-01 
3.8890872965260115e-02 	 7.0555753963192669e-01 
3.5353318532759664e-02 	 7.0879911103821036e-01 
3.1546703999307542e-02 	 7.1172002910256116e-01 
2.7500000000000014e-02 	 7.1429806387481076e-01 
2.3244004395738489e-02 	 7.1651359495368239e-01 
1.8811107882911807e-02 	 7.1834976080989155e-01 
1.4235047480638627e-02 	 7.1979258711256533e-01 
9.5506497716811613e-03 	 7.2083109308233806e-01 
4.7935658511211966e-03 	 7.2145737506171259e-01 
3.3677786976552208e-18 	 7.2166666666666668e-01 
-4.7935658511211905e-03 	 7.2145737506171259e-01 
-9.5506497716811526e-03 	 7.2083109308233806e-01 
-1.4235047480638620e-02 	 7.1979258711256544e-01 
-1.8811107882911751e-02 	 7.1834976080989155e-01 
-2.3244004395738441e-02 	 7.1651359495368239e-01 
-2.7500000000000011e-02 	 7.1429806387481076e-01 
-3.1546703999307535e-02 	 7.1172002910256116e-01 
-3.5353318532759657e-02 	 7.0879911103821036e-01 
-3.8890872965260108e-02 	 7.0555753963192669e-01 
-4.2132444371543780e-02 	 7.0201998519942632e-01 
-4.5053362435894528e-02 	 6.9821337066597422e-01 
-4.7631397208144112e-02 	 6.9416666666666660e-01 
-4.9846928287015729e-02 	 6.8991067106240511e-01 
-5.1683094143224945e-02 	 6.8547777454957848e-01 
-5.3125920445898749e-02 	 6.8090171414730527e-01 
-5.4164426415671436e-02 	 6.7621731643834782e-01 
-5.4790708395045996e-02 	 6.7146023251778786e-01 
-5.6666666666666664e-02 	 6.6666666666666663e-01 
-5.6451032891865580e-02 	 6.6172784124429929e-01 
-5.5805772670691783e-02 	 6.5682660326554054e-01 
-5.4735796823047196e-02 	 6.5200025411085716e-01 
-5.3249248511201469e-02 	 6.4728552521154537e-01 
-5.1357441265410163e-02 	 6.4271829850136031e-01 
-4.9074772881118188e-02 	 6.3833333333333331e-01 
-4.6418615843042854e-02 	 6.3416400194010736e-01 
-4.3409185110075410e-02 	 6.3024203545109603e-01 
-4.0069384267237690e-02 	 6.2659728239942891e-01 
-3.6424631215570560e-02 	 6.2325748155659122e-01 
-3.2502664726559279e-02 	 6.2024805082362378e-01 
-2.8333333333333346e-02 	 6.1759189378554846e-01 
-2.3948368165306294e-02 	 6.1530922540125643e-01 
-1.9381141455121226e-02 	 6.1341741815546513e-01 
-1.4666412555809501e-02 	 6.1193086984361944e-01 
-9.8400634011260504e-03 	 6.1086089399597487e-01 
-4.9388254223673000e-03 	 6.1021563377480104e-01 
3.4698325975841672e-18 	 6.0999999999999999e-01 
4.9388254223672939e-03 	 6.1021563377480104e-01 
9.8400634011260556e-03 	 6.1086089399597487e-01 
1.4666412555809508e-02 	 6.1193086984361944e-01 
1.9381141455121233e-02 	 6.1341741815546513e-01 
2.3948368165306301e-02 	 6.1530922540125643e-01 
2.8333333333333325e-02 	 6.1759189378554846e-01 
3.2502664726559265e-02 	 6.2024805082362378e-01 
3.6424631215570567e-02 	 6.2325748155659122e-01 
4.0069384267237697e-02 	 6.2659728239942891e-01 
4.3409185110075417e-02 	 6.3024203545109603e-01 
4.6418615843042861e-02 	 6.3416400194010736e-01 
4.9074772881118188e-02 	 6.3833333333333331e-01 
5.1357441265410163e-02 	 6.4271829850136031e-01 
5.3249248511201469e-02 	 6.4728552521154537e-01 
5.4735796823047196e-02 	 6.5200025411085716e-01 
5.5805772670691783e-02 	 6.5682660326554054e-01 
5.6451032891865580e-02 	 6.6172784124429929e-01 
5.6666666666666664e-02 	 6.6666666666666663e-01 
5.6451032891865580e-02 	 6.7160549208903397e-01 
5.5805772670691790e-02 	 6.7650673006779272e-01 
5.4735796823047196e-02 	 6.8133307922247610e-01 
5.3249248511201469e-02 	 6.8604780812178789e-01 
5.1357441265410163e-02 	 6.9061503483197295e-01 
4.9074772881118188e-02 	 6.9499999999999995e-01 
4.6418615843042875e-02 	 6.9916933139322590e-01 
4.3409185110075417e-02 	 7.0309129788223723e-01 
4.0069384267237697e-02 	 7.0673605093390435e-01 
3.6424631215570567e-02 	 7.1007585177674204e-01 
3.2502664726559286e-02 	 7.1308528250970948e-01 
2.8333333333333349e-02 	 7.1574143954778480e-01 
2.3948368165306322e-02 	 7.1802410793207683e-01 
1.9381141455121258e-02 	 7.1991591517786813e-01 
1.4666412555809496e-02 	 7.2140246348971382e-01 
9.8400634011260452e-03 	 7.2247243933735839e-01 
4.9388254223672939e-03 	 7.2311769955853222e-01 
3.4698325975841672e-18 	 7.2333333333333327e-01 
-4.9388254223672870e-03 	 7.2311769955853222e-01 
-9.8400634011260382e-03 	 7.2247243933735839e-01 
-1.4666412555809489e-02 	 7.2140246348971382e-01 
-1.9381141455121202e-02 	 7.1991591517786813e-01 
-2.3948368165306273e-02 	 7.1802410793207683e-01 
-2.8333333333333346e-02 	 7.1574143954778480e-01 
-3.2502664726559279e-02 	 7.1308528250970948e-01 
-3.6424631215570560e-02 	 7.1007585177674204e-01 
-4.0069384267237690e-02 	 7.0673605093390435e-01 
-4.3409185110075410e-02 	 7.0309129788223723e-01 
-4.6418615843042854e-02 	 6.9916933139322590e-01 
-4.9074772881118181e-02 	 6.9499999999999995e-01 
-5.1357441265410149e-02 	 6.9061503483197295e-01 
-5.3249248511201462e-02 	 6.8604780812178789e-01 
-5.4735796823047203e-02 	 6.8133307922247610e-01 
-5.5805772670691783e-02 	 6.7650673006779272e-01 
-5.6451032891865580e-02 	 6.7160549208903397e-01 
-5.8333333333333327e-02 	 6.6666666666666663e-01 
-5.8111357388685149e-02 	 6.6158258167305328e-01 
-5.7447118925712130e-02 	 6.5653718963609564e-01 
-5.6345673200195637e-02 	 6.5156888903568622e-01 
-5.4815402879177980e-02 	 6.4671549163933595e-01 
-5.2867954243804575e-02 	 6.4201393473179247e-01 
-5.0518148554092250e-02 	 6.3749999999999996e-01 
-4.7783869250191173e-02 	 6.3320804121285557e-01 
-4.4685925848607040e-02 	 6.2917072276828512e-01 
-4.1247895569215265e-02 	 6.2541877109745136e-01 
-3.7495943898381456e-02 	 6.2198074081805954e-01 
-3.3458625453811022e-02 	 6.1888279741647545e-01 
-2.9166666666666678e-02 	 6.1614851811257443e-01 
-2.4652731934874127e-02 	 6.1379871242286210e-01 
-1.9951175027330674e-02 	 6.1185126378748866e-01 
-1.5097777630980368e-02 	 6.1032099346647095e-01 
-1.0129477030570933e-02 	 6.0921954774095455e-01 
-5.0840849936133964e-03 	 6.0855530927798152e-01 
3.5718864975131128e-18 	 6.0833333333333328e-01 
5.0840849936133912e-03 	 6.0855530927798152e-01 
1.0129477030570939e-02 	 6.0921954774095455e-01 
1.5097777630980375e-02 	 6.1032099346647095e-01 
1.9951175027330681e-02 	 6.1185126378748866e-01 
2.4652731934874130e-02 	 6.1379871242286210e-01 
2.9166666666666657e-02 	 6.1614851811257443e-01 
3.3458625453811008e-02 	 6.1888279741647545e-01 
3.7495943898381463e-02 	 6.2198074081805954e-01 
4.1247895569215272e-02 	 6.2541877109745136e-01 
4.4685925848607047e-02 	 6.2917072276828523e-01 
4.7783869250191180e-02 	 6.3320804121285557e-01 
5.0518148554092250e-02 	 6.3749999999999996e-01 
5.2867954243804575e-02 	 6.4201393473179247e-01 
5.4815402879177980e-02 	 6.4671549163933595e-01 
5.6345673200195637e-02 	 6.5156888903568622e-01 
5.7447118925712130e-02 	 6.5653718963609564e-01 
5.8111357388685149e-02 	 6.6158258167305328e-01 
5.8333333333333327e-02 	 6.6666666666666663e-01 
5.8111357388685149e-02 	 6.7175075166027998e-01 
5.7447118925712137e-02 	 6.7679614369723751e-01 
5.6345673200195637e-02 	 6.8176444429764704e-01 
5.4815402879177980e-02 	 6.8661784169399731e-01 
5.2867954243804575e-02 	 6.9131939860154079e-01 
5.0518148554092250e-02 	 6.9583333333333330e-01 
4.7783869250191187e-02 	 7.0012529212047758e-01 
4.4685925848607047e-02 	 7.0416261056504803e-01 
4.1247895569215272e-02 	 7.0791456223588189e-01 
3.7495943898381463e-02 	 7.1135259251527372e-01 
3.3458625453811029e-02 	 7.1445053591685781e-01 
2.9166666666666684e-02 	 7.1718481522075883e-01 
2.4652731934874154e-02 	 7.1953462091047116e-01 
1.9951175027330705e-02 	 7.2148206954584460e-01 
1.5097777630980361e-02 	 7.2301233986686231e-01 
1.0129477030570929e-02 	 7.2411378559237871e-01 
5.0840849936133912e-03 	 7.2477802405535174e-01 
3.5718864975131128e-18 	 7.2499999999999998e-01 
-5.0840849936133834e-03 	 7.2477802405535174e-01 
-1.0129477030570920e-02 	 7.2411378559237871e-01 
-1.5097777630980356e-02 	 7.2301233986686231e-01 
-1.9951175027330646e-02 	 7.2148206954584460e-01 
-2.4652731934874102e-02 	 7.1953462091047127e-01 
-2.9166666666666678e-02 	 7.1718481522075883e-01 
-3.3458625453811022e-02 	 7.1445053591685781e-01 
-3.7495943898381456e-02 	 7.1135259251527372e-01 
-4.1247895569215265e-02 	 7.0791456223588189e-01 
-4.4685925848607040e-02 	 7.0416261056504814e-01 
-4.7783869250191173e-02 	 7.0012529212047769e-01 
-5.0518148554092243e-02 	 6.9583333333333330e-01 
-5.2867954243804562e-02 	 6.9131939860154079e-01 
-5.4815402879177973e-02 	 6.8661784169399731e-01 
-5.6345673200195644e-02 	 6.8176444429764704e-01 
-5.7447118925712130e-02 	 6.7679614369723762e-01 
-5.8111357388685149e-02 	 6.7175075166027998e-01 
-5.9999999999999998e-02 	 6.6666666666666663e-01 
-5.9771681885504732e-02 	 6.6143732210180717e-01 
-5.9088465180732477e-02 	 6.5624777600665085e-01 
-5.7955549577344091e-02 	 6.5113752396051539e-01 
-5.6381557247154497e-02 	 6.4614545806712653e-01 
-5.4378467222198995e-02 	 6.4130957096222463e-01 
-5.1961524227066319e-02 	 6.3666666666666660e-01 
-4.9149122657339492e-02 	 6.3225208048560388e-01 
-4.5962666587138670e-02 	 6.2809941008547421e-01 
-4.2426406871192847e-02 	 6.2424025979547382e-01 
-3.8567256581192359e-02 	 6.2070400007952797e-01 
-3.4414586181062766e-02 	 6.1751754400932712e-01 
-3.0000000000000013e-02 	 6.1470514243960028e-01 
-2.5357095704441959e-02 	 6.1228819944446766e-01 
-2.0521208599540122e-02 	 6.1028510941951208e-01 
-1.5529142706151237e-02 	 6.0871111708932257e-01 
-1.0418890660015818e-02 	 6.0757820148593411e-01 
-5.2293445648594937e-03 	 6.0689498478116188e-01 
3.6739403974420592e-18 	 6.0666666666666669e-01 
5.2293445648594877e-03 	 6.0689498478116188e-01 
1.0418890660015825e-02 	 6.0757820148593411e-01 
1.5529142706151244e-02 	 6.0871111708932257e-01 
2.0521208599540128e-02 	 6.1028510941951208e-01 
2.5357095704441966e-02 	 6.1228819944446766e-01 
2.9999999999999992e-02 	 6.1470514243960028e-01 
3.4414586181062752e-02 	 6.1751754400932712e-01 
3.8567256581192366e-02 	 6.2070400007952797e-01 
4.2426406871192854e-02 	 6.2424025979547382e-01 
4.5962666587138677e-02 	 6.2809941008547432e-01 
4.9149122657339499e-02 	 6.3225208048560388e-01 
5.1961524227066319e-02 	 6.3666666666666660e-01 
5.4378467222198995e-02 	 6.4130957096222463e-01 
5.6381557247154497e-02 	 6.4614545806712653e-01 
5.7955549577344091e-02 	 6.5113752396051539e-01 
5.9088465180732477e-02 	 6.5624777600665074e-01 
5.9771681885504732e-02 	 6.6143732210180717e-01 
5.9999999999999998e-02 	 6.6666666666666663e-01 
5.9771681885504732e-02 	 6.7189601123152609e-01 
5.9088465180732484e-02 	 6.7708555732668241e-01 
5.7955549577344091e-02 	 6.8219580937281787e-01 
5.6381557247154497e-02 	 6.8718787526620673e-01 
5.4378467222198995e-02 	 6.9202376237110863e-01 
5.1961524227066319e-02 	 6.9666666666666666e-01 
4.9149122657339513e-02 	 7.0108125284772937e-01 
4.5962666587138677e-02 	 7.0523392324785894e-01 
4.2426406871192854e-02 	 7.0909307353785944e-01 
3.8567256581192366e-02 	 7.1262933325380529e-01 
3.4414586181062773e-02 	 7.1581578932400614e-01 
3.0000000000000020e-02 	 7.1862819089373298e-01 
2.5357095704441990e-02 	 7.2104513388886560e-01 
2.0521208599540156e-02 	 7.2304822391382118e-01 
1.5529142706151230e-02 	 7.2462221624401069e-01 
1.0418890660015813e-02 	 7.2575513184739915e-01 
5.2293445648594877e-03 	 7.2643834855217138e-01 
3.6739403974420592e-18 	 7.2666666666666657e-01 
-5.2293445648594807e-03 	 7.2643834855217138e-01 
-1.0418890660015804e-02 	 7.2575513184739915e-01 
-1.5529142706151224e-02 	 7.2462221624401069e-01 
-2.0521208599540094e-02 	 7.2304822391382118e-01 
-2.5357095704441935e-02 	 7.2104513388886560e-01 
-3.0000000000000013e-02 	 7.1862819089373298e-01 
-3.4414586181062766e-02 	 7.1581578932400614e-01 
-3.8567256581192359e-02 	 7.1262933325380529e-01 
-4.2426406871192847e-02 	 7.0909307353785944e-01 
-4.5962666587138670e-02 	 7.0523392324785905e-01 
-4.9149122657339492e-02 	 7.0108125284772937e-01 
-5.1961524227066305e-02 	 6.9666666666666666e-01 
-5.4378467222198981e-02 	 6.9202376237110863e-01 
-5.6381557247154490e-02 	 6.8718787526620684e-01 
-5.7955549577344098e-02 	 6.8219580937281787e-01 
-5.9088465180732477e-02 	 6.7708555732668241e-01 
-5.9771681885504732e-02 	 6.7189601123152609e-01 
-6.1666666666666661e-02 	 6.6666666666666663e-01 
-6.1432006382324301e-02 	 6.6129206253056105e-01 
-6.0729811435752824e-02 	 6.5595836237720595e-01 
-5.9565425954492532e-02 	 6.5070615888534455e-01 
-5.7947711615131008e-02 	 6.4557542449491701e-01 
-5.5888980200593408e-02 	 6.4060520719265679e-01 
-5.3404899900040381e-02 	 6.3583333333333325e-01 
-5.0514376064487811e-02 	 6.3129611975835209e-01 
-4.7239407325670300e-02 	 6.2702809740266341e-01 
-4.3604918173170422e-02 	 6.2306174849349616e-01 
-3.9638569264003255e-02 	 6.1942725934099629e-01 
-3.5370546908314510e-02 	 6.1615229060217880e-01 
-3.0833333333333345e-02 	 6.1326176676662625e-01 
-2.6061459474009788e-02 	 6.1077768646607322e-01 
-2.1091242171749569e-02 	 6.0871895505153562e-01 
-1.5960507781322103e-02 	 6.0710124071217408e-01 
-1.0708304289460700e-02 	 6.0593685523091378e-01 
-5.3746041361055910e-03 	 6.0523466028434236e-01 
3.7759942973710056e-18 	 6.0499999999999998e-01 
5.3746041361055850e-03 	 6.0523466028434236e-01 
1.0708304289460707e-02 	 6.0593685523091378e-01 
1.5960507781322110e-02 	 6.0710124071217408e-01 
2.1091242171749576e-02 	 6.0871895505153562e-01 
2.6061459474009795e-02 	 6.1077768646607322e-01 
3.0833333333333324e-02 	 6.1326176676662625e-01 
3.5370546908314496e-02 	 6.1615229060217880e-01 
3.9638569264003262e-02 	 6.1942725934099629e-01 
4.3604918173170429e-02 	 6.2306174849349616e-01 
4.7239407325670307e-02 	 6.2702809740266341e-01 
5.0514376064487818e-02 	 6.3129611975835209e-01 
5.3404899900040381e-02 	 6.3583333333333336e-01 
5.5888980200593408e-02 	 6.4060520719265679e-01 
5.7947711615131008e-02 	 6.4557542449491701e-01 
5.9565425954492532e-02 	 6.5070615888534455e-01 
6.0729811435752824e-02 	 6.5595836237720595e-01 
6.1432006382324301e-02 	 6.6129206253056105e-01 
6.1666666666666661e-02 	 6.6666666666666663e-01 
6.1432006382324301e-02 	 6.7204127080277221e-01 
6.0729811435752831e-02 	 6.7737497095612731e-01 
5.9565425954492532e-02 	 6.8262717444798870e-01 
5.7947711615131008e-02 	 6.8775790883841625e-01 
5.5888980200593408e-02 	 6.9272812614067647e-01 
5.3404899900040381e-02 	 6.9749999999999990e-01 
5.0514376064487831e-02 	 7.0203721357498117e-01 
4.7239407325670307e-02 	 7.0630523593066985e-01 
4.3604918173170429e-02 	 7.1027158483983710e-01 
3.9638569264003262e-02 	 7.1390607399233696e-01 
3.5370546908314517e-02 	 7.1718104273115446e-01 
3.0833333333333351e-02 	 7.2007156656670701e-01 
2.6061459474009820e-02 	 7.2255564686726004e-01 
2.1091242171749604e-02 	 7.2461437828179764e-01 
1.5960507781322096e-02 	 7.2623209262115918e-01 
1.0708304289460697e-02 	 7.2739647810241947e-01 
5.3746041361055850e-03 	 7.2809867304899090e-01 
3.7759942973710056e-18 	 7.2833333333333328e-01 
-5.3746041361055772e-03 	 7.2809867304899090e-01 
-1.0708304289460688e-02 	 7.2739647810241947e-01 
-1.5960507781322089e-02 	 7.2623209262115918e-01 
-2.1091242171749541e-02 	 7.2461437828179764e-01 
-2.6061459474009764e-02 	 7.2255564686726004e-01 
-3.0833333333333345e-02 	 7.2007156656670701e-01 
-3.5370546908314510e-02 	 7.1718104273115446e-01 
-3.9638569264003255e-02 	 7.1390607399233696e-01 
-4.3604918173170422e-02 	 7.1027158483983710e-01 
-4.7239407325670300e-02 	 7.0630523593066985e-01 
-5.0514376064487811e-02 	 7.0203721357498117e-01 
-5.3404899900040367e-02 	 6.9750000000000001e-01 
-5.5888980200593394e-02 	 6.9272812614067647e-01 
-5.7947711615131001e-02 	 6.8775790883841625e-01 
-5.9565425954492539e-02 	 6.8262717444798870e-01 
-6.0729811435752824e-02 	 6.7737497095612731e-01 
-6.1432006382324301e-02 	 6.7204127080277221e-01 
-6.3333333333333325e-02 	 6.6666666666666663e-01 
-6.3092330879143871e-02 	 6.6114680295931494e-01 
-6.2371157690773164e-02 	 6.5566894874776105e-01 
-6.1175302331640979e-02 	 6.5027479381017361e-01 
-5.9513865983107518e-02 	 6.4500539092270759e-01 
-5.7399493178987820e-02 	 6.3990084342308895e-01 
-5.4848275573014443e-02 	 6.3500000000000001e-01 
-5.1879629471636129e-02 	 6.3034015903110041e-01 
-4.8516148064201930e-02 	 6.2595678471985250e-01 
-4.4783429475147997e-02 	 6.2188323719151861e-01 
-4.0709881946814151e-02 	 6.1815051860246473e-01 
-3.6326507635566253e-02 	 6.1478703719503047e-01 
-3.1666666666666676e-02 	 6.1181839109365221e-01 
-2.6765823243577621e-02 	 6.0926717348767878e-01 
-2.1661275743959017e-02 	 6.0715280068355915e-01 
-1.6391872856492972e-02 	 6.0549136433502559e-01 
-1.0997717918905584e-02 	 6.0429550897589346e-01 
-5.5198637073516875e-03 	 6.0357433578752273e-01 
3.8780481972999512e-18 	 6.0333333333333328e-01 
5.5198637073516814e-03 	 6.0357433578752273e-01 
1.0997717918905591e-02 	 6.0429550897589346e-01 
1.6391872856492979e-02 	 6.0549136433502559e-01 
2.1661275743959024e-02 	 6.0715280068355915e-01 
2.6765823243577628e-02 	 6.0926717348767878e-01 
3.1666666666666655e-02 	 6.1181839109365221e-01 
3.6326507635566239e-02 	 6.1478703719503047e-01 
4.0709881946814158e-02 	 6.1815051860246473e-01 
4.4783429475148004e-02 	 6.2188323719151861e-01 
4.8516148064201937e-02 	 6.2595678471985250e-01 
5.1879629471636136e-02 	 6.3034015903110041e-01 
5.4848275573014443e-02 	 6.3500000000000001e-01 
5.7399493178987820e-02 	 6.3990084342308906e-01 
5.9513865983107518e-02 	 6.4500539092270759e-01 
6.1175302331640979e-02 	 6.5027479381017361e-01 
6.2371157690773164e-02 	 6.5566894874776105e-01 
6.3092330879143871e-02 	 6.6114680295931494e-01 
6.3333333333333325e-02 	 6.6666666666666663e-01 
6.3092330879143871e-02 	 6.7218653037401832e-01 
6.2371157690773171e-02 	 6.7766438458557221e-01 
6.1175302331640979e-02 	 6.8305853952315965e-01 
5.9513865983107518e-02 	 6.8832794241062567e-01 
5.7399493178987820e-02 	 6.9343248991024420e-01 
5.4848275573014443e-02 	 6.9833333333333325e-01 
5.1879629471636150e-02 	 7.0299317430223285e-01 
4.8516148064201937e-02 	 7.0737654861348076e-01 
4.4783429475148004e-02 	 7.1145009614181465e-01 
4.0709881946814158e-02 	 7.1518281473086853e-01 
3.6326507635566260e-02 	 7.1854629613830279e-01 
3.1666666666666683e-02 	 7.2151494223968105e-01 
2.6765823243577652e-02 	 7.2406615984565448e-01 
2.1661275743959051e-02 	 7.2618053264977411e-01 
1.6391872856492965e-02 	 7.2784196899830766e-01 
1.0997717918905579e-02 	 7.2903782435743980e-01 
5.5198637073516814e-03 	 7.2975899754581053e-01 
3.8780481972999512e-18 	 7.2999999999999998e-01 
-5.5198637073516736e-03 	 7.2975899754581053e-01 
-1.0997717918905570e-02 	 7.2903782435743980e-01 
-1.6391872856492958e-02 	 7.2784196899830766e-01 
-2.1661275743958989e-02 	 7.2618053264977411e-01 
-2.6765823243577597e-02 	 7.2406615984565448e-01 
-3.1666666666666676e-02 	 7.2151494223968105e-01 
-3.6326507635566253e-02 	 7.1854629613830279e-01 
-4.0709881946814151e-02 	 7.1518281473086853e-01 
-4.4783429475147997e-02 	 7.1145009614181465e-01 
-4.8516148064201930e-02 	 7.0737654861348076e-01 
-5.1879629471636129e-02 	 7.0299317430223285e-01 
-5.4848275573014429e-02 	 6.9833333333333336e-01 
-5.7399493178987807e-02 	 6.9343248991024431e-01 
-5.9513865983107511e-02 	 6.8832794241062567e-01 
-6.1175302331640986e-02 	 6.8305853952315965e-01 
-6.2371157690773164e-02 	 6.7766438458557221e-01 
-6.3092330879143871e-02 	 6.7218653037401832e-01 
-6.5000000000000002e-02 	 6.6666666666666663e-01 
-6.4752655375963461e-02 	 6.6100154338806882e-01 
-6.4012503945793525e-02 	 6.5537953511831615e-01 
-6.2785178708789441e-02 	 6.4984342873500278e-01 
-6.1080020351084043e-02 	 6.4443535735049817e-01 
-5.8910006157382247e-02 	 6.3919647965352111e-01 
-5.6291651245988519e-02 	 6.3416666666666666e-01 
-5.3244882878784455e-02 	 6.2938419830384862e-01 
-4.9792888802733568e-02 	 6.2488547203704159e-01 
-4.5961940777125586e-02 	 6.2070472588954106e-01 
-4.1781194629625061e-02 	 6.1687377786393305e-01 
-3.7282468362818004e-02 	 6.1342178378788215e-01 
-3.2500000000000015e-02 	 6.1037501542067818e-01 
-2.7470187013145457e-02 	 6.0775666050928434e-01 
-2.2231309316168468e-02 	 6.0558664631558257e-01 
-1.6823237931663841e-02 	 6.0388148795787722e-01 
-1.1287131548350470e-02 	 6.0265416272087313e-01 
-5.6651232785977857e-03 	 6.0191401129070321e-01 
3.9801020972288984e-18 	 6.0166666666666657e-01 
5.6651232785977796e-03 	 6.0191401129070321e-01 
1.1287131548350477e-02 	 6.0265416272087313e-01 
1.6823237931663848e-02 	 6.0388148795787722e-01 
2.2231309316168475e-02 	 6.0558664631558257e-01 
2.7470187013145464e-02 	 6.0775666050928434e-01 
3.2499999999999994e-02 	 6.1037501542067807e-01 
3.7282468362817990e-02 	 6.1342178378788215e-01 
4.1781194629625068e-02 	 6.1687377786393305e-01 
4.5961940777125593e-02 	 6.2070472588954106e-01 
4.9792888802733574e-02 	 6.2488547203704159e-01 
5.3244882878784462e-02 	 6.2938419830384862e-01 
5.6291651245988519e-02 	 6.3416666666666666e-01 
5.8910006157382247e-02 	 6.3919647965352122e-01 
6.1080020351084043e-02 	 6.4443535735049817e-01 
6.2785178708789441e-02 	 6.4984342873500278e-01 
6.4012503945793525e-02 	 6.5537953511831615e-01 
6.4752655375963461e-02 	 6.6100154338806882e-01 
6.5000000000000002e-02 	 6.6666666666666663e-01 
6.4752655375963461e-02 	 6.7233178994526444e-01 
6.4012503945793525e-02 	 6.7795379821501711e-01 
6.2785178708789441e-02 	 6.8348990459833048e-01 
6.1080020351084043e-02 	 6.8889797598283509e-01 
5.8910006157382247e-02 	 6.9413685367981204e-01 
5.6291651245988519e-02 	 6.9916666666666660e-01 
5.3244882878784476e-02 	 7.0394913502948464e-01 
4.9792888802733574e-02 	 7.0844786129629167e-01 
4.5961940777125593e-02 	 7.1262860744379219e-01 
4.1781194629625068e-02 	 7.1645955546940021e-01 
3.7282468362818011e-02 	 7.1991154954545111e-01 
3.2500000000000022e-02 	 7.2295831791265508e-01 
2.7470187013145488e-02 	 7.2557667282404892e-01 
2.2231309316168502e-02 	 7.2774668701775069e-01 
1.6823237931663834e-02 	 7.2945184537545604e-01 
1.1287131548350465e-02 	 7.3067917061246013e-01 
5.6651232785977796e-03 	 7.3141932204263005e-01 
3.9801020972288984e-18 	 7.3166666666666669e-01 
-5.6651232785977709e-03 	 7.3141932204263005e-01 
-1.1287131548350456e-02 	 7.3067917061246013e-01 
-1.6823237931663827e-02 	 7.2945184537545604e-01 
-2.2231309316168440e-02 	 7.2774668701775069e-01 
-2.7470187013145433e-02 	 7.2557667282404892e-01 
-3.2500000000000015e-02 	 7.2295831791265508e-01 
-3.7282468362818004e-02 	 7.1991154954545111e-01 
-4.1781194629625061e-02 	 7.1645955546940021e-01 
-4.5961940777125586e-02 	 7.1262860744379219e-01 
-4.9792888802733568e-02 	 7.0844786129629167e-01 
-5.3244882878784455e-02 	 7.0394913502948464e-01 
-5.6291651245988505e-02 	 6.9916666666666660e-01 
-5.8910006157382233e-02 	 6.9413685367981215e-01 
-6.1080020351084036e-02 	 6.8889797598283509e-01 
-6.2785178708789441e-02 	 6.8348990459833048e-01 
-6.4012503945793525e-02 	 6.7795379821501711e-01 
-6.4752655375963461e-02 	 6.7233178994526444e-01 
-6.6666666666666666e-02 	 6.6666666666666663e-01 
-6.6412979872783037e-02 	 6.6085628381682271e-01 
-6.5653850200813865e-02 	 6.5509012148887125e-01 
-6.4395055085937875e-02 	 6.4941206365983195e-01 
-6.2646174719060560e-02 	 6.4386532377828876e-01 
-6.0420519135776660e-02 	 6.3849211588395338e-01 
-5.7735026918962581e-02 	 6.3333333333333330e-01 
-5.4610136285932774e-02 	 6.2842823757659683e-01 
-5.1069629541265191e-02 	 6.2381415935423068e-01 
-4.7140452079103161e-02 	 6.1952621458756352e-01 
-4.2852507312435957e-02 	 6.1559703712540148e-01 
-3.8238429090069741e-02 	 6.1205653038073382e-01 
-3.3333333333333347e-02 	 6.0893163974770403e-01 
-2.8174550782713290e-02 	 6.0624614753089001e-01 
-2.2801342888377915e-02 	 6.0402049194760610e-01 
-1.7254603006834707e-02 	 6.0227161158072873e-01 
-1.1576545177795354e-02 	 6.0101281646585281e-01 
-5.8103828498438821e-03 	 6.0025368679388358e-01 
4.0821559971578440e-18 	 5.9999999999999998e-01 
5.8103828498438760e-03 	 6.0025368679388358e-01 
1.1576545177795361e-02 	 6.0101281646585281e-01 
1.7254603006834717e-02 	 6.0227161158072873e-01 
2.2801342888377922e-02 	 6.0402049194760610e-01 
2.8174550782713297e-02 	 6.0624614753089001e-01 
3.3333333333333326e-02 	 6.0893163974770403e-01 
3.8238429090069727e-02 	 6.1205653038073382e-01 
4.2852507312435964e-02 	 6.1559703712540148e-01 
4.7140452079103168e-02 	 6.1952621458756352e-01 
5.1069629541265198e-02 	 6.2381415935423068e-01 
5.4610136285932781e-02 	 6.2842823757659683e-01 
5.7735026918962581e-02 	 6.3333333333333330e-01 
6.0420519135776660e-02 	 6.3849211588395338e-01 
6.2646174719060560e-02 	 6.4386532377828876e-01 
6.4395055085937875e-02 	 6.4941206365983195e-01 
6.5653850200813865e-02 	 6.5509012148887125e-01 
6.6412979872783037e-02 	 6.6085628381682271e-01 
6.6666666666666666e-02 	 6.6666666666666663e-01 
6.6412979872783037e-02 	 6.7247704951651055e-01 
6.5653850200813879e-02 	 6.7824321184446201e-01 
6.4395055085937875e-02 	 6.8392126967350131e-01 
6.2646174719060560e-02 	 6.8946800955504450e-01 
6.0420519135776660e-02 	 6.9484121744937988e-01 
5.7735026918962581e-02 	 6.9999999999999996e-01 
5.4610136285932795e-02 	 7.0490509575673632e-01 
5.1069629541265198e-02 	 7.0951917397910258e-01 
4.7140452079103168e-02 	 7.1380711874576974e-01 
4.2852507312435964e-02 	 7.1773629620793178e-01 
3.8238429090069748e-02 	 7.2127680295259944e-01 
3.3333333333333354e-02 	 7.2440169358562922e-01 
2.8174550782713321e-02 	 7.2708718580244325e-01 
2.2801342888377950e-02 	 7.2931284138572716e-01 
1.7254603006834700e-02 	 7.3106172175260453e-01 
1.1576545177795348e-02 	 7.3232051686748045e-01 
5.8103828498438760e-03 	 7.3307964653944968e-01 
4.0821559971578440e-18 	 7.3333333333333328e-01 
-5.8103828498438674e-03 	 7.3307964653944968e-01 
-1.1576545177795338e-02 	 7.3232051686748045e-01 
-1.7254603006834693e-02 	 7.3106172175260453e-01 
-2.2801342888377884e-02 	 7.2931284138572716e-01 
-2.8174550782713262e-02 	 7.2708718580244325e-01 
-3.3333333333333347e-02 	 7.2440169358562922e-01 
-3.8238429090069741e-02 	 7.2127680295259944e-01 
-4.2852507312435957e-02 	 7.1773629620793178e-01 
-4.7140452079103161e-02 	 7.1380711874576974e-01 
-5.1069629541265191e-02 	 7.0951917397910258e-01 
-5.4610136285932774e-02 	 7.0490509575673643e-01 
-5.7735026918962568e-02 	 6.9999999999999996e-01 
-6.0420519135776646e-02 	 6.9484121744937999e-01 
-6.2646174719060546e-02 	 6.8946800955504461e-01 
-6.4395055085937888e-02 	 6.8392126967350131e-01 
-6.5653850200813865e-02 	 6.7824321184446201e-01 
-6.6412979872783037e-02 	 6.7247704951651055e-01 
-6.8333333333333329e-02 	 6.6666666666666663e-01 
-6.8073304369602614e-02 	 6.6071102424557671e-01 
-6.7295196455834205e-02 	 6.5480070785942635e-01 
-6.6004931463086322e-02 	 6.4898069858466101e-01 
-6.4212329087037071e-02 	 6.4329529020607923e-01 
-6.1931032114171072e-02 	 6.3778775211438554e-01 
-5.9178402591936644e-02 	 6.3249999999999995e-01 
-5.5975389693081086e-02 	 6.2747227684934515e-01 
-5.2346370279796821e-02 	 6.2274284667141977e-01 
-4.8318963381080743e-02 	 6.1834770328558586e-01 
-4.3923819995246853e-02 	 6.1432029638686980e-01 
-3.9194389817321484e-02 	 6.1069127697358550e-01 
-3.4166666666666679e-02 	 6.0748826407473000e-01 
-2.8878914552281119e-02 	 6.0473563455249557e-01 
-2.3371376460587359e-02 	 6.0245433757962952e-01 
-1.7685968082005576e-02 	 6.0066173520358035e-01 
-1.1865958807240236e-02 	 5.9937147021083237e-01 
-5.9556424210899794e-03 	 5.9859336229706406e-01 
4.1842098970867896e-18 	 5.9833333333333327e-01 
5.9556424210899725e-03 	 5.9859336229706406e-01 
1.1865958807240245e-02 	 5.9937147021083237e-01 
1.7685968082005583e-02 	 6.0066173520358035e-01 
2.3371376460587370e-02 	 6.0245433757962952e-01 
2.8878914552281126e-02 	 6.0473563455249557e-01 
3.4166666666666658e-02 	 6.0748826407473000e-01 
3.9194389817321471e-02 	 6.1069127697358550e-01 
4.3923819995246860e-02 	 6.1432029638686980e-01 
4.8318963381080750e-02 	 6.1834770328558586e-01 
5.2346370279796828e-02 	 6.2274284667141977e-01 
5.5975389693081093e-02 	 6.2747227684934515e-01 
5.9178402591936644e-02 	 6.3249999999999995e-01 
6.1931032114171072e-02 	 6.3778775211438554e-01 
6.4212329087037071e-02 	 6.4329529020607923e-01 
6.6004931463086322e-02 	 6.4898069858466101e-01 
6.7295196455834205e-02 	 6.5480070785942635e-01 
6.8073304369602614e-02 	 6.6071102424557671e-01 
6.8333333333333329e-02 	 6.6666666666666663e-01 
6.8073304369602614e-02 	 6.7262230908775655e-01 
6.7295196455834219e-02 	 6.7853262547390680e-01 
6.6004931463086322e-02 	 6.8435263474867225e-01 
6.4212329087037071e-02 	 6.9003804312725403e-01 
6.1931032114171072e-02 	 6.9554558121894772e-01 
5.9178402591936644e-02 	 7.0083333333333331e-01 
5.5975389693081114e-02 	 7.0586105648398811e-01 
5.2346370279796828e-02 	 7.1059048666191349e-01 
4.8318963381080750e-02 	 7.1498563004774740e-01 
4.3923819995246860e-02 	 7.1901303694646346e-01 
3.9194389817321491e-02 	 7.2264205635974776e-01 
3.4166666666666685e-02 	 7.2584506925860326e-01 
2.8878914552281153e-02 	 7.2859769878083769e-01 
2.3371376460587397e-02 	 7.3087899575370363e-01 
1.7685968082005569e-02 	 7.3267159812975291e-01 
1.1865958807240231e-02 	 7.3396186312250089e-01 
5.9556424210899725e-03 	 7.3473997103626920e-01 
4.1842098970867896e-18 	 7.3499999999999999e-01 
-5.9556424210899638e-03 	 7.3473997103626920e-01 
-1.1865958807240222e-02 	 7.3396186312250089e-01 
-1.7685968082005558e-02 	 7.3267159812975291e-01 
-2.3371376460587331e-02 	 7.3087899575370374e-01 
-2.8878914552281091e-02 	 7.2859769878083769e-01 
-3.4166666666666679e-02 	 7.2584506925860326e-01 
-3.9194389817321484e-02 	 7.2264205635974776e-01 
-4.3923819995246853e-02 	 7.1901303694646346e-01 
-4.8318963381080743e-02 	 7.1498563004774740e-01 
-5.2346370279796821e-02 	 7.1059048666191349e-01 
-5.5975389693081086e-02 	 7.0586105648398811e-01 
-5.9178402591936630e-02 	 7.0083333333333331e-01 
-6.1931032114171058e-02 	 6.9554558121894783e-01 
-6.4212329087037057e-02 	 6.9003804312725403e-01 
-6.6004931463086336e-02 	 6.8435263474867225e-01 
-6.7295196455834205e-02 	 6.7853262547390691e-01 
-6.8073304369602614e-02 	 6.7262230908775655e-01 
-6.9999999999999993e-02 	 6.6666666666666663e-01 
-6.9733628866422176e-02 	 6.6056576467433059e-01 
-6.8936542710854559e-02 	 6.5451129422998156e-01 
-6.7614807840234770e-02 	 6.4854933350949018e-01 
-6.5778483455013581e-02 	 6.4272525663386981e-01 
-6.3441545092565485e-02 	 6.3708338834481770e-01 
-6.0621778264910706e-02 	 6.3166666666666660e-01 
-5.7340643100229405e-02 	 6.2651631612209335e-01 
-5.3623111018328451e-02 	 6.2167153398860886e-01 
-4.9497474683058318e-02 	 6.1716919198360831e-01 
-4.4995132678057749e-02 	 6.1304355564833812e-01 
-4.0150350544573228e-02 	 6.0932602356643717e-01 
-3.5000000000000010e-02 	 6.0604488840175597e-01 
-2.9583278321848951e-02 	 6.0322512157410113e-01 
-2.3941410032796807e-02 	 6.0088818321165305e-01 
-1.8117333157176441e-02 	 5.9905185882643186e-01 
-1.2155372436685120e-02 	 5.9773012395581204e-01 
-6.1009019923360759e-03 	 5.9693303780024443e-01 
4.2862637970157360e-18 	 5.9666666666666668e-01 
6.1009019923360689e-03 	 5.9693303780024443e-01 
1.2155372436685128e-02 	 5.9773012395581204e-01 
1.8117333157176448e-02 	 5.9905185882643186e-01 
2.3941410032796814e-02 	 6.0088818321165305e-01 
2.9583278321848958e-02 	 6.0322512157410113e-01 
3.4999999999999989e-02 	 6.0604488840175597e-01 
4.0150350544573214e-02 	 6.0932602356643717e-01 
4.4995132678057756e-02 	 6.1304355564833823e-01 
4.9497474683058325e-02 	 6.1716919198360831e-01 
5.3623111018328458e-02 	 6.2167153398860886e-01 
5.7340643100229412e-02 	 6.2651631612209335e-01 
6.0621778264910706e-02 	 6.3166666666666660e-01 
6.3441545092565485e-02 	 6.3708338834481770e-01 
6.5778483455013581e-02 	 6.4272525663386981e-01 
6.7614807840234770e-02 	 6.4854933350949018e-01 
6.8936542710854559e-02 	 6.5451129422998144e-01 
6.9733628866422176e-02 	 6.6056576467433059e-01 
6.9999999999999993e-02 	 6.6666666666666663e-01 
6.9733628866422176e-02 	 6.7276756865900267e-01 
6.8936542710854559e-02 	 6.7882203910335170e-01 
6.7614807840234770e-02 	 6.8478399982384308e-01 
6.5778483455013581e-02 	 6.9060807669946345e-01 
6.3441545092565485e-02 	 6.9624994498851556e-01 
6.0621778264910706e-02 	 7.0166666666666666e-01 
5.7340643100229426e-02 	 7.0681701721123980e-01 
5.3623111018328458e-02 	 7.1166179934472440e-01 
4.9497474683058325e-02 	 7.1616414134972495e-01 
4.4995132678057756e-02 	 7.2028977768499503e-01 
4.0150350544573235e-02 	 7.2400730976689609e-01 
3.5000000000000017e-02 	 7.2728844493157729e-01 
2.9583278321848986e-02 	 7.3010821175923213e-01 
2.3941410032796845e-02 	 7.3244515012168021e-01 
1.8117333157176434e-02 	 7.3428147450690140e-01 
1.2155372436685115e-02 	 7.3560320937752122e-01 
6.1009019923360689e-03 	 7.3640029553308883e-01 
4.2862637970157360e-18 	 7.3666666666666658e-01 
-6.1009019923360603e-03 	 7.3640029553308883e-01 
-1.2155372436685104e-02 	 7.3560320937752122e-01 
-1.8117333157176427e-02 	 7.3428147450690140e-01 
-2.3941410032796775e-02 	 7.3244515012168021e-01 
-2.9583278321848924e-02 	 7.3010821175923213e-01 
-3.5000000000000010e-02 	 7.2728844493157729e-01 
-4.0150350544573228e-02 	 7.2400730976689609e-01 
-4.4995132678057749e-02 	 7.2028977768499514e-01 
-4.9497474683058318e-02 	 7.1616414134972495e-01 
-5.3623111018328451e-02 	 7.1166179934472440e-01 
-5.7340643100229405e-02 	 7.0681701721123991e-01 
-6.0621778264910685e-02 	 7.0166666666666666e-01 
-6.3441545092565471e-02 	 6.9624994498851567e-01 
-6.5778483455013567e-02 	 6.9060807669946345e-01 
-6.7614807840234770e-02 	 6.8478399982384308e-01 
-6.8936542710854559e-02 	 6.7882203910335170e-01 
-6.9733628866422176e-02 	 6.7276756865900267e-01 
-7.1666666666666656e-02 	 6.6666666666666663e-01 
-7.1393953363241752e-02 	 6.6042050510308448e-01 
-7.0577888965874899e-02 	 6.5422188060053665e-01 
-6.9224684217383217e-02 	 6.4811796843431924e-01 
-6.7344637822990092e-02 	 6.4215522306166040e-01 
-6.4952058070959898e-02 	 6.3637902457524986e-01 
-6.2065153937884768e-02 	 6.3083333333333336e-01 
-5.8705896507377724e-02 	 6.2556035539484167e-01 
-5.4899851756860074e-02 	 6.2060022130579795e-01 
-5.0675985985035893e-02 	 6.1599068068163076e-01 
-4.6066445360868645e-02 	 6.1176681490980656e-01 
-4.1106311271824972e-02 	 6.0796077015928884e-01 
-3.5833333333333342e-02 	 6.0460151272878193e-01 
-3.0287642091416780e-02 	 6.0171460859570669e-01 
-2.4511443605006254e-02 	 5.9932202884367658e-01 
-1.8548698232347310e-02 	 5.9744198244928337e-01 
-1.2444786066130004e-02 	 5.9608877770079172e-01 
-6.2461615635821723e-03 	 5.9527271330342491e-01 
4.3883176969446816e-18 	 5.9499999999999997e-01 
6.2461615635821654e-03 	 5.9527271330342491e-01 
1.2444786066130011e-02 	 5.9608877770079172e-01 
1.8548698232347317e-02 	 5.9744198244928337e-01 
2.4511443605006261e-02 	 5.9932202884367658e-01 
3.0287642091416787e-02 	 6.0171460859570669e-01 
3.5833333333333321e-02 	 6.0460151272878182e-01 
4.1106311271824951e-02 	 6.0796077015928884e-01 
4.6066445360868659e-02 	 6.1176681490980656e-01 
5.0675985985035900e-02 	 6.1599068068163076e-01 
5.4899851756860081e-02 	 6.2060022130579795e-01 
5.8705896507377731e-02 	 6.2556035539484167e-01 
6.2065153937884768e-02 	 6.3083333333333336e-01 
6.4952058070959898e-02 	 6.3637902457524986e-01 
6.7344637822990092e-02 	 6.4215522306166040e-01 
6.9224684217383217e-02 	 6.4811796843431935e-01 
7.0577888965874899e-02 	 6.5422188060053665e-01 
7.1393953363241752e-02 	 6.6042050510308448e-01 
7.1666666666666656e-02 	 6.6666666666666663e-01 
7.1393953363241752e-02 	 6.7291282823024878e-01 
7.0577888965874899e-02 	 6.7911145273279661e-01 
6.9224684217383217e-02 	 6.8521536489901391e-01 
6.7344637822990092e-02 	 6.9117811027167286e-01 
6.4952058070959898e-02 	 6.9695430875808340e-01 
6.2065153937884768e-02 	 7.0249999999999990e-01 
5.8705896507377744e-02 	 7.0777297793849159e-01 
5.4899851756860081e-02 	 7.1273311202753531e-01 
5.0675985985035900e-02 	 7.1734265265170249e-01 
4.6066445360868659e-02 	 7.2156651842352670e-01 
4.1106311271824979e-02 	 7.2537256317404442e-01 
3.5833333333333349e-02 	 7.2873182060455133e-01 
3.0287642091416815e-02 	 7.3161872473762657e-01 
2.4511443605006292e-02 	 7.3401130448965668e-01 
1.8548698232347300e-02 	 7.3589135088404989e-01 
1.2444786066129997e-02 	 7.3724455563254154e-01 
6.2461615635821654e-03 	 7.3806062002990835e-01 
4.3883176969446816e-18 	 7.3833333333333329e-01 
-6.2461615635821567e-03 	 7.3806062002990835e-01 
-1.2444786066129988e-02 	 7.3724455563254154e-01 
-1.8548698232347293e-02 	 7.3589135088404989e-01 
-2.4511443605006223e-02 	 7.3401130448965679e-01 
-3.0287642091416753e-02 	 7.3161872473762657e-01 
-3.5833333333333342e-02 	 7.2873182060455133e-01 
-4.1106311271824972e-02 	 7.2537256317404442e-01 
-4.6066445360868645e-02 	 7.2156651842352670e-01 
-5.0675985985035893e-02 	 7.1734265265170249e-01 
-5.4899851756860074e-02 	 7.1273311202753531e-01 
-5.8705896507377724e-02 	 7.0777297793849159e-01 
-6.2065153937884747e-02 	 7.0250000000000001e-01 
-6.4952058070959884e-02 	 6.9695430875808340e-01 
-6.7344637822990078e-02 	 6.9117811027167297e-01 
-6.9224684217383217e-02 	 6.8521536489901391e-01 
-7.0577888965874899e-02 	 6.7911145273279661e-01 
-7.1393953363241752e-02 	 6.7291282823024878e-01 
-7.3333333333333334e-02 	 6.6666666666666663e-01 
-7.3054277860061342e-02 	 6.6027524553183836e-01 
-7.2219235220895253e-02 	 6.5393246697109175e-01 
-7.0834560594531665e-02 	 6.4768660335914841e-01 
-6.8910792190966616e-02 	 6.4158518948945087e-01 
-6.6462571049354324e-02 	 6.3567466080568202e-01 
-6.3508529610858844e-02 	 6.3000000000000000e-01 
-6.0071149914526049e-02 	 6.2460439466758988e-01 
-5.6176592495391711e-02 	 6.1952890862298704e-01 
-5.1854497287013482e-02 	 6.1481216937965311e-01 
-4.7137758043679555e-02 	 6.1049007417127488e-01 
-4.2062271999076715e-02 	 6.0659551675214063e-01 
-3.6666666666666681e-02 	 6.0315813705580779e-01 
-3.0992005860984616e-02 	 6.0020409561731225e-01 
-2.5081477177215705e-02 	 5.9775587447570000e-01 
-1.8980063307518179e-02 	 5.9583210607213499e-01 
-1.2734199695574889e-02 	 5.9444743144577139e-01 
-6.3914211348282705e-03 	 5.9361238880660527e-01 
4.4903715968736288e-18 	 5.9333333333333327e-01 
6.3914211348282636e-03 	 5.9361238880660527e-01 
1.2734199695574898e-02 	 5.9444743144577139e-01 
1.8980063307518186e-02 	 5.9583210607213499e-01 
2.5081477177215712e-02 	 5.9775587447570000e-01 
3.0992005860984627e-02 	 6.0020409561731225e-01 
3.6666666666666660e-02 	 6.0315813705580779e-01 
4.2062271999076702e-02 	 6.0659551675214052e-01 
4.7137758043679562e-02 	 6.1049007417127488e-01 
5.1854497287013489e-02 	 6.1481216937965311e-01 
5.6176592495391718e-02 	 6.1952890862298704e-01 
6.0071149914526056e-02 	 6.2460439466758988e-01 
6.3508529610858844e-02 	 6.3000000000000000e-01 
6.6462571049354324e-02 	 6.3567466080568202e-01 
6.8910792190966616e-02 	 6.4158518948945087e-01 
7.0834560594531665e-02 	 6.4768660335914841e-01 
7.2219235220895253e-02 	 6.5393246697109175e-01 
7.3054277860061342e-02 	 6.6027524553183836e-01 
7.3333333333333334e-02 	 6.6666666666666663e-01 
7.3054277860061342e-02 	 6.7305808780149490e-01 
7.2219235220895267e-02 	 6.7940086636224151e-01 
7.0834560594531665e-02 	 6.8564672997418485e-01 
6.8910792190966616e-02 	 6.9174814384388239e-01 
6.6462571049354324e-02 	 6.9765867252765124e-01 
6.3508529610858844e-02 	 7.0333333333333325e-01 
6.0071149914526070e-02 	 7.0872893866574338e-01 
5.6176592495391718e-02 	 7.1380442471034622e-01 
5.1854497287013489e-02 	 7.1852116395368015e-01 
4.7137758043679562e-02 	 7.2284325916205838e-01 
4.2062271999076729e-02 	 7.2673781658119263e-01 
3.6666666666666695e-02 	 7.3017519627752547e-01 
3.0992005860984655e-02 	 7.3312923771602101e-01 
2.5081477177215747e-02 	 7.3557745885763326e-01 
1.8980063307518173e-02 	 7.3750122726119827e-01 
1.2734199695574882e-02 	 7.3888590188756187e-01 
6.3914211348282636e-03 	 7.3972094452672799e-01 
4.4903715968736288e-18 	 7.3999999999999999e-01 
-6.3914211348282540e-03 	 7.3972094452672799e-01 
-1.2734199695574872e-02 	 7.3888590188756187e-01 
-1.8980063307518162e-02 	 7.3750122726119827e-01 
-2.5081477177215674e-02 	 7.3557745885763326e-01 
-3.0992005860984589e-02 	 7.3312923771602101e-01 
-3.6666666666666681e-02 	 7.3017519627752547e-01 
-4.2062271999076715e-02 	 7.2673781658119263e-01 
-4.7137758043679555e-02 	 7.2284325916205838e-01 
-5.1854497287013482e-02 	 7.1852116395368015e-01 
-5.6176592495391711e-02 	 7.1380442471034622e-01 
-6.0071149914526049e-02 	 7.0872893866574338e-01 
-6.3508529610858816e-02 	 7.0333333333333337e-01 
-6.6462571049354310e-02 	 6.9765867252765124e-01 
-6.8910792190966602e-02 	 6.9174814384388239e-01 
-7.0834560594531679e-02 	 6.8564672997418485e-01 
-7.2219235220895253e-02 	 6.7940086636224151e-01 
-7.3054277860061342e-02 	 6.7305808780149490e-01 
-7.4999999999999997e-02 	 6.6666666666666663e-01 
-7.4714602356880919e-02 	 6.6012998596059225e-01 
-7.3860581475915593e-02 	 6.5364305334164685e-01 
-7.2444436971680112e-02 	 6.4725523828397757e-01 
-7.0476946558943127e-02 	 6.4101515591724145e-01 
-6.7973084027748737e-02 	 6.3497029703611418e-01 
-6.4951905283832906e-02 	 6.2916666666666665e-01 
-6.1436403321674368e-02 	 6.2364843394033820e-01 
-5.7453333233923341e-02 	 6.1845759594017613e-01 
-5.3033008588991057e-02 	 6.1363365807767556e-01 
-4.8209070726490451e-02 	 6.0921333343274331e-01 
-4.3018232726328459e-02 	 6.0523026334499230e-01 
-3.7500000000000012e-02 	 6.0171476138283375e-01 
-3.1696369630552446e-02 	 5.9869358263891792e-01 
-2.5651510749425153e-02 	 5.9618972010772353e-01 
-1.9411428382689045e-02 	 5.9422222969498650e-01 
-1.3023613325019773e-02 	 5.9280608519075106e-01 
-6.5366807060743678e-03 	 5.9195206430978575e-01 
4.5924254968025744e-18 	 5.9166666666666667e-01 
6.5366807060743600e-03 	 5.9195206430978575e-01 
1.3023613325019780e-02 	 5.9280608519075106e-01 
1.9411428382689055e-02 	 5.9422222969498650e-01 
2.5651510749425160e-02 	 5.9618972010772353e-01 
3.1696369630552459e-02 	 5.9869358263891792e-01 
3.7499999999999992e-02 	 6.0171476138283375e-01 
4.3018232726328445e-02 	 6.0523026334499219e-01 
4.8209070726490458e-02 	 6.0921333343274331e-01 
5.3033008588991064e-02 	 6.1363365807767556e-01 
5.7453333233923348e-02 	 6.1845759594017613e-01 
6.1436403321674375e-02 	 6.2364843394033820e-01 
6.4951905283832906e-02 	 6.2916666666666665e-01 
6.7973084027748737e-02 	 6.3497029703611418e-01 
7.0476946558943127e-02 	 6.4101515591724145e-01 
7.2444436971680112e-02 	 6.4725523828397757e-01 
7.3860581475915593e-02 	 6.5364305334164685e-01 
7.4714602356880919e-02 	 6.6012998596059225e-01 
7.4999999999999997e-02 	 6.6666666666666663e-01 
7.4714602356880919e-02 	 6.7320334737274101e-01 
7.3860581475915607e-02 	 6.7969027999168641e-01 
7.2444436971680112e-02 	 6.8607809504935569e-01 
7.0476946558943127e-02 	 6.9231817741609181e-01 
6.7973084027748737e-02 	 6.9836303629721908e-01 
6.4951905283832906e-02 	 7.0416666666666661e-01 
6.1436403321674389e-02 	 7.0968489939299506e-01 
5.7453333233923348e-02 	 7.1487573739315713e-01 
5.3033008588991064e-02 	 7.1969967525565770e-01 
4.8209070726490458e-02 	 7.2411999990058995e-01 
4.3018232726328466e-02 	 7.2810306998834096e-01 
3.7500000000000026e-02 	 7.3161857195049951e-01 
3.1696369630552487e-02 	 7.3463975069441534e-01 
2.5651510749425194e-02 	 7.3714361322560973e-01 
1.9411428382689038e-02 	 7.3911110363834676e-01 
1.3023613325019766e-02 	 7.4052724814258220e-01 
6.5366807060743600e-03 	 7.4138126902354751e-01 
4.5924254968025744e-18 	 7.4166666666666659e-01 
-6.5366807060743505e-03 	 7.4138126902354751e-01 
-1.3023613325019756e-02 	 7.4052724814258220e-01 
-1.9411428382689031e-02 	 7.3911110363834676e-01 
-2.5651510749425118e-02 	 7.3714361322560973e-01 
-3.1696369630552418e-02 	 7.3463975069441534e-01 
-3.7500000000000012e-02 	 7.3161857195049951e-01 
-4.3018232726328459e-02 	 7.2810306998834096e-01 
-4.8209070726490451e-02 	 7.2411999990058995e-01 
-5.3033008588991057e-02 	 7.1969967525565770e-01 
-5.7453333233923341e-02 	 7.1487573739315713e-01 
-6.1436403321674368e-02 	 7.0968489939299506e-01 
-6.4951905283832878e-02 	 7.0416666666666661e-01 
-6.7973084027748723e-02 	 6.9836303629721908e-01 
-7.0476946558943113e-02 	 6.9231817741609181e-01 
-7.2444436971680126e-02 	 6.8607809504935569e-01 
-7.3860581475915593e-02 	 6.7969027999168641e-01 
-7.4714602356880919e-02 	 6.7320334737274101e-01 
-7.6666666666666661e-02 	 6.6666666666666663e-01 
-7.6374926853700481e-02 	 6.5998472638934613e-01 
-7.5501927730935947e-02 	 6.5335363971220195e-01 
-7.4054313348828560e-02 	 6.4682387320880674e-01 
-7.2043100926919637e-02 	 6.4044512234503204e-01 
-6.9483597006143150e-02 	 6.3426593326654634e-01 
-6.6395280956806968e-02 	 6.2833333333333330e-01 
-6.2801656728822680e-02 	 6.2269247321308641e-01 
-5.8730073972454971e-02 	 6.1738628325736533e-01 
-5.4211519890968632e-02 	 6.1245514677569801e-01 
-4.9280383409301347e-02 	 6.0793659269421163e-01 
-4.3974193453580203e-02 	 6.0386500993784398e-01 
-3.8333333333333344e-02 	 6.0027138570985972e-01 
-3.2400733400120278e-02 	 5.9718306966052348e-01 
-2.6221544321634600e-02 	 5.9462356573974695e-01 
-1.9842793457859914e-02 	 5.9261235331783801e-01 
-1.3313026954464655e-02 	 5.9116473893573063e-01 
-6.6819402773204643e-03 	 5.9029173981296612e-01 
4.6944793967315200e-18 	 5.8999999999999997e-01 
6.6819402773204565e-03 	 5.9029173981296612e-01 
1.3313026954464664e-02 	 5.9116473893573063e-01 
1.9842793457859921e-02 	 5.9261235331783801e-01 
2.6221544321634607e-02 	 5.9462356573974695e-01 
3.2400733400120285e-02 	 5.9718306966052348e-01 
3.8333333333333323e-02 	 6.0027138570985961e-01 
4.3974193453580182e-02 	 6.0386500993784398e-01 
4.9280383409301354e-02 	 6.0793659269421163e-01 
5.4211519890968646e-02 	 6.1245514677569801e-01 
5.8730073972454978e-02 	 6.1738628325736533e-01 
6.2801656728822694e-02 	 6.2269247321308641e-01 
6.6395280956806968e-02 	 6.2833333333333330e-01 
6.9483597006143150e-02 	 6.3426593326654634e-01 
7.2043100926919637e-02 	 6.4044512234503204e-01 
7.4054313348828560e-02 	 6.4682387320880674e-01 
7.5501927730935947e-02 	 6.5335363971220195e-01 
7.6374926853700481e-02 	 6.5998472638934613e-01 
7.6666666666666661e-02 	 6.6666666666666663e-01 
7.6374926853700481e-02 	 6.7334860694398713e-01 
7.5501927730935947e-02 	 6.7997969362113131e-01 
7.4054313348828560e-02 	 6.8650946012452652e-01 
7.2043100926919637e-02 	 6.9288821098830122e-01 
6.9483597006143150e-02 	 6.9906740006678691e-01 
6.6395280956806968e-02 	 7.0499999999999996e-01 
6.2801656728822708e-02 	 7.1064086012024685e-01 
5.8730073972454978e-02 	 7.1594705007596793e-01 
5.4211519890968646e-02 	 7.2087818655763525e-01 
4.9280383409301354e-02 	 7.2539674063912163e-01 
4.3974193453580210e-02 	 7.2946832339548928e-01 
3.8333333333333358e-02 	 7.3306194762347354e-01 
3.2400733400120320e-02 	 7.3615026367280978e-01 
2.6221544321634642e-02 	 7.3870976759358631e-01 
1.9842793457859904e-02 	 7.4072098001549525e-01 
1.3313026954464650e-02 	 7.4216859439760263e-01 
6.6819402773204565e-03 	 7.4304159352036714e-01 
4.6944793967315200e-18 	 7.4333333333333329e-01 
-6.6819402773204469e-03 	 7.4304159352036714e-01 
-1.3313026954464638e-02 	 7.4216859439760263e-01 
-1.9842793457859897e-02 	 7.4072098001549525e-01 
-2.6221544321634566e-02 	 7.3870976759358631e-01 
-3.2400733400120250e-02 	 7.3615026367280978e-01 
-3.8333333333333344e-02 	 7.3306194762347354e-01 
-4.3974193453580203e-02 	 7.2946832339548928e-01 
-4.9280383409301347e-02 	 7.2539674063912163e-01 
-5.4211519890968632e-02 	 7.2087818655763525e-01 
-5.8730073972454971e-02 	 7.1594705007596793e-01 
-6.2801656728822680e-02 	 7.1064086012024685e-01 
-6.6395280956806940e-02 	 7.0499999999999996e-01 
-6.9483597006143136e-02 	 6.9906740006678691e-01 
-7.2043100926919623e-02 	 6.9288821098830122e-01 
-7.4054313348828560e-02 	 6.8650946012452652e-01 
-7.5501927730935947e-02 	 6.7997969362113131e-01 
-7.6374926853700481e-02 	 6.7334860694398713e-01 
-7.8333333333333324e-02 	 6.6666666666666663e-01 
-7.8035251350520057e-02 	 6.5983946681810002e-01 
-7.7143273985956287e-02 	 6.5306422608275705e-01 
-7.5664189725976994e-02 	 6.4639250813363580e-01 
-7.3609255294896148e-02 	 6.3987508877282262e-01 
-7.0994109984537576e-02 	 6.3356156949697851e-01 
-6.7838656629781030e-02 	 6.2749999999999995e-01 
-6.4166910135971006e-02 	 6.2173651248583472e-01 
-6.0006814710986595e-02 	 6.1631497057455442e-01 
-5.5390031192946214e-02 	 6.1127663547372046e-01 
-5.0351696092112243e-02 	 6.0665985195568006e-01 
-4.4930154180831947e-02 	 6.0249975653069565e-01 
-3.9166666666666683e-02 	 5.9882801003688568e-01 
-3.3105097169688111e-02 	 5.9567255668212904e-01 
-2.6791577893844044e-02 	 5.9305741137177048e-01 
-2.0274158533030780e-02 	 5.9100247694068964e-01 
-1.3602440583909539e-02 	 5.8952339268071030e-01 
-6.8271998485665607e-03 	 5.8863141531614660e-01 
4.7965332966604664e-18 	 5.8833333333333326e-01 
6.8271998485665538e-03 	 5.8863141531614660e-01 
1.3602440583909548e-02 	 5.8952339268071030e-01 
2.0274158533030790e-02 	 5.9100247694068964e-01 
2.6791577893844055e-02 	 5.9305741137177048e-01 
3.3105097169688118e-02 	 5.9567255668212904e-01 
3.9166666666666655e-02 	 5.9882801003688557e-01 
4.4930154180831926e-02 	 6.0249975653069565e-01 
5.0351696092112250e-02 	 6.0665985195568006e-01 
5.5390031192946221e-02 	 6.1127663547372046e-01 
6.0006814710986602e-02 	 6.1631497057455442e-01 
6.4166910135971006e-02 	 6.2173651248583472e-01 
6.7838656629781030e-02 	 6.2749999999999995e-01 
7.0994109984537576e-02 	 6.3356156949697851e-01 
7.3609255294896148e-02 	 6.3987508877282262e-01 
7.5664189725976994e-02 	 6.4639250813363580e-01 
7.7143273985956287e-02 	 6.5306422608275705e-01 
7.8035251350520057e-02 	 6.5983946681810013e-01 
7.8333333333333324e-02 	 6.6666666666666663e-01 
7.8035251350520057e-02 	 6.7349386651523313e-01 
7.7143273985956301e-02 	 6.8026910725057621e-01 
7.5664189725976994e-02 	 6.8694082519969746e-01 
7.3609255294896148e-02 	 6.9345824456051064e-01 
7.0994109984537576e-02 	 6.9977176383635475e-01 
6.7838656629781030e-02 	 7.0583333333333331e-01 
6.4166910135971020e-02 	 7.1159682084749853e-01 
6.0006814710986602e-02 	 7.1701836275877884e-01 
5.5390031192946221e-02 	 7.2205669785961279e-01 
5.0351696092112250e-02 	 7.2667348137765320e-01 
4.4930154180831954e-02 	 7.3083357680263761e-01 
3.9166666666666690e-02 	 7.3450532329644758e-01 
3.3105097169688152e-02 	 7.3766077665120422e-01 
2.6791577893844089e-02 	 7.4027592196156278e-01 
2.0274158533030773e-02 	 7.4233085639264362e-01 
1.3602440583909532e-02 	 7.4380994065262296e-01 
6.8271998485665538e-03 	 7.4470191801718666e-01 
4.7965332966604664e-18 	 7.4500000000000000e-01 
-6.8271998485665434e-03 	 7.4470191801718666e-01 
-1.3602440583909522e-02 	 7.4380994065262296e-01 
-2.0274158533030762e-02 	 7.4233085639264362e-01 
-2.6791577893844010e-02 	 7.4027592196156278e-01 
-3.3105097169688083e-02 	 7.3766077665120422e-01 
-3.9166666666666683e-02 	 7.3450532329644758e-01 
-4.4930154180831947e-02 	 7.3083357680263761e-01 
-5.0351696092112243e-02 	 7.2667348137765320e-01 
-5.5390031192946214e-02 	 7.2205669785961279e-01 
-6.0006814710986595e-02 	 7.1701836275877884e-01 
-6.4166910135971006e-02 	 7.1159682084749853e-01 
-6.7838656629781002e-02 	 7.0583333333333331e-01 
-7.0994109984537548e-02 	 6.9977176383635475e-01 
-7.3609255294896134e-02 	 6.9345824456051075e-01 
-7.5664189725977007e-02 	 6.8694082519969746e-01 
-7.7143273985956287e-02 	 6.8026910725057621e-01 
-7.8035251350520057e-02 	 6.7349386651523324e-01 
-7.9999999999999988e-02 	 6.6666666666666663e-01 
-7.9695575847339634e-02 	 6.5969420724685401e-01 
-7.8784620240976627e-02 	 6.5277481245331226e-01 
-7.7274066103125441e-02 	 6.4596114305846497e-01 
-7.5175409662872658e-02 	 6.3930505520061309e-01 
-7.2504622962931989e-02 	 6.3285720572741067e-01 
-6.9282032302755092e-02 	 6.2666666666666659e-01 
-6.5532163543119318e-02 	 6.2078055175858293e-01 
-6.1283555449518225e-02 	 6.1524365789174351e-01 
-5.6568542494923789e-02 	 6.1009812417174281e-01 
-5.1423008774923139e-02 	 6.0538311121714838e-01 
-4.5886114908083683e-02 	 6.0113450312354733e-01 
-4.0000000000000015e-02 	 5.9738463436391154e-01 
-3.3809460939255943e-02 	 5.9416204370373460e-01 
-2.7361611466053492e-02 	 5.9149125700379401e-01 
-2.0705523608201649e-02 	 5.8939260056354115e-01 
-1.3891854213354421e-02 	 5.8788204642568997e-01 
-6.9724594198126580e-03 	 5.8697109081932697e-01 
4.8985871965894120e-18 	 5.8666666666666667e-01 
6.9724594198126502e-03 	 5.8697109081932697e-01 
1.3891854213354432e-02 	 5.8788204642568997e-01 
2.0705523608201656e-02 	 5.8939260056354115e-01 
2.7361611466053502e-02 	 5.9149125700379401e-01 
3.3809460939255950e-02 	 5.9416204370373460e-01 
3.9999999999999987e-02 	 5.9738463436391154e-01 
4.5886114908083669e-02 	 6.0113450312354733e-01 
5.1423008774923153e-02 	 6.0538311121714838e-01 
5.6568542494923796e-02 	 6.1009812417174281e-01 
6.1283555449518232e-02 	 6.1524365789174351e-01 
6.5532163543119332e-02 	 6.2078055175858293e-01 
6.9282032302755092e-02 	 6.2666666666666671e-01 
7.2504622962931989e-02 	 6.3285720572741067e-01 
7.5175409662872658e-02 	 6.3930505520061309e-01 
7.7274066103125441e-02 	 6.4596114305846497e-01 
7.8784620240976627e-02 	 6.5277481245331215e-01 
7.9695575847339634e-02 	 6.5969420724685401e-01 
7.9999999999999988e-02 	 6.6666666666666663e-01 
7.9695575847339634e-02 	 6.7363912608647925e-01 
7.8784620240976641e-02 	 6.8055852088002100e-01 
7.7274066103125441e-02 	 6.8737219027486829e-01 
7.5175409662872658e-02 	 6.9402827813272017e-01 
7.2504622962931989e-02 	 7.0047612760592259e-01 
6.9282032302755092e-02 	 7.0666666666666655e-01 
6.5532163543119346e-02 	 7.1255278157475033e-01 
6.1283555449518232e-02 	 7.1808967544158975e-01 
5.6568542494923796e-02 	 7.2323520916159045e-01 
5.1423008774923153e-02 	 7.2795022211618488e-01 
4.5886114908083697e-02 	 7.3219883020978593e-01 
4.0000000000000022e-02 	 7.3594869896942172e-01 
3.3809460939255978e-02 	 7.3917128962959855e-01 
2.7361611466053537e-02 	 7.4184207632953925e-01 
2.0705523608201638e-02 	 7.4394073276979211e-01 
1.3891854213354416e-02 	 7.4545128690764328e-01 
6.9724594198126502e-03 	 7.4636224251400629e-01 
4.8985871965894120e-18 	 7.4666666666666659e-01 
-6.9724594198126398e-03 	 7.4636224251400629e-01 
-1.3891854213354404e-02 	 7.4545128690764328e-01 
-2.0705523608201628e-02 	 7.4394073276979211e-01 
-2.7361611466053457e-02 	 7.4184207632953925e-01 
-3.3809460939255909e-02 	 7.3917128962959866e-01 
-4.0000000000000015e-02 	 7.3594869896942172e-01 
-4.5886114908083683e-02 	 7.3219883020978593e-01 
-5.1423008774923139e-02 	 7.2795022211618488e-01 
-5.6568542494923789e-02 	 7.2323520916159045e-01 
-6.1283555449518225e-02 	 7.1808967544158975e-01 
-6.5532163543119318e-02 	 7.1255278157475033e-01 
-6.9282032302755064e-02 	 7.0666666666666667e-01 
-7.2504622962931961e-02 	 7.0047612760592259e-01 
-7.5175409662872644e-02 	 6.9402827813272017e-01 
-7.7274066103125455e-02 	 6.8737219027486829e-01 
-7.8784620240976627e-02 	 6.8055852088002100e-01 
-7.9695575847339634e-02 	 6.7363912608647925e-01 
-8.1666666666666665e-02 	 6.6666666666666663e-01 
-8.1355900344159224e-02 	 6.5954894767560790e-01 
-8.0425966495996981e-02 	 6.5248539882386736e-01 
-7.8883942480273903e-02 	 6.4552977798329403e-01 
-7.6741564030849183e-02 	 6.3873502162840368e-01 
-7.4015135941326415e-02 	 6.3215284195784283e-01 
-7.0725407975729154e-02 	 6.2583333333333335e-01 
-6.6897416950267644e-02 	 6.1982459103133114e-01 
-6.2560296188049855e-02 	 6.1417234520893260e-01 
-5.7747053796901378e-02 	 6.0891961286976526e-01 
-5.2494321457734049e-02 	 6.0410637047861671e-01 
-4.6842075635335434e-02 	 5.9976924971639900e-01 
-4.0833333333333353e-02 	 5.9594125869093750e-01 
-3.4513824708823776e-02 	 5.9265153072534016e-01 
-2.7931645038262943e-02 	 5.8992510263581743e-01 
-2.1136888683372518e-02 	 5.8778272418639266e-01 
-1.4181267842799309e-02 	 5.8624070017066965e-01 
-7.1177189910587553e-03 	 5.8531076632250745e-01 
5.0006410965183592e-18 	 5.8499999999999996e-01 
7.1177189910587475e-03 	 5.8531076632250745e-01 
1.4181267842799317e-02 	 5.8624070017066965e-01 
2.1136888683372528e-02 	 5.8778272418639266e-01 
2.7931645038262953e-02 	 5.8992510263581743e-01 
3.4513824708823790e-02 	 5.9265153072534016e-01 
4.0833333333333326e-02 	 5.9594125869093750e-01 
4.6842075635335420e-02 	 5.9976924971639900e-01 
5.2494321457734056e-02 	 6.0410637047861682e-01 
5.7747053796901385e-02 	 6.0891961286976526e-01 
6.2560296188049869e-02 	 6.1417234520893260e-01 
6.6897416950267657e-02 	 6.1982459103133114e-01 
7.0725407975729154e-02 	 6.2583333333333335e-01 
7.4015135941326415e-02 	 6.3215284195784283e-01 
7.6741564030849183e-02 	 6.3873502162840368e-01 
7.8883942480273903e-02 	 6.4552977798329414e-01 
8.0425966495996981e-02 	 6.5248539882386725e-01 
8.1355900344159224e-02 	 6.5954894767560790e-01 
8.1666666666666665e-02 	 6.6666666666666663e-01 
8.1355900344159224e-02 	 6.7378438565772536e-01 
8.0425966495996995e-02 	 6.8084793450946590e-01 
7.8883942480273903e-02 	 6.8780355535003912e-01 
7.6741564030849183e-02 	 6.9459831170492958e-01 
7.4015135941326415e-02 	 7.0118049137549043e-01 
7.0725407975729154e-02 	 7.0749999999999991e-01 
6.6897416950267671e-02 	 7.1350874230200201e-01 
6.2560296188049869e-02 	 7.1916098812440066e-01 
5.7747053796901385e-02 	 7.2441372046356800e-01 
5.2494321457734056e-02 	 7.2922696285471644e-01 
4.6842075635335448e-02 	 7.3356408361693426e-01 
4.0833333333333360e-02 	 7.3739207464239576e-01 
3.4513824708823818e-02 	 7.4068180260799299e-01 
2.7931645038262988e-02 	 7.4340823069751583e-01 
2.1136888683372507e-02 	 7.4555060914694060e-01 
1.4181267842799302e-02 	 7.4709263316266361e-01 
7.1177189910587475e-03 	 7.4802256701082581e-01 
5.0006410965183592e-18 	 7.4833333333333329e-01 
-7.1177189910587380e-03 	 7.4802256701082581e-01 
-1.4181267842799290e-02 	 7.4709263316266361e-01 
-2.1136888683372500e-02 	 7.4555060914694060e-01 
-2.7931645038262908e-02 	 7.4340823069751583e-01 
-3.4513824708823748e-02 	 7.4068180260799310e-01 
-4.0833333333333353e-02 	 7.3739207464239576e-01 
-4.6842075635335434e-02 	 7.3356408361693426e-01 
-5.2494321457734049e-02 	 7.2922696285471655e-01 
-5.7747053796901378e-02 	 7.2441372046356800e-01 
-6.2560296188049855e-02 	 7.1916098812440066e-01 
-6.6897416950267644e-02 	 7.1350874230200212e-01 
-7.0725407975729140e-02 	 7.0750000000000002e-01 
-7.4015135941326388e-02 	 7.0118049137549043e-01 
-7.6741564030849169e-02 	 6.9459831170492958e-01 
-7.8883942480273916e-02 	 6.8780355535003912e-01 
-8.0425966495996981e-02 	 6.8084793450946590e-01 
-8.1355900344159224e-02 	 6.7378438565772536e-01 
-8.3333333333333329e-02 	 6.6666666666666663e-01 
-8.3016224840978786e-02 	 6.5940368810436178e-01 
-8.2067312751017335e-02 	 6.5219598519442246e-01 
-8.0493818857422350e-02 	 6.4509841290812320e-01 
-7.8307718398825693e-02 	 6.3816498805619426e-01 
-7.5525648919720828e-02 	 6.3144847818827499e-01 
-7.2168783648703216e-02 	 6.2500000000000000e-01 
-6.8262670357415955e-02 	 6.1886863030407946e-01 
-6.3837036926581492e-02 	 6.1310103252612169e-01 
-5.8925565098878953e-02 	 6.0774110156778771e-01 
-5.3565634140544945e-02 	 6.0282962974008514e-01 
-4.7798036362587178e-02 	 5.9840399630925067e-01 
-4.1666666666666685e-02 	 5.9449788301796347e-01 
-3.5218188478391609e-02 	 5.9114101774694583e-01 
-2.8501678610472390e-02 	 5.8835894826784096e-01 
-2.1568253758543383e-02 	 5.8617284780924428e-01 
-1.4470681472244191e-02 	 5.8459935391564932e-01 
-7.2629785623048526e-03 	 5.8365044182568782e-01 
5.1026949964473048e-18 	 5.8333333333333326e-01 
7.2629785623048448e-03 	 5.8365044182568782e-01 
1.4470681472244201e-02 	 5.8459935391564932e-01 
2.1568253758543394e-02 	 5.8617284780924428e-01 
2.8501678610472401e-02 	 5.8835894826784096e-01 
3.5218188478391615e-02 	 5.9114101774694583e-01 
4.1666666666666657e-02 	 5.9449788301796347e-01 
4.7798036362587157e-02 	 5.9840399630925067e-01 
5.3565634140544952e-02 	 6.0282962974008514e-01 
5.8925565098878960e-02 	 6.0774110156778771e-01 
6.3837036926581492e-02 	 6.1310103252612169e-01 
6.8262670357415969e-02 	 6.1886863030407946e-01 
7.2168783648703216e-02 	 6.2500000000000000e-01 
7.5525648919720828e-02 	 6.3144847818827499e-01 
7.8307718398825693e-02 	 6.3816498805619426e-01 
8.0493818857422350e-02 	 6.4509841290812320e-01 
8.2067312751017335e-02 	 6.5219598519442246e-01 
8.3016224840978786e-02 	 6.5940368810436178e-01 
8.3333333333333329e-02 	 6.6666666666666663e-01 
8.3016224840978786e-02 	 6.7392964522897147e-01 
8.2067312751017335e-02 	 6.8113734813891080e-01 
8.0493818857422350e-02 	 6.8823492042521006e-01 
7.8307718398825693e-02 	 6.9516834527713900e-01 
7.5525648919720828e-02 	 7.0188485514505827e-01 
7.2168783648703216e-02 	 7.0833333333333326e-01 
6.8262670357415983e-02 	 7.1446470302925380e-01 
6.3837036926581492e-02 	 7.2023230080721157e-01 
5.8925565098878960e-02 	 7.2559223176554555e-01 
5.3565634140544952e-02 	 7.3050370359324812e-01 
4.7798036362587185e-02 	 7.3492933702408259e-01 
4.1666666666666692e-02 	 7.3883545031536979e-01 
3.5218188478391650e-02 	 7.4219231558638743e-01 
2.8501678610472439e-02 	 7.4497438506549229e-01 
2.1568253758543376e-02 	 7.4716048552408898e-01 
1.4470681472244184e-02 	 7.4873397941768394e-01 
7.2629785623048448e-03 	 7.4968289150764544e-01 
5.1026949964473048e-18 	 7.5000000000000000e-01 
-7.2629785623048344e-03 	 7.4968289150764544e-01 
-1.4470681472244173e-02 	 7.4873397941768394e-01 
-2.1568253758543366e-02 	 7.4716048552408898e-01 
-2.8501678610472356e-02 	 7.4497438506549229e-01 
-3.5218188478391574e-02 	 7.4219231558638743e-01 
-4.1666666666666685e-02 	 7.3883545031536979e-01 
-4.7798036362587178e-02 	 7.3492933702408259e-01 
-5.3565634140544945e-02 	 7.3050370359324812e-01 
-5.8925565098878953e-02 	 7.2559223176554555e-01 
-6.3837036926581492e-02 	 7.2023230080721157e-01 
-6.8262670357415955e-02 	 7.1446470302925380e-01 
-7.2168783648703203e-02 	 7.0833333333333337e-01 
-7.5525648919720800e-02 	 7.0188485514505827e-01 
-7.8307718398825679e-02 	 6.9516834527713911e-01 
-8.0493818857422350e-02 	 6.8823492042521006e-01 
-8.2067312751017335e-02 	 6.8113734813891080e-01 
-8.3016224840978786e-02 	 6.7392964522897147e-01 
-8.4999999999999992e-02 	 6.6666666666666663e-01 
-8.4676549337798362e-02 	 6.5925842853311567e-01 
-8.3708659006037675e-02 	 6.5190657156497755e-01 
-8.2103695234570784e-02 	 6.4466704783295237e-01 
-7.9873872766802204e-02 	 6.3759495448398473e-01 
-7.7036161898115241e-02 	 6.3074411441870715e-01 
-7.3612159321677278e-02 	 6.2416666666666665e-01 
-6.9627923764564281e-02 	 6.1791266957682767e-01 
-6.5113777665113115e-02 	 6.1202971984331078e-01 
-6.0104076400856528e-02 	 6.0656259026581005e-01 
-5.4636946823355841e-02 	 6.0155288900155346e-01 
-4.8753997089838921e-02 	 5.9703874290210235e-01 
-4.2500000000000017e-02 	 5.9305450734498932e-01 
-3.5922552247959441e-02 	 5.8963050476855139e-01 
-2.9071712182681838e-02 	 5.8679279389986438e-01 
-2.1999618833714252e-02 	 5.8456297143209579e-01 
-1.4760095101689075e-02 	 5.8295800766062900e-01 
-7.4082381335509491e-03 	 5.8199011732886829e-01 
5.2047488963762504e-18 	 5.8166666666666667e-01 
7.4082381335509413e-03 	 5.8199011732886829e-01 
1.4760095101689083e-02 	 5.8295800766062900e-01 
2.1999618833714259e-02 	 5.8456297143209579e-01 
2.9071712182681848e-02 	 5.8679279389986438e-01 
3.5922552247959448e-02 	 5.8963050476855139e-01 
4.2499999999999989e-02 	 5.9305450734498932e-01 
4.8753997089838901e-02 	 5.9703874290210235e-01 
5.4636946823355848e-02 	 6.0155288900155357e-01 
6.0104076400856535e-02 	 6.0656259026581005e-01 
6.5113777665113129e-02 	 6.1202971984331078e-01 
6.9627923764564281e-02 	 6.1791266957682767e-01 
7.3612159321677278e-02 	 6.2416666666666665e-01 
7.7036161898115241e-02 	 6.3074411441870715e-01 
7.9873872766802204e-02 	 6.3759495448398473e-01 
8.2103695234570784e-02 	 6.4466704783295237e-01 
8.3708659006037675e-02 	 6.5190657156497755e-01 
8.4676549337798362e-02 	 6.5925842853311567e-01 
8.4999999999999992e-02 	 6.6666666666666663e-01 
8.4676549337798362e-02 	 6.7407490480021759e-01 
8.3708659006037689e-02 	 6.8142676176835570e-01 
8.2103695234570784e-02 	 6.8866628550038089e-01 
7.9873872766802204e-02 	 6.9573837884934853e-01 
7.7036161898115241e-02 	 7.0258921891462611e-01 
7.3612159321677278e-02 	 7.0916666666666661e-01 
6.9627923764564309e-02 	 7.1542066375650548e-01 
6.5113777665113129e-02 	 7.2130361349002248e-01 
6.0104076400856535e-02 	 7.2677074306752321e-01 
5.4636946823355848e-02 	 7.3178044433177969e-01 
4.8753997089838928e-02 	 7.3629459043123091e-01 
4.2500000000000024e-02 	 7.4027882598834394e-01 
3.5922552247959483e-02 	 7.4370282856478187e-01 
2.9071712182681887e-02 	 7.4654053943346876e-01 
2.1999618833714242e-02 	 7.4877036190123747e-01 
1.4760095101689068e-02 	 7.5037532567270437e-01 
7.4082381335509413e-03 	 7.5134321600446496e-01 
5.2047488963762504e-18 	 7.5166666666666659e-01 
-7.4082381335509300e-03 	 7.5134321600446496e-01 
-1.4760095101689056e-02 	 7.5037532567270437e-01 
-2.1999618833714232e-02 	 7.4877036190123747e-01 
-2.9071712182681800e-02 	 7.4654053943346887e-01 
-3.5922552247959406e-02 	 7.4370282856478187e-01 
-4.2500000000000017e-02 	 7.4027882598834394e-01 
-4.8753997089838921e-02 	 7.3629459043123091e-01 
-5.4636946823355841e-02 	 7.3178044433177980e-01 
-6.0104076400856528e-02 	 7.2677074306752321e-01 
-6.5113777665113115e-02 	 7.2130361349002248e-01 
-6.9627923764564281e-02 	 7.1542066375650559e-01 
-7.3612159321677265e-02 	 7.0916666666666661e-01 
-7.7036161898115213e-02 	 7.0258921891462611e-01 
-7.9873872766802190e-02 	 6.9573837884934853e-01 
-8.2103695234570798e-02 	 6.8866628550038089e-01 
-8.3708659006037675e-02 	 6.8142676176835570e-01 
-8.4676549337798362e-02 	 6.7407490480021759e-01 
-8.6666666666666656e-02 	 6.6666666666666663e-01 
-8.6336873834617939e-02 	 6.5911316896186956e-01 
-8.5350005261058015e-02 	 6.5161715793553265e-01 
-8.3713571611719231e-02 	 6.4423568275778142e-01 
-8.1440027134778714e-02 	 6.3702492091177532e-01 
-7.8546674876509653e-02 	 6.3003975064913931e-01 
-7.5055534994651341e-02 	 6.2333333333333329e-01 
-7.0993177171712593e-02 	 6.1695670884957599e-01 
-6.6390518403644738e-02 	 6.1095840716049987e-01 
-6.1282587702834103e-02 	 6.0538407896383251e-01 
-5.5708259506166737e-02 	 6.0027614826302189e-01 
-4.9709957817090658e-02 	 5.9567348949495402e-01 
-4.3333333333333349e-02 	 5.9161113167201529e-01 
-3.6626916017527274e-02 	 5.8811999179015695e-01 
-2.9641745754891285e-02 	 5.8522663953188792e-01 
-2.2430983908885118e-02 	 5.8295309505494741e-01 
-1.5049508731133959e-02 	 5.8131666140560867e-01 
-7.5534977047970464e-03 	 5.8032979283204866e-01 
5.3068027963051968e-18 	 5.7999999999999996e-01 
7.5534977047970377e-03 	 5.8032979283204866e-01 
1.5049508731133967e-02 	 5.8131666140560867e-01 
2.2430983908885128e-02 	 5.8295309505494741e-01 
2.9641745754891296e-02 	 5.8522663953188792e-01 
3.6626916017527281e-02 	 5.8811999179015695e-01 
4.3333333333333321e-02 	 5.9161113167201529e-01 
4.9709957817090644e-02 	 5.9567348949495402e-01 
5.5708259506166750e-02 	 6.0027614826302189e-01 
6.1282587702834117e-02 	 6.0538407896383251e-01 
6.6390518403644752e-02 	 6.1095840716049987e-01 
7.0993177171712607e-02 	 6.1695670884957599e-01 
7.5055534994651341e-02 	 6.2333333333333329e-01 
7.8546674876509653e-02 	 6.3003975064913931e-01 
8.1440027134778714e-02 	 6.3702492091177532e-01 
8.3713571611719231e-02 	 6.4423568275778154e-01 
8.5350005261058015e-02 	 6.5161715793553265e-01 
8.6336873834617939e-02 	 6.5911316896186956e-01 
8.6666666666666656e-02 	 6.6666666666666663e-01 
8.6336873834617939e-02 	 6.7422016437146370e-01 
8.5350005261058029e-02 	 6.8171617539780061e-01 
8.3713571611719231e-02 	 6.8909765057555172e-01 
8.1440027134778714e-02 	 6.9630841242155794e-01 
7.8546674876509653e-02 	 7.0329358268419395e-01 
7.5055534994651341e-02 	 7.0999999999999996e-01 
7.0993177171712621e-02 	 7.1637662448375727e-01 
6.6390518403644752e-02 	 7.2237492617283339e-01 
6.1282587702834117e-02 	 7.2794925436950075e-01 
5.5708259506166750e-02 	 7.3305718507031137e-01 
4.9709957817090672e-02 	 7.3765984383837924e-01 
4.3333333333333356e-02 	 7.4172220166131797e-01 
3.6626916017527315e-02 	 7.4521334154317631e-01 
2.9641745754891334e-02 	 7.4810669380144534e-01 
2.2430983908885108e-02 	 7.5038023827838585e-01 
1.5049508731133950e-02 	 7.5201667192772470e-01 
7.5534977047970377e-03 	 7.5300354050128460e-01 
5.3068027963051968e-18 	 7.5333333333333330e-01 
-7.5534977047970265e-03 	 7.5300354050128460e-01 
-1.5049508731133938e-02 	 7.5201667192772470e-01 
-2.2430983908885101e-02 	 7.5038023827838585e-01 
-2.9641745754891247e-02 	 7.4810669380144534e-01 
-3.6626916017527239e-02 	 7.4521334154317631e-01 
-4.3333333333333349e-02 	 7.4172220166131797e-01 
-4.9709957817090658e-02 	 7.3765984383837924e-01 
-5.5708259506166737e-02 	 7.3305718507031137e-01 
-6.1282587702834103e-02 	 7.2794925436950075e-01 
-6.6390518403644738e-02 	 7.2237492617283339e-01 
-7.0993177171712593e-02 	 7.1637662448375727e-01 
-7.5055534994651327e-02 	 7.0999999999999996e-01 
-7.8546674876509626e-02 	 7.0329358268419395e-01 
-8.1440027134778700e-02 	 6.9630841242155794e-01 
-8.3713571611719245e-02 	 6.8909765057555172e-01 
-8.5350005261058015e-02 	 6.8171617539780061e-01 
-8.6336873834617939e-02 	 6.7422016437146370e-01 
-8.8333333333333333e-02 	 6.6666666666666663e-01 
-8.7997198331437529e-02 	 6.5896790939062344e-01 
-8.6991351516078369e-02 	 6.5132774430608775e-01 
-8.5323447988867693e-02 	 6.4380431768261059e-01 
-8.3006181502755239e-02 	 6.3645488733956590e-01 
-8.0057187854904080e-02 	 6.2933538687957147e-01 
-7.6498910667625417e-02 	 6.2249999999999994e-01 
-7.2358430578860919e-02 	 6.1600074812232419e-01 
-6.7667259142176375e-02 	 6.0988709447768896e-01 
-6.2461099004811692e-02 	 6.0420556766185496e-01 
-5.6779572188977646e-02 	 5.9899940752449021e-01 
-5.0665918544342409e-02 	 5.9430823608780570e-01 
-4.4166666666666687e-02 	 5.9016775599904125e-01 
-3.7331279787095106e-02 	 5.8660947881176251e-01 
-3.0211779327100736e-02 	 5.8366048516391134e-01 
-2.2862348984055987e-02 	 5.8134321867779892e-01 
-1.5338922360578844e-02 	 5.7967531515058823e-01 
-7.6987572760431437e-03 	 5.7866946833522914e-01 
5.4088566962341432e-18 	 5.7833333333333325e-01 
7.6987572760431359e-03 	 5.7866946833522914e-01 
1.5338922360578853e-02 	 5.7967531515058823e-01 
2.2862348984055997e-02 	 5.8134321867779892e-01 
3.0211779327100747e-02 	 5.8366048516391134e-01 
3.7331279787095120e-02 	 5.8660947881176251e-01 
4.4166666666666660e-02 	 5.9016775599904125e-01 
5.0665918544342388e-02 	 5.9430823608780570e-01 
5.6779572188977653e-02 	 5.9899940752449021e-01 
6.2461099004811699e-02 	 6.0420556766185496e-01 
6.7667259142176389e-02 	 6.0988709447768896e-01 
7.2358430578860933e-02 	 6.1600074812232419e-01 
7.6498910667625417e-02 	 6.2249999999999994e-01 
8.0057187854904080e-02 	 6.2933538687957147e-01 
8.3006181502755239e-02 	 6.3645488733956590e-01 
8.5323447988867693e-02 	 6.4380431768261059e-01 
8.6991351516078369e-02 	 6.5132774430608775e-01 
8.7997198331437529e-02 	 6.5896790939062355e-01 
8.8333333333333333e-02 	 6.6666666666666663e-01 
8.7997198331437529e-02 	 6.7436542394270971e-01 
8.6991351516078383e-02 	 6.8200558902724551e-01 
8.5323447988867693e-02 	 6.8952901565072267e-01 
8.3006181502755239e-02 	 6.9687844599376736e-01 
8.0057187854904080e-02 	 7.0399794645376179e-01 
7.6498910667625417e-02 	 7.1083333333333332e-01 
7.2358430578860947e-02 	 7.1733258521100907e-01 
6.7667259142176389e-02 	 7.2344623885564430e-01 
6.2461099004811699e-02 	 7.2912776567147830e-01 
5.6779572188977653e-02 	 7.3433392580884305e-01 
5.0665918544342423e-02 	 7.3902509724552756e-01 
4.4166666666666694e-02 	 7.4316557733429200e-01 
3.7331279787095155e-02 	 7.4672385452157064e-01 
3.0211779327100785e-02 	 7.4967284816942181e-01 
2.2862348984055980e-02 	 7.5199011465553434e-01 
1.5338922360578836e-02 	 7.5365801818274503e-01 
7.6987572760431359e-03 	 7.5466386499810412e-01 
5.4088566962341432e-18 	 7.5500000000000000e-01 
-7.6987572760431246e-03 	 7.5466386499810412e-01 
-1.5338922360578823e-02 	 7.5365801818274503e-01 
-2.2862348984055970e-02 	 7.5199011465553434e-01 
-3.0211779327100698e-02 	 7.4967284816942192e-01 
-3.7331279787095072e-02 	 7.4672385452157075e-01 
-4.4166666666666687e-02 	 7.4316557733429200e-01 
-5.0665918544342409e-02 	 7.3902509724552756e-01 
-5.6779572188977646e-02 	 7.3433392580884305e-01 
-6.2461099004811692e-02 	 7.2912776567147830e-01 
-6.7667259142176375e-02 	 7.2344623885564430e-01 
-7.2358430578860919e-02 	 7.1733258521100907e-01 
-7.6498910667625403e-02 	 7.1083333333333332e-01 
-8.0057187854904052e-02 	 7.0399794645376179e-01 
-8.3006181502755225e-02 	 6.9687844599376747e-01 
-8.5323447988867707e-02 	 6.8952901565072267e-01 
-8.6991351516078369e-02 	 6.8200558902724551e-01 
-8.7997198331437529e-02 	 6.7436542394270982e-01 
-8.9999999999999997e-02 	 6.6666666666666663e-01 
-8.9657522828257091e-02 	 6.5882264981937744e-01 
-8.8632697771098723e-02 	 6.5103833067664296e-01 
-8.6933324366016140e-02 	 6.4337295260743976e-01 
-8.4572335870731749e-02 	 6.3588485376735648e-01 
-8.1567700833298493e-02 	 6.2863102311000363e-01 
-7.7942286340599479e-02 	 6.2166666666666659e-01 
-7.3723683986009245e-02 	 6.1504478739507240e-01 
-6.8943999880708012e-02 	 6.0881578179487805e-01 
-6.3639610306789274e-02 	 6.0302705635987741e-01 
-5.7850884871788542e-02 	 5.9772266678595865e-01 
-5.1621879271594152e-02 	 5.9294298268065737e-01 
-4.5000000000000019e-02 	 5.8872438032606711e-01 
-3.8035643556662939e-02 	 5.8509896583336807e-01 
-3.0781812899310184e-02 	 5.8209433079593487e-01 
-2.3293714059226856e-02 	 5.7973334230065054e-01 
-1.5628335990023726e-02 	 5.7803396889556791e-01 
-7.8440168472892410e-03 	 5.7700914383840951e-01 
5.5109105961630896e-18 	 5.7666666666666666e-01 
7.8440168472892324e-03 	 5.7700914383840951e-01 
1.5628335990023737e-02 	 5.7803396889556791e-01 
2.3293714059226867e-02 	 5.7973334230065054e-01 
3.0781812899310194e-02 	 5.8209433079593487e-01 
3.8035643556662946e-02 	 5.8509896583336818e-01 
4.4999999999999991e-02 	 5.8872438032606711e-01 
5.1621879271594132e-02 	 5.9294298268065737e-01 
5.7850884871788549e-02 	 5.9772266678595865e-01 
6.3639610306789274e-02 	 6.0302705635987741e-01 
6.8943999880708012e-02 	 6.0881578179487805e-01 
7.3723683986009245e-02 	 6.1504478739507251e-01 
7.7942286340599479e-02 	 6.2166666666666659e-01 
8.1567700833298493e-02 	 6.2863102311000363e-01 
8.4572335870731749e-02 	 6.3588485376735648e-01 
8.6933324366016140e-02 	 6.4337295260743976e-01 
8.8632697771098723e-02 	 6.5103833067664285e-01 
8.9657522828257091e-02 	 6.5882264981937744e-01 
8.9999999999999997e-02 	 6.6666666666666663e-01 
8.9657522828257091e-02 	 6.7451068351395582e-01 
8.8632697771098723e-02 	 6.8229500265669030e-01 
8.6933324366016140e-02 	 6.8996038072589350e-01 
8.4572335870731749e-02 	 6.9744847956597678e-01 
8.1567700833298493e-02 	 7.0470231022332963e-01 
7.7942286340599479e-02 	 7.1166666666666667e-01 
7.3723683986009272e-02 	 7.1828854593826075e-01 
6.8943999880708012e-02 	 7.2451755153845521e-01 
6.3639610306789274e-02 	 7.3030627697345585e-01 
5.7850884871788549e-02 	 7.3561066654737461e-01 
5.1621879271594159e-02 	 7.4039035065267589e-01 
4.5000000000000026e-02 	 7.4460895300726615e-01 
3.8035643556662981e-02 	 7.4823436749996508e-01 
3.0781812899310233e-02 	 7.5123900253739839e-01 
2.3293714059226846e-02 	 7.5359999103268271e-01 
1.5628335990023719e-02 	 7.5529936443776535e-01 
7.8440168472892324e-03 	 7.5632418949492375e-01 
5.5109105961630896e-18 	 7.5666666666666660e-01 
-7.8440168472892202e-03 	 7.5632418949492375e-01 
-1.5628335990023706e-02 	 7.5529936443776535e-01 
-2.3293714059226835e-02 	 7.5359999103268283e-01 
-3.0781812899310142e-02 	 7.5123900253739839e-01 
-3.8035643556662904e-02 	 7.4823436749996519e-01 
-4.5000000000000019e-02 	 7.4460895300726615e-01 
-5.1621879271594152e-02 	 7.4039035065267589e-01 
-5.7850884871788542e-02 	 7.3561066654737461e-01 
-6.3639610306789274e-02 	 7.3030627697345585e-01 
-6.8943999880708012e-02 	 7.2451755153845521e-01 
-7.3723683986009245e-02 	 7.1828854593826086e-01 
-7.7942286340599465e-02 	 7.1166666666666667e-01 
-8.1567700833298465e-02 	 7.0470231022332963e-01 
-8.4572335870731735e-02 	 6.9744847956597689e-01 
-8.6933324366016140e-02 	 6.8996038072589350e-01 
-8.8632697771098723e-02 	 6.8229500265669030e-01 
-8.9657522828257091e-02 	 6.7451068351395582e-01 
-9.1666666666666660e-02 	 6.6666666666666663e-01 
-9.1317847325076668e-02 	 6.5867739024813132e-01 
-9.0274044026119063e-02 	 6.5074891704719806e-01 
-8.8543200743164574e-02 	 6.4294158753226882e-01 
-8.6138490238708260e-02 	 6.3531482019514696e-01 
-8.3078213811692905e-02 	 6.2792665934043579e-01 
-7.9385662013573541e-02 	 6.2083333333333335e-01 
-7.5088937393157557e-02 	 6.1408882666782072e-01 
-7.0220740619239636e-02 	 6.0774446911206714e-01 
-6.4818121608766849e-02 	 6.0184854505789975e-01 
-5.8922197554599438e-02 	 5.9644592604742697e-01 
-5.2577839998845896e-02 	 5.9157772927350905e-01 
-4.5833333333333351e-02 	 5.8728100465309307e-01 
-3.8740007326230771e-02 	 5.8358845285497374e-01 
-3.1351846471519632e-02 	 5.8052817642795840e-01 
-2.3725079134397722e-02 	 5.7812346592350206e-01 
-1.5917749619468610e-02 	 5.7639262264054758e-01 
-7.9892764185353383e-03 	 5.7534881934158999e-01 
5.6129644960920352e-18 	 5.7499999999999996e-01 
7.9892764185353279e-03 	 5.7534881934158999e-01 
1.5917749619468621e-02 	 5.7639262264054758e-01 
2.3725079134397732e-02 	 5.7812346592350206e-01 
3.1351846471519638e-02 	 5.8052817642795840e-01 
3.8740007326230778e-02 	 5.8358845285497374e-01 
4.5833333333333323e-02 	 5.8728100465309307e-01 
5.2577839998845875e-02 	 5.9157772927350905e-01 
5.8922197554599445e-02 	 5.9644592604742697e-01 
6.4818121608766863e-02 	 6.0184854505789975e-01 
7.0220740619239649e-02 	 6.0774446911206714e-01 
7.5088937393157570e-02 	 6.1408882666782072e-01 
7.9385662013573541e-02 	 6.2083333333333335e-01 
8.3078213811692905e-02 	 6.2792665934043590e-01 
8.6138490238708260e-02 	 6.3531482019514696e-01 
8.8543200743164574e-02 	 6.4294158753226893e-01 
9.0274044026119063e-02 	 6.5074891704719795e-01 
9.1317847325076668e-02 	 6.5867739024813132e-01 
9.1666666666666660e-02 	 6.6666666666666663e-01 
9.1317847325076668e-02 	 6.7465594308520194e-01 
9.0274044026119077e-02 	 6.8258441628613520e-01 
8.8543200743164574e-02 	 6.9039174580106433e-01 
8.6138490238708260e-02 	 6.9801851313818630e-01 
8.3078213811692905e-02 	 7.0540667399289736e-01 
7.9385662013573541e-02 	 7.1249999999999991e-01 
7.5088937393157584e-02 	 7.1924450666551254e-01 
7.0220740619239649e-02 	 7.2558886422126612e-01 
6.4818121608766863e-02 	 7.3148478827543351e-01 
5.8922197554599445e-02 	 7.3688740728590629e-01 
5.2577839998845903e-02 	 7.4175560405982421e-01 
4.5833333333333358e-02 	 7.4605232868024018e-01 
3.8740007326230813e-02 	 7.4974488047835952e-01 
3.1351846471519680e-02 	 7.5280515690537486e-01 
2.3725079134397711e-02 	 7.5520986740983120e-01 
1.5917749619468603e-02 	 7.5694071069278568e-01 
7.9892764185353279e-03 	 7.5798451399174327e-01 
5.6129644960920352e-18 	 7.5833333333333330e-01 
-7.9892764185353175e-03 	 7.5798451399174327e-01 
-1.5917749619468589e-02 	 7.5694071069278568e-01 
-2.3725079134397701e-02 	 7.5520986740983120e-01 
-3.1351846471519590e-02 	 7.5280515690537486e-01 
-3.8740007326230737e-02 	 7.4974488047835952e-01 
-4.5833333333333351e-02 	 7.4605232868024018e-01 
-5.2577839998845896e-02 	 7.4175560405982421e-01 
-5.8922197554599438e-02 	 7.3688740728590629e-01 
-6.4818121608766849e-02 	 7.3148478827543351e-01 
-7.0220740619239636e-02 	 7.2558886422126612e-01 
-7.5088937393157557e-02 	 7.1924450666551254e-01 
-7.9385662013573527e-02 	 7.1250000000000002e-01 
-8.3078213811692891e-02 	 7.0540667399289747e-01 
-8.6138490238708246e-02 	 6.9801851313818630e-01 
-8.8543200743164588e-02 	 6.9039174580106433e-01 
-9.0274044026119063e-02 	 6.8258441628613520e-01 
-9.1317847325076668e-02 	 6.7465594308520194e-01 
-9.3333333333333324e-02 	 6.6666666666666663e-01 
-9.2978171821896244e-02 	 6.5853213067688521e-01 
-9.1915390281139403e-02 	 6.5045950341775316e-01 
-9.0153077120313022e-02 	 6.4251022245709799e-01 
-8.7704644606684770e-02 	 6.3474478662293754e-01 
-8.4588726790087318e-02 	 6.2722229557086806e-01 
-8.0829037686547603e-02 	 6.2000000000000000e-01 
-7.6454190800305868e-02 	 6.1313286594056893e-01 
-7.1497481357771259e-02 	 6.0667315642925623e-01 
-6.5996632910744424e-02 	 6.0067003375592221e-01 
-5.9993510237410334e-02 	 5.9516918530889540e-01 
-5.3533800726097633e-02 	 5.9021247586636072e-01 
-4.6666666666666683e-02 	 5.8583762898011904e-01 
-3.9444371095798597e-02 	 5.8207793987657930e-01 
-3.1921880043729076e-02 	 5.7896202205998182e-01 
-2.4156444209568591e-02 	 5.7651358954635357e-01 
-1.6207163248913494e-02 	 5.7475127638552725e-01 
-8.1345359897814339e-03 	 5.7368849484477036e-01 
5.7150183960209808e-18 	 5.7333333333333325e-01 
8.1345359897814253e-03 	 5.7368849484477036e-01 
1.6207163248913505e-02 	 5.7475127638552725e-01 
2.4156444209568601e-02 	 5.7651358954635357e-01 
3.1921880043729089e-02 	 5.7896202205998182e-01 
3.9444371095798611e-02 	 5.8207793987657930e-01 
4.6666666666666655e-02 	 5.8583762898011904e-01 
5.3533800726097612e-02 	 5.9021247586636072e-01 
5.9993510237410341e-02 	 5.9516918530889540e-01 
6.5996632910744438e-02 	 6.0067003375592221e-01 
7.1497481357771273e-02 	 6.0667315642925634e-01 
7.6454190800305882e-02 	 6.1313286594056904e-01 
8.0829037686547603e-02 	 6.2000000000000000e-01 
8.4588726790087318e-02 	 6.2722229557086806e-01 
8.7704644606684770e-02 	 6.3474478662293754e-01 
9.0153077120313022e-02 	 6.4251022245709799e-01 
9.1915390281139403e-02 	 6.5045950341775316e-01 
9.2978171821896244e-02 	 6.5853213067688521e-01 
9.3333333333333324e-02 	 6.6666666666666663e-01 
9.2978171821896244e-02 	 6.7480120265644805e-01 
9.1915390281139417e-02 	 6.8287382991558010e-01 
9.0153077120313022e-02 	 6.9082311087623527e-01 
8.7704644606684770e-02 	 6.9858854671039572e-01 
8.4588726790087318e-02 	 7.0611103776246520e-01 
8.0829037686547603e-02 	 7.1333333333333326e-01 
7.6454190800305910e-02 	 7.2020046739276422e-01 
7.1497481357771273e-02 	 7.2666017690407692e-01 
6.5996632910744438e-02 	 7.3266329957741105e-01 
5.9993510237410341e-02 	 7.3816414802443786e-01 
5.3533800726097647e-02 	 7.4312085746697254e-01 
4.6666666666666690e-02 	 7.4749570435321422e-01 
3.9444371095798646e-02 	 7.5125539345675396e-01 
3.1921880043729131e-02 	 7.5437131127335144e-01 
2.4156444209568580e-02 	 7.5681974378697969e-01 
1.6207163248913487e-02 	 7.5858205694780600e-01 
8.1345359897814253e-03 	 7.5964483848856290e-01 
5.7150183960209808e-18 	 7.6000000000000001e-01 
-8.1345359897814131e-03 	 7.5964483848856290e-01 
-1.6207163248913473e-02 	 7.5858205694780600e-01 
-2.4156444209568570e-02 	 7.5681974378697969e-01 
-3.1921880043729034e-02 	 7.5437131127335144e-01 
-3.9444371095798562e-02 	 7.5125539345675396e-01 
-4.6666666666666683e-02 	 7.4749570435321422e-01 
-5.3533800726097633e-02 	 7.4312085746697254e-01 
-5.9993510237410334e-02 	 7.3816414802443786e-01 
-6.5996632910744424e-02 	 7.3266329957741105e-01 
-7.1497481357771259e-02 	 7.2666017690407703e-01 
-7.6454190800305868e-02 	 7.2020046739276433e-01 
-8.0829037686547589e-02 	 7.1333333333333337e-01 
-8.4588726790087304e-02 	 7.0611103776246531e-01 
-8.7704644606684756e-02 	 6.9858854671039572e-01 
-9.0153077120313035e-02 	 6.9082311087623527e-01 
-9.1915390281139403e-02 	 6.8287382991558010e-01 
-9.2978171821896244e-02 	 6.7480120265644805e-01 
-9.4999999999999987e-02 	 6.6666666666666663e-01 
-9.4638496318715820e-02 	 6.5838687110563909e-01 
-9.3556736536159743e-02 	 6.5017008978830826e-01 
-9.1762953497461469e-02 	 6.4207885738192716e-01 
-8.9270798974661281e-02 	 6.3417475305072812e-01 
-8.6099239768481731e-02 	 6.2651793180130022e-01 
-8.2272413359521665e-02 	 6.1916666666666664e-01 
-7.7819444207454194e-02 	 6.1217690521331725e-01 
-7.2774222096302896e-02 	 6.0560184374644543e-01 
-6.7175144212721999e-02 	 5.9949152245394466e-01 
-6.1064822920221230e-02 	 5.9389244457036372e-01 
-5.4489761453349377e-02 	 5.8884722245921239e-01 
-4.7500000000000014e-02 	 5.8439425330714501e-01 
-4.0148734865366430e-02 	 5.8056742689818486e-01 
-3.2491913615938527e-02 	 5.7739586769200535e-01 
-2.4587809284739456e-02 	 5.7490371316920519e-01 
-1.6496576878358378e-02 	 5.7310993013050693e-01 
-8.2797955610275312e-03 	 5.7202817034795084e-01 
5.8170722959499272e-18 	 5.7166666666666666e-01 
8.2797955610275226e-03 	 5.7202817034795084e-01 
1.6496576878358388e-02 	 5.7310993013050693e-01 
2.4587809284739467e-02 	 5.7490371316920519e-01 
3.2491913615938534e-02 	 5.7739586769200535e-01 
4.0148734865366444e-02 	 5.8056742689818486e-01 
4.7499999999999980e-02 	 5.8439425330714501e-01 
5.4489761453349356e-02 	 5.8884722245921239e-01 
6.1064822920221244e-02 	 5.9389244457036372e-01 
6.7175144212722013e-02 	 5.9949152245394466e-01 
7.2774222096302896e-02 	 6.0560184374644543e-01 
7.7819444207454194e-02 	 6.1217690521331725e-01 
8.2272413359521665e-02 	 6.1916666666666664e-01 
8.6099239768481731e-02 	 6.2651793180130022e-01 
8.9270798974661281e-02 	 6.3417475305072812e-01 
9.1762953497461469e-02 	 6.4207885738192716e-01 
9.3556736536159743e-02 	 6.5017008978830826e-01 
9.4638496318715820e-02 	 6.5838687110563909e-01 
9.4999999999999987e-02 	 6.6666666666666663e-01 
9.4638496318715820e-02 	 6.7494646222769417e-01 
9.3556736536159757e-02 	 6.8316324354502500e-01 
9.1762953497461469e-02 	 6.9125447595140610e-01 
8.9270798974661281e-02 	 6.9915858028260514e-01 
8.6099239768481731e-02 	 7.0681540153203304e-01 
8.2272413359521665e-02 	 7.1416666666666662e-01 
7.7819444207454222e-02 	 7.2115642812001601e-01 
7.2774222096302896e-02 	 7.2773148958688783e-01 
6.7175144212722013e-02 	 7.3384181087938860e-01 
6.1064822920221244e-02 	 7.3944088876296954e-01 
5.4489761453349390e-02 	 7.4448611087412087e-01 
4.7500000000000028e-02 	 7.4893908002618825e-01 
4.0148734865366478e-02 	 7.5276590643514840e-01 
3.2491913615938575e-02 	 7.5593746564132791e-01 
2.4587809284739446e-02 	 7.5842962016412807e-01 
1.6496576878358368e-02 	 7.6022340320282633e-01 
8.2797955610275226e-03 	 7.6130516298538242e-01 
5.8170722959499272e-18 	 7.6166666666666660e-01 
-8.2797955610275104e-03 	 7.6130516298538242e-01 
-1.6496576878358357e-02 	 7.6022340320282633e-01 
-2.4587809284739436e-02 	 7.5842962016412807e-01 
-3.2491913615938478e-02 	 7.5593746564132791e-01 
-4.0148734865366395e-02 	 7.5276590643514840e-01 
-4.7500000000000014e-02 	 7.4893908002618825e-01 
-5.4489761453349377e-02 	 7.4448611087412087e-01 
-6.1064822920221230e-02 	 7.3944088876296954e-01 
-6.7175144212721999e-02 	 7.3384181087938860e-01 
-7.2774222096302896e-02 	 7.2773148958688783e-01 
-7.7819444207454194e-02 	 7.2115642812001601e-01 
-8.2272413359521651e-02 	 7.1416666666666662e-01 
-8.6099239768481717e-02 	 7.0681540153203315e-01 
-8.9270798974661267e-02 	 6.9915858028260525e-01 
-9.1762953497461483e-02 	 6.9125447595140610e-01 
-9.3556736536159743e-02 	 6.8316324354502500e-01 
-9.4638496318715820e-02 	 6.7494646222769417e-01 
-9.6666666666666665e-02 	 6.6666666666666663e-01 
-9.6298820815535396e-02 	 6.5824161153439298e-01 
-9.5198082791180111e-02 	 6.4988067615886336e-01 
-9.3372829874609931e-02 	 6.4164749230675622e-01 
-9.0836953342637805e-02 	 6.3360471947851860e-01 
-8.7609752746876157e-02 	 6.2581356803173238e-01 
-8.3715789032495741e-02 	 6.1833333333333329e-01 
-7.9184697614602520e-02 	 6.1122094448606545e-01 
-7.4050962834834533e-02 	 6.0453053106363452e-01 
-6.8353655514699588e-02 	 5.9831301115196700e-01 
-6.2136135603032140e-02 	 5.9261570383183204e-01 
-5.5445722180601127e-02 	 5.8748196905206407e-01 
-4.8333333333333353e-02 	 5.8295087763417097e-01 
-4.0853098634934269e-02 	 5.7905691391979042e-01 
-3.3061947188147978e-02 	 5.7582971332402877e-01 
-2.5019174359910325e-02 	 5.7329383679205670e-01 
-1.6785990507803262e-02 	 5.7146858387548649e-01 
-8.4250551322736286e-03 	 5.7036784585113121e-01 
5.9191261958788736e-18 	 5.6999999999999995e-01 
8.4250551322736199e-03 	 5.7036784585113121e-01 
1.6785990507803272e-02 	 5.7146858387548649e-01 
2.5019174359910339e-02 	 5.7329383679205670e-01 
3.3061947188147985e-02 	 5.7582971332402888e-01 
4.0853098634934276e-02 	 5.7905691391979053e-01 
4.8333333333333318e-02 	 5.8295087763417086e-01 
5.5445722180601106e-02 	 5.8748196905206407e-01 
6.2136135603032147e-02 	 5.9261570383183204e-01 
6.8353655514699602e-02 	 5.9831301115196700e-01 
7.4050962834834547e-02 	 6.0453053106363452e-01 
7.9184697614602534e-02 	 6.1122094448606545e-01 
8.3715789032495741e-02 	 6.1833333333333329e-01 
8.7609752746876157e-02 	 6.2581356803173238e-01 
9.0836953342637805e-02 	 6.3360471947851860e-01 
9.3372829874609931e-02 	 6.4164749230675633e-01 
9.5198082791180111e-02 	 6.4988067615886336e-01 
9.6298820815535396e-02 	 6.5824161153439298e-01 
9.6666666666666665e-02 	 6.6666666666666663e-01 
9.6298820815535396e-02 	 6.7509172179894028e-01 
9.5198082791180111e-02 	 6.8345265717446990e-01 
9.3372829874609931e-02 	 6.9168584102657693e-01 
9.0836953342637805e-02 	 6.9972861385481466e-01 
8.7609752746876157e-02 	 7.0751976530160088e-01 
8.3715789032495741e-02 	 7.1499999999999997e-01 
7.9184697614602548e-02 	 7.2211238884726769e-01 
7.4050962834834547e-02 	 7.2880280226969874e-01 
6.8353655514699602e-02 	 7.3502032218136626e-01 
6.2136135603032147e-02 	 7.4071762950150122e-01 
5.5445722180601141e-02 	 7.4585136428126919e-01 
4.8333333333333367e-02 	 7.5038245569916229e-01 
4.0853098634934318e-02 	 7.5427641941354273e-01 
3.3061947188148026e-02 	 7.5750362000930438e-01 
2.5019174359910315e-02 	 7.6003949654127656e-01 
1.6785990507803255e-02 	 7.6186474945784677e-01 
8.4250551322736199e-03 	 7.6296548748220205e-01 
5.9191261958788736e-18 	 7.6333333333333331e-01 
-8.4250551322736077e-03 	 7.6296548748220205e-01 
-1.6785990507803241e-02 	 7.6186474945784677e-01 
-2.5019174359910305e-02 	 7.6003949654127656e-01 
-3.3061947188147929e-02 	 7.5750362000930449e-01 
-4.0853098634934228e-02 	 7.5427641941354284e-01 
-4.8333333333333353e-02 	 7.5038245569916229e-01 
-5.5445722180601127e-02 	 7.4585136428126919e-01 
-6.2136135603032140e-02 	 7.4071762950150122e-01 
-6.8353655514699588e-02 	 7.3502032218136626e-01 
-7.4050962834834533e-02 	 7.2880280226969874e-01 
-7.9184697614602520e-02 	 7.2211238884726781e-01 
-8.3715789032495713e-02 	 7.1499999999999997e-01 
-8.7609752746876143e-02 	 7.0751976530160099e-01 
-9.0836953342637791e-02 	 6.9972861385481466e-01 
-9.3372829874609931e-02 	 6.9168584102657693e-01 
-9.5198082791180111e-02 	 6.8345265717446990e-01 
-9.6298820815535396e-02 	 6.7509172179894028e-01 
-9.8333333333333328e-02 	 6.6666666666666663e-01 
-9.7959145312354973e-02 	 6.5809635196314686e-01 
-9.6839429046200451e-02 	 6.4959126252941846e-01 
-9.4982706251758364e-02 	 6.4121612723158539e-01 
-9.2403107710614316e-02 	 6.3303468590630918e-01 
-8.9120265725270570e-02 	 6.2510920426216454e-01 
-8.5159164705469803e-02 	 6.1749999999999994e-01 
-8.0549951021750832e-02 	 6.1026498375881377e-01 
-7.5327703573366156e-02 	 6.0345921838082361e-01 
-6.9532166816677163e-02 	 5.9713449984998945e-01 
-6.3207448285843029e-02 	 5.9133896309330047e-01 
-5.6401682907852871e-02 	 5.8611671564491574e-01 
-4.9166666666666685e-02 	 5.8150750196119683e-01 
-4.1557462404502102e-02 	 5.7754640094139609e-01 
-3.3631980760357422e-02 	 5.7426355895605230e-01 
-2.5450539435081194e-02 	 5.7168396041490821e-01 
-1.7075404137248146e-02 	 5.6982723762046616e-01 
-8.5703147035197259e-03 	 5.6870752135431168e-01 
6.0211800958078200e-18 	 5.6833333333333336e-01 
8.5703147035197172e-03 	 5.6870752135431168e-01 
1.7075404137248156e-02 	 5.6982723762046616e-01 
2.5450539435081205e-02 	 5.7168396041490821e-01 
3.3631980760357436e-02 	 5.7426355895605230e-01 
4.1557462404502109e-02 	 5.7754640094139609e-01 
4.9166666666666650e-02 	 5.8150750196119683e-01 
5.6401682907852850e-02 	 5.8611671564491574e-01 
6.3207448285843043e-02 	 5.9133896309330047e-01 
6.9532166816677177e-02 	 5.9713449984998945e-01 
7.5327703573366170e-02 	 6.0345921838082361e-01 
8.0549951021750846e-02 	 6.1026498375881377e-01 
8.5159164705469803e-02 	 6.1749999999999994e-01 
8.9120265725270570e-02 	 6.2510920426216454e-01 
9.2403107710614316e-02 	 6.3303468590630918e-01 
9.4982706251758364e-02 	 6.4121612723158539e-01 
9.6839429046200451e-02 	 6.4959126252941846e-01 
9.7959145312354973e-02 	 6.5809635196314686e-01 
9.8333333333333328e-02 	 6.6666666666666663e-01 
9.7959145312354973e-02 	 6.7523698137018640e-01 
9.6839429046200465e-02 	 6.8374207080391480e-01 
9.4982706251758364e-02 	 6.9211720610174787e-01 
9.2403107710614316e-02 	 7.0029864742702408e-01 
8.9120265725270570e-02 	 7.0822412907116872e-01 
8.5159164705469803e-02 	 7.1583333333333332e-01 
8.0549951021750874e-02 	 7.2306834957451949e-01 
7.5327703573366170e-02 	 7.2987411495250964e-01 
6.9532166816677177e-02 	 7.3619883348334381e-01 
6.3207448285843043e-02 	 7.4199437024003279e-01 
5.6401682907852878e-02 	 7.4721661768841752e-01 
4.9166666666666699e-02 	 7.5182583137213643e-01 
4.1557462404502150e-02 	 7.5578693239193717e-01 
3.3631980760357477e-02 	 7.5906977437728096e-01 
2.5450539435081184e-02 	 7.6164937291842505e-01 
1.7075404137248139e-02 	 7.6350609571286709e-01 
8.5703147035197172e-03 	 7.6462581197902157e-01 
6.0211800958078200e-18 	 7.6499999999999990e-01 
-8.5703147035197033e-03 	 7.6462581197902157e-01 
-1.7075404137248125e-02 	 7.6350609571286709e-01 
-2.5450539435081174e-02 	 7.6164937291842505e-01 
-3.3631980760357380e-02 	 7.5906977437728096e-01 
-4.1557462404502060e-02 	 7.5578693239193728e-01 
-4.9166666666666685e-02 	 7.5182583137213643e-01 
-5.6401682907852871e-02 	 7.4721661768841752e-01 
-6.3207448285843029e-02 	 7.4199437024003279e-01 
-6.9532166816677163e-02 	 7.3619883348334381e-01 
-7.5327703573366156e-02 	 7.2987411495250964e-01 
-8.0549951021750832e-02 	 7.2306834957451949e-01 
-8.5159164705469775e-02 	 7.1583333333333332e-01 
-8.9120265725270556e-02 	 7.0822412907116883e-01 
-9.2403107710614302e-02 	 7.0029864742702408e-01 
-9.4982706251758378e-02 	 6.9211720610174776e-01 
-9.6839429046200451e-02 	 6.8374207080391480e-01 
-9.7959145312354973e-02 	 6.7523698137018640e-01 
-9.9999999999999992e-02 	 6.6666666666666663e-01 
-9.9619469809174549e-02 	 6.5795109239190086e-01 
-9.8480775301220791e-02 	 6.4930184889997355e-01 
-9.6592582628906812e-02 	 6.4078476215641456e-01 
-9.3969262078590826e-02 	 6.3246465233409976e-01 
-9.0630778703664983e-02 	 6.2440484049259670e-01 
-8.6602540378443865e-02 	 6.1666666666666670e-01 
-8.1915204428899158e-02 	 6.0930902303156198e-01 
-7.6604444311897779e-02 	 6.0238790569801270e-01 
-7.0710678118654738e-02 	 5.9595598854801191e-01 
-6.4278760968653925e-02 	 5.9006222235476880e-01 
-5.7357643635104615e-02 	 5.8475146223776742e-01 
-5.0000000000000017e-02 	 5.8006412628822279e-01 
-4.2261826174069927e-02 	 5.7603588796300165e-01 
-3.4202014332566866e-02 	 5.7269740458807583e-01 
-2.5881904510252060e-02 	 5.7007408403775983e-01 
-1.7364817766693030e-02 	 5.6818589136544584e-01 
-8.7155742747658232e-03 	 5.6704719685749205e-01 
6.1232339957367656e-18 	 5.6666666666666665e-01 
8.7155742747658128e-03 	 5.6704719685749205e-01 
1.7364817766693040e-02 	 5.6818589136544584e-01 
2.5881904510252070e-02 	 5.7007408403775983e-01 
3.4202014332566880e-02 	 5.7269740458807583e-01 
4.2261826174069941e-02 	 5.7603588796300165e-01 
4.9999999999999982e-02 	 5.8006412628822279e-01 
5.7357643635104587e-02 	 5.8475146223776742e-01 
6.4278760968653939e-02 	 5.9006222235476891e-01 
7.0710678118654752e-02 	 5.9595598854801191e-01 
7.6604444311897793e-02 	 6.0238790569801270e-01 
8.1915204428899158e-02 	 6.0930902303156198e-01 
8.6602540378443865e-02 	 6.1666666666666670e-01 
9.0630778703664983e-02 	 6.2440484049259670e-01 
9.3969262078590826e-02 	 6.3246465233409976e-01 
9.6592582628906812e-02 	 6.4078476215641456e-01 
9.8480775301220791e-02 	 6.4930184889997355e-01 
9.9619469809174549e-02 	 6.5795109239190086e-01 
9.9999999999999992e-02 	 6.6666666666666663e-01 
9.9619469809174549e-02 	 6.7538224094143240e-01 
9.8480775301220805e-02 	 6.8403148443335959e-01 
9.6592582628906812e-02 	 6.9254857117691870e-01 
9.3969262078590826e-02 	 7.0086868099923350e-01 
9.0630778703664983e-02 	 7.0892849284073656e-01 
8.6602540378443865e-02 	 7.1666666666666656e-01 
8.1915204428899185e-02 	 7.2402431030177117e-01 
7.6604444311897793e-02 	 7.3094542763532055e-01 
7.0710678118654752e-02 	 7.3737734478532135e-01 
6.4278760968653939e-02 	 7.4327111097856435e-01 
5.7357643635104621e-02 	 7.4858187109556584e-01 
5.0000000000000031e-02 	 7.5326920704511047e-01 
4.2261826174069976e-02 	 7.5729744537033161e-01 
3.4202014332566921e-02 	 7.6063592874525743e-01 
2.5881904510252050e-02 	 7.6325924929557343e-01 
1.7364817766693019e-02 	 7.6514744196788742e-01 
8.7155742747658128e-03 	 7.6628613647584121e-01 
6.1232339957367656e-18 	 7.6666666666666661e-01 
-8.7155742747658006e-03 	 7.6628613647584121e-01 
-1.7364817766693005e-02 	 7.6514744196788742e-01 
-2.5881904510252039e-02 	 7.6325924929557343e-01 
-3.4202014332566824e-02 	 7.6063592874525743e-01 
-4.2261826174069893e-02 	 7.5729744537033161e-01 
-5.0000000000000017e-02 	 7.5326920704511047e-01 
-5.7357643635104615e-02 	 7.4858187109556584e-01 
-6.4278760968653925e-02 	 7.4327111097856446e-01 
-7.0710678118654738e-02 	 7.3737734478532135e-01 
-7.6604444311897779e-02 	 7.3094542763532055e-01 
-8.1915204428899158e-02 	 7.2402431030177128e-01 
-8.6602540378443837e-02 	 7.1666666666666667e-01 
-9.0630778703664969e-02 	 7.0892849284073667e-01 
-9.3969262078590812e-02 	 7.0086868099923361e-01 
-9.6592582628906826e-02 	 6.9254857117691870e-01 
-9.8480775301220791e-02 	 6.8403148443335970e-01 
-9.9619469809174549e-02 	 6.7538224094143240e-01 
-1.0166666666666666e-01 	 6.6666666666666663e-01 
-1.0127979430599413e-01 	 6.5780583282065475e-01 
-1.0012212155624113e-01 	 6.4901243527052876e-01 
-9.8202459006055259e-02 	 6.4035339708124361e-01 
-9.5535416446567337e-02 	 6.3189461876189035e-01 
-9.2141291682059395e-02 	 6.2370047672302886e-01 
-8.8045916051417927e-02 	 6.1583333333333334e-01 
-8.3280457836047470e-02 	 6.0835306230431030e-01 
-7.7881185050429416e-02 	 6.0131659301520179e-01 
-7.1889189420632313e-02 	 5.9477747724603436e-01 
-6.5350073651464821e-02 	 5.8878548161623723e-01 
-5.8313604362356351e-02 	 5.8338620883061920e-01 
-5.0833333333333348e-02 	 5.7862075061524876e-01 
-4.2966189943637760e-02 	 5.7452537498460721e-01 
-3.4772047904776317e-02 	 5.7113125022009925e-01 
-2.6313269585422929e-02 	 5.6846420766061134e-01 
-1.7654231396137914e-02 	 5.6654454511042551e-01 
-8.8608338460119188e-03 	 5.6538687236067253e-01 
6.2252878956657112e-18 	 5.6499999999999995e-01 
8.8608338460119101e-03 	 5.6538687236067253e-01 
1.7654231396137924e-02 	 5.6654454511042551e-01 
2.6313269585422940e-02 	 5.6846420766061134e-01 
3.4772047904776324e-02 	 5.7113125022009925e-01 
4.2966189943637774e-02 	 5.7452537498460721e-01 
5.0833333333333314e-02 	 5.7862075061524876e-01 
5.8313604362356330e-02 	 5.8338620883061909e-01 
6.5350073651464835e-02 	 5.8878548161623723e-01 
7.1889189420632327e-02 	 5.9477747724603436e-01 
7.7881185050429416e-02 	 6.0131659301520179e-01 
8.3280457836047483e-02 	 6.0835306230431030e-01 
8.8045916051417927e-02 	 6.1583333333333334e-01 
9.2141291682059395e-02 	 6.2370047672302886e-01 
9.5535416446567337e-02 	 6.3189461876189035e-01 
9.8202459006055259e-02 	 6.4035339708124372e-01 
1.0012212155624113e-01 	 6.4901243527052865e-01 
1.0127979430599413e-01 	 6.5780583282065475e-01 
1.0166666666666666e-01 	 6.6666666666666663e-01 
1.0127979430599413e-01 	 6.7552750051267851e-01 
1.0012212155624114e-01 	 6.8432089806280449e-01 
9.8202459006055259e-02 	 6.9297993625208953e-01 
9.5535416446567337e-02 	 7.0143871457144291e-01 
9.2141291682059395e-02 	 7.0963285661030440e-01 
8.8045916051417927e-02 	 7.1749999999999992e-01 
8.3280457836047497e-02 	 7.2498027102902296e-01 
7.7881185050429416e-02 	 7.3201674031813146e-01 
7.1889189420632327e-02 	 7.3855585608729890e-01 
6.5350073651464835e-02 	 7.4454785171709603e-01 
5.8313604362356365e-02 	 7.4994712450271406e-01 
5.0833333333333362e-02 	 7.5471258271808450e-01 
4.2966189943637809e-02 	 7.5880795834872605e-01 
3.4772047904776372e-02 	 7.6220208311323390e-01 
2.6313269585422915e-02 	 7.6486912567272192e-01 
1.7654231396137903e-02 	 7.6678878822290775e-01 
8.8608338460119101e-03 	 7.6794646097266073e-01 
6.2252878956657112e-18 	 7.6833333333333331e-01 
-8.8608338460118962e-03 	 7.6794646097266073e-01 
-1.7654231396137889e-02 	 7.6678878822290775e-01 
-2.6313269585422905e-02 	 7.6486912567272192e-01 
-3.4772047904776268e-02 	 7.6220208311323401e-01 
-4.2966189943637718e-02 	 7.5880795834872605e-01 
-5.0833333333333348e-02 	 7.5471258271808450e-01 
-5.8313604362356351e-02 	 7.4994712450271406e-01 
-6.5350073651464821e-02 	 7.4454785171709603e-01 
-7.1889189420632313e-02 	 7.3855585608729890e-01 
-7.7881185050429416e-02 	 7.3201674031813146e-01 
-8.3280457836047470e-02 	 7.2498027102902296e-01 
-8.8045916051417900e-02 	 7.1750000000000003e-01 
-9.2141291682059381e-02 	 7.0963285661030440e-01 
-9.5535416446567323e-02 	 7.0143871457144302e-01 
-9.8202459006055273e-02 	 6.9297993625208953e-01 
-1.0012212155624113e-01 	 6.8432089806280449e-01 
-1.0127979430599413e-01 	 6.7552750051267851e-01 
-1.0333333333333333e-01 	 6.6666666666666663e-01 
-1.0294011880281370e-01 	 6.5766057324940863e-01 
-1.0176346781126150e-01 	 6.4872302164108386e-01 
-9.9812335383203707e-02 	 6.3992203200607278e-01 
-9.7101570814543861e-02 	 6.3132458518968082e-01 
-9.3651804660453822e-02 	 6.2299611295346102e-01 
-8.9489291724392003e-02 	 6.1499999999999999e-01 
-8.4645711243195795e-02 	 6.0739710157705851e-01 
-7.9157925788961053e-02 	 6.0024528033239088e-01 
-7.3067700722609902e-02 	 5.9359896594405670e-01 
-6.6421386334275731e-02 	 5.8750874087770555e-01 
-5.9269565089608102e-02 	 5.8202095542347076e-01 
-5.1666666666666687e-02 	 5.7717737494227461e-01 
-4.3670553713205600e-02 	 5.7301486200621277e-01 
-3.5342081476985768e-02 	 5.6956509585212278e-01 
-2.6744634660593798e-02 	 5.6685433128346285e-01 
-1.7943645025582797e-02 	 5.6490319885540519e-01 
-9.0060934172580178e-03 	 5.6372654786385290e-01 
6.3273417955946584e-18 	 5.6333333333333324e-01 
9.0060934172580074e-03 	 5.6372654786385290e-01 
1.7943645025582808e-02 	 5.6490319885540519e-01 
2.6744634660593809e-02 	 5.6685433128346285e-01 
3.5342081476985782e-02 	 5.6956509585212278e-01 
4.3670553713205607e-02 	 5.7301486200621277e-01 
5.1666666666666652e-02 	 5.7717737494227461e-01 
5.9269565089608081e-02 	 5.8202095542347076e-01 
6.6421386334275745e-02 	 5.8750874087770555e-01 
7.3067700722609916e-02 	 5.9359896594405670e-01 
7.9157925788961067e-02 	 6.0024528033239088e-01 
8.4645711243195809e-02 	 6.0739710157705851e-01 
8.9489291724392003e-02 	 6.1499999999999999e-01 
9.3651804660453822e-02 	 6.2299611295346102e-01 
9.7101570814543861e-02 	 6.3132458518968082e-01 
9.9812335383203707e-02 	 6.3992203200607278e-01 
1.0176346781126150e-01 	 6.4872302164108375e-01 
1.0294011880281370e-01 	 6.5766057324940863e-01 
1.0333333333333333e-01 	 6.6666666666666663e-01 
1.0294011880281370e-01 	 6.7567276008392463e-01 
1.0176346781126151e-01 	 6.8461031169224940e-01 
9.9812335383203707e-02 	 6.9341130132726048e-01 
9.7101570814543861e-02 	 7.0200874814365244e-01 
9.3651804660453822e-02 	 7.1033722037987224e-01 
8.9489291724392003e-02 	 7.1833333333333327e-01 
8.4645711243195837e-02 	 7.2593623175627475e-01 
7.9157925788961067e-02 	 7.3308805300094237e-01 
7.3067700722609916e-02 	 7.3973436738927656e-01 
6.6421386334275745e-02 	 7.4582459245562771e-01 
5.9269565089608116e-02 	 7.5131237790986249e-01 
5.1666666666666701e-02 	 7.5615595839105865e-01 
4.3670553713205648e-02 	 7.6031847132712049e-01 
3.5342081476985823e-02 	 7.6376823748121048e-01 
2.6744634660593788e-02 	 7.6647900204987041e-01 
1.7943645025582790e-02 	 7.6843013447792818e-01 
9.0060934172580074e-03 	 7.6960678546948036e-01 
6.3273417955946584e-18 	 7.7000000000000002e-01 
-9.0060934172579953e-03 	 7.6960678546948036e-01 
-1.7943645025582777e-02 	 7.6843013447792818e-01 
-2.6744634660593774e-02 	 7.6647900204987041e-01 
-3.5342081476985719e-02 	 7.6376823748121048e-01 
-4.3670553713205558e-02 	 7.6031847132712049e-01 
-5.1666666666666687e-02 	 7.5615595839105865e-01 
-5.9269565089608102e-02 	 7.5131237790986249e-01 
-6.6421386334275731e-02 	 7.4582459245562771e-01 
-7.3067700722609902e-02 	 7.3973436738927656e-01 
-7.9157925788961053e-02 	 7.3308805300094237e-01 
-8.4645711243195795e-02 	 7.2593623175627475e-01 
-8.9489291724391976e-02 	 7.1833333333333338e-01 
-9.3651804660453808e-02 	 7.1033722037987224e-01 
-9.7101570814543847e-02 	 7.0200874814365244e-01 
-9.9812335383203721e-02 	 6.9341130132726048e-01 
-1.0176346781126150e-01 	 6.8461031169224940e-01 
-1.0294011880281370e-01 	 6.7567276008392463e-01 
-1.0500000000000000e-01 	 6.6666666666666663e-01 
-1.0460044329963328e-01 	 6.5751531367816252e-01 
-1.0340481406628184e-01 	 6.4843360801163896e-01 
-1.0142221176035215e-01 	 6.3949066693090195e-01 
-9.8667725182520372e-02 	 6.3075455161747140e-01 
-9.5162317638848234e-02 	 6.2229174918389318e-01 
-9.0932667397366065e-02 	 6.1416666666666664e-01 
-8.6010964650344107e-02 	 6.0644114084980671e-01 
-8.0434666527492676e-02 	 5.9917396764957997e-01 
-7.4246212024587477e-02 	 5.9242045464207915e-01 
-6.7492699017086627e-02 	 5.8623200013917398e-01 
-6.0225525816859846e-02 	 5.8065570201632255e-01 
-5.2500000000000019e-02 	 5.7573399926930058e-01 
-4.4374917482773425e-02 	 5.7150434902781844e-01 
-3.5912115049195212e-02 	 5.6799894148414620e-01 
-2.7175999735764664e-02 	 5.6524445490631448e-01 
-1.8233058655027681e-02 	 5.6326185260038475e-01 
-9.1513529885041151e-03 	 5.6206622336703338e-01 
6.4293956955236040e-18 	 5.6166666666666665e-01 
9.1513529885041047e-03 	 5.6206622336703338e-01 
1.8233058655027692e-02 	 5.6326185260038475e-01 
2.7175999735764678e-02 	 5.6524445490631448e-01 
3.5912115049195226e-02 	 5.6799894148414620e-01 
4.4374917482773439e-02 	 5.7150434902781844e-01 
5.2499999999999984e-02 	 5.7573399926930058e-01 
6.0225525816859818e-02 	 5.8065570201632244e-01 
6.7492699017086641e-02 	 5.8623200013917398e-01 
7.4246212024587491e-02 	 5.9242045464207915e-01 
8.0434666527492690e-02 	 5.9917396764957997e-01 
8.6010964650344121e-02 	 6.0644114084980671e-01 
9.0932667397366065e-02 	 6.1416666666666664e-01 
9.5162317638848234e-02 	 6.2229174918389318e-01 
9.8667725182520372e-02 	 6.3075455161747140e-01 
1.0142221176035215e-01 	 6.3949066693090195e-01 
1.0340481406628184e-01 	 6.4843360801163896e-01 
1.0460044329963328e-01 	 6.5751531367816252e-01 
1.0500000000000000e-01 	 6.6666666666666663e-01 
1.0460044329963328e-01 	 6.7581801965517074e-01 
1.0340481406628185e-01 	 6.8489972532169430e-01 
1.0142221176035215e-01 	 6.9384266640243131e-01 
9.8667725182520372e-02 	 7.0257878171586186e-01 
9.5162317638848234e-02 	 7.1104158414944008e-01 
9.0932667397366065e-02 	 7.1916666666666662e-01 
8.6010964650344149e-02 	 7.2689219248352643e-01 
8.0434666527492690e-02 	 7.3415936568375328e-01 
7.4246212024587491e-02 	 7.4091287869125411e-01 
6.7492699017086641e-02 	 7.4710133319415928e-01 
6.0225525816859860e-02 	 7.5267763131701071e-01 
5.2500000000000033e-02 	 7.5759933406403268e-01 
4.4374917482773481e-02 	 7.6182898430551482e-01 
3.5912115049195274e-02 	 7.6533439184918695e-01 
2.7175999735764653e-02 	 7.6808887842701878e-01 
1.8233058655027671e-02 	 7.7007148073294851e-01 
9.1513529885041047e-03 	 7.7126710996629988e-01 
6.4293956955236040e-18 	 7.7166666666666661e-01 
-9.1513529885040908e-03 	 7.7126710996629988e-01 
-1.8233058655027657e-02 	 7.7007148073294851e-01 
-2.7175999735764643e-02 	 7.6808887842701878e-01 
-3.5912115049195170e-02 	 7.6533439184918706e-01 
-4.4374917482773391e-02 	 7.6182898430551493e-01 
-5.2500000000000019e-02 	 7.5759933406403268e-01 
-6.0225525816859846e-02 	 7.5267763131701071e-01 
-6.7492699017086627e-02 	 7.4710133319415928e-01 
-7.4246212024587477e-02 	 7.4091287869125411e-01 
-8.0434666527492676e-02 	 7.3415936568375328e-01 
-8.6010964650344107e-02 	 7.2689219248352654e-01 
-9.0932667397366038e-02 	 7.1916666666666662e-01 
-9.5162317638848221e-02 	 7.1104158414944008e-01 
-9.8667725182520358e-02 	 7.0257878171586186e-01 
-1.0142221176035217e-01 	 6.9384266640243131e-01 
-1.0340481406628184e-01 	 6.8489972532169430e-01 
-1.0460044329963328e-01 	 6.7581801965517074e-01 
-1.0666666666666666e-01 	 6.6666666666666663e-01 
-1.0626076779645285e-01 	 6.5737005410691640e-01 
-1.0504616032130218e-01 	 6.4814419438219406e-01 
-1.0303208813750060e-01 	 6.3905930185573101e-01 
-1.0023387955049688e-01 	 6.3018451804526199e-01 
-9.6672830617242647e-02 	 6.2158738541432534e-01 
-9.2376043070340128e-02 	 6.1333333333333329e-01 
-8.7376218057492433e-02 	 6.0548518012255503e-01 
-8.1711407266024300e-02 	 5.9810265496676907e-01 
-7.5424723326565052e-02 	 5.9124194334010161e-01 
-6.8564011699897523e-02 	 5.8495525940064230e-01 
-6.1181486544111589e-02 	 5.7929044860917422e-01 
-5.3333333333333351e-02 	 5.7429062359632654e-01 
-4.5079281252341258e-02 	 5.6999383604942400e-01 
-3.6482148621404663e-02 	 5.6643278711616973e-01 
-2.7607364810935533e-02 	 5.6363457852916599e-01 
-1.8522472284472565e-02 	 5.6162050634536442e-01 
-9.2966125597502107e-03 	 5.6040589887021375e-01 
6.5314495954525504e-18 	 5.5999999999999994e-01 
9.2966125597502003e-03 	 5.6040589887021375e-01 
1.8522472284472576e-02 	 5.6162050634536442e-01 
2.7607364810935543e-02 	 5.6363457852916599e-01 
3.6482148621404670e-02 	 5.6643278711616973e-01 
4.5079281252341272e-02 	 5.6999383604942400e-01 
5.3333333333333316e-02 	 5.7429062359632654e-01 
6.1181486544111562e-02 	 5.7929044860917411e-01 
6.8564011699897537e-02 	 5.8495525940064230e-01 
7.5424723326565066e-02 	 5.9124194334010161e-01 
8.1711407266024313e-02 	 5.9810265496676907e-01 
8.7376218057492447e-02 	 6.0548518012255503e-01 
9.2376043070340128e-02 	 6.1333333333333329e-01 
9.6672830617242647e-02 	 6.2158738541432534e-01 
1.0023387955049688e-01 	 6.3018451804526199e-01 
1.0303208813750060e-01 	 6.3905930185573112e-01 
1.0504616032130218e-01 	 6.4814419438219406e-01 
1.0626076779645285e-01 	 6.5737005410691640e-01 
1.0666666666666666e-01 	 6.6666666666666663e-01 
1.0626076779645285e-01 	 6.7596327922641686e-01 
1.0504616032130219e-01 	 6.8518913895113920e-01 
1.0303208813750060e-01 	 6.9427403147760214e-01 
1.0023387955049688e-01 	 7.0314881528807127e-01 
9.6672830617242647e-02 	 7.1174594791900792e-01 
9.2376043070340128e-02 	 7.1999999999999997e-01 
8.7376218057492461e-02 	 7.2784815321077823e-01 
8.1711407266024313e-02 	 7.3523067836656419e-01 
7.5424723326565066e-02 	 7.4209138999323165e-01 
6.8564011699897537e-02 	 7.4837807393269096e-01 
6.1181486544111596e-02 	 7.5404288472415903e-01 
5.3333333333333365e-02 	 7.5904270973700672e-01 
4.5079281252341313e-02 	 7.6333949728390926e-01 
3.6482148621404718e-02 	 7.6690054621716353e-01 
2.7607364810935519e-02 	 7.6969875480416727e-01 
1.8522472284472555e-02 	 7.7171282698796884e-01 
9.2966125597502003e-03 	 7.7292743446311951e-01 
6.5314495954525504e-18 	 7.7333333333333332e-01 
-9.2966125597501881e-03 	 7.7292743446311951e-01 
-1.8522472284472541e-02 	 7.7171282698796884e-01 
-2.7607364810935509e-02 	 7.6969875480416727e-01 
-3.6482148621404614e-02 	 7.6690054621716353e-01 
-4.5079281252341216e-02 	 7.6333949728390926e-01 
-5.3333333333333351e-02 	 7.5904270973700672e-01 
-6.1181486544111589e-02 	 7.5404288472415903e-01 
-6.8564011699897523e-02 	 7.4837807393269096e-01 
-7.5424723326565052e-02 	 7.4209138999323165e-01 
-8.1711407266024300e-02 	 7.3523067836656419e-01 
-8.7376218057492433e-02 	 7.2784815321077823e-01 
-9.2376043070340100e-02 	 7.1999999999999997e-01 
-9.6672830617242633e-02 	 7.1174594791900792e-01 
-1.0023387955049687e-01 	 7.0314881528807138e-01 
-1.0303208813750062e-01 	 6.9427403147760214e-01 
-1.0504616032130218e-01 	 6.8518913895113920e-01 
-1.0626076779645285e-01 	 6.7596327922641686e-01 
-1.0833333333333332e-01 	 6.6666666666666663e-01 
-1.0792109229327243e-01 	 6.5722479453567029e-01 
-1.0668750657632252e-01 	 6.4785478075274916e-01 
-1.0464196451464905e-01 	 6.3862793678056018e-01 
-1.0180003391847339e-01 	 6.2961448447305246e-01 
-9.8183343595637074e-02 	 6.2088302164475750e-01 
-9.3819418743314190e-02 	 6.1249999999999993e-01 
-8.8741471464640745e-02 	 6.0452921939530324e-01 
-8.2988148004555937e-02 	 5.9703134228395816e-01 
-7.6603234628542641e-02 	 5.9006343203812395e-01 
-6.9635324382708419e-02 	 5.8367851866211073e-01 
-6.2137447271363326e-02 	 5.7792519520202590e-01 
-5.4166666666666682e-02 	 5.7284724792335251e-01 
-4.5783645021909090e-02 	 5.6848332307102956e-01 
-3.7052182193614107e-02 	 5.6486663274819326e-01 
-2.8038729886106398e-02 	 5.6202470215201761e-01 
-1.8811885913917449e-02 	 5.5997916009034410e-01 
-9.4418721309963080e-03 	 5.5874557437339423e-01 
6.6335034953814960e-18 	 5.5833333333333335e-01 
9.4418721309962976e-03 	 5.5874557437339423e-01 
1.8811885913917459e-02 	 5.5997916009034410e-01 
2.8038729886106412e-02 	 5.6202470215201761e-01 
3.7052182193614121e-02 	 5.6486663274819326e-01 
4.5783645021909104e-02 	 5.6848332307102956e-01 
5.4166666666666648e-02 	 5.7284724792335240e-01 
6.2137447271363305e-02 	 5.7792519520202590e-01 
6.9635324382708433e-02 	 5.8367851866211073e-01 
7.6603234628542641e-02 	 5.9006343203812395e-01 
8.2988148004555951e-02 	 5.9703134228395816e-01 
8.8741471464640759e-02 	 6.0452921939530324e-01 
9.3819418743314190e-02 	 6.1250000000000004e-01 
9.8183343595637074e-02 	 6.2088302164475750e-01 
1.0180003391847339e-01 	 6.2961448447305246e-01 
1.0464196451464905e-01 	 6.3862793678056018e-01 
1.0668750657632252e-01 	 6.4785478075274916e-01 
1.0792109229327243e-01 	 6.5722479453567029e-01 
1.0833333333333332e-01 	 6.6666666666666663e-01 
1.0792109229327243e-01 	 6.7610853879766297e-01 
1.0668750657632253e-01 	 6.8547855258058410e-01 
1.0464196451464905e-01 	 6.9470539655277308e-01 
1.0180003391847339e-01 	 7.0371884886028080e-01 
9.8183343595637074e-02 	 7.1245031168857575e-01 
9.3819418743314190e-02 	 7.2083333333333321e-01 
8.8741471464640787e-02 	 7.2880411393802991e-01 
8.2988148004555951e-02 	 7.3630199104937510e-01 
7.6603234628542641e-02 	 7.4326990129520931e-01 
6.9635324382708433e-02 	 7.4965481467122252e-01 
6.2137447271363340e-02 	 7.5540813813130736e-01 
5.4166666666666696e-02 	 7.6048608540998075e-01 
4.5783645021909146e-02 	 7.6485001026230370e-01 
3.7052182193614169e-02 	 7.6846670058513999e-01 
2.8038729886106388e-02 	 7.7130863118131565e-01 
1.8811885913917439e-02 	 7.7335417324298916e-01 
9.4418721309962976e-03 	 7.7458775895993903e-01 
6.6335034953814960e-18 	 7.7499999999999991e-01 
-9.4418721309962837e-03 	 7.7458775895993903e-01 
-1.8811885913917425e-02 	 7.7335417324298916e-01 
-2.8038729886106374e-02 	 7.7130863118131565e-01 
-3.7052182193614058e-02 	 7.6846670058513999e-01 
-4.5783645021909049e-02 	 7.6485001026230370e-01 
-5.4166666666666682e-02 	 7.6048608540998075e-01 
-6.2137447271363326e-02 	 7.5540813813130736e-01 
-6.9635324382708419e-02 	 7.4965481467122252e-01 
-7.6603234628542641e-02 	 7.4326990129520931e-01 
-8.2988148004555937e-02 	 7.3630199104937510e-01 
-8.8741471464640745e-02 	 7.2880411393803002e-01 
-9.3819418743314162e-02 	 7.2083333333333333e-01 
-9.8183343595637046e-02 	 7.1245031168857575e-01 
-1.0180003391847338e-01 	 7.0371884886028080e-01 
-1.0464196451464906e-01 	 6.9470539655277297e-01 
-1.0668750657632252e-01 	 6.8547855258058410e-01 
-1.0792109229327243e-01 	 6.7610853879766297e-01 
-1.0999999999999999e-01 	 6.6666666666666663e-01 
-1.0958141679009199e-01 	 6.5707953496442428e-01 
-1.0832885283134287e-01 	 6.4756536712330426e-01 
-1.0625184089179748e-01 	 6.3819657170538935e-01 
-1.0336618828644990e-01 	 6.2904445090084304e-01 
-9.9693856574031486e-02 	 6.2017865787518967e-01 
-9.5262794416288252e-02 	 6.1166666666666669e-01 
-9.0106724871789057e-02 	 6.0357325866805156e-01 
-8.4264888743087560e-02 	 5.9596002960114736e-01 
-7.7781745930520216e-02 	 5.8888492073614640e-01 
-7.0706637065519315e-02 	 5.8240177792357906e-01 
-6.3093407998615070e-02 	 5.7655994179487757e-01 
-5.5000000000000021e-02 	 5.7140387225037836e-01 
-4.6488008791476923e-02 	 5.6697281009263512e-01 
-3.7622215765823551e-02 	 5.6330047838021668e-01 
-2.8470094961277264e-02 	 5.6041482577486912e-01 
-1.9101299543362329e-02 	 5.5833781383532377e-01 
-9.5871317022424053e-03 	 5.5708524987657460e-01 
6.7355573953104416e-18 	 5.5666666666666664e-01 
9.5871317022423932e-03 	 5.5708524987657460e-01 
1.9101299543362343e-02 	 5.5833781383532377e-01 
2.8470094961277278e-02 	 5.6041482577486912e-01 
3.7622215765823565e-02 	 5.6330047838021668e-01 
4.6488008791476930e-02 	 5.6697281009263512e-01 
5.4999999999999979e-02 	 5.7140387225037836e-01 
6.3093407998615042e-02 	 5.7655994179487757e-01 
7.0706637065519329e-02 	 5.8240177792357906e-01 
7.7781745930520230e-02 	 5.8888492073614640e-01 
8.4264888743087574e-02 	 5.9596002960114736e-01 
9.0106724871789071e-02 	 6.0357325866805156e-01 
9.5262794416288252e-02 	 6.1166666666666669e-01 
9.9693856574031486e-02 	 6.2017865787518967e-01 
1.0336618828644990e-01 	 6.2904445090084304e-01 
1.0625184089179748e-01 	 6.3819657170538935e-01 
1.0832885283134287e-01 	 6.4756536712330426e-01 
1.0958141679009199e-01 	 6.5707953496442428e-01 
1.0999999999999999e-01 	 6.6666666666666663e-01 
1.0958141679009199e-01 	 6.7625379836890898e-01 
1.0832885283134289e-01 	 6.8576796621002889e-01 
1.0625184089179748e-01 	 6.9513676162794391e-01 
1.0336618828644990e-01 	 7.0428888243249022e-01 
9.9693856574031486e-02 	 7.1315467545814359e-01 
9.5262794416288252e-02 	 7.2166666666666657e-01 
9.0106724871789098e-02 	 7.2976007466528170e-01 
8.4264888743087574e-02 	 7.3737330373218590e-01 
7.7781745930520230e-02 	 7.4444841259718686e-01 
7.0706637065519329e-02 	 7.5093155540975420e-01 
6.3093407998615084e-02 	 7.5677339153845569e-01 
5.5000000000000028e-02 	 7.6192946108295490e-01 
4.6488008791476979e-02 	 7.6636052324069814e-01 
3.7622215765823613e-02 	 7.7003285495311657e-01 
2.8470094961277254e-02 	 7.7291850755846414e-01 
1.9101299543362323e-02 	 7.7499551949800949e-01 
9.5871317022423932e-03 	 7.7624808345675866e-01 
6.7355573953104416e-18 	 7.7666666666666662e-01 
-9.5871317022423810e-03 	 7.7624808345675866e-01 
-1.9101299543362305e-02 	 7.7499551949800949e-01 
-2.8470094961277240e-02 	 7.7291850755846414e-01 
-3.7622215765823502e-02 	 7.7003285495311657e-01 
-4.6488008791476881e-02 	 7.6636052324069814e-01 
-5.5000000000000021e-02 	 7.6192946108295490e-01 
-6.3093407998615070e-02 	 7.5677339153845569e-01 
-7.0706637065519315e-02 	 7.5093155540975420e-01 
-7.7781745930520216e-02 	 7.4444841259718686e-01 
-8.4264888743087560e-02 	 7.3737330373218590e-01 
-9.0106724871789057e-02 	 7.2976007466528170e-01 
-9.5262794416288224e-02 	 7.2166666666666668e-01 
-9.9693856574031459e-02 	 7.1315467545814359e-01 
-1.0336618828644989e-01 	 7.0428888243249022e-01 
-1.0625184089179750e-01 	 6.9513676162794391e-01 
-1.0832885283134287e-01 	 6.8576796621002900e-01 
-1.0958141679009199e-01 	 6.7625379836890898e-01 
-1.1166666666666666e-01 	 6.6666666666666663e-01 
-1.1124174128691158e-01 	 6.5693427539317817e-01 
-1.0997019908636323e-01 	 6.4727595349385947e-01 
-1.0786171726894594e-01 	 6.3776520663021841e-01 
-1.0493234265442643e-01 	 6.2847441732863363e-01 
-1.0120436955242591e-01 	 6.1947429410562183e-01 
-9.6706170089262314e-02 	 6.1083333333333334e-01 
-9.1471978278937396e-02 	 6.0261729794079977e-01 
-8.5541629481619197e-02 	 5.9488871691833634e-01 
-7.8960257232497805e-02 	 5.8770640943416885e-01 
-7.1777949748330225e-02 	 5.8112503718504738e-01 
-6.4049368725866820e-02 	 5.7519468838772925e-01 
-5.5833333333333360e-02 	 5.6996049657740433e-01 
-4.7192372561044756e-02 	 5.6546229711424068e-01 
-3.8192249338033002e-02 	 5.6173432401224022e-01 
-2.8901460036448137e-02 	 5.5880494939772063e-01 
-1.9390713172807217e-02 	 5.5669646758030344e-01 
-9.7323912734885026e-03 	 5.5542492537975507e-01 
6.8376112952393888e-18 	 5.5499999999999994e-01 
9.7323912734884922e-03 	 5.5542492537975507e-01 
1.9390713172807231e-02 	 5.5669646758030344e-01 
2.8901460036448147e-02 	 5.5880494939772063e-01 
3.8192249338033016e-02 	 5.6173432401224022e-01 
4.7192372561044769e-02 	 5.6546229711424068e-01 
5.5833333333333318e-02 	 5.6996049657740433e-01 
6.4049368725866793e-02 	 5.7519468838772925e-01 
7.1777949748330239e-02 	 5.8112503718504738e-01 
7.8960257232497805e-02 	 5.8770640943416885e-01 
8.5541629481619211e-02 	 5.9488871691833645e-01 
9.1471978278937396e-02 	 6.0261729794079977e-01 
9.6706170089262314e-02 	 6.1083333333333334e-01 
1.0120436955242591e-01 	 6.1947429410562183e-01 
1.0493234265442643e-01 	 6.2847441732863363e-01 
1.0786171726894594e-01 	 6.3776520663021841e-01 
1.0997019908636323e-01 	 6.4727595349385936e-01 
1.1124174128691158e-01 	 6.5693427539317817e-01 
1.1166666666666666e-01 	 6.6666666666666663e-01 
1.1124174128691158e-01 	 6.7639905794015509e-01 
1.0997019908636324e-01 	 6.8605737983947379e-01 
1.0786171726894594e-01 	 6.9556812670311485e-01 
1.0493234265442643e-01 	 7.0485891600469963e-01 
1.0120436955242591e-01 	 7.1385903922771143e-01 
9.6706170089262314e-02 	 7.2249999999999992e-01 
9.1471978278937424e-02 	 7.3071603539253338e-01 
8.5541629481619211e-02 	 7.3844461641499681e-01 
7.8960257232497805e-02 	 7.4562692389916441e-01 
7.1777949748330239e-02 	 7.5220829614828588e-01 
6.4049368725866834e-02 	 7.5813864494560401e-01 
5.5833333333333367e-02 	 7.6337283675592893e-01 
4.7192372561044811e-02 	 7.6787103621909258e-01 
3.8192249338033064e-02 	 7.7159900932109304e-01 
2.8901460036448123e-02 	 7.7452838393561263e-01 
1.9390713172807206e-02 	 7.7663686575302981e-01 
9.7323912734884922e-03 	 7.7790840795357818e-01 
6.8376112952393888e-18 	 7.7833333333333332e-01 
-9.7323912734884784e-03 	 7.7790840795357818e-01 
-1.9390713172807193e-02 	 7.7663686575302981e-01 
-2.8901460036448112e-02 	 7.7452838393561263e-01 
-3.8192249338032953e-02 	 7.7159900932109304e-01 
-4.7192372561044714e-02 	 7.6787103621909258e-01 
-5.5833333333333360e-02 	 7.6337283675592893e-01 
-6.4049368725866820e-02 	 7.5813864494560401e-01 
-7.1777949748330225e-02 	 7.5220829614828588e-01 
-7.8960257232497805e-02 	 7.4562692389916441e-01 
-8.5541629481619197e-02 	 7.3844461641499692e-01 
-9.1471978278937396e-02 	 7.3071603539253349e-01 
-9.6706170089262300e-02 	 7.2250000000000003e-01 
-1.0120436955242589e-01 	 7.1385903922771143e-01 
-1.0493234265442641e-01 	 7.0485891600469974e-01 
-1.0786171726894596e-01 	 6.9556812670311474e-01 
-1.0997019908636323e-01 	 6.8605737983947379e-01 
-1.1124174128691158e-01 	 6.7639905794015509e-01 
-1.1333333333333333e-01 	 6.6666666666666663e-01 
-1.1290206578373116e-01 	 6.5678901582193205e-01 
-1.1161154534138357e-01 	 6.4698653986441457e-01 
-1.0947159364609439e-01 	 6.3733384155504758e-01 
-1.0649849702240294e-01 	 6.2790438375642421e-01 
-1.0271488253082033e-01 	 6.1876993033605399e-01 
-9.8149545762236376e-02 	 6.0999999999999999e-01 
-9.2837231686085708e-02 	 6.0166133721354809e-01 
-8.6818370220150820e-02 	 5.9381740423552554e-01 
-8.0138768534475380e-02 	 5.8652789813219119e-01 
-7.2849262431141121e-02 	 5.7984829644651581e-01 
-6.5005329453118557e-02 	 5.7382943498058092e-01 
-5.6666666666666692e-02 	 5.6851712090443030e-01 
-4.7896736330612588e-02 	 5.6395178413584635e-01 
-3.8762282910242453e-02 	 5.6016816964426364e-01 
-2.9332825111619002e-02 	 5.5719507302057225e-01 
-1.9680126802252101e-02 	 5.5505512132528301e-01 
-9.8776508447345999e-03 	 5.5376460088293544e-01 
6.9396651951683344e-18 	 5.5333333333333334e-01 
9.8776508447345878e-03 	 5.5376460088293544e-01 
1.9680126802252111e-02 	 5.5505512132528301e-01 
2.9332825111619016e-02 	 5.5719507302057225e-01 
3.8762282910242467e-02 	 5.6016816964426375e-01 
4.7896736330612602e-02 	 5.6395178413584635e-01 
5.6666666666666650e-02 	 5.6851712090443030e-01 
6.5005329453118529e-02 	 5.7382943498058092e-01 
7.2849262431141135e-02 	 5.7984829644651581e-01 
8.0138768534475394e-02 	 5.8652789813219131e-01 
8.6818370220150834e-02 	 5.9381740423552554e-01 
9.2837231686085722e-02 	 6.0166133721354809e-01 
9.8149545762236376e-02 	 6.0999999999999999e-01 
1.0271488253082033e-01 	 6.1876993033605399e-01 
1.0649849702240294e-01 	 6.2790438375642421e-01 
1.0947159364609439e-01 	 6.3733384155504758e-01 
1.1161154534138357e-01 	 6.4698653986441446e-01 
1.1290206578373116e-01 	 6.5678901582193205e-01 
1.1333333333333333e-01 	 6.6666666666666663e-01 
1.1290206578373116e-01 	 6.7654431751140121e-01 
1.1161154534138358e-01 	 6.8634679346891869e-01 
1.0947159364609439e-01 	 6.9599949177828568e-01 
1.0649849702240294e-01 	 7.0542894957690905e-01 
1.0271488253082033e-01 	 7.1456340299727927e-01 
9.8149545762236376e-02 	 7.2333333333333327e-01 
9.2837231686085750e-02 	 7.3167199611978517e-01 
8.6818370220150834e-02 	 7.3951592909780772e-01 
8.0138768534475394e-02 	 7.4680543520114195e-01 
7.2849262431141135e-02 	 7.5348503688681745e-01 
6.5005329453118571e-02 	 7.5950389835275234e-01 
5.6666666666666698e-02 	 7.6481621242890296e-01 
4.7896736330612644e-02 	 7.6938154919748691e-01 
3.8762282910242515e-02 	 7.7316516368906951e-01 
2.9332825111618992e-02 	 7.7613826031276101e-01 
1.9680126802252090e-02 	 7.7827821200805025e-01 
9.8776508447345878e-03 	 7.7956873245039782e-01 
6.9396651951683344e-18 	 7.7999999999999992e-01 
-9.8776508447345739e-03 	 7.7956873245039782e-01 
-1.9680126802252076e-02 	 7.7827821200805025e-01 
-2.9332825111618978e-02 	 7.7613826031276101e-01 
-3.8762282910242404e-02 	 7.7316516368906962e-01 
-4.7896736330612547e-02 	 7.6938154919748691e-01 
-5.6666666666666692e-02 	 7.6481621242890296e-01 
-6.5005329453118557e-02 	 7.5950389835275234e-01 
-7.2849262431141121e-02 	 7.5348503688681745e-01 
-8.0138768534475380e-02 	 7.4680543520114206e-01 
-8.6818370220150820e-02 	 7.3951592909780772e-01 
-9.2837231686085708e-02 	 7.3167199611978517e-01 
-9.8149545762236362e-02 	 7.2333333333333338e-01 
-1.0271488253082030e-01 	 7.1456340299727927e-01 
-1.0649849702240292e-01 	 7.0542894957690916e-01 
-1.0947159364609441e-01 	 6.9599949177828557e-01 
-1.1161154534138357e-01 	 6.8634679346891869e-01 
-1.1290206578373116e-01 	 6.7654431751140121e-01 
-1.1499999999999999e-01 	 6.6666666666666663e-01 
-1.1456239028055074e-01 	 6.5664375625068594e-01 
-1.1325289159640391e-01 	 6.4669712623496967e-01 
-1.1108147002324284e-01 	 6.3690247647987674e-01 
-1.0806465139037945e-01 	 6.2733435018421468e-01 
-1.0422539550921474e-01 	 6.1806556656648615e-01 
-9.9592921435210438e-02 	 6.0916666666666663e-01 
-9.4202485093234020e-02 	 6.0070537648629629e-01 
-8.8095110958682457e-02 	 5.9274609155271463e-01 
-8.1317279836452955e-02 	 5.8534938683021365e-01 
-7.3920575113952017e-02 	 5.7857155570798413e-01 
-6.5961290180370308e-02 	 5.7246418157343260e-01 
-5.7500000000000023e-02 	 5.6707374523145626e-01 
-4.8601100100180421e-02 	 5.6244127115745191e-01 
-3.9332316482451897e-02 	 5.5860201527628717e-01 
-2.9764190186789871e-02 	 5.5558519664342376e-01 
-1.9969540431696985e-02 	 5.5341377507026268e-01 
-1.0022910415980696e-02 	 5.5210427638611592e-01 
7.0417190950972808e-18 	 5.5166666666666664e-01 
1.0022910415980685e-02 	 5.5210427638611592e-01 
1.9969540431696995e-02 	 5.5341377507026268e-01 
2.9764190186789882e-02 	 5.5558519664342376e-01 
3.9332316482451911e-02 	 5.5860201527628717e-01 
4.8601100100180435e-02 	 5.6244127115745191e-01 
5.7499999999999982e-02 	 5.6707374523145615e-01 
6.5961290180370280e-02 	 5.7246418157343260e-01 
7.3920575113952031e-02 	 5.7857155570798413e-01 
8.1317279836452969e-02 	 5.8534938683021365e-01 
8.8095110958682471e-02 	 5.9274609155271463e-01 
9.4202485093234034e-02 	 6.0070537648629629e-01 
9.9592921435210438e-02 	 6.0916666666666663e-01 
1.0422539550921474e-01 	 6.1806556656648626e-01 
1.0806465139037945e-01 	 6.2733435018421468e-01 
1.1108147002324284e-01 	 6.3690247647987674e-01 
1.1325289159640391e-01 	 6.4669712623496967e-01 
1.1456239028055074e-01 	 6.5664375625068594e-01 
1.1499999999999999e-01 	 6.6666666666666663e-01 
1.1456239028055074e-01 	 6.7668957708264732e-01 
1.1325289159640392e-01 	 6.8663620709836359e-01 
1.1108147002324284e-01 	 6.9643085685345651e-01 
1.0806465139037945e-01 	 7.0599898314911858e-01 
1.0422539550921474e-01 	 7.1526776676684700e-01 
9.9592921435210438e-02 	 7.2416666666666663e-01 
9.4202485093234062e-02 	 7.3262795684703685e-01 
8.8095110958682471e-02 	 7.4058724178061863e-01 
8.1317279836452969e-02 	 7.4798394650311961e-01 
7.3920575113952031e-02 	 7.5476177762534913e-01 
6.5961290180370322e-02 	 7.6086915175990066e-01 
5.7500000000000037e-02 	 7.6625958810187700e-01 
4.8601100100180476e-02 	 7.7089206217588135e-01 
3.9332316482451959e-02 	 7.7473131805704609e-01 
2.9764190186789857e-02 	 7.7774813668990950e-01 
1.9969540431696974e-02 	 7.7991955826307058e-01 
1.0022910415980685e-02 	 7.8122905694721734e-01 
7.0417190950972808e-18 	 7.8166666666666662e-01 
-1.0022910415980671e-02 	 7.8122905694721734e-01 
-1.9969540431696957e-02 	 7.7991955826307058e-01 
-2.9764190186789843e-02 	 7.7774813668990950e-01 
-3.9332316482451848e-02 	 7.7473131805704609e-01 
-4.8601100100180372e-02 	 7.7089206217588135e-01 
-5.7500000000000023e-02 	 7.6625958810187700e-01 
-6.5961290180370308e-02 	 7.6086915175990066e-01 
-7.3920575113952017e-02 	 7.5476177762534913e-01 
-8.1317279836452955e-02 	 7.4798394650311961e-01 
-8.8095110958682457e-02 	 7.4058724178061863e-01 
-9.4202485093234020e-02 	 7.3262795684703697e-01 
-9.9592921435210424e-02 	 7.2416666666666663e-01 
-1.0422539550921471e-01 	 7.1526776676684711e-01 
-1.0806465139037943e-01 	 7.0599898314911858e-01 
-1.1108147002324285e-01 	 6.9643085685345651e-01 
-1.1325289159640391e-01 	 6.8663620709836359e-01 
-1.1456239028055074e-01 	 6.7668957708264732e-01 
-1.1666666666666665e-01 	 6.6666666666666663e-01 
-1.1622271477737030e-01 	 6.5649849667943982e-01 
-1.1489423785142426e-01 	 6.4640771260552476e-01 
-1.1269134640039127e-01 	 6.3647111140470580e-01 
-1.0963080575835596e-01 	 6.2676431661200527e-01 
-1.0573590848760915e-01 	 6.1736120279691842e-01 
-1.0103629710818450e-01 	 6.0833333333333328e-01 
-9.5567738500382346e-02 	 5.9974941575904461e-01 
-8.9371851697214080e-02 	 5.9167477886990372e-01 
-8.2495791138430530e-02 	 5.8417087552823610e-01 
-7.4991887796762913e-02 	 5.7729481496945256e-01 
-6.6917250907622045e-02 	 5.7109892816628427e-01 
-5.8333333333333355e-02 	 5.6563036955848212e-01 
-4.9305463869748253e-02 	 5.6093075817905746e-01 
-3.9902350054661348e-02 	 5.5703586090831070e-01 
-3.0195555261960737e-02 	 5.5397532026627538e-01 
-2.0258954061141865e-02 	 5.5177242881524236e-01 
-1.0168169987226793e-02 	 5.5044395188929629e-01 
7.1437729950262256e-18 	 5.4999999999999993e-01 
1.0168169987226782e-02 	 5.5044395188929629e-01 
2.0258954061141879e-02 	 5.5177242881524236e-01 
3.0195555261960751e-02 	 5.5397532026627538e-01 
3.9902350054661362e-02 	 5.5703586090831070e-01 
4.9305463869748260e-02 	 5.6093075817905746e-01 
5.8333333333333313e-02 	 5.6563036955848212e-01 
6.6917250907622017e-02 	 5.7109892816628427e-01 
7.4991887796762927e-02 	 5.7729481496945256e-01 
8.2495791138430544e-02 	 5.8417087552823610e-01 
8.9371851697214094e-02 	 5.9167477886990372e-01 
9.5567738500382360e-02 	 5.9974941575904461e-01 
1.0103629710818450e-01 	 6.0833333333333328e-01 
1.0573590848760915e-01 	 6.1736120279691842e-01 
1.0963080575835596e-01 	 6.2676431661200527e-01 
1.1269134640039127e-01 	 6.3647111140470591e-01 
1.1489423785142426e-01 	 6.4640771260552476e-01 
1.1622271477737030e-01 	 6.5649849667943982e-01 
1.1666666666666665e-01 	 6.6666666666666663e-01 
1.1622271477737030e-01 	 6.7683483665389343e-01 
1.1489423785142427e-01 	 6.8692562072780849e-01 
1.1269134640039127e-01 	 6.9686222192862735e-01 
1.0963080575835596e-01 	 7.0656901672132799e-01 
1.0573590848760915e-01 	 7.1597213053641484e-01 
1.0103629710818450e-01 	 7.2499999999999998e-01 
9.5567738500382374e-02 	 7.3358391757428865e-01 
8.9371851697214094e-02 	 7.4165855446342954e-01 
8.2495791138430544e-02 	 7.4916245780509716e-01 
7.4991887796762927e-02 	 7.5603851836388070e-01 
6.6917250907622058e-02 	 7.6223440516704899e-01 
5.8333333333333369e-02 	 7.6770296377485114e-01 
4.9305463869748309e-02 	 7.7240257515427579e-01 
3.9902350054661410e-02 	 7.7629747242502256e-01 
3.0195555261960723e-02 	 7.7935801306705788e-01 
2.0258954061141858e-02 	 7.8156090451809090e-01 
1.0168169987226782e-02 	 7.8288938144403697e-01 
7.1437729950262256e-18 	 7.8333333333333333e-01 
-1.0168169987226767e-02 	 7.8288938144403697e-01 
-2.0258954061141841e-02 	 7.8156090451809090e-01 
-3.0195555261960712e-02 	 7.7935801306705788e-01 
-3.9902350054661292e-02 	 7.7629747242502267e-01 
-4.9305463869748205e-02 	 7.7240257515427579e-01 
-5.8333333333333355e-02 	 7.6770296377485114e-01 
-6.6917250907622045e-02 	 7.6223440516704899e-01 
-7.4991887796762913e-02 	 7.5603851836388070e-01 
-8.2495791138430530e-02 	 7.4916245780509716e-01 
-8.9371851697214080e-02 	 7.4165855446342954e-01 
-9.5567738500382346e-02 	 7.3358391757428865e-01 
-1.0103629710818449e-01 	 7.2499999999999998e-01 
-1.0573590848760912e-01 	 7.1597213053641495e-01 
-1.0963080575835595e-01 	 7.0656901672132810e-01 
-1.1269134640039129e-01 	 6.9686222192862735e-01 
-1.1489423785142426e-01 	 6.8692562072780849e-01 
-1.1622271477737030e-01 	 6.7683483665389343e-01 
-1.1833333333333333e-01 	 6.6666666666666663e-01 
-1.1788303927418989e-01 	 6.5635323710819371e-01 
-1.1653558410644461e-01 	 6.4611829897607986e-01 
-1.1430122277753973e-01 	 6.3603974632953497e-01 
-1.1119696012633248e-01 	 6.2619428303979585e-01 
-1.0724642146600358e-01 	 6.1665683902735058e-01 
-1.0247967278115858e-01 	 6.0749999999999993e-01 
-9.6932991907530672e-02 	 5.9879345503179282e-01 
-9.0648592435745717e-02 	 5.9060346618709281e-01 
-8.3674302440408119e-02 	 5.8299236422625844e-01 
-7.6063200479573823e-02 	 5.7601807423092088e-01 
-6.7873211634873795e-02 	 5.6973367475913594e-01 
-5.9166666666666694e-02 	 5.6418699388550808e-01 
-5.0009827639316086e-02 	 5.5942024520066302e-01 
-4.0472383626870799e-02 	 5.5546970654033412e-01 
-3.0626920337131606e-02 	 5.5236544388912689e-01 
-2.0548367690586752e-02 	 5.5013108256022203e-01 
-1.0313429558472892e-02 	 5.4878362739247677e-01 
7.2458268949551735e-18 	 5.4833333333333334e-01 
1.0313429558472880e-02 	 5.4878362739247677e-01 
2.0548367690586766e-02 	 5.5013108256022203e-01 
3.0626920337131620e-02 	 5.5236544388912689e-01 
4.0472383626870813e-02 	 5.5546970654033412e-01 
5.0009827639316100e-02 	 5.5942024520066302e-01 
5.9166666666666652e-02 	 5.6418699388550808e-01 
6.7873211634873767e-02 	 5.6973367475913594e-01 
7.6063200479573836e-02 	 5.7601807423092088e-01 
8.3674302440408133e-02 	 5.8299236422625855e-01 
9.0648592435745731e-02 	 5.9060346618709281e-01 
9.6932991907530686e-02 	 5.9879345503179282e-01 
1.0247967278115858e-01 	 6.0749999999999993e-01 
1.0724642146600358e-01 	 6.1665683902735058e-01 
1.1119696012633248e-01 	 6.2619428303979585e-01 
1.1430122277753973e-01 	 6.3603974632953497e-01 
1.1653558410644461e-01 	 6.4611829897607986e-01 
1.1788303927418989e-01 	 6.5635323710819371e-01 
1.1833333333333333e-01 	 6.6666666666666663e-01 
1.1788303927418989e-01 	 6.7698009622513955e-01 
1.1653558410644463e-01 	 6.8721503435725340e-01 
1.1430122277753973e-01 	 6.9729358700379829e-01 
1.1119696012633248e-01 	 7.0713905029353741e-01 
1.0724642146600358e-01 	 7.1667649430598268e-01 
1.0247967278115858e-01 	 7.2583333333333333e-01 
9.6932991907530713e-02 	 7.3453987830154044e-01 
9.0648592435745731e-02 	 7.4272986714624045e-01 
8.3674302440408133e-02 	 7.5034096910707471e-01 
7.6063200479573836e-02 	 7.5731525910241237e-01 
6.7873211634873809e-02 	 7.6359965857419732e-01 
5.9166666666666708e-02 	 7.6914633944782518e-01 
5.0009827639316148e-02 	 7.7391308813267023e-01 
4.0472383626870861e-02 	 7.7786362679299914e-01 
3.0626920337131595e-02 	 7.8096788944420636e-01 
2.0548367690586742e-02 	 7.8320225077311123e-01 
1.0313429558472880e-02 	 7.8454970594085649e-01 
7.2458268949551735e-18 	 7.8499999999999992e-01 
-1.0313429558472864e-02 	 7.8454970594085649e-01 
-2.0548367690586725e-02 	 7.8320225077311123e-01 
-3.0626920337131582e-02 	 7.8096788944420636e-01 
-4.0472383626870743e-02 	 7.7786362679299914e-01 
-5.0009827639316044e-02 	 7.7391308813267023e-01 
-5.9166666666666694e-02 	 7.6914633944782518e-01 
-6.7873211634873795e-02 	 7.6359965857419732e-01 
-7.6063200479573823e-02 	 7.5731525910241237e-01 
-8.3674302440408119e-02 	 7.5034096910707482e-01 
-9.0648592435745717e-02 	 7.4272986714624045e-01 
-9.6932991907530672e-02 	 7.3453987830154044e-01 
-1.0247967278115855e-01 	 7.2583333333333333e-01 
-1.0724642146600355e-01 	 7.1667649430598279e-01 
-1.1119696012633247e-01 	 7.0713905029353752e-01 
-1.1430122277753975e-01 	 6.9729358700379818e-01 
-1.1653558410644461e-01 	 6.8721503435725340e-01 
-1.1788303927418989e-01 	 6.7698009622513955e-01 
-1.2000000000000000e-01 	 6.6666666666666663e-01 
-1.1954336377100946e-01 	 6.5620797753694760e-01 
-1.1817693036146495e-01 	 6.4582888534663496e-01 
-1.1591109915468818e-01 	 6.3560838125436414e-01 
-1.1276311449430899e-01 	 6.2562424946758632e-01 
-1.0875693444439799e-01 	 6.1595247525778274e-01 
-1.0392304845413264e-01 	 6.0666666666666669e-01 
-9.8298245314678984e-02 	 5.9783749430454103e-01 
-9.1925333174277341e-02 	 5.8953215350428190e-01 
-8.4852813742385694e-02 	 5.8181385292428089e-01 
-7.7134513162384719e-02 	 5.7474133349238932e-01 
-6.8829172362125532e-02 	 5.6836842135198762e-01 
-6.0000000000000026e-02 	 5.6274361821253405e-01 
-5.0714191408883919e-02 	 5.5790973222226858e-01 
-4.1042417199080243e-02 	 5.5390355217235765e-01 
-3.1058285412302475e-02 	 5.5075556751197841e-01 
-2.0837781320031636e-02 	 5.4848973630520170e-01 
-1.0458689129718987e-02 	 5.4712330289565714e-01 
7.3478807948841184e-18 	 5.4666666666666663e-01 
1.0458689129718975e-02 	 5.4712330289565714e-01 
2.0837781320031650e-02 	 5.4848973630520170e-01 
3.1058285412302489e-02 	 5.5075556751197841e-01 
4.1042417199080257e-02 	 5.5390355217235765e-01 
5.0714191408883932e-02 	 5.5790973222226858e-01 
5.9999999999999984e-02 	 5.6274361821253405e-01 
6.8829172362125504e-02 	 5.6836842135198762e-01 
7.7134513162384732e-02 	 5.7474133349238932e-01 
8.4852813742385708e-02 	 5.8181385292428089e-01 
9.1925333174277354e-02 	 5.8953215350428190e-01 
9.8298245314678998e-02 	 5.9783749430454103e-01 
1.0392304845413264e-01 	 6.0666666666666669e-01 
1.0875693444439799e-01 	 6.1595247525778274e-01 
1.1276311449430899e-01 	 6.2562424946758632e-01 
1.1591109915468818e-01 	 6.3560838125436414e-01 
1.1817693036146495e-01 	 6.4582888534663496e-01 
1.1954336377100946e-01 	 6.5620797753694771e-01 
1.2000000000000000e-01 	 6.6666666666666663e-01 
1.1954336377100946e-01 	 6.7712535579638555e-01 
1.1817693036146497e-01 	 6.8750444798669830e-01 
1.1591109915468818e-01 	 6.9772495207896912e-01 
1.1276311449430899e-01 	 7.0770908386574694e-01 
1.0875693444439799e-01 	 7.1738085807555052e-01 
1.0392304845413264e-01 	 7.2666666666666657e-01 
9.8298245314679025e-02 	 7.3549583902879212e-01 
9.1925333174277354e-02 	 7.4380117982905136e-01 
8.4852813742385708e-02 	 7.5151948040905237e-01 
7.7134513162384732e-02 	 7.5859199984094394e-01 
6.8829172362125546e-02 	 7.6496491198134564e-01 
6.0000000000000039e-02 	 7.7058971512079921e-01 
5.0714191408883981e-02 	 7.7542360111106456e-01 
4.1042417199080312e-02 	 7.7942978116097561e-01 
3.1058285412302461e-02 	 7.8257776582135485e-01 
2.0837781320031626e-02 	 7.8484359702813156e-01 
1.0458689129718975e-02 	 7.8621003043767612e-01 
7.3478807948841184e-18 	 7.8666666666666663e-01 
-1.0458689129718961e-02 	 7.8621003043767612e-01 
-2.0837781320031609e-02 	 7.8484359702813156e-01 
-3.1058285412302447e-02 	 7.8257776582135485e-01 
-4.1042417199080188e-02 	 7.7942978116097561e-01 
-5.0714191408883870e-02 	 7.7542360111106468e-01 
-6.0000000000000026e-02 	 7.7058971512079921e-01 
-6.8829172362125532e-02 	 7.6496491198134564e-01 
-7.7134513162384719e-02 	 7.5859199984094394e-01 
-8.4852813742385694e-02 	 7.5151948040905237e-01 
-9.1925333174277341e-02 	 7.4380117982905136e-01 
-9.8298245314678984e-02 	 7.3549583902879223e-01 
-1.0392304845413261e-01 	 7.2666666666666668e-01 
-1.0875693444439796e-01 	 7.1738085807555063e-01 
-1.1276311449430898e-01 	 7.0770908386574694e-01 
-1.1591109915468820e-01 	 6.9772495207896912e-01 
-1.1817693036146495e-01 	 6.8750444798669830e-01 
-1.1954336377100946e-01 	 6.7712535579638566e-01 
-1.2166666666666666e-01 	 6.6666666666666663e-01 
-1.2120368826782904e-01 	 6.5606271796570159e-01 
-1.1981827661648531e-01 	 6.4553947171719006e-01 
-1.1752097553183663e-01 	 6.3517701617919320e-01 
-1.1432926886228550e-01 	 6.2505421589537691e-01 
-1.1026744742279240e-01 	 6.1524811148821490e-01 
-1.0536642412710670e-01 	 6.0583333333333333e-01 
-9.9663498721827296e-02 	 5.9688153357728935e-01 
-9.3202073912808978e-02 	 5.8846084082147099e-01 
-8.6031325044363269e-02 	 5.8063534162230335e-01 
-7.8205825845195615e-02 	 5.7346459275385764e-01 
-6.9785133089377283e-02 	 5.6700316794483929e-01 
-6.0833333333333357e-02 	 5.6130024253955990e-01 
-5.1418555178451751e-02 	 5.5639921924387425e-01 
-4.1612450771289694e-02 	 5.5233739780438107e-01 
-3.1489650487473340e-02 	 5.4914569113483003e-01 
-2.1127194949476520e-02 	 5.4684839005018127e-01 
-1.0603948700965085e-02 	 5.4546297839883762e-01 
7.4499346948130648e-18 	 5.4499999999999993e-01 
1.0603948700965073e-02 	 5.4546297839883762e-01 
2.1127194949476534e-02 	 5.4684839005018127e-01 
3.1489650487473354e-02 	 5.4914569113483003e-01 
4.1612450771289701e-02 	 5.5233739780438107e-01 
5.1418555178451765e-02 	 5.5639921924387425e-01 
6.0833333333333316e-02 	 5.6130024253955990e-01 
6.9785133089377255e-02 	 5.6700316794483929e-01 
7.8205825845195628e-02 	 5.7346459275385764e-01 
8.6031325044363283e-02 	 5.8063534162230335e-01 
9.3202073912808991e-02 	 5.8846084082147099e-01 
9.9663498721827309e-02 	 5.9688153357728935e-01 
1.0536642412710670e-01 	 6.0583333333333333e-01 
1.1026744742279240e-01 	 6.1524811148821490e-01 
1.1432926886228550e-01 	 6.2505421589537691e-01 
1.1752097553183663e-01 	 6.3517701617919320e-01 
1.1981827661648531e-01 	 6.4553947171719006e-01 
1.2120368826782904e-01 	 6.5606271796570159e-01 
1.2166666666666666e-01 	 6.6666666666666663e-01 
1.2120368826782904e-01 	 6.7727061536763167e-01 
1.1981827661648531e-01 	 6.8779386161614309e-01 
1.1752097553183663e-01 	 6.9815631715414006e-01 
1.1432926886228550e-01 	 7.0827911743795635e-01 
1.1026744742279240e-01 	 7.1808522184511836e-01 
1.0536642412710670e-01 	 7.2749999999999992e-01 
9.9663498721827337e-02 	 7.3645179975604391e-01 
9.3202073912808991e-02 	 7.4487249251186227e-01 
8.6031325044363283e-02 	 7.5269799171102991e-01 
7.8205825845195628e-02 	 7.5986874057947562e-01 
6.9785133089377296e-02 	 7.6633016538849397e-01 
6.0833333333333371e-02 	 7.7203309079377336e-01 
5.1418555178451807e-02 	 7.7693411408945900e-01 
4.1612450771289757e-02 	 7.8099593552895208e-01 
3.1489650487473327e-02 	 7.8418764219850323e-01 
2.1127194949476510e-02 	 7.8648494328315199e-01 
1.0603948700965073e-02 	 7.8787035493449564e-01 
7.4499346948130648e-18 	 7.8833333333333333e-01 
-1.0603948700965057e-02 	 7.8787035493449564e-01 
-2.1127194949476492e-02 	 7.8648494328315199e-01 
-3.1489650487473313e-02 	 7.8418764219850323e-01 
-4.1612450771289639e-02 	 7.8099593552895219e-01 
-5.1418555178451703e-02 	 7.7693411408945900e-01 
-6.0833333333333357e-02 	 7.7203309079377336e-01 
-6.9785133089377283e-02 	 7.6633016538849397e-01 
-7.8205825845195615e-02 	 7.5986874057947562e-01 
-8.6031325044363269e-02 	 7.5269799171102991e-01 
-9.3202073912808978e-02 	 7.4487249251186227e-01 
-9.9663498721827296e-02 	 7.3645179975604391e-01 
-1.0536642412710667e-01 	 7.2750000000000004e-01 
-1.1026744742279238e-01 	 7.1808522184511847e-01 
-1.1432926886228549e-01 	 7.0827911743795635e-01 
-1.1752097553183664e-01 	 6.9815631715413995e-01 
-1.1981827661648531e-01 	 6.8779386161614320e-01 
-1.2120368826782904e-01 	 6.7727061536763167e-01 
-1.2333333333333332e-01 	 6.6666666666666663e-01 
-1.2286401276464860e-01 	 6.5591745839445548e-01 
-1.2145962287150565e-01 	 6.4525005808774527e-01 
-1.1913085190898506e-01 	 6.3474565110402237e-01 
-1.1589542323026202e-01 	 6.2448418232316749e-01 
-1.1177796040118682e-01 	 6.1454374771864706e-01 
-1.0680979980008076e-01 	 6.0499999999999998e-01 
-1.0102875212897562e-01 	 5.9592557285003755e-01 
-9.4478814651340601e-02 	 5.8738952813866008e-01 
-8.7209836346340844e-02 	 5.7945683032032580e-01 
-7.9277138528006511e-02 	 5.7218785201532607e-01 
-7.0741093816629019e-02 	 5.6563791453769097e-01 
-6.1666666666666689e-02 	 5.5985686686658587e-01 
-5.2122918948019577e-02 	 5.5488870626547981e-01 
-4.2182484343499138e-02 	 5.5077124343640460e-01 
-3.1921015562644206e-02 	 5.4753581475768154e-01 
-2.1416608578921401e-02 	 5.4520704379516094e-01 
-1.0749208272211182e-02 	 5.4380265390201799e-01 
7.5519885947420112e-18 	 5.4333333333333333e-01 
1.0749208272211170e-02 	 5.4380265390201799e-01 
2.1416608578921414e-02 	 5.4520704379516094e-01 
3.1921015562644220e-02 	 5.4753581475768154e-01 
4.2182484343499152e-02 	 5.5077124343640460e-01 
5.2122918948019591e-02 	 5.5488870626547981e-01 
6.1666666666666647e-02 	 5.5985686686658587e-01 
7.0741093816628992e-02 	 5.6563791453769097e-01 
7.9277138528006524e-02 	 5.7218785201532607e-01 
8.7209836346340858e-02 	 5.7945683032032580e-01 
9.4478814651340615e-02 	 5.8738952813866008e-01 
1.0102875212897564e-01 	 5.9592557285003755e-01 
1.0680979980008076e-01 	 6.0499999999999998e-01 
1.1177796040118682e-01 	 6.1454374771864706e-01 
1.1589542323026202e-01 	 6.2448418232316749e-01 
1.1913085190898506e-01 	 6.3474565110402237e-01 
1.2145962287150565e-01 	 6.4525005808774516e-01 
1.2286401276464860e-01 	 6.5591745839445548e-01 
1.2333333333333332e-01 	 6.6666666666666663e-01 
1.2286401276464860e-01 	 6.7741587493887778e-01 
1.2145962287150566e-01 	 6.8808327524558799e-01 
1.1913085190898506e-01 	 6.9858768222931089e-01 
1.1589542323026202e-01 	 7.0884915101016577e-01 
1.1177796040118682e-01 	 7.1878958561468620e-01 
1.0680979980008076e-01 	 7.2833333333333328e-01 
1.0102875212897566e-01 	 7.3740776048329559e-01 
9.4478814651340615e-02 	 7.4594380519467318e-01 
8.7209836346340858e-02 	 7.5387650301300746e-01 
7.9277138528006524e-02 	 7.6114548131800719e-01 
7.0741093816629033e-02 	 7.6769541879564229e-01 
6.1666666666666703e-02 	 7.7347646646674739e-01 
5.2122918948019639e-02 	 7.7844462706785345e-01 
4.2182484343499208e-02 	 7.8256208989692866e-01 
3.1921015562644192e-02 	 7.8579751857565172e-01 
2.1416608578921394e-02 	 7.8812628953817232e-01 
1.0749208272211170e-02 	 7.8953067943131527e-01 
7.5519885947420112e-18 	 7.8999999999999992e-01 
-1.0749208272211154e-02 	 7.8953067943131527e-01 
-2.1416608578921376e-02 	 7.8812628953817232e-01 
-3.1921015562644178e-02 	 7.8579751857565172e-01 
-4.2182484343499083e-02 	 7.8256208989692866e-01 
-5.2122918948019528e-02 	 7.7844462706785345e-01 
-6.1666666666666689e-02 	 7.7347646646674739e-01 
-7.0741093816629019e-02 	 7.6769541879564229e-01 
-7.9277138528006511e-02 	 7.6114548131800719e-01 
-8.7209836346340844e-02 	 7.5387650301300746e-01 
-9.4478814651340601e-02 	 7.4594380519467318e-01 
-1.0102875212897562e-01 	 7.3740776048329570e-01 
-1.0680979980008073e-01 	 7.2833333333333328e-01 
-1.1177796040118679e-01 	 7.1878958561468631e-01 
-1.1589542323026200e-01 	 7.0884915101016588e-01 
-1.1913085190898508e-01 	 6.9858768222931078e-01 
-1.2145962287150565e-01 	 6.8808327524558799e-01 
-1.2286401276464860e-01 	 6.7741587493887778e-01 
-1.2499999999999999e-01 	 6.6666666666666663e-01 
-1.2452433726146818e-01 	 6.5577219882320936e-01 
-1.2310096912652599e-01 	 6.4496064445830037e-01 
-1.2074072828613351e-01 	 6.3431428602885154e-01 
-1.1746157759823853e-01 	 6.2391414875095808e-01 
-1.1328847337958123e-01 	 6.1383938394907922e-01 
-1.0825317547305482e-01 	 6.0416666666666663e-01 
-1.0239400553612393e-01 	 5.9496961212278587e-01 
-9.5755555389872224e-02 	 5.8631821545584917e-01 
-8.8388347648318419e-02 	 5.7827831901834825e-01 
-8.0348451210817406e-02 	 5.7091111127679439e-01 
-7.1697054543880756e-02 	 5.6427266113054264e-01 
-6.2500000000000014e-02 	 5.5841349119361183e-01 
-5.2827282717587409e-02 	 5.5337819328708537e-01 
-4.2752517915708582e-02 	 5.4920508906842813e-01 
-3.2352380637815072e-02 	 5.4592593838053305e-01 
-2.1706022208366284e-02 	 5.4356569754014061e-01 
-1.0894467843457278e-02 	 5.4214232940519846e-01 
7.6540424946709560e-18 	 5.4166666666666663e-01 
1.0894467843457266e-02 	 5.4214232940519846e-01 
2.1706022208366298e-02 	 5.4356569754014061e-01 
3.2352380637815085e-02 	 5.4592593838053305e-01 
4.2752517915708596e-02 	 5.4920508906842813e-01 
5.2827282717587423e-02 	 5.5337819328708537e-01 
6.2499999999999979e-02 	 5.5841349119361183e-01 
7.1697054543880728e-02 	 5.6427266113054264e-01 
8.0348451210817420e-02 	 5.7091111127679439e-01 
8.8388347648318433e-02 	 5.7827831901834825e-01 
9.5755555389872238e-02 	 5.8631821545584928e-01 
1.0239400553612395e-01 	 5.9496961212278587e-01 
1.0825317547305482e-01 	 6.0416666666666663e-01 
1.1328847337958123e-01 	 6.1383938394907922e-01 
1.1746157759823853e-01 	 6.2391414875095808e-01 
1.2074072828613351e-01 	 6.3431428602885154e-01 
1.2310096912652599e-01 	 6.4496064445830026e-01 
1.2452433726146818e-01 	 6.5577219882320936e-01 
1.2499999999999999e-01 	 6.6666666666666663e-01 
1.2452433726146818e-01 	 6.7756113451012390e-01 
1.2310096912652600e-01 	 6.8837268887503289e-01 
1.2074072828613351e-01 	 6.9901904730448172e-01 
1.1746157759823853e-01 	 7.0941918458237518e-01 
1.1328847337958123e-01 	 7.1949394938425404e-01 
1.0825317547305482e-01 	 7.2916666666666663e-01 
1.0239400553612397e-01 	 7.3836372121054739e-01 
9.5755555389872238e-02 	 7.4701511787748398e-01 
8.8388347648318433e-02 	 7.5505501431498501e-01 
8.0348451210817420e-02 	 7.6242222205653887e-01 
7.1697054543880770e-02 	 7.6906067220279062e-01 
6.2500000000000028e-02 	 7.7491984213972143e-01 
5.2827282717587472e-02 	 7.7995514004624789e-01 
4.2752517915708652e-02 	 7.8412824426490513e-01 
3.2352380637815058e-02 	 7.8740739495280021e-01 
2.1706022208366274e-02 	 7.8976763579319265e-01 
1.0894467843457266e-02 	 7.9119100392813480e-01 
7.6540424946709560e-18 	 7.9166666666666663e-01 
-1.0894467843457250e-02 	 7.9119100392813480e-01 
-2.1706022208366257e-02 	 7.8976763579319265e-01 
-3.2352380637815044e-02 	 7.8740739495280021e-01 
-4.2752517915708527e-02 	 7.8412824426490513e-01 
-5.2827282717587361e-02 	 7.7995514004624789e-01 
-6.2500000000000014e-02 	 7.7491984213972143e-01 
-7.1697054543880756e-02 	 7.6906067220279062e-01 
-8.0348451210817406e-02 	 7.6242222205653887e-01 
-8.8388347648318419e-02 	 7.5505501431498501e-01 
-9.5755555389872224e-02 	 7.4701511787748409e-01 
-1.0239400553612393e-01 	 7.3836372121054739e-01 
-1.0825317547305480e-01 	 7.2916666666666663e-01 
-1.1328847337958120e-01 	 7.1949394938425415e-01 
-1.1746157759823851e-01 	 7.0941918458237530e-01 
-1.2074072828613353e-01 	 6.9901904730448172e-01 
-1.2310096912652599e-01 	 6.8837268887503289e-01 
-1.2452433726146818e-01 	 6.7756113451012390e-01 
-1.2666666666666665e-01 	 6.6666666666666663e-01 
-1.2618466175828774e-01 	 6.5562693925196325e-01 
-1.2474231538154633e-01 	 6.4467123082885547e-01 
-1.2235060466328196e-01 	 6.3388292095368060e-01 
-1.1902773196621504e-01 	 6.2334411517874855e-01 
-1.1479898635797564e-01 	 6.1313502017951138e-01 
-1.0969655114602889e-01 	 6.0333333333333328e-01 
-1.0375925894327226e-01 	 5.9401365139553408e-01 
-9.7032296128403861e-02 	 5.8524690277303826e-01 
-8.9566858950295994e-02 	 5.7709980771637059e-01 
-8.1419763893628302e-02 	 5.6963437053826271e-01 
-7.2653015271132507e-02 	 5.6290740772339432e-01 
-6.3333333333333353e-02 	 5.5697011552063780e-01 
-5.3531646487155242e-02 	 5.5186768030869093e-01 
-4.3322551487918033e-02 	 5.4763893470045155e-01 
-3.2783745712985944e-02 	 5.4431606200338467e-01 
-2.1995435837811168e-02 	 5.4192435128512029e-01 
-1.1039727414703375e-02 	 5.4048200490837894e-01 
7.7560963945999024e-18 	 5.4000000000000004e-01 
1.1039727414703363e-02 	 5.4048200490837894e-01 
2.1995435837811182e-02 	 5.4192435128512029e-01 
3.2783745712985958e-02 	 5.4431606200338467e-01 
4.3322551487918047e-02 	 5.4763893470045155e-01 
5.3531646487155256e-02 	 5.5186768030869104e-01 
6.3333333333333311e-02 	 5.5697011552063769e-01 
7.2653015271132479e-02 	 5.6290740772339432e-01 
8.1419763893628316e-02 	 5.6963437053826271e-01 
8.9566858950296008e-02 	 5.7709980771637059e-01 
9.7032296128403875e-02 	 5.8524690277303837e-01 
1.0375925894327227e-01 	 5.9401365139553408e-01 
1.0969655114602889e-01 	 6.0333333333333328e-01 
1.1479898635797564e-01 	 6.1313502017951138e-01 
1.1902773196621504e-01 	 6.2334411517874855e-01 
1.2235060466328196e-01 	 6.3388292095368071e-01 
1.2474231538154633e-01 	 6.4467123082885547e-01 
1.2618466175828774e-01 	 6.5562693925196325e-01 
1.2666666666666665e-01 	 6.6666666666666663e-01 
1.2618466175828774e-01 	 6.7770639408137001e-01 
1.2474231538154634e-01 	 6.8866210250447779e-01 
1.2235060466328196e-01 	 6.9945041237965255e-01 
1.1902773196621504e-01 	 7.0998921815458471e-01 
1.1479898635797564e-01 	 7.2019831315382188e-01 
1.0969655114602889e-01 	 7.2999999999999998e-01 
1.0375925894327230e-01 	 7.3931968193779907e-01 
9.7032296128403875e-02 	 7.4808643056029489e-01 
8.9566858950296008e-02 	 7.5623352561696267e-01 
8.1419763893628316e-02 	 7.6369896279507055e-01 
7.2653015271132521e-02 	 7.7042592560993894e-01 
6.3333333333333366e-02 	 7.7636321781269546e-01 
5.3531646487155304e-02 	 7.8146565302464222e-01 
4.3322551487918103e-02 	 7.8569439863288171e-01 
3.2783745712985930e-02 	 7.8901727132994859e-01 
2.1995435837811158e-02 	 7.9140898204821297e-01 
1.1039727414703363e-02 	 7.9285132842495432e-01 
7.7560963945999024e-18 	 7.9333333333333322e-01 
-1.1039727414703347e-02 	 7.9285132842495432e-01 
-2.1995435837811141e-02 	 7.9140898204821297e-01 
-3.2783745712985916e-02 	 7.8901727132994859e-01 
-4.3322551487917978e-02 	 7.8569439863288171e-01 
-5.3531646487155193e-02 	 7.8146565302464233e-01 
-6.3333333333333353e-02 	 7.7636321781269546e-01 
-7.2653015271132507e-02 	 7.7042592560993894e-01 
-8.1419763893628302e-02 	 7.6369896279507055e-01 
-8.9566858950295994e-02 	 7.5623352561696267e-01 
-9.7032296128403861e-02 	 7.4808643056029500e-01 
-1.0375925894327226e-01 	 7.3931968193779918e-01 
-1.0969655114602886e-01 	 7.2999999999999998e-01 
-1.1479898635797561e-01 	 7.2019831315382199e-01 
-1.1902773196621502e-01 	 7.0998921815458471e-01 
-1.2235060466328197e-01 	 6.9945041237965255e-01 
-1.2474231538154633e-01 	 6.8866210250447779e-01 
-1.2618466175828774e-01 	 6.7770639408137001e-01 
-1.2833333333333333e-01 	 6.6666666666666663e-01 
-1.2784498625510735e-01 	 6.5548167968071713e-01 
-1.2638366163656670e-01 	 6.4438181719941057e-01 
-1.2396048104043041e-01 	 6.3345155587850976e-01 
-1.2059388633419156e-01 	 6.2277408160653913e-01 
-1.1630949933637007e-01 	 6.1243065640994354e-01 
-1.1113992681900296e-01 	 6.0250000000000004e-01 
-1.0512451235042058e-01 	 5.9305769066828229e-01 
-9.8309036866935498e-02 	 5.8417559009022746e-01 
-9.0745370252273583e-02 	 5.7592129641439305e-01 
-8.2491076576439212e-02 	 5.6835762979973115e-01 
-7.3608975998384257e-02 	 5.6154215431624599e-01 
-6.4166666666666691e-02 	 5.5552673984766365e-01 
-5.4236010256723081e-02 	 5.5035716733029649e-01 
-4.3892585060127484e-02 	 5.4607278033247508e-01 
-3.3215110788156810e-02 	 5.4270618562623618e-01 
-2.2284849467256056e-02 	 5.4028300503009996e-01 
-1.1184986985949472e-02 	 5.3882168041155931e-01 
7.8581502945288488e-18 	 5.3833333333333333e-01 
1.1184986985949460e-02 	 5.3882168041155931e-01 
2.2284849467256070e-02 	 5.4028300503009996e-01 
3.3215110788156824e-02 	 5.4270618562623618e-01 
4.3892585060127498e-02 	 5.4607278033247508e-01 
5.4236010256723095e-02 	 5.5035716733029660e-01 
6.4166666666666650e-02 	 5.5552673984766365e-01 
7.3608975998384230e-02 	 5.6154215431624599e-01 
8.2491076576439226e-02 	 5.6835762979973115e-01 
9.0745370252273597e-02 	 5.7592129641439305e-01 
9.8309036866935512e-02 	 5.8417559009022746e-01 
1.0512451235042060e-01 	 5.9305769066828240e-01 
1.1113992681900296e-01 	 6.0250000000000004e-01 
1.1630949933637007e-01 	 6.1243065640994354e-01 
1.2059388633419156e-01 	 6.2277408160653913e-01 
1.2396048104043041e-01 	 6.3345155587850976e-01 
1.2638366163656670e-01 	 6.4438181719941057e-01 
1.2784498625510735e-01 	 6.5548167968071713e-01 
1.2833333333333333e-01 	 6.6666666666666663e-01 
1.2784498625510735e-01 	 6.7785165365261613e-01 
1.2638366163656670e-01 	 6.8895151613392269e-01 
1.2396048104043041e-01 	 6.9988177745482349e-01 
1.2059388633419156e-01 	 7.1055925172679413e-01 
1.1630949933637007e-01 	 7.2090267692338972e-01 
1.1113992681900296e-01 	 7.3083333333333322e-01 
1.0512451235042063e-01 	 7.4027564266505086e-01 
9.8309036866935512e-02 	 7.4915774324310580e-01 
9.0745370252273597e-02 	 7.5741203691894021e-01 
8.2491076576439226e-02 	 7.6497570353360211e-01 
7.3608975998384271e-02 	 7.7179117901708727e-01 
6.4166666666666705e-02 	 7.7780659348566961e-01 
5.4236010256723144e-02 	 7.8297616600303666e-01 
4.3892585060127554e-02 	 7.8726055300085818e-01 
3.3215110788156796e-02 	 7.9062714770709708e-01 
2.2284849467256045e-02 	 7.9305032830323330e-01 
1.1184986985949460e-02 	 7.9451165292177395e-01 
7.8581502945288488e-18 	 7.9499999999999993e-01 
-1.1184986985949445e-02 	 7.9451165292177395e-01 
-2.2284849467256024e-02 	 7.9305032830323330e-01 
-3.3215110788156782e-02 	 7.9062714770709708e-01 
-4.3892585060127429e-02 	 7.8726055300085818e-01 
-5.4236010256723026e-02 	 7.8297616600303677e-01 
-6.4166666666666691e-02 	 7.7780659348566961e-01 
-7.3608975998384257e-02 	 7.7179117901708727e-01 
-8.2491076576439212e-02 	 7.6497570353360211e-01 
-9.0745370252273583e-02 	 7.5741203691894021e-01 
-9.8309036866935498e-02 	 7.4915774324310580e-01 
-1.0512451235042058e-01 	 7.4027564266505097e-01 
-1.1113992681900293e-01 	 7.3083333333333333e-01 
-1.1630949933637004e-01 	 7.2090267692338983e-01 
-1.2059388633419155e-01 	 7.1055925172679424e-01 
-1.2396048104043043e-01 	 6.9988177745482338e-01 
-1.2638366163656670e-01 	 6.8895151613392269e-01 
-1.2784498625510735e-01 	 6.7785165365261613e-01 
-1.3000000000000000e-01 	 6.6666666666666663e-01 
-1.2950531075192692e-01 	 6.5533642010947102e-01 
-1.2802500789158705e-01 	 6.4409240356996567e-01 
-1.2557035741757888e-01 	 6.3302019080333893e-01 
-1.2216004070216809e-01 	 6.2220404803432972e-01 
-1.1782001231476449e-01 	 6.1172629264037570e-01 
-1.1258330249197704e-01 	 6.0166666666666668e-01 
-1.0648976575756891e-01 	 5.9210172994103061e-01 
-9.9585777605467135e-02 	 5.8310427740741644e-01 
-9.1923881554251172e-02 	 5.7474278511241539e-01 
-8.3562389259250122e-02 	 5.6708088906119947e-01 
-7.4564936725636008e-02 	 5.6017690090909766e-01 
-6.5000000000000030e-02 	 5.5408336417468962e-01 
-5.4940374026290914e-02 	 5.4884665435190216e-01 
-4.4462618632336935e-02 	 5.4450662596449850e-01 
-3.3646475863327682e-02 	 5.4109630924908769e-01 
-2.2574263096700940e-02 	 5.3864165877507952e-01 
-1.1330246557195571e-02 	 5.3716135591473968e-01 
7.9602041944577967e-18 	 5.3666666666666663e-01 
1.1330246557195559e-02 	 5.3716135591473968e-01 
2.2574263096700953e-02 	 5.3864165877507952e-01 
3.3646475863327696e-02 	 5.4109630924908769e-01 
4.4462618632336949e-02 	 5.4450662596449850e-01 
5.4940374026290928e-02 	 5.4884665435190216e-01 
6.4999999999999988e-02 	 5.5408336417468962e-01 
7.4564936725635980e-02 	 5.6017690090909766e-01 
8.3562389259250136e-02 	 5.6708088906119947e-01 
9.1923881554251186e-02 	 5.7474278511241550e-01 
9.9585777605467149e-02 	 5.8310427740741655e-01 
1.0648976575756892e-01 	 5.9210172994103061e-01 
1.1258330249197704e-01 	 6.0166666666666668e-01 
1.1782001231476449e-01 	 6.1172629264037570e-01 
1.2216004070216809e-01 	 6.2220404803432972e-01 
1.2557035741757888e-01 	 6.3302019080333893e-01 
1.2802500789158705e-01 	 6.4409240356996567e-01 
1.2950531075192692e-01 	 6.5533642010947113e-01 
1.3000000000000000e-01 	 6.6666666666666663e-01 
1.2950531075192692e-01 	 6.7799691322386213e-01 
1.2802500789158705e-01 	 6.8924092976336759e-01 
1.2557035741757888e-01 	 7.0031314252999433e-01 
1.2216004070216809e-01 	 7.1112928529900354e-01 
1.1782001231476449e-01 	 7.2160704069295756e-01 
1.1258330249197704e-01 	 7.3166666666666658e-01 
1.0648976575756895e-01 	 7.4123160339230254e-01 
9.9585777605467149e-02 	 7.5022905592591671e-01 
9.1923881554251186e-02 	 7.5859054822091776e-01 
8.3562389259250136e-02 	 7.6625244427213379e-01 
7.4564936725636022e-02 	 7.7315643242423560e-01 
6.5000000000000044e-02 	 7.7924996915864364e-01 
5.4940374026290976e-02 	 7.8448667898143110e-01 
4.4462618632337005e-02 	 7.8882670736883465e-01 
3.3646475863327668e-02 	 7.9223702408424557e-01 
2.2574263096700929e-02 	 7.9469167455825374e-01 
1.1330246557195559e-02 	 7.9617197741859358e-01 
7.9602041944577967e-18 	 7.9666666666666663e-01 
-1.1330246557195542e-02 	 7.9617197741859358e-01 
-2.2574263096700912e-02 	 7.9469167455825374e-01 
-3.3646475863327654e-02 	 7.9223702408424557e-01 
-4.4462618632336880e-02 	 7.8882670736883476e-01 
-5.4940374026290865e-02 	 7.8448667898143110e-01 
-6.5000000000000030e-02 	 7.7924996915864364e-01 
-7.4564936725636008e-02 	 7.7315643242423560e-01 
-8.3562389259250122e-02 	 7.6625244427213379e-01 
-9.1923881554251172e-02 	 7.5859054822091787e-01 
-9.9585777605467135e-02 	 7.5022905592591682e-01 
-1.0648976575756891e-01 	 7.4123160339230265e-01 
-1.1258330249197701e-01 	 7.3166666666666669e-01 
-1.1782001231476447e-01 	 7.2160704069295767e-01 
-1.2216004070216807e-01 	 7.1112928529900366e-01 
-1.2557035741757888e-01 	 7.0031314252999433e-01 
-1.2802500789158705e-01 	 6.8924092976336759e-01 
-1.2950531075192692e-01 	 6.7799691322386224e-01 
-1.3166666666666665e-01 	 6.6666666666666663e-01 
-1.3116563524874647e-01 	 6.5519116053822501e-01 
-1.2966635414660738e-01 	 6.4380298994052076e-01 
-1.2718023379472729e-01 	 6.3258882572816799e-01 
-1.2372619507014458e-01 	 6.2163401446212019e-01 
-1.1933052529315889e-01 	 6.1102192887080786e-01 
-1.1402667816495109e-01 	 6.0083333333333333e-01 
-1.0785501916471721e-01 	 5.9114576921377882e-01 
-1.0086251834399874e-01 	 5.8203296472460564e-01 
-9.3102392856228747e-02 	 5.7356427381043784e-01 
-8.4633701942061004e-02 	 5.6580414832266790e-01 
-7.5520897452887731e-02 	 5.5881164750194945e-01 
-6.5833333333333355e-02 	 5.5263998850171558e-01 
-5.5644737795858740e-02 	 5.4733614137350772e-01 
-4.5032652204546379e-02 	 5.4294047159652203e-01 
-3.4077840938498548e-02 	 5.3948643287193931e-01 
-2.2863676726145820e-02 	 5.3700031252005931e-01 
-1.1475506128441667e-02 	 5.3550103141792016e-01 
8.0622580943867416e-18 	 5.3499999999999992e-01 
1.1475506128441653e-02 	 5.3550103141792016e-01 
2.2863676726145837e-02 	 5.3700031252005931e-01 
3.4077840938498562e-02 	 5.3948643287193931e-01 
4.5032652204546393e-02 	 5.4294047159652203e-01 
5.5644737795858754e-02 	 5.4733614137350772e-01 
6.5833333333333313e-02 	 5.5263998850171558e-01 
7.5520897452887703e-02 	 5.5881164750194934e-01 
8.4633701942061018e-02 	 5.6580414832266790e-01 
9.3102392856228761e-02 	 5.7356427381043784e-01 
1.0086251834399876e-01 	 5.8203296472460564e-01 
1.0785501916471722e-01 	 5.9114576921377893e-01 
1.1402667816495109e-01 	 6.0083333333333333e-01 
1.1933052529315889e-01 	 6.1102192887080786e-01 
1.2372619507014458e-01 	 6.2163401446212019e-01 
1.2718023379472729e-01 	 6.3258882572816799e-01 
1.2966635414660738e-01 	 6.4380298994052076e-01 
1.3116563524874647e-01 	 6.5519116053822501e-01 
1.3166666666666665e-01 	 6.6666666666666663e-01 
1.3116563524874647e-01 	 6.7814217279510824e-01 
1.2966635414660740e-01 	 6.8953034339281238e-01 
1.2718023379472729e-01 	 7.0074450760516527e-01 
1.2372619507014458e-01 	 7.1169931887121307e-01 
1.1933052529315889e-01 	 7.2231140446252540e-01 
1.1402667816495109e-01 	 7.3249999999999993e-01 
1.0785501916471726e-01 	 7.4218756411955433e-01 
1.0086251834399876e-01 	 7.5130036860872762e-01 
9.3102392856228761e-02 	 7.5976905952289542e-01 
8.4633701942061018e-02 	 7.6752918501066536e-01 
7.5520897452887759e-02 	 7.7452168583138381e-01 
6.5833333333333369e-02 	 7.8069334483161767e-01 
5.5644737795858809e-02 	 7.8599719195982554e-01 
4.5032652204546449e-02 	 7.9039286173681123e-01 
3.4077840938498534e-02 	 7.9384690046139395e-01 
2.2863676726145810e-02 	 7.9633302081327406e-01 
1.1475506128441653e-02 	 7.9783230191541310e-01 
8.0622580943867416e-18 	 7.9833333333333334e-01 
-1.1475506128441637e-02 	 7.9783230191541310e-01 
-2.2863676726145792e-02 	 7.9633302081327406e-01 
-3.4077840938498520e-02 	 7.9384690046139395e-01 
-4.5032652204546317e-02 	 7.9039286173681123e-01 
-5.5644737795858691e-02 	 7.8599719195982554e-01 
-6.5833333333333355e-02 	 7.8069334483161767e-01 
-7.5520897452887731e-02 	 7.7452168583138381e-01 
-8.4633701942061004e-02 	 7.6752918501066536e-01 
-9.3102392856228747e-02 	 7.5976905952289542e-01 
-1.0086251834399874e-01 	 7.5130036860872762e-01 
-1.0785501916471721e-01 	 7.4218756411955444e-01 
-1.1402667816495106e-01 	 7.3250000000000004e-01 
-1.1933052529315887e-01 	 7.2231140446252540e-01 
-1.2372619507014457e-01 	 7.1169931887121307e-01 
-1.2718023379472732e-01 	 7.0074450760516516e-01 
-1.2966635414660738e-01 	 6.8953034339281249e-01 
-1.3116563524874647e-01 	 6.7814217279510824e-01 
-1.3333333333333333e-01 	 6.6666666666666663e-01 
-1.3282595974556607e-01 	 6.5504590096697890e-01 
-1.3130770040162773e-01 	 6.4351357631107597e-01 
-1.2879011017187575e-01 	 6.3215746065299716e-01 
-1.2529234943812112e-01 	 6.2106398088991077e-01 
-1.2084103827155332e-01 	 6.1031756510124002e-01 
-1.1547005383792516e-01 	 5.9999999999999998e-01 
-1.0922027257186555e-01 	 5.9018980848652713e-01 
-1.0213925908253038e-01 	 5.8096165204179473e-01 
-9.4280904158206322e-02 	 5.7238576250846029e-01 
-8.5705014624871914e-02 	 5.6452740758413622e-01 
-7.6476858180139481e-02 	 5.5744639409480112e-01 
-6.6666666666666693e-02 	 5.5119661282874155e-01 
-5.6349101565426579e-02 	 5.4582562839511328e-01 
-4.5602685776755830e-02 	 5.4137431722854545e-01 
-3.4509206013669413e-02 	 5.3787655649479083e-01 
-2.3153090355590707e-02 	 5.3535896626503887e-01 
-1.1620765699687764e-02 	 5.3384070692110053e-01 
8.1643119943156879e-18 	 5.3333333333333333e-01 
1.1620765699687752e-02 	 5.3384070692110053e-01 
2.3153090355590721e-02 	 5.3535896626503887e-01 
3.4509206013669434e-02 	 5.3787655649479083e-01 
4.5602685776755844e-02 	 5.4137431722854545e-01 
5.6349101565426593e-02 	 5.4582562839511328e-01 
6.6666666666666652e-02 	 5.5119661282874144e-01 
7.6476858180139454e-02 	 5.5744639409480101e-01 
8.5705014624871928e-02 	 5.6452740758413622e-01 
9.4280904158206336e-02 	 5.7238576250846029e-01 
1.0213925908253040e-01 	 5.8096165204179473e-01 
1.0922027257186556e-01 	 5.9018980848652713e-01 
1.1547005383792516e-01 	 5.9999999999999998e-01 
1.2084103827155332e-01 	 6.1031756510124002e-01 
1.2529234943812112e-01 	 6.2106398088991077e-01 
1.2879011017187575e-01 	 6.3215746065299716e-01 
1.3130770040162773e-01 	 6.4351357631107586e-01 
1.3282595974556607e-01 	 6.5504590096697890e-01 
1.3333333333333333e-01 	 6.6666666666666663e-01 
1.3282595974556607e-01 	 6.7828743236635436e-01 
1.3130770040162776e-01 	 6.8981975702225728e-01 
1.2879011017187575e-01 	 7.0117587268033610e-01 
1.2529234943812112e-01 	 7.1226935244342249e-01 
1.2084103827155332e-01 	 7.2301576823209324e-01 
1.1547005383792516e-01 	 7.3333333333333328e-01 
1.0922027257186559e-01 	 7.4314352484680612e-01 
1.0213925908253040e-01 	 7.5237168129153853e-01 
9.4280904158206336e-02 	 7.6094757082487297e-01 
8.5705014624871928e-02 	 7.6880592574919704e-01 
7.6476858180139495e-02 	 7.7588693923853214e-01 
6.6666666666666707e-02 	 7.8213672050459171e-01 
5.6349101565426642e-02 	 7.8750770493821998e-01 
4.5602685776755900e-02 	 7.9195901610478769e-01 
3.4509206013669400e-02 	 7.9545677683854243e-01 
2.3153090355590697e-02 	 7.9797436706829439e-01 
1.1620765699687752e-02 	 7.9949262641223273e-01 
8.1643119943156879e-18 	 7.9999999999999993e-01 
-1.1620765699687735e-02 	 7.9949262641223273e-01 
-2.3153090355590676e-02 	 7.9797436706829439e-01 
-3.4509206013669386e-02 	 7.9545677683854243e-01 
-4.5602685776755768e-02 	 7.9195901610478781e-01 
-5.6349101565426524e-02 	 7.8750770493821998e-01 
-6.6666666666666693e-02 	 7.8213672050459171e-01 
-7.6476858180139481e-02 	 7.7588693923853214e-01 
-8.5705014624871914e-02 	 7.6880592574919704e-01 
-9.4280904158206322e-02 	 7.6094757082487297e-01 
-1.0213925908253038e-01 	 7.5237168129153853e-01 
-1.0922027257186555e-01 	 7.4314352484680612e-01 
-1.1547005383792514e-01 	 7.3333333333333339e-01 
-1.2084103827155329e-01 	 7.2301576823209324e-01 
-1.2529234943812109e-01 	 7.1226935244342249e-01 
-1.2879011017187578e-01 	 7.0117587268033599e-01 
-1.3130770040162773e-01 	 6.8981975702225728e-01 
-1.3282595974556607e-01 	 6.7828743236635436e-01 
-1.3499999999999998e-01 	 6.6666666666666663e-01 
-1.3448628424238562e-01 	 6.5490064139573279e-01 
-1.3294904665664806e-01 	 6.4322416268163107e-01 
-1.3039998654902418e-01 	 6.3172609557782633e-01 
-1.2685850380609762e-01 	 6.2049394731770136e-01 
-1.2235155124994772e-01 	 6.0961320133167218e-01 
-1.1691342951089921e-01 	 5.9916666666666663e-01 
-1.1058552597901385e-01 	 5.8923384775927534e-01 
-1.0341599982106200e-01 	 5.7989033935898382e-01 
-9.5459415460183897e-02 	 5.7120725120648275e-01 
-8.6776327307682796e-02 	 5.6325066684560465e-01 
-7.7432818907391218e-02 	 5.5608114068765280e-01 
-6.7500000000000018e-02 	 5.4975323715576740e-01 
-5.7053465334994405e-02 	 5.4431511541671884e-01 
-4.6172719348965267e-02 	 5.3980816286056899e-01 
-3.4940571088840279e-02 	 5.3626668011764245e-01 
-2.3442503985035588e-02 	 5.3371762001001855e-01 
-1.1766025270933860e-02 	 5.3218038242428101e-01 
8.2663658942446328e-18 	 5.3166666666666662e-01 
1.1766025270933848e-02 	 5.3218038242428101e-01 
2.3442503985035602e-02 	 5.3371762001001855e-01 
3.4940571088840293e-02 	 5.3626668011764245e-01 
4.6172719348965288e-02 	 5.3980816286056899e-01 
5.7053465334994419e-02 	 5.4431511541671895e-01 
6.7499999999999977e-02 	 5.4975323715576740e-01 
7.7432818907391190e-02 	 5.5608114068765269e-01 
8.6776327307682810e-02 	 5.6325066684560465e-01 
9.5459415460183911e-02 	 5.7120725120648275e-01 
1.0341599982106202e-01 	 5.7989033935898382e-01 
1.1058552597901386e-01 	 5.8923384775927534e-01 
1.1691342951089921e-01 	 5.9916666666666663e-01 
1.2235155124994772e-01 	 6.0961320133167218e-01 
1.2685850380609762e-01 	 6.2049394731770136e-01 
1.3039998654902418e-01 	 6.3172609557782633e-01 
1.3294904665664806e-01 	 6.4322416268163096e-01 
1.3448628424238562e-01 	 6.5490064139573279e-01 
1.3499999999999998e-01 	 6.6666666666666663e-01 
1.3448628424238562e-01 	 6.7843269193760047e-01 
1.3294904665664808e-01 	 6.9010917065170219e-01 
1.3039998654902418e-01 	 7.0160723775550693e-01 
1.2685850380609762e-01 	 7.1283938601563190e-01 
1.2235155124994772e-01 	 7.2372013200166108e-01 
1.1691342951089921e-01 	 7.3416666666666663e-01 
1.1058552597901389e-01 	 7.4409948557405781e-01 
1.0341599982106202e-01 	 7.5344299397434944e-01 
9.5459415460183911e-02 	 7.6212608212685051e-01 
8.6776327307682810e-02 	 7.7008266648772861e-01 
7.7432818907391232e-02 	 7.7725219264568046e-01 
6.7500000000000032e-02 	 7.8358009617756585e-01 
5.7053465334994467e-02 	 7.8901821791661431e-01 
4.6172719348965344e-02 	 7.9352517047276416e-01 
3.4940571088840265e-02 	 7.9706665321569081e-01 
2.3442503985035577e-02 	 7.9961571332331471e-01 
1.1766025270933848e-02 	 8.0115295090905225e-01 
8.2663658942446328e-18 	 8.0166666666666664e-01 
-1.1766025270933830e-02 	 8.0115295090905225e-01 
-2.3442503985035557e-02 	 7.9961571332331471e-01 
-3.4940571088840251e-02 	 7.9706665321569081e-01 
-4.6172719348965212e-02 	 7.9352517047276427e-01 
-5.7053465334994349e-02 	 7.8901821791661442e-01 
-6.7500000000000018e-02 	 7.8358009617756585e-01 
-7.7432818907391218e-02 	 7.7725219264568046e-01 
-8.6776327307682796e-02 	 7.7008266648772861e-01 
-9.5459415460183897e-02 	 7.6212608212685051e-01 
-1.0341599982106200e-01 	 7.5344299397434944e-01 
-1.1058552597901385e-01 	 7.4409948557405792e-01 
-1.1691342951089918e-01 	 7.3416666666666663e-01 
-1.2235155124994769e-01 	 7.2372013200166108e-01 
-1.2685850380609759e-01 	 7.1283938601563201e-01 
-1.3039998654902421e-01 	 7.0160723775550693e-01 
-1.3294904665664806e-01 	 6.9010917065170219e-01 
-1.3448628424238562e-01 	 6.7843269193760047e-01 
-1.3666666666666666e-01 	 6.6666666666666663e-01 
-1.3614660873920523e-01 	 6.5475538182448667e-01 
-1.3459039291166841e-01 	 6.4293474905218617e-01 
-1.3200986292617264e-01 	 6.3129473050265539e-01 
-1.2842465817407414e-01 	 6.1992391374549194e-01 
-1.2386206422834214e-01 	 6.0890883756210434e-01 
-1.1835680518387329e-01 	 5.9833333333333327e-01 
-1.1195077938616217e-01 	 5.8827788703202366e-01 
-1.0469274055959364e-01 	 5.7881902667617291e-01 
-9.6637926762161486e-02 	 5.7002873990450509e-01 
-8.7847639990493706e-02 	 5.6197392610707297e-01 
-7.8388779634642969e-02 	 5.5471588728050447e-01 
-6.8333333333333357e-02 	 5.4830986148279337e-01 
-5.7757829104562237e-02 	 5.4280460243832440e-01 
-4.6742752921174718e-02 	 5.3824200849259252e-01 
-3.5371936164011152e-02 	 5.3465680374049396e-01 
-2.3731917614480472e-02 	 5.3207627375499822e-01 
-1.1911284842179959e-02 	 5.3052005792746137e-01 
8.3684197941735792e-18 	 5.3000000000000003e-01 
1.1911284842179945e-02 	 5.3052005792746137e-01 
2.3731917614480489e-02 	 5.3207627375499822e-01 
3.5371936164011165e-02 	 5.3465680374049396e-01 
4.6742752921174739e-02 	 5.3824200849259252e-01 
5.7757829104562251e-02 	 5.4280460243832451e-01 
6.8333333333333315e-02 	 5.4830986148279337e-01 
7.8388779634642941e-02 	 5.5471588728050436e-01 
8.7847639990493720e-02 	 5.6197392610707297e-01 
9.6637926762161500e-02 	 5.7002873990450520e-01 
1.0469274055959366e-01 	 5.7881902667617291e-01 
1.1195077938616219e-01 	 5.8827788703202366e-01 
1.1835680518387329e-01 	 5.9833333333333338e-01 
1.2386206422834214e-01 	 6.0890883756210434e-01 
1.2842465817407414e-01 	 6.1992391374549194e-01 
1.3200986292617264e-01 	 6.3129473050265550e-01 
1.3459039291166841e-01 	 6.4293474905218617e-01 
1.3614660873920523e-01 	 6.5475538182448667e-01 
1.3666666666666666e-01 	 6.6666666666666663e-01 
1.3614660873920523e-01 	 6.7857795150884659e-01 
1.3459039291166844e-01 	 6.9039858428114709e-01 
1.3200986292617264e-01 	 7.0203860283067776e-01 
1.2842465817407414e-01 	 7.1340941958784132e-01 
1.2386206422834214e-01 	 7.2442449577122892e-01 
1.1835680518387329e-01 	 7.3499999999999988e-01 
1.1195077938616223e-01 	 7.4505544630130960e-01 
1.0469274055959366e-01 	 7.5451430665716035e-01 
9.6637926762161500e-02 	 7.6330459342882806e-01 
8.7847639990493720e-02 	 7.7135940722626029e-01 
7.8388779634642983e-02 	 7.7861744605282879e-01 
6.8333333333333371e-02 	 7.8502347185053989e-01 
5.7757829104562307e-02 	 7.9052873089500875e-01 
4.6742752921174795e-02 	 7.9509132484074074e-01 
3.5371936164011138e-02 	 7.9867652959283930e-01 
2.3731917614480461e-02 	 8.0125705957833504e-01 
1.1911284842179945e-02 	 8.0281327540587188e-01 
8.3684197941735792e-18 	 8.0333333333333323e-01 
-1.1911284842179928e-02 	 8.0281327540587188e-01 
-2.3731917614480444e-02 	 8.0125705957833504e-01 
-3.5371936164011117e-02 	 7.9867652959283930e-01 
-4.6742752921174663e-02 	 7.9509132484074074e-01 
-5.7757829104562182e-02 	 7.9052873089500886e-01 
-6.8333333333333357e-02 	 7.8502347185053989e-01 
-7.8388779634642969e-02 	 7.7861744605282879e-01 
-8.7847639990493706e-02 	 7.7135940722626029e-01 
-9.6637926762161486e-02 	 7.6330459342882817e-01 
-1.0469274055959364e-01 	 7.5451430665716035e-01 
-1.1195077938616217e-01 	 7.4505544630130960e-01 
-1.1835680518387326e-01 	 7.3499999999999999e-01 
-1.2386206422834212e-01 	 7.2442449577122892e-01 
-1.2842465817407411e-01 	 7.1340941958784143e-01 
-1.3200986292617267e-01 	 7.0203860283067776e-01 
-1.3459039291166841e-01 	 6.9039858428114709e-01 
-1.3614660873920523e-01 	 6.7857795150884659e-01 
-1.3833333333333334e-01 	 6.6666666666666663e-01 
-1.3780693323602480e-01 	 6.5461012225324056e-01 
-1.3623173916668879e-01 	 6.4264533542274127e-01 
-1.3361973930332111e-01 	 6.3086336542748456e-01 
-1.2999081254205067e-01 	 6.1935388017328241e-01 
-1.2537257720673659e-01 	 6.0820447379253650e-01 
-1.1980018085684736e-01 	 5.9749999999999992e-01 
-1.1331603279331050e-01 	 5.8732192630477187e-01 
-1.0596948129812528e-01 	 5.7774771399336200e-01 
-9.7816438064139061e-02 	 5.6885022860252754e-01 
-8.8918952673304616e-02 	 5.6069718536854130e-01 
-7.9344740361894719e-02 	 5.5335063387335615e-01 
-6.9166666666666696e-02 	 5.4686648580981934e-01 
-5.8462192874130077e-02 	 5.4129408945993007e-01 
-4.7312786493384176e-02 	 5.3667585412461594e-01 
-3.5803301239182024e-02 	 5.3304692736334558e-01 
-2.4021331243925359e-02 	 5.3043492749997778e-01 
-1.2056544413426056e-02 	 5.2885973343064185e-01 
8.4704736941025271e-18 	 5.2833333333333332e-01 
1.2056544413426042e-02 	 5.2885973343064185e-01 
2.4021331243925373e-02 	 5.3043492749997778e-01 
3.5803301239182038e-02 	 5.3304692736334558e-01 
4.7312786493384190e-02 	 5.3667585412461594e-01 
5.8462192874130091e-02 	 5.4129408945993007e-01 
6.9166666666666654e-02 	 5.4686648580981922e-01 
7.9344740361894692e-02 	 5.5335063387335603e-01 
8.8918952673304630e-02 	 5.6069718536854141e-01 
9.7816438064139088e-02 	 5.6885022860252754e-01 
1.0596948129812529e-01 	 5.7774771399336200e-01 
1.1331603279331053e-01 	 5.8732192630477187e-01 
1.1980018085684736e-01 	 5.9750000000000003e-01 
1.2537257720673659e-01 	 6.0820447379253650e-01 
1.2999081254205067e-01 	 6.1935388017328241e-01 
1.3361973930332111e-01 	 6.3086336542748456e-01 
1.3623173916668879e-01 	 6.4264533542274127e-01 
1.3780693323602480e-01 	 6.5461012225324056e-01 
1.3833333333333334e-01 	 6.6666666666666663e-01 
1.3780693323602480e-01 	 6.7872321108009270e-01 
1.3623173916668879e-01 	 6.9068799791059199e-01 
1.3361973930332111e-01 	 7.0246996790584870e-01 
1.2999081254205067e-01 	 7.1397945316005085e-01 
1.2537257720673659e-01 	 7.2512885954079676e-01 
1.1980018085684736e-01 	 7.3583333333333323e-01 
1.1331603279331055e-01 	 7.4601140702856128e-01 
1.0596948129812529e-01 	 7.5558561933997126e-01 
9.7816438064139088e-02 	 7.6448310473080572e-01 
8.8918952673304630e-02 	 7.7263614796479185e-01 
7.9344740361894733e-02 	 7.7998269945997711e-01 
6.9166666666666710e-02 	 7.8646684752351392e-01 
5.8462192874130146e-02 	 7.9203924387340319e-01 
4.7312786493384253e-02 	 7.9665747920871732e-01 
3.5803301239182003e-02 	 8.0028640596998768e-01 
2.4021331243925349e-02 	 8.0289840583335548e-01 
1.2056544413426042e-02 	 8.0447359990269141e-01 
8.4704736941025271e-18 	 8.0499999999999994e-01 
-1.2056544413426025e-02 	 8.0447359990269141e-01 
-2.4021331243925328e-02 	 8.0289840583335548e-01 
-3.5803301239181989e-02 	 8.0028640596998779e-01 
-4.7312786493384114e-02 	 7.9665747920871732e-01 
-5.8462192874130021e-02 	 7.9203924387340319e-01 
-6.9166666666666696e-02 	 7.8646684752351392e-01 
-7.9344740361894719e-02 	 7.7998269945997711e-01 
-8.8918952673304616e-02 	 7.7263614796479196e-01 
-9.7816438064139061e-02 	 7.6448310473080572e-01 
-1.0596948129812528e-01 	 7.5558561933997126e-01 
-1.1331603279331050e-01 	 7.4601140702856139e-01 
-1.1980018085684732e-01 	 7.3583333333333334e-01 
-1.2537257720673656e-01 	 7.2512885954079676e-01 
-1.2999081254205064e-01 	 7.1397945316005085e-01 
-1.3361973930332111e-01 	 7.0246996790584859e-01 
-1.3623173916668879e-01 	 6.9068799791059199e-01 
-1.3780693323602480e-01 	 6.7872321108009270e-01 
-1.3999999999999999e-01 	 6.6666666666666663e-01 
-1.3946725773284435e-01 	 6.5446486268199444e-01 
-1.3787308542170912e-01 	 6.4235592179329637e-01 
-1.3522961568046954e-01 	 6.3043200035231373e-01 
-1.3155696691002716e-01 	 6.1878384660107300e-01 
-1.2688309018513097e-01 	 6.0750011002296866e-01 
-1.2124355652982141e-01 	 5.9666666666666668e-01 
-1.1468128620045881e-01 	 5.8636596557752019e-01 
-1.0724622203665690e-01 	 5.7667640131055109e-01 
-9.8994949366116636e-02 	 5.6767171730054999e-01 
-8.9990265356115498e-02 	 5.5942044463000973e-01 
-8.0300701089146456e-02 	 5.5198538046620782e-01 
-7.0000000000000021e-02 	 5.4542311013684530e-01 
-5.9166556643697903e-02 	 5.3978357648153563e-01 
-4.7882820065593613e-02 	 5.3510969975663947e-01 
-3.6234666314352883e-02 	 5.3143705098619709e-01 
-2.4310744873370239e-02 	 5.2879358124495757e-01 
-1.2201803984672152e-02 	 5.2719940893382233e-01 
8.5725275940314720e-18 	 5.2666666666666662e-01 
1.2201803984672138e-02 	 5.2719940893382233e-01 
2.4310744873370257e-02 	 5.2879358124495757e-01 
3.6234666314352897e-02 	 5.3143705098619709e-01 
4.7882820065593627e-02 	 5.3510969975663947e-01 
5.9166556643697917e-02 	 5.3978357648153563e-01 
6.9999999999999979e-02 	 5.4542311013684519e-01 
8.0300701089146428e-02 	 5.5198538046620782e-01 
8.9990265356115512e-02 	 5.5942044463000973e-01 
9.8994949366116650e-02 	 5.6767171730054999e-01 
1.0724622203665692e-01 	 5.7667640131055109e-01 
1.1468128620045882e-01 	 5.8636596557752019e-01 
1.2124355652982141e-01 	 5.9666666666666668e-01 
1.2688309018513097e-01 	 6.0750011002296866e-01 
1.3155696691002716e-01 	 6.1878384660107300e-01 
1.3522961568046954e-01 	 6.3043200035231373e-01 
1.3787308542170912e-01 	 6.4235592179329637e-01 
1.3946725773284435e-01 	 6.5446486268199455e-01 
1.3999999999999999e-01 	 6.6666666666666663e-01 
1.3946725773284435e-01 	 6.7886847065133871e-01 
1.3787308542170912e-01 	 6.9097741154003689e-01 
1.3522961568046954e-01 	 7.0290133298101953e-01 
1.3155696691002716e-01 	 7.1454948673226026e-01 
1.2688309018513097e-01 	 7.2583322331036459e-01 
1.2124355652982141e-01 	 7.3666666666666658e-01 
1.1468128620045885e-01 	 7.4696736775581307e-01 
1.0724622203665692e-01 	 7.5665693202278217e-01 
9.8994949366116650e-02 	 7.6566161603278327e-01 
8.9990265356115512e-02 	 7.7391288870332353e-01 
8.0300701089146470e-02 	 7.8134795286712544e-01 
7.0000000000000034e-02 	 7.8791022319648796e-01 
5.9166556643697972e-02 	 7.9354975685179763e-01 
4.7882820065593690e-02 	 7.9822363357669379e-01 
3.6234666314352869e-02 	 8.0189628234713617e-01 
2.4310744873370229e-02 	 8.0453975208837569e-01 
1.2201803984672138e-02 	 8.0613392439951093e-01 
8.5725275940314720e-18 	 8.0666666666666664e-01 
-1.2201803984672121e-02 	 8.0613392439951093e-01 
-2.4310744873370208e-02 	 8.0453975208837569e-01 
-3.6234666314352855e-02 	 8.0189628234713617e-01 
-4.7882820065593551e-02 	 7.9822363357669379e-01 
-5.9166556643697847e-02 	 7.9354975685179763e-01 
-7.0000000000000021e-02 	 7.8791022319648796e-01 
-8.0300701089146456e-02 	 7.8134795286712544e-01 
-8.9990265356115498e-02 	 7.7391288870332353e-01 
-9.8994949366116636e-02 	 7.6566161603278327e-01 
-1.0724622203665690e-01 	 7.5665693202278217e-01 
-1.1468128620045881e-01 	 7.4696736775581307e-01 
-1.2124355652982137e-01 	 7.3666666666666669e-01 
-1.2688309018513094e-01 	 7.2583322331036459e-01 
-1.3155696691002713e-01 	 7.1454948673226037e-01 
-1.3522961568046954e-01 	 7.0290133298101953e-01 
-1.3787308542170912e-01 	 6.9097741154003689e-01 
-1.3946725773284435e-01 	 6.7886847065133882e-01 
-1.4166666666666666e-01 	 6.6666666666666663e-01 
-1.4112758222966396e-01 	 6.5431960311074844e-01 
-1.3951443167672947e-01 	 6.4206650816385147e-01 
-1.3683949205761800e-01 	 6.3000063527714278e-01 
-1.3312312127800369e-01 	 6.1821381302886358e-01 
-1.2839360316352541e-01 	 6.0679574625340083e-01 
-1.2268693220279549e-01 	 5.9583333333333333e-01 
-1.1604653960760714e-01 	 5.8541000485026840e-01 
-1.0852296277518854e-01 	 5.7560508862774018e-01 
-1.0017346066809422e-01 	 5.6649320599857234e-01 
-9.1061578038926408e-02 	 5.5814370389147805e-01 
-8.1256661816398207e-02 	 5.5062012705905949e-01 
-7.0833333333333359e-02 	 5.4397973446387116e-01 
-5.9870920413265735e-02 	 5.3827306350314119e-01 
-4.8452853637803064e-02 	 5.3354354538866300e-01 
-3.6666031389523755e-02 	 5.2982717460904860e-01 
-2.4600158502815127e-02 	 5.2715223498993713e-01 
-1.2347063555918249e-02 	 5.2553908443700270e-01 
8.6745814939604183e-18 	 5.2499999999999991e-01 
1.2347063555918235e-02 	 5.2553908443700270e-01 
2.4600158502815141e-02 	 5.2715223498993713e-01 
3.6666031389523769e-02 	 5.2982717460904860e-01 
4.8452853637803085e-02 	 5.3354354538866300e-01 
5.9870920413265756e-02 	 5.3827306350314119e-01 
7.0833333333333318e-02 	 5.4397973446387116e-01 
8.1256661816398179e-02 	 5.5062012705905938e-01 
9.1061578038926422e-02 	 5.5814370389147805e-01 
1.0017346066809424e-01 	 5.6649320599857245e-01 
1.0852296277518855e-01 	 5.7560508862774018e-01 
1.1604653960760715e-01 	 5.8541000485026840e-01 
1.2268693220279549e-01 	 5.9583333333333333e-01 
1.2839360316352541e-01 	 6.0679574625340094e-01 
1.3312312127800369e-01 	 6.1821381302886358e-01 
1.3683949205761800e-01 	 6.3000063527714278e-01 
1.3951443167672947e-01 	 6.4206650816385147e-01 
1.4112758222966396e-01 	 6.5431960311074844e-01 
1.4166666666666666e-01 	 6.6666666666666663e-01 
1.4112758222966396e-01 	 6.7901373022258482e-01 
1.3951443167672947e-01 	 6.9126682516948168e-01 
1.3683949205761800e-01 	 7.0333269805619048e-01 
1.3312312127800369e-01 	 7.1511952030446968e-01 
1.2839360316352541e-01 	 7.2653758707993232e-01 
1.2268693220279549e-01 	 7.3749999999999993e-01 
1.1604653960760719e-01 	 7.4792332848306475e-01 
1.0852296277518855e-01 	 7.5772824470559308e-01 
1.0017346066809424e-01 	 7.6684012733476081e-01 
9.1061578038926422e-02 	 7.7518962944185521e-01 
8.1256661816398221e-02 	 7.8271320627427377e-01 
7.0833333333333373e-02 	 7.8935359886946210e-01 
5.9870920413265805e-02 	 7.9506026983019207e-01 
4.8452853637803148e-02 	 7.9978978794467026e-01 
3.6666031389523741e-02 	 8.0350615872428466e-01 
2.4600158502815113e-02 	 8.0618109834339613e-01 
1.2347063555918235e-02 	 8.0779424889633056e-01 
8.6745814939604183e-18 	 8.0833333333333335e-01 
-1.2347063555918218e-02 	 8.0779424889633056e-01 
-2.4600158502815096e-02 	 8.0618109834339613e-01 
-3.6666031389523721e-02 	 8.0350615872428466e-01 
-4.8452853637803002e-02 	 7.9978978794467037e-01 
-5.9870920413265680e-02 	 7.9506026983019207e-01 
-7.0833333333333359e-02 	 7.8935359886946210e-01 
-8.1256661816398207e-02 	 7.8271320627427377e-01 
-9.1061578038926408e-02 	 7.7518962944185521e-01 
-1.0017346066809422e-01 	 7.6684012733476092e-01 
-1.0852296277518854e-01 	 7.5772824470559308e-01 
-1.1604653960760714e-01 	 7.4792332848306486e-01 
-1.2268693220279545e-01 	 7.3750000000000004e-01 
-1.2839360316352538e-01 	 7.2653758707993243e-01 
-1.3312312127800366e-01 	 7.1511952030446979e-01 
-1.3683949205761800e-01 	 7.0333269805619036e-01 
-1.3951443167672947e-01 	 6.9126682516948179e-01 
-1.4112758222966396e-01 	 6.7901373022258482e-01 
-1.4333333333333331e-01 	 6.6666666666666663e-01 
-1.4278790672648350e-01 	 6.5417434353950232e-01 
-1.4115577793174980e-01 	 6.4177709453440668e-01 
-1.3844936843476643e-01 	 6.2956927020197195e-01 
-1.3468927564598018e-01 	 6.1764377945665405e-01 
-1.2990411614191980e-01 	 6.0609138248383299e-01 
-1.2413030787576954e-01 	 5.9499999999999997e-01 
-1.1741179301475545e-01 	 5.8445404412301660e-01 
-1.0979970351372015e-01 	 5.7453377594492927e-01 
-1.0135197197007179e-01 	 5.6531469469659479e-01 
-9.2132890721737290e-02 	 5.5686696315294648e-01 
-8.2212622543649944e-02 	 5.4925487365191117e-01 
-7.1666666666666684e-02 	 5.4253635879089712e-01 
-6.0575284182833561e-02 	 5.3676255052474686e-01 
-4.9022887210012508e-02 	 5.3197739102068642e-01 
-3.7097396464694621e-02 	 5.2821729823190022e-01 
-2.4889572132260007e-02 	 5.2551088873491680e-01 
-1.2492323127164345e-02 	 5.2387875994018307e-01 
8.7766353938893632e-18 	 5.2333333333333332e-01 
1.2492323127164331e-02 	 5.2387875994018307e-01 
2.4889572132260021e-02 	 5.2551088873491680e-01 
3.7097396464694635e-02 	 5.2821729823190022e-01 
4.9022887210012522e-02 	 5.3197739102068642e-01 
6.0575284182833575e-02 	 5.3676255052474686e-01 
7.1666666666666642e-02 	 5.4253635879089712e-01 
8.2212622543649902e-02 	 5.4925487365191117e-01 
9.2132890721737318e-02 	 5.5686696315294648e-01 
1.0135197197007180e-01 	 5.6531469469659479e-01 
1.0979970351372016e-01 	 5.7453377594492938e-01 
1.1741179301475546e-01 	 5.8445404412301671e-01 
1.2413030787576954e-01 	 5.9499999999999997e-01 
1.2990411614191980e-01 	 6.0609138248383310e-01 
1.3468927564598018e-01 	 6.1764377945665416e-01 
1.3844936843476643e-01 	 6.2956927020197195e-01 
1.4115577793174980e-01 	 6.4177709453440657e-01 
1.4278790672648350e-01 	 6.5417434353950232e-01 
1.4333333333333331e-01 	 6.6666666666666663e-01 
1.4278790672648350e-01 	 6.7915898979383094e-01 
1.4115577793174980e-01 	 6.9155623879892658e-01 
1.3844936843476643e-01 	 7.0376406313136131e-01 
1.3468927564598018e-01 	 7.1568955387667910e-01 
1.2990411614191980e-01 	 7.2724195084950016e-01 
1.2413030787576954e-01 	 7.3833333333333329e-01 
1.1741179301475549e-01 	 7.4887928921031655e-01 
1.0979970351372016e-01 	 7.5879955738840388e-01 
1.0135197197007180e-01 	 7.6801863863673847e-01 
9.2132890721737318e-02 	 7.7646637018038678e-01 
8.2212622543649957e-02 	 7.8407845968142209e-01 
7.1666666666666698e-02 	 7.9079697454243614e-01 
6.0575284182833630e-02 	 7.9657078280858640e-01 
4.9022887210012585e-02 	 8.0135594231264684e-01 
3.7097396464694600e-02 	 8.0511603510143304e-01 
2.4889572132259993e-02 	 8.0782244459841646e-01 
1.2492323127164331e-02 	 8.0945457339315019e-01 
8.7766353938893632e-18 	 8.0999999999999994e-01 
-1.2492323127164313e-02 	 8.0945457339315019e-01 
-2.4889572132259976e-02 	 8.0782244459841646e-01 
-3.7097396464694586e-02 	 8.0511603510143304e-01 
-4.9022887210012446e-02 	 8.0135594231264684e-01 
-6.0575284182833505e-02 	 7.9657078280858651e-01 
-7.1666666666666684e-02 	 7.9079697454243614e-01 
-8.2212622543649944e-02 	 7.8407845968142209e-01 
-9.2132890721737290e-02 	 7.7646637018038678e-01 
-1.0135197197007179e-01 	 7.6801863863673847e-01 
-1.0979970351372015e-01 	 7.5879955738840399e-01 
-1.1741179301475545e-01 	 7.4887928921031666e-01 
-1.2413030787576949e-01 	 7.3833333333333329e-01 
-1.2990411614191977e-01 	 7.2724195084950027e-01 
-1.3468927564598016e-01 	 7.1568955387667921e-01 
-1.3844936843476643e-01 	 7.0376406313136119e-01 
-1.4115577793174980e-01 	 6.9155623879892658e-01 
-1.4278790672648350e-01 	 6.7915898979383094e-01 
-1.4499999999999999e-01 	 6.6666666666666663e-01 
-1.4444823122330308e-01 	 6.5402908396825621e-01 
-1.4279712418677015e-01 	 6.4148768090496178e-01 
-1.4005924481191487e-01 	 6.2913790512680112e-01 
-1.3625543001395671e-01 	 6.1707374588444464e-01 
-1.3141462912031424e-01 	 6.0538701871426526e-01 
-1.2557368354874360e-01 	 5.9416666666666662e-01 
-1.1877704642190377e-01 	 5.8349808339576492e-01 
-1.1107644425225179e-01 	 5.7346246326211836e-01 
-1.0253048327204937e-01 	 5.6413618339461724e-01 
-9.3204203404548200e-02 	 5.5559022241441480e-01 
-8.3168583270901694e-02 	 5.4788962024476284e-01 
-7.2500000000000023e-02 	 5.4109298311792309e-01 
-6.1279647952401400e-02 	 5.3525203754635242e-01 
-4.9592920782221959e-02 	 5.3041123665270995e-01 
-3.7528761539865486e-02 	 5.2660742185475173e-01 
-2.5178985761704891e-02 	 5.2386954247989648e-01 
-1.2637582698410444e-02 	 5.2221843544336355e-01 
8.8786892938183096e-18 	 5.2166666666666661e-01 
1.2637582698410430e-02 	 5.2221843544336355e-01 
2.5178985761704908e-02 	 5.2386954247989648e-01 
3.7528761539865507e-02 	 5.2660742185475173e-01 
4.9592920782221973e-02 	 5.3041123665270995e-01 
6.1279647952401414e-02 	 5.3525203754635242e-01 
7.2499999999999981e-02 	 5.4109298311792298e-01 
8.3168583270901653e-02 	 5.4788962024476284e-01 
9.3204203404548214e-02 	 5.5559022241441480e-01 
1.0253048327204939e-01 	 5.6413618339461724e-01 
1.1107644425225180e-01 	 5.7346246326211847e-01 
1.1877704642190379e-01 	 5.8349808339576492e-01 
1.2557368354874360e-01 	 5.9416666666666662e-01 
1.3141462912031424e-01 	 6.0538701871426526e-01 
1.3625543001395671e-01 	 6.1707374588444464e-01 
1.4005924481191487e-01 	 6.2913790512680112e-01 
1.4279712418677015e-01 	 6.4148768090496167e-01 
1.4444823122330308e-01 	 6.5402908396825621e-01 
1.4499999999999999e-01 	 6.6666666666666663e-01 
1.4444823122330308e-01 	 6.7930424936507705e-01 
1.4279712418677018e-01 	 6.9184565242837148e-01 
1.4005924481191487e-01 	 7.0419542820653214e-01 
1.3625543001395671e-01 	 7.1625958744888862e-01 
1.3141462912031424e-01 	 7.2794631461906800e-01 
1.2557368354874360e-01 	 7.3916666666666664e-01 
1.1877704642190381e-01 	 7.4983524993756823e-01 
1.1107644425225180e-01 	 7.5987087007121479e-01 
1.0253048327204939e-01 	 7.6919714993871602e-01 
9.3204203404548214e-02 	 7.7774311091891846e-01 
8.3168583270901708e-02 	 7.8544371308857042e-01 
7.2500000000000037e-02 	 7.9224035021541017e-01 
6.1279647952401470e-02 	 7.9808129578698084e-01 
4.9592920782222043e-02 	 8.0292209668062331e-01 
3.7528761539865473e-02 	 8.0672591147858153e-01 
2.5178985761704881e-02 	 8.0946379085343678e-01 
1.2637582698410430e-02 	 8.1111489788996971e-01 
8.8786892938183096e-18 	 8.1166666666666665e-01 
-1.2637582698410411e-02 	 8.1111489788996971e-01 
-2.5178985761704860e-02 	 8.0946379085343678e-01 
-3.7528761539865459e-02 	 8.0672591147858153e-01 
-4.9592920782221897e-02 	 8.0292209668062342e-01 
-6.1279647952401345e-02 	 7.9808129578698095e-01 
-7.2500000000000023e-02 	 7.9224035021541017e-01 
-8.3168583270901694e-02 	 7.8544371308857042e-01 
-9.3204203404548200e-02 	 7.7774311091891846e-01 
-1.0253048327204937e-01 	 7.6919714993871602e-01 
-1.1107644425225179e-01 	 7.5987087007121490e-01 
-1.1877704642190377e-01 	 7.4983524993756834e-01 
-1.2557368354874357e-01 	 7.3916666666666664e-01 
-1.3141462912031421e-01 	 7.2794631461906811e-01 
-1.3625543001395668e-01 	 7.1625958744888862e-01 
-1.4005924481191490e-01 	 7.0419542820653214e-01 
-1.4279712418677015e-01 	 6.9184565242837148e-01 
-1.4444823122330308e-01 	 6.7930424936507705e-01 
-1.4666666666666667e-01 	 6.6666666666666663e-01 
-1.4610855572012268e-01 	 6.5388382439701009e-01 
-1.4443847044179051e-01 	 6.4119826727551688e-01 
-1.4166912118906333e-01 	 6.2870654005163018e-01 
-1.3782158438193323e-01 	 6.1650371231223522e-01 
-1.3292514209870865e-01 	 6.0468265494469742e-01 
-1.2701705922171769e-01 	 5.9333333333333327e-01 
-1.2014229982905210e-01 	 5.8254212266851313e-01 
-1.1235318499078342e-01 	 5.7239115057930756e-01 
-1.0370899457402696e-01 	 5.6295767209263969e-01 
-9.4275516087359110e-02 	 5.5431348167588324e-01 
-8.4124543998153431e-02 	 5.4652436683761452e-01 
-7.3333333333333361e-02 	 5.3964960744494905e-01 
-6.1984011721969233e-02 	 5.3374152456795798e-01 
-5.0162954354431410e-02 	 5.2884508228473337e-01 
-3.7960126615036359e-02 	 5.2499754547760324e-01 
-2.5468399391149778e-02 	 5.2222819622487615e-01 
-1.2782842269656541e-02 	 5.2055811094654392e-01 
8.9807431937472575e-18 	 5.2000000000000002e-01 
1.2782842269656527e-02 	 5.2055811094654392e-01 
2.5468399391149796e-02 	 5.2222819622487615e-01 
3.7960126615036373e-02 	 5.2499754547760324e-01 
5.0162954354431424e-02 	 5.2884508228473337e-01 
6.1984011721969254e-02 	 5.3374152456795798e-01 
7.3333333333333320e-02 	 5.3964960744494894e-01 
8.4124543998153403e-02 	 5.4652436683761452e-01 
9.4275516087359124e-02 	 5.5431348167588324e-01 
1.0370899457402698e-01 	 5.6295767209263969e-01 
1.1235318499078344e-01 	 5.7239115057930756e-01 
1.2014229982905211e-01 	 5.8254212266851313e-01 
1.2701705922171769e-01 	 5.9333333333333327e-01 
1.3292514209870865e-01 	 6.0468265494469742e-01 
1.3782158438193323e-01 	 6.1650371231223522e-01 
1.4166912118906333e-01 	 6.2870654005163018e-01 
1.4443847044179051e-01 	 6.4119826727551676e-01 
1.4610855572012268e-01 	 6.5388382439701009e-01 
1.4666666666666667e-01 	 6.6666666666666663e-01 
1.4610855572012268e-01 	 6.7944950893632317e-01 
1.4443847044179053e-01 	 6.9213506605781638e-01 
1.4166912118906333e-01 	 7.0462679328170308e-01 
1.3782158438193323e-01 	 7.1682962102109804e-01 
1.3292514209870865e-01 	 7.2865067838863584e-01 
1.2701705922171769e-01 	 7.3999999999999999e-01 
1.2014229982905214e-01 	 7.5079121066482002e-01 
1.1235318499078344e-01 	 7.6094218275402570e-01 
1.0370899457402698e-01 	 7.7037566124069357e-01 
9.4275516087359124e-02 	 7.7901985165745002e-01 
8.4124543998153459e-02 	 7.8680896649571874e-01 
7.3333333333333389e-02 	 7.9368372588838421e-01 
6.1984011721969309e-02 	 7.9959180876537528e-01 
5.0162954354431494e-02 	 8.0448825104859978e-01 
3.7960126615036345e-02 	 8.0833578785573001e-01 
2.5468399391149765e-02 	 8.1110513710845722e-01 
1.2782842269656527e-02 	 8.1277522238678934e-01 
8.9807431937472575e-18 	 8.1333333333333324e-01 
-1.2782842269656508e-02 	 8.1277522238678934e-01 
-2.5468399391149744e-02 	 8.1110513710845722e-01 
-3.7960126615036324e-02 	 8.0833578785573001e-01 
-5.0162954354431348e-02 	 8.0448825104859989e-01 
-6.1984011721969177e-02 	 7.9959180876537528e-01 
-7.3333333333333361e-02 	 7.9368372588838421e-01 
-8.4124543998153431e-02 	 7.8680896649571874e-01 
-9.4275516087359110e-02 	 7.7901985165745002e-01 
-1.0370899457402696e-01 	 7.7037566124069357e-01 
-1.1235318499078342e-01 	 7.6094218275402570e-01 
-1.2014229982905210e-01 	 7.5079121066482013e-01 
-1.2701705922171763e-01 	 7.3999999999999999e-01 
-1.3292514209870862e-01 	 7.2865067838863595e-01 
-1.3782158438193320e-01 	 7.1682962102109815e-01 
-1.4166912118906336e-01 	 7.0462679328170297e-01 
-1.4443847044179051e-01 	 6.9213506605781638e-01 
-1.4610855572012268e-01 	 6.7944950893632317e-01 
-1.4833333333333332e-01 	 6.6666666666666663e-01 
-1.4776888021694223e-01 	 6.5373856482576398e-01 
-1.4607981669681083e-01 	 6.4090885364607197e-01 
-1.4327899756621176e-01 	 6.2827517497645935e-01 
-1.3938773874990973e-01 	 6.1593367874002580e-01 
-1.3443565507710306e-01 	 6.0397829117512958e-01 
-1.2846043489469172e-01 	 5.9250000000000003e-01 
-1.2150755323620041e-01 	 5.8158616194126145e-01 
-1.1362992572931505e-01 	 5.7131983789649665e-01 
-1.0488750587600452e-01 	 5.6177916079066215e-01 
-9.5346828770169992e-02 	 5.5303674093735156e-01 
-8.5080504725405168e-02 	 5.4515911343046619e-01 
-7.4166666666666686e-02 	 5.3820623177197491e-01 
-6.2688375491537066e-02 	 5.3223101158956354e-01 
-5.0732987926640855e-02 	 5.2727892791675690e-01 
-3.8391491690207225e-02 	 5.2338766910045487e-01 
-2.5757813020594659e-02 	 5.2058684996985582e-01 
-1.2928101840902637e-02 	 5.1889778644972440e-01 
9.0827970936762024e-18 	 5.1833333333333331e-01 
1.2928101840902623e-02 	 5.1889778644972440e-01 
2.5757813020594676e-02 	 5.2058684996985582e-01 
3.8391491690207238e-02 	 5.2338766910045487e-01 
5.0732987926640868e-02 	 5.2727892791675690e-01 
6.2688375491537079e-02 	 5.3223101158956354e-01 
7.4166666666666645e-02 	 5.3820623177197491e-01 
8.5080504725405140e-02 	 5.4515911343046619e-01 
9.5346828770170006e-02 	 5.5303674093735156e-01 
1.0488750587600454e-01 	 5.6177916079066215e-01 
1.1362992572931506e-01 	 5.7131983789649665e-01 
1.2150755323620042e-01 	 5.8158616194126145e-01 
1.2846043489469172e-01 	 5.9250000000000003e-01 
1.3443565507710306e-01 	 6.0397829117512958e-01 
1.3938773874990973e-01 	 6.1593367874002580e-01 
1.4327899756621176e-01 	 6.2827517497645935e-01 
1.4607981669681083e-01 	 6.4090885364607197e-01 
1.4776888021694223e-01 	 6.5373856482576398e-01 
1.4833333333333332e-01 	 6.6666666666666663e-01 
1.4776888021694223e-01 	 6.7959476850756928e-01 
1.4607981669681086e-01 	 6.9242447968726129e-01 
1.4327899756621176e-01 	 7.0505815835687391e-01 
1.3938773874990973e-01 	 7.1739965459330746e-01 
1.3443565507710306e-01 	 7.2935504215820368e-01 
1.2846043489469172e-01 	 7.4083333333333323e-01 
1.2150755323620045e-01 	 7.5174717139207181e-01 
1.1362992572931506e-01 	 7.6201349543683661e-01 
1.0488750587600454e-01 	 7.7155417254267111e-01 
9.5346828770170006e-02 	 7.8029659239598170e-01 
8.5080504725405182e-02 	 7.8817421990286707e-01 
7.4166666666666714e-02 	 7.9512710156135835e-01 
6.2688375491537135e-02 	 8.0110232174376961e-01 
5.0732987926640938e-02 	 8.0605440541657636e-01 
3.8391491690207204e-02 	 8.0994566423287839e-01 
2.5757813020594645e-02 	 8.1274648336347743e-01 
1.2928101840902623e-02 	 8.1443554688360886e-01 
9.0827970936762024e-18 	 8.1499999999999995e-01 
-1.2928101840902604e-02 	 8.1443554688360886e-01 
-2.5757813020594628e-02 	 8.1274648336347743e-01 
-3.8391491690207190e-02 	 8.0994566423287839e-01 
-5.0732987926640785e-02 	 8.0605440541657636e-01 
-6.2688375491536996e-02 	 8.0110232174376972e-01 
-7.4166666666666686e-02 	 7.9512710156135835e-01 
-8.5080504725405168e-02 	 7.8817421990286707e-01 
-9.5346828770169992e-02 	 7.8029659239598170e-01 
-1.0488750587600452e-01 	 7.7155417254267111e-01 
-1.1362992572931505e-01 	 7.6201349543683661e-01 
-1.2150755323620041e-01 	 7.5174717139207181e-01 
-1.2846043489469169e-01 	 7.4083333333333334e-01 
-1.3443565507710303e-01 	 7.2935504215820379e-01 
-1.3938773874990970e-01 	 7.1739965459330757e-01 
-1.4327899756621179e-01 	 7.0505815835687380e-01 
-1.4607981669681083e-01 	 6.9242447968726129e-01 
-1.4776888021694223e-01 	 6.7959476850756928e-01 
-1.4999999999999999e-01 	 6.6666666666666663e-01 
-1.4942920471376184e-01 	 6.5359330525451786e-01 
-1.4772116295183119e-01 	 6.4061944001662707e-01 
-1.4488887394336022e-01 	 6.2784380990128852e-01 
-1.4095389311788625e-01 	 6.1536364516781628e-01 
-1.3594616805549747e-01 	 6.0327392740556174e-01 
-1.2990381056766581e-01 	 5.9166666666666667e-01 
-1.2287280664334874e-01 	 5.8063020121400966e-01 
-1.1490666646784668e-01 	 5.7024852521368574e-01 
-1.0606601717798211e-01 	 5.6060064948868449e-01 
-9.6418141452980902e-02 	 5.5176000019881988e-01 
-8.6036465452656918e-02 	 5.4379386002331787e-01 
-7.5000000000000025e-02 	 5.3676285609900087e-01 
-6.3392739261104891e-02 	 5.3072049861116910e-01 
-5.1303021498850306e-02 	 5.2571277354878032e-01 
-3.8822856765378090e-02 	 5.2177779272330638e-01 
-2.6047226650039546e-02 	 5.1894550371483539e-01 
-1.3073361412148736e-02 	 5.1723746195290476e-01 
9.1848509936051487e-18 	 5.1666666666666661e-01 
1.3073361412148720e-02 	 5.1723746195290476e-01 
2.6047226650039560e-02 	 5.1894550371483539e-01 
3.8822856765378111e-02 	 5.2177779272330638e-01 
5.1303021498850319e-02 	 5.2571277354878032e-01 
6.3392739261104919e-02 	 5.3072049861116910e-01 
7.4999999999999983e-02 	 5.3676285609900076e-01 
8.6036465452656891e-02 	 5.4379386002331787e-01 
9.6418141452980916e-02 	 5.5176000019881999e-01 
1.0606601717798213e-01 	 5.6060064948868449e-01 
1.1490666646784670e-01 	 5.7024852521368574e-01 
1.2287280664334875e-01 	 5.8063020121400966e-01 
1.2990381056766581e-01 	 5.9166666666666667e-01 
1.3594616805549747e-01 	 6.0327392740556174e-01 
1.4095389311788625e-01 	 6.1536364516781628e-01 
1.4488887394336022e-01 	 6.2784380990128852e-01 
1.4772116295183119e-01 	 6.4061944001662707e-01 
1.4942920471376184e-01 	 6.5359330525451798e-01 
1.4999999999999999e-01 	 6.6666666666666663e-01 
1.4942920471376184e-01 	 6.7974002807881528e-01 
1.4772116295183121e-01 	 6.9271389331670619e-01 
1.4488887394336022e-01 	 7.0548952343204474e-01 
1.4095389311788625e-01 	 7.1796968816551698e-01 
1.3594616805549747e-01 	 7.3005940592777152e-01 
1.2990381056766581e-01 	 7.4166666666666659e-01 
1.2287280664334878e-01 	 7.5270313211932349e-01 
1.1490666646784670e-01 	 7.6308480811964752e-01 
1.0606601717798213e-01 	 7.7273268384464877e-01 
9.6418141452980916e-02 	 7.8157333313451327e-01 
8.6036465452656932e-02 	 7.8953947331001539e-01 
7.5000000000000053e-02 	 7.9657047723433239e-01 
6.3392739261104974e-02 	 8.0261283472216416e-01 
5.1303021498850389e-02 	 8.0762055978455283e-01 
3.8822856765378076e-02 	 8.1155554061002688e-01 
2.6047226650039532e-02 	 8.1438782961849787e-01 
1.3073361412148720e-02 	 8.1609587138042849e-01 
9.1848509936051487e-18 	 8.1666666666666665e-01 
-1.3073361412148701e-02 	 8.1609587138042849e-01 
-2.6047226650039512e-02 	 8.1438782961849787e-01 
-3.8822856765378062e-02 	 8.1155554061002688e-01 
-5.1303021498850236e-02 	 8.0762055978455294e-01 
-6.3392739261104836e-02 	 8.0261283472216416e-01 
-7.5000000000000025e-02 	 7.9657047723433239e-01 
-8.6036465452656918e-02 	 7.8953947331001539e-01 
-9.6418141452980902e-02 	 7.8157333313451338e-01 
-1.0606601717798211e-01 	 7.7273268384464877e-01 
-1.1490666646784668e-01 	 7.6308480811964752e-01 
-1.2287280664334874e-01 	 7.5270313211932360e-01 
-1.2990381056766576e-01 	 7.4166666666666670e-01 
-1.3594616805549745e-01 	 7.3005940592777163e-01 
-1.4095389311788623e-01 	 7.1796968816551698e-01 
-1.4488887394336025e-01 	 7.0548952343204474e-01 
-1.4772116295183119e-01 	 6.9271389331670619e-01 
-1.4942920471376184e-01 	 6.7974002807881539e-01 
-1.5166666666666664e-01 	 6.6666666666666663e-01 
-1.5108952921058139e-01 	 6.5344804568327186e-01 
-1.4936250920685154e-01 	 6.4033002638718217e-01 
-1.4649875032050866e-01 	 6.2741244482611758e-01 
-1.4252004748586275e-01 	 6.1479361159560686e-01 
-1.3745668103389189e-01 	 6.0256956363599390e-01 
-1.3134718624063985e-01 	 5.9083333333333332e-01 
-1.2423806005049703e-01 	 5.7967424048675797e-01 
-1.1618340720637829e-01 	 5.6917721253087483e-01 
-1.0724452847995969e-01 	 5.5942213818670694e-01 
-9.7489454135791784e-02 	 5.5048325946028831e-01 
-8.6992426179908655e-02 	 5.4242860661616954e-01 
-7.5833333333333350e-02 	 5.3531948042602684e-01 
-6.4097103030672717e-02 	 5.2920998563277477e-01 
-5.1873055071059750e-02 	 5.2414661918080385e-01 
-3.9254221840548956e-02 	 5.2016791634615789e-01 
-2.6336640279484427e-02 	 5.1730415745981506e-01 
-1.3218620983394831e-02 	 5.1557713745608524e-01 
9.2869048935340936e-18 	 5.1500000000000001e-01 
1.3218620983394816e-02 	 5.1557713745608524e-01 
2.6336640279484444e-02 	 5.1730415745981506e-01 
3.9254221840548970e-02 	 5.2016791634615789e-01 
5.1873055071059763e-02 	 5.2414661918080385e-01 
6.4097103030672745e-02 	 5.2920998563277477e-01 
7.5833333333333308e-02 	 5.3531948042602684e-01 
8.6992426179908627e-02 	 5.4242860661616954e-01 
9.7489454135791812e-02 	 5.5048325946028831e-01 
1.0724452847995970e-01 	 5.5942213818670694e-01 
1.1618340720637832e-01 	 5.6917721253087483e-01 
1.2423806005049705e-01 	 5.7967424048675797e-01 
1.3134718624063985e-01 	 5.9083333333333332e-01 
1.3745668103389189e-01 	 6.0256956363599390e-01 
1.4252004748586275e-01 	 6.1479361159560686e-01 
1.4649875032050866e-01 	 6.2741244482611758e-01 
1.4936250920685154e-01 	 6.4033002638718217e-01 
1.5108952921058139e-01 	 6.5344804568327186e-01 
1.5166666666666664e-01 	 6.6666666666666663e-01 
1.5108952921058139e-01 	 6.7988528765006140e-01 
1.4936250920685154e-01 	 6.9300330694615098e-01 
1.4649875032050866e-01 	 7.0592088850721568e-01 
1.4252004748586275e-01 	 7.1853972173772640e-01 
1.3745668103389189e-01 	 7.3076376969733936e-01 
1.3134718624063985e-01 	 7.4249999999999994e-01 
1.2423806005049709e-01 	 7.5365909284657517e-01 
1.1618340720637832e-01 	 7.6415612080245843e-01 
1.0724452847995970e-01 	 7.7391119514662632e-01 
9.7489454135791812e-02 	 7.8285007387304495e-01 
8.6992426179908669e-02 	 7.9090472671716372e-01 
7.5833333333333378e-02 	 7.9801385290730642e-01 
6.4097103030672800e-02 	 8.0412334770055849e-01 
5.1873055071059833e-02 	 8.0918671415252930e-01 
3.9254221840548942e-02 	 8.1316541698717537e-01 
2.6336640279484413e-02 	 8.1602917587351820e-01 
1.3218620983394816e-02 	 8.1775619587724802e-01 
9.2869048935340936e-18 	 8.1833333333333325e-01 
-1.3218620983394797e-02 	 8.1775619587724802e-01 
-2.6336640279484392e-02 	 8.1602917587351820e-01 
-3.9254221840548921e-02 	 8.1316541698717537e-01 
-5.1873055071059680e-02 	 8.0918671415252941e-01 
-6.4097103030672661e-02 	 8.0412334770055849e-01 
-7.5833333333333350e-02 	 7.9801385290730642e-01 
-8.6992426179908655e-02 	 7.9090472671716372e-01 
-9.7489454135791784e-02 	 7.8285007387304495e-01 
-1.0724452847995969e-01 	 7.7391119514662632e-01 
-1.1618340720637829e-01 	 7.6415612080245843e-01 
-1.2423806005049703e-01 	 7.5365909284657528e-01 
-1.3134718624063982e-01 	 7.4250000000000005e-01 
-1.3745668103389186e-01 	 7.3076376969733947e-01 
-1.4252004748586272e-01 	 7.1853972173772651e-01 
-1.4649875032050869e-01 	 7.0592088850721557e-01 
-1.4936250920685154e-01 	 6.9300330694615109e-01 
-1.5108952921058139e-01 	 6.7988528765006140e-01 
-1.5333333333333332e-01 	 6.6666666666666663e-01 
-1.5274985370740096e-01 	 6.5330278611202575e-01 
-1.5100385546187189e-01 	 6.4004061275773727e-01 
-1.4810862669765712e-01 	 6.2698107975094675e-01 
-1.4408620185383927e-01 	 6.1422357802339744e-01 
-1.3896719401228630e-01 	 6.0186519986642606e-01 
-1.3279056191361394e-01 	 5.8999999999999997e-01 
-1.2560331345764536e-01 	 5.7871827975950618e-01 
-1.1746014794490994e-01 	 5.6810589984806392e-01 
-1.0842303978193726e-01 	 5.5824362688472928e-01 
-9.8560766818602694e-02 	 5.4920651872175663e-01 
-8.7948386907160406e-02 	 5.4106335320902121e-01 
-7.6666666666666689e-02 	 5.3387610475305269e-01 
-6.4801466800240556e-02 	 5.2769947265438033e-01 
-5.2443088643269201e-02 	 5.2258046481282738e-01 
-3.9685586915719828e-02 	 5.1855803996900951e-01 
-2.6626053908929311e-02 	 5.1566281120479474e-01 
-1.3363880554640929e-02 	 5.1391681295926572e-01 
9.3889587934630400e-18 	 5.1333333333333331e-01 
1.3363880554640913e-02 	 5.1391681295926572e-01 
2.6626053908929328e-02 	 5.1566281120479474e-01 
3.9685586915719842e-02 	 5.1855803996900951e-01 
5.2443088643269214e-02 	 5.2258046481282738e-01 
6.4801466800240570e-02 	 5.2769947265438033e-01 
7.6666666666666647e-02 	 5.3387610475305269e-01 
8.7948386907160364e-02 	 5.4106335320902121e-01 
9.8560766818602707e-02 	 5.4920651872175674e-01 
1.0842303978193729e-01 	 5.5824362688472939e-01 
1.1746014794490996e-01 	 5.6810589984806392e-01 
1.2560331345764539e-01 	 5.7871827975950618e-01 
1.3279056191361394e-01 	 5.8999999999999997e-01 
1.3896719401228630e-01 	 6.0186519986642606e-01 
1.4408620185383927e-01 	 6.1422357802339744e-01 
1.4810862669765712e-01 	 6.2698107975094675e-01 
1.5100385546187189e-01 	 6.4004061275773727e-01 
1.5274985370740096e-01 	 6.5330278611202575e-01 
1.5333333333333332e-01 	 6.6666666666666663e-01 
1.5274985370740096e-01 	 6.8003054722130751e-01 
1.5100385546187189e-01 	 6.9329272057559588e-01 
1.4810862669765712e-01 	 7.0635225358238651e-01 
1.4408620185383927e-01 	 7.1910975530993582e-01 
1.3896719401228630e-01 	 7.3146813346690720e-01 
1.3279056191361394e-01 	 7.4333333333333329e-01 
1.2560331345764542e-01 	 7.5461505357382697e-01 
1.1746014794490996e-01 	 7.6522743348526934e-01 
1.0842303978193729e-01 	 7.7508970644860387e-01 
9.8560766818602707e-02 	 7.8412681461157652e-01 
8.7948386907160420e-02 	 7.9226998012431205e-01 
7.6666666666666716e-02 	 7.9945722858028057e-01 
6.4801466800240640e-02 	 8.0563386067895293e-01 
5.2443088643269284e-02 	 8.1075286852050588e-01 
3.9685586915719807e-02 	 8.1477529336432375e-01 
2.6626053908929300e-02 	 8.1767052212853852e-01 
1.3363880554640913e-02 	 8.1941652037406754e-01 
9.3889587934630400e-18 	 8.1999999999999995e-01 
-1.3363880554640894e-02 	 8.1941652037406754e-01 
-2.6626053908929276e-02 	 8.1767052212853852e-01 
-3.9685586915719794e-02 	 8.1477529336432375e-01 
-5.2443088643269131e-02 	 8.1075286852050588e-01 
-6.4801466800240501e-02 	 8.0563386067895304e-01 
-7.6666666666666689e-02 	 7.9945722858028057e-01 
-8.7948386907160406e-02 	 7.9226998012431205e-01 
-9.8560766818602694e-02 	 7.8412681461157663e-01 
-1.0842303978193726e-01 	 7.7508970644860398e-01 
-1.1746014794490994e-01 	 7.6522743348526934e-01 
-1.2560331345764536e-01 	 7.5461505357382708e-01 
-1.3279056191361388e-01 	 7.4333333333333340e-01 
-1.3896719401228627e-01 	 7.3146813346690731e-01 
-1.4408620185383925e-01 	 7.1910975530993593e-01 
-1.4810862669765712e-01 	 7.0635225358238640e-01 
-1.5100385546187189e-01 	 6.9329272057559599e-01 
-1.5274985370740096e-01 	 6.8003054722130751e-01 
-1.5500000000000000e-01 	 6.6666666666666663e-01 
-1.5441017820422057e-01 	 6.5315752654077963e-01 
-1.5264520171689225e-01 	 6.3975119912829248e-01 
-1.4971850307480558e-01 	 6.2654971467577592e-01 
-1.4565235622181580e-01 	 6.1365354445118792e-01 
-1.4047770699068074e-01 	 6.0116083609685822e-01 
-1.3423393758658800e-01 	 5.8916666666666662e-01 
-1.2696856686479369e-01 	 5.7776231903225450e-01 
-1.1873688868344158e-01 	 5.6703458716525301e-01 
-1.0960155108391485e-01 	 5.5706511558275174e-01 
-9.9632079501413603e-02 	 5.4792977798322506e-01 
-8.8904347634412156e-02 	 5.3969809980187289e-01 
-7.7500000000000027e-02 	 5.3243272908007866e-01 
-6.5505830569808396e-02 	 5.2618895967598589e-01 
-5.3013122215478652e-02 	 5.2101431044485080e-01 
-4.0116951990890694e-02 	 5.1694816359186102e-01 
-2.6915467538374198e-02 	 5.1402146494977441e-01 
-1.3509140125887026e-02 	 5.1225648846244609e-01 
9.4910126933919879e-18 	 5.1166666666666660e-01 
1.3509140125887012e-02 	 5.1225648846244609e-01 
2.6915467538374215e-02 	 5.1402146494977441e-01 
4.0116951990890715e-02 	 5.1694816359186102e-01 
5.3013122215478665e-02 	 5.2101431044485080e-01 
6.5505830569808410e-02 	 5.2618895967598589e-01 
7.7499999999999986e-02 	 5.3243272908007866e-01 
8.8904347634412115e-02 	 5.3969809980187289e-01 
9.9632079501413617e-02 	 5.4792977798322506e-01 
1.0960155108391487e-01 	 5.5706511558275174e-01 
1.1873688868344159e-01 	 5.6703458716525301e-01 
1.2696856686479371e-01 	 5.7776231903225450e-01 
1.3423393758658800e-01 	 5.8916666666666662e-01 
1.4047770699068074e-01 	 6.0116083609685822e-01 
1.4565235622181580e-01 	 6.1365354445118792e-01 
1.4971850307480558e-01 	 6.2654971467577592e-01 
1.5264520171689225e-01 	 6.3975119912829237e-01 
1.5441017820422057e-01 	 6.5315752654077963e-01 
1.5500000000000000e-01 	 6.6666666666666663e-01 
1.5441017820422057e-01 	 6.8017580679255363e-01 
1.5264520171689225e-01 	 6.9358213420504078e-01 
1.4971850307480558e-01 	 7.0678361865755734e-01 
1.4565235622181580e-01 	 7.1967978888214534e-01 
1.4047770699068074e-01 	 7.3217249723647504e-01 
1.3423393758658800e-01 	 7.4416666666666664e-01 
1.2696856686479374e-01 	 7.5557101430107876e-01 
1.1873688868344159e-01 	 7.6629874616808025e-01 
1.0960155108391487e-01 	 7.7626821775058152e-01 
9.9632079501413617e-02 	 7.8540355535010820e-01 
8.8904347634412170e-02 	 7.9363523353146037e-01 
7.7500000000000055e-02 	 8.0090060425325460e-01 
6.5505830569808479e-02 	 8.0714437365734737e-01 
5.3013122215478735e-02 	 8.1231902288848246e-01 
4.0116951990890680e-02 	 8.1638516974147224e-01 
2.6915467538374184e-02 	 8.1931186838355885e-01 
1.3509140125887012e-02 	 8.2107684487088717e-01 
9.4910126933919879e-18 	 8.2166666666666666e-01 
-1.3509140125886991e-02 	 8.2107684487088717e-01 
-2.6915467538374163e-02 	 8.1931186838355885e-01 
-4.0116951990890666e-02 	 8.1638516974147224e-01 
-5.3013122215478582e-02 	 8.1231902288848246e-01 
-6.5505830569808340e-02 	 8.0714437365734737e-01 
-7.7500000000000027e-02 	 8.0090060425325460e-01 
-8.8904347634412156e-02 	 7.9363523353146037e-01 
-9.9632079501413603e-02 	 7.8540355535010820e-01 
-1.0960155108391485e-01 	 7.7626821775058152e-01 
-1.1873688868344158e-01 	 7.6629874616808025e-01 
-1.2696856686479369e-01 	 7.5557101430107876e-01 
-1.3423393758658797e-01 	 7.4416666666666664e-01 
-1.4047770699068071e-01 	 7.3217249723647515e-01 
-1.4565235622181577e-01 	 7.1967978888214534e-01 
-1.4971850307480558e-01 	 7.0678361865755734e-01 
-1.5264520171689225e-01 	 6.9358213420504078e-01 
-1.5441017820422057e-01 	 6.8017580679255363e-01 
-1.5666666666666665e-01 	 6.6666666666666663e-01 
-1.5607050270104011e-01 	 6.5301226696953352e-01 
-1.5428654797191257e-01 	 6.3946178549884758e-01 
-1.5132837945195399e-01 	 6.2611834960060497e-01 
-1.4721851058979230e-01 	 6.1308351087897850e-01 
-1.4198821996907515e-01 	 6.0045647232729038e-01 
-1.3567731325956206e-01 	 5.8833333333333337e-01 
-1.2833382027194201e-01 	 5.7680635830500271e-01 
-1.2001362942197319e-01 	 5.6596327448244210e-01 
-1.1078006238589243e-01 	 5.5588660428077419e-01 
-1.0070339218422449e-01 	 5.4665303724469338e-01 
-8.9860308361663893e-02 	 5.3833284639472456e-01 
-7.8333333333333366e-02 	 5.3098935340710463e-01 
-6.6210194339376222e-02 	 5.2467844669759145e-01 
-5.3583155787688089e-02 	 5.1944815607687433e-01 
-4.0548317066061559e-02 	 5.1533828721471264e-01 
-2.7204881167819078e-02 	 5.1238011869475408e-01 
-1.3654399697133121e-02 	 5.1059616396562646e-01 
9.5930665933209328e-18 	 5.1000000000000001e-01 
1.3654399697133108e-02 	 5.1059616396562646e-01 
2.7204881167819096e-02 	 5.1238011869475408e-01 
4.0548317066061580e-02 	 5.1533828721471264e-01 
5.3583155787688110e-02 	 5.1944815607687433e-01 
6.6210194339376235e-02 	 5.2467844669759145e-01 
7.8333333333333310e-02 	 5.3098935340710463e-01 
8.9860308361663851e-02 	 5.3833284639472456e-01 
1.0070339218422450e-01 	 5.4665303724469338e-01 
1.1078006238589244e-01 	 5.5588660428077419e-01 
1.2001362942197320e-01 	 5.6596327448244210e-01 
1.2833382027194201e-01 	 5.7680635830500271e-01 
1.3567731325956206e-01 	 5.8833333333333337e-01 
1.4198821996907515e-01 	 6.0045647232729038e-01 
1.4721851058979230e-01 	 6.1308351087897850e-01 
1.5132837945195399e-01 	 6.2611834960060508e-01 
1.5428654797191257e-01 	 6.3946178549884747e-01 
1.5607050270104011e-01 	 6.5301226696953352e-01 
1.5666666666666665e-01 	 6.6666666666666663e-01 
1.5607050270104011e-01 	 6.8032106636379974e-01 
1.5428654797191260e-01 	 6.9387154783448568e-01 
1.5132837945195399e-01 	 7.0721498373272818e-01 
1.4721851058979230e-01 	 7.2024982245435476e-01 
1.4198821996907515e-01 	 7.3287686100604288e-01 
1.3567731325956206e-01 	 7.4499999999999988e-01 
1.2833382027194204e-01 	 7.5652697502833044e-01 
1.2001362942197320e-01 	 7.6737005885089116e-01 
1.1078006238589244e-01 	 7.7744672905255907e-01 
1.0070339218422450e-01 	 7.8668029608863987e-01 
8.9860308361663907e-02 	 7.9500048693860870e-01 
7.8333333333333380e-02 	 8.0234397992622863e-01 
6.6210194339376305e-02 	 8.0865488663574170e-01 
5.3583155787688179e-02 	 8.1388517725645892e-01 
4.0548317066061546e-02 	 8.1799504611862062e-01 
2.7204881167819064e-02 	 8.2095321463857918e-01 
1.3654399697133108e-02 	 8.2273716936770680e-01 
9.5930665933209328e-18 	 8.2333333333333325e-01 
-1.3654399697133087e-02 	 8.2273716936770680e-01 
-2.7204881167819044e-02 	 8.2095321463857918e-01 
-4.0548317066061525e-02 	 8.1799504611862073e-01 
-5.3583155787688019e-02 	 8.1388517725645892e-01 
-6.6210194339376166e-02 	 8.0865488663574181e-01 
-7.8333333333333366e-02 	 8.0234397992622863e-01 
-8.9860308361663893e-02 	 7.9500048693860870e-01 
-1.0070339218422449e-01 	 7.8668029608863987e-01 
-1.1078006238589243e-01 	 7.7744672905255907e-01 
-1.2001362942197319e-01 	 7.6737005885089116e-01 
-1.2833382027194201e-01 	 7.5652697502833055e-01 
-1.3567731325956200e-01 	 7.4500000000000000e-01 
-1.4198821996907510e-01 	 7.3287686100604299e-01 
-1.4721851058979227e-01 	 7.2024982245435476e-01 
-1.5132837945195401e-01 	 7.0721498373272818e-01 
-1.5428654797191257e-01 	 6.9387154783448568e-01 
-1.5607050270104011e-01 	 6.8032106636379974e-01 
-1.5833333333333333e-01 	 6.6666666666666663e-01 
-1.5773082719785969e-01 	 6.5286700739828740e-01 
-1.5592789422693293e-01 	 6.3917237186940268e-01 
-1.5293825582910245e-01 	 6.2568698452543414e-01 
-1.4878466495776882e-01 	 6.1251347730676908e-01 
-1.4349873294746956e-01 	 5.9975210855772254e-01 
-1.3712068893253612e-01 	 5.8750000000000002e-01 
-1.2969907367909034e-01 	 5.7585039757775092e-01 
-1.2129037016050483e-01 	 5.6489196179963119e-01 
-1.1195857368787000e-01 	 5.5470809297879664e-01 
-1.0177470486703540e-01 	 5.4537629650616182e-01 
-9.0816269088915644e-02 	 5.3696759298757635e-01 
-7.9166666666666705e-02 	 5.2954597773413048e-01 
-6.6914558108944061e-02 	 5.2316793371919701e-01 
-5.4153189359897547e-02 	 5.1788200170889787e-01 
-4.0979682141232432e-02 	 5.1372841083756415e-01 
-2.7494294797263962e-02 	 5.1073877243973365e-01 
-1.3799659268379220e-02 	 5.0893583946880694e-01 
9.6951204932498791e-18 	 5.0833333333333330e-01 
1.3799659268379205e-02 	 5.0893583946880694e-01 
2.7494294797263980e-02 	 5.1073877243973365e-01 
4.0979682141232446e-02 	 5.1372841083756415e-01 
5.4153189359897561e-02 	 5.1788200170889787e-01 
6.6914558108944075e-02 	 5.2316793371919701e-01 
7.9166666666666649e-02 	 5.2954597773413048e-01 
9.0816269088915602e-02 	 5.3696759298757624e-01 
1.0177470486703541e-01 	 5.4537629650616182e-01 
1.1195857368787003e-01 	 5.5470809297879664e-01 
1.2129037016050484e-01 	 5.6489196179963119e-01 
1.2969907367909034e-01 	 5.7585039757775092e-01 
1.3712068893253612e-01 	 5.8750000000000002e-01 
1.4349873294746956e-01 	 5.9975210855772254e-01 
1.4878466495776882e-01 	 6.1251347730676908e-01 
1.5293825582910245e-01 	 6.2568698452543414e-01 
1.5592789422693293e-01 	 6.3917237186940268e-01 
1.5773082719785969e-01 	 6.5286700739828740e-01 
1.5833333333333333e-01 	 6.6666666666666663e-01 
1.5773082719785969e-01 	 6.8046632593504586e-01 
1.5592789422693296e-01 	 6.9416096146393058e-01 
1.5293825582910245e-01 	 7.0764634880789912e-01 
1.4878466495776882e-01 	 7.2081985602656418e-01 
1.4349873294746956e-01 	 7.3358122477561072e-01 
1.3712068893253612e-01 	 7.4583333333333324e-01 
1.2969907367909039e-01 	 7.5748293575558223e-01 
1.2129037016050484e-01 	 7.6844137153370207e-01 
1.1195857368787003e-01 	 7.7862524035453662e-01 
1.0177470486703541e-01 	 7.8795703682717144e-01 
9.0816269088915658e-02 	 7.9636574034575691e-01 
7.9166666666666718e-02 	 8.0378735559920278e-01 
6.6914558108944130e-02 	 8.1016539961413614e-01 
5.4153189359897630e-02 	 8.1545133162443539e-01 
4.0979682141232411e-02 	 8.1960492249576911e-01 
2.7494294797263952e-02 	 8.2259456089359961e-01 
1.3799659268379205e-02 	 8.2439749386452632e-01 
9.6951204932498791e-18 	 8.2499999999999996e-01 
-1.3799659268379184e-02 	 8.2439749386452632e-01 
-2.7494294797263927e-02 	 8.2259456089359961e-01 
-4.0979682141232397e-02 	 8.1960492249576911e-01 
-5.4153189359897470e-02 	 8.1545133162443550e-01 
-6.6914558108943992e-02 	 8.1016539961413625e-01 
-7.9166666666666705e-02 	 8.0378735559920278e-01 
-9.0816269088915644e-02 	 7.9636574034575691e-01 
-1.0177470486703540e-01 	 7.8795703682717144e-01 
-1.1195857368787000e-01 	 7.7862524035453662e-01 
-1.2129037016050483e-01 	 7.6844137153370207e-01 
-1.2969907367909034e-01 	 7.5748293575558234e-01 
-1.3712068893253609e-01 	 7.4583333333333335e-01 
-1.4349873294746954e-01 	 7.3358122477561083e-01 
-1.4878466495776879e-01 	 7.2081985602656429e-01 
-1.5293825582910248e-01 	 7.0764634880789901e-01 
-1.5592789422693293e-01 	 6.9416096146393058e-01 
-1.5773082719785969e-01 	 6.8046632593504586e-01 
-1.5999999999999998e-01 	 6.6666666666666663e-01 
-1.5939115169467927e-01 	 6.5272174782704129e-01 
-1.5756924048195325e-01 	 6.3888295823995778e-01 
-1.5454813220625088e-01 	 6.2525561945026331e-01 
-1.5035081932574532e-01 	 6.1194344373455967e-01 
-1.4500924592586398e-01 	 5.9904774478815470e-01 
-1.3856406460551018e-01 	 5.8666666666666667e-01 
-1.3106432708623864e-01 	 5.7489443685049924e-01 
-1.2256711089903645e-01 	 5.6382064911682028e-01 
-1.1313708498984758e-01 	 5.5352958167681909e-01 
-1.0284601754984628e-01 	 5.4409955576763014e-01 
-9.1772229816167367e-02 	 5.3560233958042791e-01 
-8.0000000000000029e-02 	 5.2810260206115656e-01 
-6.7618921878511887e-02 	 5.2165742074080268e-01 
-5.4723222932106984e-02 	 5.1631584734092129e-01 
-4.1411047216403297e-02 	 5.1211853446041578e-01 
-2.7783708426708843e-02 	 5.0909742618471343e-01 
-1.3944918839625316e-02 	 5.0727551497198742e-01 
9.7971743931788240e-18 	 5.0666666666666660e-01 
1.3944918839625300e-02 	 5.0727551497198742e-01 
2.7783708426708863e-02 	 5.0909742618471343e-01 
4.1411047216403311e-02 	 5.1211853446041578e-01 
5.4723222932107005e-02 	 5.1631584734092129e-01 
6.7618921878511901e-02 	 5.2165742074080268e-01 
7.9999999999999974e-02 	 5.2810260206115645e-01 
9.1772229816167339e-02 	 5.3560233958042791e-01 
1.0284601754984631e-01 	 5.4409955576763014e-01 
1.1313708498984759e-01 	 5.5352958167681909e-01 
1.2256711089903646e-01 	 5.6382064911682039e-01 
1.3106432708623866e-01 	 5.7489443685049924e-01 
1.3856406460551018e-01 	 5.8666666666666667e-01 
1.4500924592586398e-01 	 5.9904774478815470e-01 
1.5035081932574532e-01 	 6.1194344373455967e-01 
1.5454813220625088e-01 	 6.2525561945026331e-01 
1.5756924048195325e-01 	 6.3888295823995778e-01 
1.5939115169467927e-01 	 6.5272174782704129e-01 
1.5999999999999998e-01 	 6.6666666666666663e-01 
1.5939115169467927e-01 	 6.8061158550629197e-01 
1.5756924048195328e-01 	 6.9445037509337548e-01 
1.5454813220625088e-01 	 7.0807771388306995e-01 
1.5035081932574532e-01 	 7.2138988959877359e-01 
1.4500924592586398e-01 	 7.3428558854517856e-01 
1.3856406460551018e-01 	 7.4666666666666659e-01 
1.3106432708623869e-01 	 7.5843889648283391e-01 
1.2256711089903646e-01 	 7.6951268421651287e-01 
1.1313708498984759e-01 	 7.7980375165651417e-01 
1.0284601754984631e-01 	 7.8923377756570312e-01 
9.1772229816167394e-02 	 7.9773099375290535e-01 
8.0000000000000043e-02 	 8.0523073127217670e-01 
6.7618921878511956e-02 	 8.1167591259253058e-01 
5.4723222932107074e-02 	 8.1701748599241197e-01 
4.1411047216403277e-02 	 8.2121479887291748e-01 
2.7783708426708832e-02 	 8.2423590714861994e-01 
1.3944918839625300e-02 	 8.2605781836134584e-01 
9.7971743931788240e-18 	 8.2666666666666666e-01 
-1.3944918839625280e-02 	 8.2605781836134584e-01 
-2.7783708426708808e-02 	 8.2423590714861994e-01 
-4.1411047216403256e-02 	 8.2121479887291760e-01 
-5.4723222932106914e-02 	 8.1701748599241197e-01 
-6.7618921878511817e-02 	 8.1167591259253058e-01 
-8.0000000000000029e-02 	 8.0523073127217670e-01 
-9.1772229816167367e-02 	 7.9773099375290535e-01 
-1.0284601754984628e-01 	 7.8923377756570312e-01 
-1.1313708498984758e-01 	 7.7980375165651417e-01 
-1.2256711089903645e-01 	 7.6951268421651298e-01 
-1.3106432708623864e-01 	 7.5843889648283402e-01 
-1.3856406460551013e-01 	 7.4666666666666670e-01 
-1.4500924592586392e-01 	 7.3428558854517856e-01 
-1.5035081932574529e-01 	 7.2138988959877370e-01 
-1.5454813220625091e-01 	 7.0807771388306995e-01 
-1.5756924048195325e-01 	 6.9445037509337548e-01 
-1.5939115169467927e-01 	 6.8061158550629197e-01 
-1.6166666666666665e-01 	 6.6666666666666663e-01 
-1.6105147619149884e-01 	 6.5257648825579517e-01 
-1.5921058673697361e-01 	 6.3859354461051288e-01 
-1.5615800858339934e-01 	 6.2482425437509237e-01 
-1.5191697369372184e-01 	 6.1137341016235014e-01 
-1.4651975890425839e-01 	 5.9834338101858686e-01 
-1.4000744027848425e-01 	 5.8583333333333332e-01 
-1.3242958049338696e-01 	 5.7393847612324744e-01 
-1.2384385163756809e-01 	 5.6274933643400948e-01 
-1.1431559629182517e-01 	 5.5235107037484144e-01 
-1.0391733023265719e-01 	 5.4282281502909857e-01 
-9.2728190543419117e-02 	 5.3423708617327970e-01 
-8.0833333333333368e-02 	 5.2665922638818241e-01 
-6.8323285648079712e-02 	 5.2014690776240824e-01 
-5.5293256504316435e-02 	 5.1474969297294482e-01 
-4.1842412291574163e-02 	 5.1050865808326729e-01 
-2.8073122056153730e-02 	 5.0745607992969299e-01 
-1.4090178410871413e-02 	 5.0561519047516779e-01 
9.8992282931077704e-18 	 5.0500000000000000e-01 
1.4090178410871398e-02 	 5.0561519047516779e-01 
2.8073122056153747e-02 	 5.0745607992969299e-01 
4.1842412291574184e-02 	 5.1050865808326729e-01 
5.5293256504316456e-02 	 5.1474969297294482e-01 
6.8323285648079740e-02 	 5.2014690776240824e-01 
8.0833333333333313e-02 	 5.2665922638818241e-01 
9.2728190543419090e-02 	 5.3423708617327959e-01 
1.0391733023265720e-01 	 5.4282281502909857e-01 
1.1431559629182518e-01 	 5.5235107037484144e-01 
1.2384385163756810e-01 	 5.6274933643400948e-01 
1.3242958049338699e-01 	 5.7393847612324744e-01 
1.4000744027848425e-01 	 5.8583333333333332e-01 
1.4651975890425839e-01 	 5.9834338101858686e-01 
1.5191697369372184e-01 	 6.1137341016235014e-01 
1.5615800858339934e-01 	 6.2482425437509237e-01 
1.5921058673697361e-01 	 6.3859354461051288e-01 
1.6105147619149884e-01 	 6.5257648825579528e-01 
1.6166666666666665e-01 	 6.6666666666666663e-01 
1.6105147619149884e-01 	 6.8075684507753798e-01 
1.5921058673697364e-01 	 6.9473978872282038e-01 
1.5615800858339934e-01 	 7.0850907895824089e-01 
1.5191697369372184e-01 	 7.2195992317098312e-01 
1.4651975890425839e-01 	 7.3498995231474640e-01 
1.4000744027848425e-01 	 7.4749999999999994e-01 
1.3242958049338702e-01 	 7.5939485721008571e-01 
1.2384385163756810e-01 	 7.7058399689932378e-01 
1.1431559629182518e-01 	 7.8098226295849182e-01 
1.0391733023265720e-01 	 7.9051051830423469e-01 
9.2728190543419145e-02 	 7.9909624716005356e-01 
8.0833333333333382e-02 	 8.0667410694515085e-01 
6.8323285648079796e-02 	 8.1318642557092502e-01 
5.5293256504316525e-02 	 8.1858364036038844e-01 
4.1842412291574149e-02 	 8.2282467525006597e-01 
2.8073122056153716e-02 	 8.2587725340364027e-01 
1.4090178410871398e-02 	 8.2771814285816547e-01 
9.8992282931077704e-18 	 8.2833333333333325e-01 
-1.4090178410871377e-02 	 8.2771814285816547e-01 
-2.8073122056153695e-02 	 8.2587725340364027e-01 
-4.1842412291574128e-02 	 8.2282467525006597e-01 
-5.5293256504316365e-02 	 8.1858364036038855e-01 
-6.8323285648079657e-02 	 8.1318642557092502e-01 
-8.0833333333333368e-02 	 8.0667410694515085e-01 
-9.2728190543419117e-02 	 7.9909624716005356e-01 
-1.0391733023265719e-01 	 7.9051051830423469e-01 
-1.1431559629182517e-01 	 7.8098226295849182e-01 
-1.2384385163756809e-01 	 7.7058399689932378e-01 
-1.3242958049338696e-01 	 7.5939485721008582e-01 
-1.4000744027848422e-01 	 7.4750000000000005e-01 
-1.4651975890425836e-01 	 7.3498995231474640e-01 
-1.5191697369372181e-01 	 7.2195992317098312e-01 
-1.5615800858339937e-01 	 7.0850907895824078e-01 
-1.5921058673697361e-01 	 6.9473978872282038e-01 
-1.6105147619149884e-01 	 6.8075684507753809e-01 
-1.6333333333333333e-01 	 6.6666666666666663e-01 
-1.6271180068831845e-01 	 6.5243122868454917e-01 
-1.6085193299199396e-01 	 6.3830413098106797e-01 
-1.5776788496054781e-01 	 6.2439288929992154e-01 
-1.5348312806169837e-01 	 6.1080337659014072e-01 
-1.4803027188265283e-01 	 5.9763901724901902e-01 
-1.4145081595145831e-01 	 5.8499999999999996e-01 
-1.3379483390053529e-01 	 5.7298251539599576e-01 
-1.2512059237609971e-01 	 5.6167802375119846e-01 
-1.1549410759380276e-01 	 5.5117255907286389e-01 
-1.0498864291546810e-01 	 5.4154607429056689e-01 
-9.3684151270670868e-02 	 5.3287183276613126e-01 
-8.1666666666666707e-02 	 5.2521585071520838e-01 
-6.9027649417647552e-02 	 5.1863639478401380e-01 
-5.5863290076525886e-02 	 5.1318353860496824e-01 
-4.2273777366745036e-02 	 5.0889878170611880e-01 
-2.8362535685598617e-02 	 5.0581473367467267e-01 
-1.4235437982117511e-02 	 5.0395486597834815e-01 
1.0001282193036718e-17 	 5.0333333333333330e-01 
1.4235437982117495e-02 	 5.0395486597834815e-01 
2.8362535685598635e-02 	 5.0581473367467267e-01 
4.2273777366745056e-02 	 5.0889878170611880e-01 
5.5863290076525907e-02 	 5.1318353860496824e-01 
6.9027649417647580e-02 	 5.1863639478401380e-01 
8.1666666666666651e-02 	 5.2521585071520827e-01 
9.3684151270670840e-02 	 5.3287183276613126e-01 
1.0498864291546811e-01 	 5.4154607429056689e-01 
1.1549410759380277e-01 	 5.5117255907286389e-01 
1.2512059237609974e-01 	 5.6167802375119857e-01 
1.3379483390053531e-01 	 5.7298251539599576e-01 
1.4145081595145831e-01 	 5.8499999999999996e-01 
1.4803027188265283e-01 	 5.9763901724901902e-01 
1.5348312806169837e-01 	 6.1080337659014072e-01 
1.5776788496054781e-01 	 6.2439288929992154e-01 
1.6085193299199396e-01 	 6.3830413098106797e-01 
1.6271180068831845e-01 	 6.5243122868454917e-01 
1.6333333333333333e-01 	 6.6666666666666663e-01 
1.6271180068831845e-01 	 6.8090210464878409e-01 
1.6085193299199399e-01 	 6.9502920235226517e-01 
1.5776788496054781e-01 	 7.0894044403341172e-01 
1.5348312806169837e-01 	 7.2252995674319254e-01 
1.4803027188265283e-01 	 7.3569431608431424e-01 
1.4145081595145831e-01 	 7.4833333333333329e-01 
1.3379483390053534e-01 	 7.6035081793733750e-01 
1.2512059237609974e-01 	 7.7165530958213469e-01 
1.1549410759380277e-01 	 7.8216077426046937e-01 
1.0498864291546811e-01 	 7.9178725904276637e-01 
9.3684151270670896e-02 	 8.0046150056720200e-01 
8.1666666666666721e-02 	 8.0811748261812488e-01 
6.9027649417647635e-02 	 8.1469693854931946e-01 
5.5863290076525976e-02 	 8.2014979472836491e-01 
4.2273777366745015e-02 	 8.2443455162721446e-01 
2.8362535685598603e-02 	 8.2751859965866059e-01 
1.4235437982117495e-02 	 8.2937846735498510e-01 
1.0001282193036718e-17 	 8.2999999999999996e-01 
-1.4235437982117476e-02 	 8.2937846735498510e-01 
-2.8362535685598579e-02 	 8.2751859965866059e-01 
-4.2273777366745001e-02 	 8.2443455162721446e-01 
-5.5863290076525816e-02 	 8.2014979472836502e-01 
-6.9027649417647496e-02 	 8.1469693854931946e-01 
-8.1666666666666707e-02 	 8.0811748261812488e-01 
-9.3684151270670868e-02 	 8.0046150056720200e-01 
-1.0498864291546810e-01 	 7.9178725904276637e-01 
-1.1549410759380276e-01 	 7.8216077426046937e-01 
-1.2512059237609971e-01 	 7.7165530958213480e-01 
-1.3379483390053529e-01 	 7.6035081793733750e-01 
-1.4145081595145828e-01 	 7.4833333333333329e-01 
-1.4803027188265278e-01 	 7.3569431608431424e-01 
-1.5348312806169834e-01 	 7.2252995674319265e-01 
-1.5776788496054783e-01 	 7.0894044403341161e-01 
-1.6085193299199396e-01 	 6.9502920235226529e-01 
-1.6271180068831845e-01 	 6.8090210464878409e-01 
-1.6499999999999998e-01 	 6.6666666666666663e-01 
-1.6437212518513800e-01 	 6.5228596911330305e-01 
-1.6249327924701432e-01 	 6.3801471735162318e-01 
-1.5937776133769624e-01 	 6.2396152422475071e-01 
-1.5504928242967486e-01 	 6.1023334301793131e-01 
-1.4954078486104722e-01 	 5.9693465347945118e-01 
-1.4289419162443237e-01 	 5.8416666666666661e-01 
-1.3516008730768359e-01 	 5.7202655466874397e-01 
-1.2639733311463133e-01 	 5.6060671106838766e-01 
-1.1667261889578032e-01 	 5.4999404777088634e-01 
-1.0605995559827898e-01 	 5.4026933355203521e-01 
-9.4640111997922605e-02 	 5.3150657935898304e-01 
-8.2500000000000032e-02 	 5.2377247504223434e-01 
-6.9732013187215378e-02 	 5.1712588180561936e-01 
-5.6433323648735330e-02 	 5.1161738423699177e-01 
-4.2705142441915901e-02 	 5.0728890532897042e-01 
-2.8651949315043498e-02 	 5.0417338741965234e-01 
-1.4380697553363606e-02 	 5.0229454148152863e-01 
1.0103336092965663e-17 	 5.0166666666666671e-01 
1.4380697553363591e-02 	 5.0229454148152863e-01 
2.8651949315043515e-02 	 5.0417338741965234e-01 
4.2705142441915915e-02 	 5.0728890532897042e-01 
5.6433323648735351e-02 	 5.1161738423699177e-01 
6.9732013187215405e-02 	 5.1712588180561947e-01 
8.2499999999999976e-02 	 5.2377247504223423e-01 
9.4640111997922563e-02 	 5.3150657935898304e-01 
1.0605995559827901e-01 	 5.4026933355203532e-01 
1.1667261889578033e-01 	 5.4999404777088634e-01 
1.2639733311463136e-01 	 5.6060671106838766e-01 
1.3516008730768361e-01 	 5.7202655466874397e-01 
1.4289419162443237e-01 	 5.8416666666666672e-01 
1.4954078486104722e-01 	 5.9693465347945129e-01 
1.5504928242967486e-01 	 6.1023334301793131e-01 
1.5937776133769624e-01 	 6.2396152422475071e-01 
1.6249327924701432e-01 	 6.3801471735162307e-01 
1.6437212518513800e-01 	 6.5228596911330305e-01 
1.6499999999999998e-01 	 6.6666666666666663e-01 
1.6437212518513800e-01 	 6.8104736422003020e-01 
1.6249327924701432e-01 	 6.9531861598171008e-01 
1.5937776133769624e-01 	 7.0937180910858255e-01 
1.5504928242967486e-01 	 7.2309999031540195e-01 
1.4954078486104722e-01 	 7.3639867985388197e-01 
1.4289419162443237e-01 	 7.4916666666666654e-01 
1.3516008730768364e-01 	 7.6130677866458918e-01 
1.2639733311463136e-01 	 7.7272662226494560e-01 
1.1667261889578033e-01 	 7.8333928556244692e-01 
1.0605995559827901e-01 	 7.9306399978129793e-01 
9.4640111997922619e-02 	 8.0182675397435021e-01 
8.2500000000000046e-02 	 8.0956085829109892e-01 
6.9732013187215461e-02 	 8.1620745152771379e-01 
5.6433323648735420e-02 	 8.2171594909634149e-01 
4.2705142441915880e-02 	 8.2604442800436284e-01 
2.8651949315043484e-02 	 8.2915994591368092e-01 
1.4380697553363591e-02 	 8.3103879185180463e-01 
1.0103336092965663e-17 	 8.3166666666666655e-01 
-1.4380697553363570e-02 	 8.3103879185180463e-01 
-2.8651949315043460e-02 	 8.2915994591368092e-01 
-4.2705142441915860e-02 	 8.2604442800436284e-01 
-5.6433323648735260e-02 	 8.2171594909634149e-01 
-6.9732013187215322e-02 	 8.1620745152771390e-01 
-8.2500000000000032e-02 	 8.0956085829109892e-01 
-9.4640111997922605e-02 	 8.0182675397435021e-01 
-1.0605995559827898e-01 	 7.9306399978129805e-01 
-1.1667261889578032e-01 	 7.8333928556244692e-01 
-1.2639733311463133e-01 	 7.7272662226494560e-01 
-1.3516008730768359e-01 	 7.6130677866458929e-01 
-1.4289419162443234e-01 	 7.4916666666666665e-01 
-1.4954078486104719e-01 	 7.3639867985388208e-01 
-1.5504928242967483e-01 	 7.2309999031540206e-01 
-1.5937776133769624e-01 	 7.0937180910858255e-01 
-1.6249327924701432e-01 	 6.9531861598171008e-01 
-1.6437212518513800e-01 	 6.8104736422003020e-01 
-1.6666666666666666e-01 	 6.6666666666666663e-01 
-1.6603244968195757e-01 	 6.5214070954205694e-01 
-1.6413462550203467e-01 	 6.3772530372217828e-01 
-1.6098763771484470e-01 	 6.2353015914957977e-01 
-1.5661543679765139e-01 	 6.0966330944572178e-01 
-1.5105129783944166e-01 	 5.9623028970988334e-01 
-1.4433756729740643e-01 	 5.8333333333333326e-01 
-1.3652534071483191e-01 	 5.7107059394149218e-01 
-1.2767407385316298e-01 	 5.5953539838557675e-01 
-1.1785113019775791e-01 	 5.4881553646890868e-01 
-1.0713126828108989e-01 	 5.3899259281350365e-01 
-9.5596072725174355e-02 	 5.3014132595183472e-01 
-8.3333333333333370e-02 	 5.2232909936926020e-01 
-7.0436376956783217e-02 	 5.1561536882722492e-01 
-5.7003357220944781e-02 	 5.1005122986901519e-01 
-4.3136507517086767e-02 	 5.0567902895182193e-01 
-2.8941362944488382e-02 	 5.0253204116463190e-01 
-1.4525957124609705e-02 	 5.0063421698470911e-01 
1.0205389992894610e-17 	 5.0000000000000000e-01 
1.4525957124609690e-02 	 5.0063421698470911e-01 
2.8941362944488402e-02 	 5.0253204116463190e-01 
4.3136507517086788e-02 	 5.0567902895182193e-01 
5.7003357220944802e-02 	 5.1005122986901519e-01 
7.0436376956783231e-02 	 5.1561536882722492e-01 
8.3333333333333315e-02 	 5.2232909936926020e-01 
9.5596072725174314e-02 	 5.3014132595183461e-01 
1.0713126828108990e-01 	 5.3899259281350365e-01 
1.1785113019775792e-01 	 5.4881553646890868e-01 
1.2767407385316298e-01 	 5.5953539838557675e-01 
1.3652534071483194e-01 	 5.7107059394149229e-01 
1.4433756729740643e-01 	 5.8333333333333337e-01 
1.5105129783944166e-01 	 5.9623028970988345e-01 
1.5661543679765139e-01 	 6.0966330944572178e-01 
1.6098763771484470e-01 	 6.2353015914957977e-01 
1.6413462550203467e-01 	 6.3772530372217817e-01 
1.6603244968195757e-01 	 6.5214070954205694e-01 
1.6666666666666666e-01 	 6.6666666666666663e-01 
1.6603244968195757e-01 	 6.8119262379127632e-01 
1.6413462550203467e-01 	 6.9560802961115498e-01 
1.6098763771484470e-01 	 7.0980317418375349e-01 
1.5661543679765139e-01 	 7.2367002388761148e-01 
1.5105129783944166e-01 	 7.3710304362344981e-01 
1.4433756729740643e-01 	 7.4999999999999989e-01 
1.3652534071483197e-01 	 7.6226273939184097e-01 
1.2767407385316298e-01 	 7.7379793494775650e-01 
1.1785113019775792e-01 	 7.8451779686442458e-01 
1.0713126828108990e-01 	 7.9434074051982961e-01 
9.5596072725174369e-02 	 8.0319200738149854e-01 
8.3333333333333384e-02 	 8.1100423396407306e-01 
7.0436376956783300e-02 	 8.1771796450610823e-01 
5.7003357220944878e-02 	 8.2328210346431796e-01 
4.3136507517086753e-02 	 8.2765430438151133e-01 
2.8941362944488368e-02 	 8.3080129216870136e-01 
1.4525957124609690e-02 	 8.3269911634862415e-01 
1.0205389992894610e-17 	 8.3333333333333326e-01 
-1.4525957124609669e-02 	 8.3269911634862415e-01 
-2.8941362944488347e-02 	 8.3080129216870136e-01 
-4.3136507517086732e-02 	 8.2765430438151133e-01 
-5.7003357220944711e-02 	 8.2328210346431807e-01 
-7.0436376956783148e-02 	 8.1771796450610834e-01 
-8.3333333333333370e-02 	 8.1100423396407306e-01 
-9.5596072725174355e-02 	 8.0319200738149854e-01 
-1.0713126828108989e-01 	 7.9434074051982961e-01 
-1.1785113019775791e-01 	 7.8451779686442458e-01 
-1.2767407385316298e-01 	 7.7379793494775650e-01 
-1.3652534071483191e-01 	 7.6226273939184108e-01 
-1.4433756729740641e-01 	 7.5000000000000000e-01 
-1.5105129783944160e-01 	 7.3710304362344992e-01 
-1.5661543679765136e-01 	 7.2367002388761148e-01 
-1.6098763771484470e-01 	 7.0980317418375338e-01 
-1.6413462550203467e-01 	 6.9560802961115498e-01 
-1.6603244968195757e-01 	 6.8119262379127632e-01 
-1.6833333333333333e-01 	 6.6666666666666663e-01 
-1.6769277417877718e-01 	 6.5199544997081083e-01 
-1.6577597175705502e-01 	 6.3743589009273338e-01 
-1.6259751409199316e-01 	 6.2309879407440893e-01 
-1.5818159116562791e-01 	 6.0909327587351236e-01 
-1.5256181081783607e-01 	 5.9552592594031550e-01 
-1.4578094297038052e-01 	 5.8250000000000002e-01 
-1.3789059412198024e-01 	 5.7011463321424050e-01 
-1.2895081459169461e-01 	 5.5846408570276584e-01 
-1.1902964149973549e-01 	 5.4763702516693114e-01 
-1.0820258096390080e-01 	 5.3771585207497197e-01 
-9.6552033452426106e-02 	 5.2877607254468639e-01 
-8.4166666666666709e-02 	 5.2088572369628616e-01 
-7.1140740726351057e-02 	 5.1410485584883059e-01 
-5.7573390793154232e-02 	 5.0848507550103872e-01 
-4.3567872592257639e-02 	 5.0406915257467344e-01 
-2.9230776573933269e-02 	 5.0089069490961158e-01 
-1.4671216695855803e-02 	 4.9897389248788948e-01 
1.0307443892823556e-17 	 4.9833333333333329e-01 
1.4671216695855787e-02 	 4.9897389248788948e-01 
2.9230776573933286e-02 	 5.0089069490961158e-01 
4.3567872592257660e-02 	 5.0406915257467344e-01 
5.7573390793154253e-02 	 5.0848507550103872e-01 
7.1140740726351070e-02 	 5.1410485584883059e-01 
8.4166666666666654e-02 	 5.2088572369628605e-01 
9.6552033452426064e-02 	 5.2877607254468639e-01 
1.0820258096390081e-01 	 5.3771585207497208e-01 
1.1902964149973551e-01 	 5.4763702516693114e-01 
1.2895081459169463e-01 	 5.5846408570276584e-01 
1.3789059412198026e-01 	 5.7011463321424050e-01 
1.4578094297038052e-01 	 5.8250000000000002e-01 
1.5256181081783607e-01 	 5.9552592594031561e-01 
1.5818159116562791e-01 	 6.0909327587351236e-01 
1.6259751409199316e-01 	 6.2309879407440893e-01 
1.6577597175705502e-01 	 6.3743589009273327e-01 
1.6769277417877718e-01 	 6.5199544997081083e-01 
1.6833333333333333e-01 	 6.6666666666666663e-01 
1.6769277417877718e-01 	 6.8133788336252243e-01 
1.6577597175705502e-01 	 6.9589744324059988e-01 
1.6259751409199316e-01 	 7.1023453925892432e-01 
1.5818159116562791e-01 	 7.2424005745982090e-01 
1.5256181081783607e-01 	 7.3780740739301764e-01 
1.4578094297038052e-01 	 7.5083333333333324e-01 
1.3789059412198029e-01 	 7.6321870011909265e-01 
1.2895081459169463e-01 	 7.7486924763056741e-01 
1.1902964149973551e-01 	 7.8569630816640212e-01 
1.0820258096390081e-01 	 7.9561748125836118e-01 
9.6552033452426120e-02 	 8.0455726078864687e-01 
8.4166666666666723e-02 	 8.1244760963704710e-01 
7.1140740726351140e-02 	 8.1922847748450267e-01 
5.7573390793154329e-02 	 8.2484825783229454e-01 
4.3567872592257618e-02 	 8.2926418075865982e-01 
2.9230776573933255e-02 	 8.3244263842372168e-01 
1.4671216695855787e-02 	 8.3435944084544378e-01 
1.0307443892823556e-17 	 8.3499999999999996e-01 
-1.4671216695855766e-02 	 8.3435944084544378e-01 
-2.9230776573933231e-02 	 8.3244263842372168e-01 
-4.3567872592257605e-02 	 8.2926418075865982e-01 
-5.7573390793154162e-02 	 8.2484825783229454e-01 
-7.1140740726350987e-02 	 8.1922847748450278e-01 
-8.4166666666666709e-02 	 8.1244760963704710e-01 
-9.6552033452426106e-02 	 8.0455726078864687e-01 
-1.0820258096390080e-01 	 7.9561748125836129e-01 
-1.1902964149973549e-01 	 7.8569630816640212e-01 
-1.2895081459169461e-01 	 7.7486924763056741e-01 
-1.3789059412198024e-01 	 7.6321870011909276e-01 
-1.4578094297038047e-01 	 7.5083333333333335e-01 
-1.5256181081783604e-01 	 7.3780740739301776e-01 
-1.5818159116562788e-01 	 7.2424005745982101e-01 
-1.6259751409199316e-01 	 7.1023453925892421e-01 
-1.6577597175705502e-01 	 6.9589744324059988e-01 
-1.6769277417877718e-01 	 6.8133788336252243e-01 
-1.6999999999999998e-01 	 6.6666666666666663e-01 
-1.6935309867559672e-01 	 6.5185019039956471e-01 
-1.6741731801207535e-01 	 6.3714647646328848e-01 
-1.6420739046914157e-01 	 6.2266742899923810e-01 
-1.5974774553360441e-01 	 6.0852324230130295e-01 
-1.5407232379623048e-01 	 5.9482156217074778e-01 
-1.4722431864335456e-01 	 5.8166666666666667e-01 
-1.3925584752912856e-01 	 5.6915867248698881e-01 
-1.3022755533022623e-01 	 5.5739277301995493e-01 
-1.2020815280171306e-01 	 5.4645851386495359e-01 
-1.0927389364671168e-01 	 5.3643911133644040e-01 
-9.7507994179677843e-02 	 5.2741081913753807e-01 
-8.5000000000000034e-02 	 5.1944234802331213e-01 
-7.1845104495918882e-02 	 5.1259434287043615e-01 
-5.8143424365363676e-02 	 5.0691892113306225e-01 
-4.3999237667428505e-02 	 5.0245927619752506e-01 
-2.9520190203378149e-02 	 4.9924934865459125e-01 
-1.4816476267101898e-02 	 4.9731356799106990e-01 
1.0409497792752501e-17 	 4.9666666666666665e-01 
1.4816476267101883e-02 	 4.9731356799106990e-01 
2.9520190203378167e-02 	 4.9924934865459125e-01 
4.3999237667428519e-02 	 5.0245927619752506e-01 
5.8143424365363697e-02 	 5.0691892113306225e-01 
7.1845104495918896e-02 	 5.1259434287043615e-01 
8.4999999999999978e-02 	 5.1944234802331213e-01 
9.7507994179677801e-02 	 5.2741081913753796e-01 
1.0927389364671170e-01 	 5.3643911133644040e-01 
1.2020815280171307e-01 	 5.4645851386495359e-01 
1.3022755533022626e-01 	 5.5739277301995493e-01 
1.3925584752912856e-01 	 5.6915867248698881e-01 
1.4722431864335456e-01 	 5.8166666666666667e-01 
1.5407232379623048e-01 	 5.9482156217074778e-01 
1.5974774553360441e-01 	 6.0852324230130295e-01 
1.6420739046914157e-01 	 6.2266742899923810e-01 
1.6741731801207535e-01 	 6.3714647646328848e-01 
1.6935309867559672e-01 	 6.5185019039956471e-01 
1.6999999999999998e-01 	 6.6666666666666663e-01 
1.6935309867559672e-01 	 6.8148314293376855e-01 
1.6741731801207538e-01 	 6.9618685687004478e-01 
1.6420739046914157e-01 	 7.1066590433409516e-01 
1.5974774553360441e-01 	 7.2481009103203031e-01 
1.5407232379623048e-01 	 7.3851177116258548e-01 
1.4722431864335456e-01 	 7.5166666666666659e-01 
1.3925584752912862e-01 	 7.6417466084634444e-01 
1.3022755533022626e-01 	 7.7594056031337832e-01 
1.2020815280171307e-01 	 7.8687481946837967e-01 
1.0927389364671170e-01 	 7.9689422199689286e-01 
9.7507994179677857e-02 	 8.0592251419579519e-01 
8.5000000000000048e-02 	 8.1389098531002113e-01 
7.1845104495918966e-02 	 8.2073899046289711e-01 
5.8143424365363773e-02 	 8.2641441220027101e-01 
4.3999237667428484e-02 	 8.3087405713580820e-01 
2.9520190203378135e-02 	 8.3408398467874201e-01 
1.4816476267101883e-02 	 8.3601976534226341e-01 
1.0409497792752501e-17 	 8.3666666666666667e-01 
-1.4816476267101860e-02 	 8.3601976534226341e-01 
-2.9520190203378111e-02 	 8.3408398467874201e-01 
-4.3999237667428463e-02 	 8.3087405713580820e-01 
-5.8143424365363600e-02 	 8.2641441220027101e-01 
-7.1845104495918813e-02 	 8.2073899046289711e-01 
-8.5000000000000034e-02 	 8.1389098531002113e-01 
-9.7507994179677843e-02 	 8.0592251419579519e-01 
-1.0927389364671168e-01 	 7.9689422199689286e-01 
-1.2020815280171306e-01 	 7.8687481946837967e-01 
-1.3022755533022623e-01 	 7.7594056031337832e-01 
-1.3925584752912856e-01 	 7.6417466084634444e-01 
-1.4722431864335453e-01 	 7.5166666666666671e-01 
-1.5407232379623043e-01 	 7.3851177116258560e-01 
-1.5974774553360438e-01 	 7.2481009103203042e-01 
-1.6420739046914160e-01 	 7.1066590433409516e-01 
-1.6741731801207535e-01 	 6.9618685687004478e-01 
-1.6935309867559672e-01 	 6.8148314293376855e-01 
-1.7166666666666666e-01 	 6.6666666666666663e-01 
-1.7101342317241630e-01 	 6.5170493082831860e-01 
-1.6905866426709570e-01 	 6.3685706283384358e-01 
-1.6581726684629003e-01 	 6.2223606392406716e-01 
-1.6131389990158093e-01 	 6.0795320872909353e-01 
-1.5558283677462489e-01 	 5.9411719840117994e-01 
-1.4866769431632865e-01 	 5.8083333333333331e-01 
-1.4062110093627689e-01 	 5.6820271175973702e-01 
-1.3150429606875788e-01 	 5.5632146033714402e-01 
-1.2138666410369064e-01 	 5.4528000256297593e-01 
-1.1034520632952259e-01 	 5.3516237059790872e-01 
-9.8463954906929593e-02 	 5.2604556573038974e-01 
-8.5833333333333373e-02 	 5.1799897235033798e-01 
-7.2549468265486722e-02 	 5.1108382989204171e-01 
-5.8713457937573127e-02 	 5.0535276676508567e-01 
-4.4430602742599370e-02 	 5.0084939982037657e-01 
-2.9809603832823033e-02 	 4.9760800239957093e-01 
-1.4961735838347997e-02 	 4.9565324349425033e-01 
1.0511551692681449e-17 	 4.9500000000000000e-01 
1.4961735838347980e-02 	 4.9565324349425033e-01 
2.9809603832823054e-02 	 4.9760800239957093e-01 
4.4430602742599391e-02 	 5.0084939982037657e-01 
5.8713457937573148e-02 	 5.0535276676508567e-01 
7.2549468265486736e-02 	 5.1108382989204171e-01 
8.5833333333333317e-02 	 5.1799897235033798e-01 
9.8463954906929552e-02 	 5.2604556573038974e-01 
1.1034520632952260e-01 	 5.3516237059790872e-01 
1.2138666410369066e-01 	 5.4528000256297604e-01 
1.3150429606875788e-01 	 5.5632146033714402e-01 
1.4062110093627692e-01 	 5.6820271175973702e-01 
1.4866769431632865e-01 	 5.8083333333333331e-01 
1.5558283677462489e-01 	 5.9411719840117994e-01 
1.6131389990158093e-01 	 6.0795320872909353e-01 
1.6581726684629003e-01 	 6.2223606392406716e-01 
1.6905866426709570e-01 	 6.3685706283384358e-01 
1.7101342317241630e-01 	 6.5170493082831871e-01 
1.7166666666666666e-01 	 6.6666666666666663e-01 
1.7101342317241630e-01 	 6.8162840250501455e-01 
1.6905866426709573e-01 	 6.9647627049948968e-01 
1.6581726684629003e-01 	 7.1109726940926610e-01 
1.6131389990158093e-01 	 7.2538012460423973e-01 
1.5558283677462489e-01 	 7.3921613493215332e-01 
1.4866769431632865e-01 	 7.5249999999999995e-01 
1.4062110093627694e-01 	 7.6513062157359613e-01 
1.3150429606875788e-01 	 7.7701187299618923e-01 
1.2138666410369066e-01 	 7.8805333077035722e-01 
1.1034520632952260e-01 	 7.9817096273542454e-01 
9.8463954906929607e-02 	 8.0728776760294352e-01 
8.5833333333333386e-02 	 8.1533436098299528e-01 
7.2549468265486805e-02 	 8.2224950344129155e-01 
5.8713457937573224e-02 	 8.2798056656824759e-01 
4.4430602742599357e-02 	 8.3248393351295669e-01 
2.9809603832823019e-02 	 8.3572533093376233e-01 
1.4961735838347980e-02 	 8.3768008983908293e-01 
1.0511551692681449e-17 	 8.3833333333333326e-01 
-1.4961735838347959e-02 	 8.3768008983908293e-01 
-2.9809603832822995e-02 	 8.3572533093376233e-01 
-4.4430602742599336e-02 	 8.3248393351295669e-01 
-5.8713457937573051e-02 	 8.2798056656824759e-01 
-7.2549468265486652e-02 	 8.2224950344129155e-01 
-8.5833333333333373e-02 	 8.1533436098299528e-01 
-9.8463954906929593e-02 	 8.0728776760294352e-01 
-1.1034520632952259e-01 	 7.9817096273542454e-01 
-1.2138666410369064e-01 	 7.8805333077035733e-01 
-1.3150429606875788e-01 	 7.7701187299618923e-01 
-1.4062110093627689e-01 	 7.6513062157359624e-01 
-1.4866769431632859e-01 	 7.5250000000000006e-01 
-1.5558283677462487e-01 	 7.3921613493215343e-01 
-1.6131389990158090e-01 	 7.2538012460423984e-01 
-1.6581726684629006e-01 	 7.1109726940926599e-01 
-1.6905866426709570e-01 	 6.9647627049948968e-01 
-1.7101342317241630e-01 	 6.8162840250501466e-01 
-1.7333333333333331e-01 	 6.6666666666666663e-01 
-1.7267374766923588e-01 	 6.5155967125707259e-01 
-1.7070001052211603e-01 	 6.3656764920439868e-01 
-1.6742714322343846e-01 	 6.2180469884889633e-01 
-1.6288005426955743e-01 	 6.0738317515688400e-01 
-1.5709334975301931e-01 	 5.9341283463161210e-01 
-1.5011106998930268e-01 	 5.7999999999999996e-01 
-1.4198635434342519e-01 	 5.6724675103248523e-01 
-1.3278103680728948e-01 	 5.5525014765433311e-01 
-1.2256517540566821e-01 	 5.4410149126099838e-01 
-1.1141651901233347e-01 	 5.3388562985937715e-01 
-9.9419915634181316e-02 	 5.2468031232324142e-01 
-8.6666666666666697e-02 	 5.1655559667736395e-01 
-7.3253832035054547e-02 	 5.0957331691364727e-01 
-5.9283491509782571e-02 	 5.0378661239710920e-01 
-4.4861967817770236e-02 	 4.9923952344322814e-01 
-3.0099017462267917e-02 	 4.9596665614455060e-01 
-1.5106995409594093e-02 	 4.9399291899743075e-01 
1.0613605592610394e-17 	 4.9333333333333329e-01 
1.5106995409594075e-02 	 4.9399291899743075e-01 
3.0099017462267934e-02 	 4.9596665614455060e-01 
4.4861967817770257e-02 	 4.9923952344322814e-01 
5.9283491509782592e-02 	 5.0378661239710920e-01 
7.3253832035054561e-02 	 5.0957331691364738e-01 
8.6666666666666642e-02 	 5.1655559667736395e-01 
9.9419915634181288e-02 	 5.2468031232324142e-01 
1.1141651901233350e-01 	 5.3388562985937715e-01 
1.2256517540566823e-01 	 5.4410149126099838e-01 
1.3278103680728950e-01 	 5.5525014765433311e-01 
1.4198635434342521e-01 	 5.6724675103248523e-01 
1.5011106998930268e-01 	 5.7999999999999996e-01 
1.5709334975301931e-01 	 5.9341283463161210e-01 
1.6288005426955743e-01 	 6.0738317515688400e-01 
1.6742714322343846e-01 	 6.2180469884889633e-01 
1.7070001052211603e-01 	 6.3656764920439868e-01 
1.7267374766923588e-01 	 6.5155967125707259e-01 
1.7333333333333331e-01 	 6.6666666666666663e-01 
1.7267374766923588e-01 	 6.8177366207626067e-01 
1.7070001052211606e-01 	 6.9676568412893447e-01 
1.6742714322343846e-01 	 7.1152863448443693e-01 
1.6288005426955743e-01 	 7.2595015817644926e-01 
1.5709334975301931e-01 	 7.3992049870172116e-01 
1.5011106998930268e-01 	 7.5333333333333330e-01 
1.4198635434342524e-01 	 7.6608658230084792e-01 
1.3278103680728950e-01 	 7.7808318567900014e-01 
1.2256517540566823e-01 	 7.8923184207233488e-01 
1.1141651901233350e-01 	 7.9944770347395611e-01 
9.9419915634181344e-02 	 8.0865302101009184e-01 
8.6666666666666711e-02 	 8.1677773665596931e-01 
7.3253832035054631e-02 	 8.2376001641968588e-01 
5.9283491509782668e-02 	 8.2954672093622406e-01 
4.4861967817770215e-02 	 8.3409380989010518e-01 
3.0099017462267900e-02 	 8.3736667718878266e-01 
1.5106995409594075e-02 	 8.3934041433590245e-01 
1.0613605592610394e-17 	 8.3999999999999997e-01 
-1.5106995409594053e-02 	 8.3934041433590245e-01 
-3.0099017462267876e-02 	 8.3736667718878266e-01 
-4.4861967817770201e-02 	 8.3409380989010518e-01 
-5.9283491509782495e-02 	 8.2954672093622406e-01 
-7.3253832035054478e-02 	 8.2376001641968599e-01 
-8.6666666666666697e-02 	 8.1677773665596931e-01 
-9.9419915634181316e-02 	 8.0865302101009184e-01 
-1.1141651901233347e-01 	 7.9944770347395611e-01 
-1.2256517540566821e-01 	 7.8923184207233488e-01 
-1.3278103680728948e-01 	 7.7808318567900014e-01 
-1.4198635434342519e-01 	 7.6608658230084803e-01 
-1.5011106998930265e-01 	 7.5333333333333330e-01 
-1.5709334975301925e-01 	 7.3992049870172127e-01 
-1.6288005426955740e-01 	 7.2595015817644926e-01 
-1.6742714322343849e-01 	 7.1152863448443682e-01 
-1.7070001052211603e-01 	 6.9676568412893458e-01 
-1.7267374766923588e-01 	 6.8177366207626067e-01 
-1.7499999999999999e-01 	 6.6666666666666663e-01 
-1.7433407216605545e-01 	 6.5141441168582648e-01 
-1.7234135677713638e-01 	 6.3627823557495389e-01 
-1.6903701960058692e-01 	 6.2137333377372550e-01 
-1.6444620863753395e-01 	 6.0681314158467459e-01 
-1.5860386273141372e-01 	 5.9270847086204426e-01 
-1.5155444566227677e-01 	 5.7916666666666661e-01 
-1.4335160775057351e-01 	 5.6629079030523355e-01 
-1.3405777754582113e-01 	 5.5417883497152221e-01 
-1.2374368670764579e-01 	 5.4292297995902083e-01 
-1.1248783169514438e-01 	 5.3260888912084547e-01 
-1.0037587636143307e-01 	 5.2331505891609309e-01 
-8.7500000000000036e-02 	 5.1511222100438991e-01 
-7.3958195804622373e-02 	 5.0806280393525283e-01 
-5.9853525081992022e-02 	 5.0222045802913273e-01 
-4.5293332892941109e-02 	 4.9762964706607971e-01 
-3.0388431091712801e-02 	 4.9432530988953027e-01 
-1.5252254980840190e-02 	 4.9233259450061118e-01 
1.0715659492539340e-17 	 4.9166666666666664e-01 
1.5252254980840173e-02 	 4.9233259450061118e-01 
3.0388431091712822e-02 	 4.9432530988953027e-01 
4.5293332892941129e-02 	 4.9762964706607971e-01 
5.9853525081992043e-02 	 5.0222045802913273e-01 
7.3958195804622401e-02 	 5.0806280393525294e-01 
8.7499999999999981e-02 	 5.1511222100438991e-01 
1.0037587636143304e-01 	 5.2331505891609309e-01 
1.1248783169514440e-01 	 5.3260888912084547e-01 
1.2374368670764582e-01 	 5.4292297995902083e-01 
1.3405777754582116e-01 	 5.5417883497152221e-01 
1.4335160775057354e-01 	 5.6629079030523355e-01 
1.5155444566227677e-01 	 5.7916666666666661e-01 
1.5860386273141372e-01 	 5.9270847086204426e-01 
1.6444620863753395e-01 	 6.0681314158467459e-01 
1.6903701960058692e-01 	 6.2137333377372550e-01 
1.7234135677713638e-01 	 6.3627823557495378e-01 
1.7433407216605545e-01 	 6.5141441168582648e-01 
1.7499999999999999e-01 	 6.6666666666666663e-01 
1.7433407216605545e-01 	 6.8191892164750678e-01 
1.7234135677713641e-01 	 6.9705509775837937e-01 
1.6903701960058692e-01 	 7.1195999955960776e-01 
1.6444620863753395e-01 	 7.2652019174865867e-01 
1.5860386273141372e-01 	 7.4062486247128900e-01 
1.5155444566227677e-01 	 7.5416666666666665e-01 
1.4335160775057357e-01 	 7.6704254302809960e-01 
1.3405777754582116e-01 	 7.7915449836181105e-01 
1.2374368670764582e-01 	 7.9041035337431242e-01 
1.1248783169514440e-01 	 8.0072444421248778e-01 
1.0037587636143309e-01 	 8.1001827441724017e-01 
8.7500000000000050e-02 	 8.1822111232894335e-01 
7.3958195804622470e-02 	 8.2527052939808032e-01 
5.9853525081992119e-02 	 8.3111287530420053e-01 
4.5293332892941088e-02 	 8.3570368626725355e-01 
3.0388431091712787e-02 	 8.3900802344380310e-01 
1.5252254980840173e-02 	 8.4100073883272208e-01 
1.0715659492539340e-17 	 8.4166666666666656e-01 
-1.5252254980840152e-02 	 8.4100073883272208e-01 
-3.0388431091712763e-02 	 8.3900802344380310e-01 
-4.5293332892941067e-02 	 8.3570368626725355e-01 
-5.9853525081991946e-02 	 8.3111287530420064e-01 
-7.3958195804622304e-02 	 8.2527052939808043e-01 
-8.7500000000000036e-02 	 8.1822111232894335e-01 
-1.0037587636143307e-01 	 8.1001827441724017e-01 
-1.1248783169514438e-01 	 8.0072444421248778e-01 
-1.2374368670764579e-01 	 7.9041035337431242e-01 
-1.3405777754582113e-01 	 7.7915449836181105e-01 
-1.4335160775057351e-01 	 7.6704254302809971e-01 
-1.5155444566227672e-01 	 7.5416666666666665e-01 
-1.5860386273141369e-01 	 7.4062486247128911e-01 
-1.6444620863753392e-01 	 7.2652019174865878e-01 
-1.6903701960058695e-01 	 7.1195999955960776e-01 
-1.7234135677713638e-01 	 6.9705509775837937e-01 
-1.7433407216605545e-01 	 6.8191892164750678e-01 
-1.7666666666666667e-01 	 6.6666666666666663e-01 
-1.7599439666287506e-01 	 6.5126915211458036e-01 
-1.7398270303215674e-01 	 6.3598882194550899e-01 
-1.7064689597773539e-01 	 6.2094196869855456e-01 
-1.6601236300551048e-01 	 6.0624310801246517e-01 
-1.6011437570980816e-01 	 5.9200410709247642e-01 
-1.5299782133525083e-01 	 5.7833333333333337e-01 
-1.4471686115772184e-01 	 5.6533482957798176e-01 
-1.3533451828435275e-01 	 5.5310752228871130e-01 
-1.2492219800962338e-01 	 5.4174446865704318e-01 
-1.1355914437795529e-01 	 5.3133214838231391e-01 
-1.0133183708868482e-01 	 5.2194980550894476e-01 
-8.8333333333333375e-02 	 5.1366884533141577e-01 
-7.4662559574190213e-02 	 5.0655229095685850e-01 
-6.0423558654201473e-02 	 5.0065430366115615e-01 
-4.5724697968111974e-02 	 4.9601977068893122e-01 
-3.0677844721157688e-02 	 4.9268396363450989e-01 
-1.5397514552086287e-02 	 4.9067227000379154e-01 
1.0817713392468286e-17 	 4.8999999999999999e-01 
1.5397514552086272e-02 	 4.9067227000379154e-01 
3.0677844721157706e-02 	 4.9268396363450989e-01 
4.5724697968111995e-02 	 4.9601977068893122e-01 
6.0423558654201494e-02 	 5.0065430366115615e-01 
7.4662559574190240e-02 	 5.0655229095685850e-01 
8.8333333333333319e-02 	 5.1366884533141577e-01 
1.0133183708868478e-01 	 5.2194980550894476e-01 
1.1355914437795531e-01 	 5.3133214838231391e-01 
1.2492219800962340e-01 	 5.4174446865704329e-01 
1.3533451828435278e-01 	 5.5310752228871130e-01 
1.4471686115772187e-01 	 5.6533482957798176e-01 
1.5299782133525083e-01 	 5.7833333333333337e-01 
1.6011437570980816e-01 	 5.9200410709247642e-01 
1.6601236300551048e-01 	 6.0624310801246517e-01 
1.7064689597773539e-01 	 6.2094196869855456e-01 
1.7398270303215674e-01 	 6.3598882194550888e-01 
1.7599439666287506e-01 	 6.5126915211458036e-01 
1.7666666666666667e-01 	 6.6666666666666663e-01 
1.7599439666287506e-01 	 6.8206418121875290e-01 
1.7398270303215677e-01 	 6.9734451138782427e-01 
1.7064689597773539e-01 	 7.1239136463477870e-01 
1.6601236300551048e-01 	 7.2709022532086809e-01 
1.6011437570980816e-01 	 7.4132922624085684e-01 
1.5299782133525083e-01 	 7.5499999999999989e-01 
1.4471686115772189e-01 	 7.6799850375535139e-01 
1.3533451828435278e-01 	 7.8022581104462196e-01 
1.2492219800962340e-01 	 7.9158886467628997e-01 
1.1355914437795531e-01 	 8.0200118495101935e-01 
1.0133183708868485e-01 	 8.1138352782438850e-01 
8.8333333333333389e-02 	 8.1966448800191749e-01 
7.4662559574190310e-02 	 8.2678104237647476e-01 
6.0423558654201570e-02 	 8.3267902967217711e-01 
4.5724697968111960e-02 	 8.3731356264440204e-01 
3.0677844721157671e-02 	 8.4064936969882342e-01 
1.5397514552086272e-02 	 8.4266106332954172e-01 
1.0817713392468286e-17 	 8.4333333333333327e-01 
-1.5397514552086249e-02 	 8.4266106332954172e-01 
-3.0677844721157647e-02 	 8.4064936969882342e-01 
-4.5724697968111939e-02 	 8.3731356264440204e-01 
-6.0423558654201397e-02 	 8.3267902967217711e-01 
-7.4662559574190143e-02 	 8.2678104237647476e-01 
-8.8333333333333375e-02 	 8.1966448800191749e-01 
-1.0133183708868482e-01 	 8.1138352782438850e-01 
-1.1355914437795529e-01 	 8.0200118495101935e-01 
-1.2492219800962338e-01 	 7.9158886467629008e-01 
-1.3533451828435275e-01 	 7.8022581104462196e-01 
-1.4471686115772184e-01 	 7.6799850375535150e-01 
-1.5299782133525081e-01 	 7.5500000000000000e-01 
-1.6011437570980810e-01 	 7.4132922624085695e-01 
-1.6601236300551045e-01 	 7.2709022532086820e-01 
-1.7064689597773541e-01 	 7.1239136463477859e-01 
-1.7398270303215674e-01 	 6.9734451138782427e-01 
-1.7599439666287506e-01 	 6.8206418121875290e-01 
-1.7833333333333332e-01 	 6.6666666666666663e-01 
-1.7765472115969461e-01 	 6.5112389254333425e-01 
-1.7562404928717709e-01 	 6.3569940831606409e-01 
-1.7225677235488382e-01 	 6.2051060362338373e-01 
-1.6757851737348697e-01 	 6.0567307444025564e-01 
-1.6162488868820254e-01 	 5.9129974332290858e-01 
-1.5444119700822490e-01 	 5.7750000000000001e-01 
-1.4608211456487016e-01 	 5.6437886885073008e-01 
-1.3661125902288437e-01 	 5.5203620960590039e-01 
-1.2610070931160094e-01 	 5.4056595735506563e-01 
-1.1463045706076617e-01 	 5.3005540764378223e-01 
-1.0228779781593655e-01 	 5.2058455210179644e-01 
-8.9166666666666700e-02 	 5.1222546965844185e-01 
-7.5366923343758038e-02 	 5.0504177797846406e-01 
-6.0993592226410917e-02 	 4.9908814929317968e-01 
-4.6156063043282840e-02 	 4.9440989431178284e-01 
-3.0967258350602569e-02 	 4.9104261737948951e-01 
-1.5542774123332383e-02 	 4.8901194550697202e-01 
1.0919767292397231e-17 	 4.8833333333333329e-01 
1.5542774123332366e-02 	 4.8901194550697202e-01 
3.0967258350602586e-02 	 4.9104261737948951e-01 
4.6156063043282861e-02 	 4.9440989431178284e-01 
6.0993592226410931e-02 	 4.9908814929317968e-01 
7.5366923343758066e-02 	 5.0504177797846406e-01 
8.9166666666666644e-02 	 5.1222546965844173e-01 
1.0228779781593651e-01 	 5.2058455210179644e-01 
1.1463045706076619e-01 	 5.3005540764378223e-01 
1.2610070931160097e-01 	 5.4056595735506563e-01 
1.3661125902288440e-01 	 5.5203620960590050e-01 
1.4608211456487016e-01 	 5.6437886885073008e-01 
1.5444119700822490e-01 	 5.7750000000000001e-01 
1.6162488868820254e-01 	 5.9129974332290858e-01 
1.6757851737348697e-01 	 6.0567307444025575e-01 
1.7225677235488382e-01 	 6.2051060362338373e-01 
1.7562404928717709e-01 	 6.3569940831606397e-01 
1.7765472115969461e-01 	 6.5112389254333425e-01 
1.7833333333333332e-01 	 6.6666666666666663e-01 
1.7765472115969461e-01 	 6.8220944078999901e-01 
1.7562404928717709e-01 	 6.9763392501726917e-01 
1.7225677235488382e-01 	 7.1282272970994953e-01 
1.6757851737348697e-01 	 7.2766025889307751e-01 
1.6162488868820254e-01 	 7.4203359001042468e-01 
1.5444119700822490e-01 	 7.5583333333333325e-01 
1.4608211456487022e-01 	 7.6895446448260318e-01 
1.3661125902288440e-01 	 7.8129712372743276e-01 
1.2610070931160097e-01 	 7.9276737597826763e-01 
1.1463045706076619e-01 	 8.0327792568955103e-01 
1.0228779781593657e-01 	 8.1274878123153682e-01 
8.9166666666666713e-02 	 8.2110786367489141e-01 
7.5366923343758135e-02 	 8.2829155535486920e-01 
6.0993592226411014e-02 	 8.3424518404015358e-01 
4.6156063043282819e-02 	 8.3892343902155042e-01 
3.0967258350602551e-02 	 8.4229071595384375e-01 
1.5542774123332366e-02 	 8.4432138782636124e-01 
1.0919767292397231e-17 	 8.4499999999999997e-01 
-1.5542774123332345e-02 	 8.4432138782636124e-01 
-3.0967258350602527e-02 	 8.4229071595384375e-01 
-4.6156063043282798e-02 	 8.3892343902155053e-01 
-6.0993592226410834e-02 	 8.3424518404015369e-01 
-7.5366923343757969e-02 	 8.2829155535486920e-01 
-8.9166666666666700e-02 	 8.2110786367489141e-01 
-1.0228779781593655e-01 	 8.1274878123153682e-01 
-1.1463045706076617e-01 	 8.0327792568955103e-01 
-1.2610070931160094e-01 	 7.9276737597826763e-01 
-1.3661125902288437e-01 	 7.8129712372743287e-01 
-1.4608211456487016e-01 	 7.6895446448260318e-01 
-1.5444119700822484e-01 	 7.5583333333333336e-01 
-1.6162488868820252e-01 	 7.4203359001042479e-01 
-1.6757851737348695e-01 	 7.2766025889307762e-01 
-1.7225677235488382e-01 	 7.1282272970994942e-01 
-1.7562404928717709e-01 	 6.9763392501726917e-01 
-1.7765472115969461e-01 	 6.8220944078999901e-01 
-1.7999999999999999e-01 	 6.6666666666666663e-01 
-1.7931504565651418e-01 	 6.5097863297208813e-01 
-1.7726539554219745e-01 	 6.3540999468661918e-01 
-1.7386664873203228e-01 	 6.2007923854821290e-01 
-1.6914467174146350e-01 	 6.0510304086804623e-01 
-1.6313540166659699e-01 	 5.9059537955334074e-01 
-1.5588457268119896e-01 	 5.7666666666666666e-01 
-1.4744736797201849e-01 	 5.6342290812347828e-01 
-1.3788799976141602e-01 	 5.5096489692308959e-01 
-1.2727922061357855e-01 	 5.3938744605308808e-01 
-1.1570176974357708e-01 	 5.2877866690525055e-01 
-1.0324375854318830e-01 	 5.1921929869464811e-01 
-9.0000000000000038e-02 	 5.1078209398546770e-01 
-7.6071287113325878e-02 	 5.0353126500006962e-01 
-6.1563625798620368e-02 	 4.9752199492520310e-01 
-4.6587428118453712e-02 	 4.9280001793463435e-01 
-3.1256671980047453e-02 	 4.8940127112446918e-01 
-1.5688033694578482e-02 	 4.8735162101015245e-01 
1.1021821192326179e-17 	 4.8666666666666664e-01 
1.5688033694578465e-02 	 4.8735162101015245e-01 
3.1256671980047473e-02 	 4.8940127112446918e-01 
4.6587428118453733e-02 	 4.9280001793463435e-01 
6.1563625798620389e-02 	 4.9752199492520310e-01 
7.6071287113325892e-02 	 5.0353126500006962e-01 
8.9999999999999983e-02 	 5.1078209398546770e-01 
1.0324375854318826e-01 	 5.1921929869464811e-01 
1.1570176974357710e-01 	 5.2877866690525055e-01 
1.2727922061357855e-01 	 5.3938744605308808e-01 
1.3788799976141602e-01 	 5.5096489692308959e-01 
1.4744736797201849e-01 	 5.6342290812347828e-01 
1.5588457268119896e-01 	 5.7666666666666666e-01 
1.6313540166659699e-01 	 5.9059537955334074e-01 
1.6914467174146350e-01 	 6.0510304086804623e-01 
1.7386664873203228e-01 	 6.2007923854821290e-01 
1.7726539554219745e-01 	 6.3540999468661918e-01 
1.7931504565651418e-01 	 6.5097863297208813e-01 
1.7999999999999999e-01 	 6.6666666666666663e-01 
1.7931504565651418e-01 	 6.8235470036124513e-01 
1.7726539554219745e-01 	 6.9792333864671408e-01 
1.7386664873203228e-01 	 7.1325409478512036e-01 
1.6914467174146350e-01 	 7.2823029246528703e-01 
1.6313540166659699e-01 	 7.4273795377999252e-01 
1.5588457268119896e-01 	 7.5666666666666660e-01 
1.4744736797201854e-01 	 7.6991042520985487e-01 
1.3788799976141602e-01 	 7.8236843641024367e-01 
1.2727922061357855e-01 	 7.9394588728024518e-01 
1.1570176974357710e-01 	 8.0455466642808271e-01 
1.0324375854318832e-01 	 8.1411403463868515e-01 
9.0000000000000052e-02 	 8.2255123934786556e-01 
7.6071287113325961e-02 	 8.2980206833326364e-01 
6.1563625798620465e-02 	 8.3581133840813004e-01 
4.6587428118453691e-02 	 8.4053331539869891e-01 
3.1256671980047439e-02 	 8.4393206220886408e-01 
1.5688033694578465e-02 	 8.4598171232318076e-01 
1.1021821192326179e-17 	 8.4666666666666668e-01 
-1.5688033694578440e-02 	 8.4598171232318076e-01 
-3.1256671980047411e-02 	 8.4393206220886408e-01 
-4.6587428118453671e-02 	 8.4053331539869891e-01 
-6.1563625798620285e-02 	 8.3581133840813016e-01 
-7.6071287113325808e-02 	 8.2980206833326364e-01 
-9.0000000000000038e-02 	 8.2255123934786556e-01 
-1.0324375854318830e-01 	 8.1411403463868515e-01 
-1.1570176974357708e-01 	 8.0455466642808271e-01 
-1.2727922061357855e-01 	 7.9394588728024518e-01 
-1.3788799976141602e-01 	 7.8236843641024367e-01 
-1.4744736797201849e-01 	 7.6991042520985498e-01 
-1.5588457268119893e-01 	 7.5666666666666671e-01 
-1.6313540166659693e-01 	 7.4273795377999263e-01 
-1.6914467174146347e-01 	 7.2823029246528714e-01 
-1.7386664873203228e-01 	 7.1325409478512036e-01 
-1.7726539554219745e-01 	 6.9792333864671408e-01 
-1.7931504565651418e-01 	 6.8235470036124513e-01 
-1.8166666666666664e-01 	 6.6666666666666663e-01 
-1.8097537015333376e-01 	 6.5083337340084202e-01 
-1.7890674179721777e-01 	 6.3512058105717428e-01 
-1.7547652510918069e-01 	 6.1964787347304195e-01 
-1.7071082610943999e-01 	 6.0453300729583681e-01 
-1.6464591464499137e-01 	 5.8989101578377290e-01 
-1.5732794835417302e-01 	 5.7583333333333331e-01 
-1.4881262137916679e-01 	 5.6246694739622649e-01 
-1.3916474049994765e-01 	 5.4989358424027868e-01 
-1.2845773191555609e-01 	 5.3820893475111053e-01 
-1.1677308242638797e-01 	 5.2750192616671898e-01 
-1.0419971927044004e-01 	 5.1785404528749979e-01 
-9.0833333333333363e-02 	 5.0933871831249367e-01 
-7.6775650882893703e-02 	 5.0202075202167529e-01 
-6.2133659370829805e-02 	 4.9595584055722663e-01 
-4.7018793193624578e-02 	 4.9119014155748592e-01 
-3.1546085609492333e-02 	 4.8775992486944886e-01 
-1.5833293265824576e-02 	 4.8569129651333287e-01 
1.1123875092255124e-17 	 4.8499999999999999e-01 
1.5833293265824559e-02 	 4.8569129651333287e-01 
3.1546085609492354e-02 	 4.8775992486944886e-01 
4.7018793193624592e-02 	 4.9119014155748592e-01 
6.2133659370829826e-02 	 4.9595584055722663e-01 
7.6775650882893717e-02 	 5.0202075202167529e-01 
9.0833333333333308e-02 	 5.0933871831249355e-01 
1.0419971927044000e-01 	 5.1785404528749979e-01 
1.1677308242638799e-01 	 5.2750192616671898e-01 
1.2845773191555612e-01 	 5.3820893475111053e-01 
1.3916474049994765e-01 	 5.4989358424027868e-01 
1.4881262137916682e-01 	 5.6246694739622660e-01 
1.5732794835417302e-01 	 5.7583333333333331e-01 
1.6464591464499137e-01 	 5.8989101578377290e-01 
1.7071082610943999e-01 	 6.0453300729583681e-01 
1.7547652510918069e-01 	 6.1964787347304195e-01 
1.7890674179721777e-01 	 6.3512058105717428e-01 
1.8097537015333376e-01 	 6.5083337340084213e-01 
1.8166666666666664e-01 	 6.6666666666666663e-01 
1.8097537015333376e-01 	 6.8249995993249113e-01 
1.7890674179721780e-01 	 6.9821275227615898e-01 
1.7547652510918069e-01 	 7.1368545986029130e-01 
1.7071082610943999e-01 	 7.2880032603749645e-01 
1.6464591464499137e-01 	 7.4344231754956036e-01 
1.5732794835417302e-01 	 7.5749999999999995e-01 
1.4881262137916684e-01 	 7.7086638593710655e-01 
1.3916474049994765e-01 	 7.8343974909305458e-01 
1.2845773191555612e-01 	 7.9512439858222272e-01 
1.1677308242638799e-01 	 8.0583140716661428e-01 
1.0419971927044006e-01 	 8.1547928804583347e-01 
9.0833333333333377e-02 	 8.2399461502083959e-01 
7.6775650882893787e-02 	 8.3131258131165797e-01 
6.2133659370829909e-02 	 8.3737749277610662e-01 
4.7018793193624557e-02 	 8.4214319177584729e-01 
3.1546085609492319e-02 	 8.4557340846388440e-01 
1.5833293265824559e-02 	 8.4764203682000039e-01 
1.1123875092255124e-17 	 8.4833333333333327e-01 
-1.5833293265824538e-02 	 8.4764203682000039e-01 
-3.1546085609492291e-02 	 8.4557340846388440e-01 
-4.7018793193624536e-02 	 8.4214319177584740e-01 
-6.2133659370829729e-02 	 8.3737749277610662e-01 
-7.6775650882893634e-02 	 8.3131258131165808e-01 
-9.0833333333333363e-02 	 8.2399461502083959e-01 
-1.0419971927044004e-01 	 8.1547928804583347e-01 
-1.1677308242638797e-01 	 8.0583140716661428e-01 
-1.2845773191555609e-01 	 7.9512439858222272e-01 
-1.3916474049994765e-01 	 7.8343974909305458e-01 
-1.4881262137916679e-01 	 7.7086638593710677e-01 
-1.5732794835417296e-01 	 7.5750000000000006e-01 
-1.6464591464499134e-01 	 7.4344231754956047e-01 
-1.7071082610943997e-01 	 7.2880032603749656e-01 
-1.7547652510918071e-01 	 7.1368545986029119e-01 
-1.7890674179721777e-01 	 6.9821275227615898e-01 
-1.8097537015333376e-01 	 6.8249995993249124e-01 
-1.8333333333333332e-01 	 6.6666666666666663e-01 
-1.8263569465015334e-01 	 6.5068811382959602e-01 
-1.8054808805223813e-01 	 6.3483116742772938e-01 
-1.7708640148632915e-01 	 6.1921650839787112e-01 
-1.7227698047741652e-01 	 6.0396297372362739e-01 
-1.6615642762338581e-01 	 5.8918665201420506e-01 
-1.5877132402714708e-01 	 5.7499999999999996e-01 
-1.5017787478631511e-01 	 5.6151098666897481e-01 
-1.4044148123847927e-01 	 5.4882227155746777e-01 
-1.2963624321753370e-01 	 5.3703042344913288e-01 
-1.1784439510919888e-01 	 5.2622518542818730e-01 
-1.0515567999769179e-01 	 5.1648879188035146e-01 
-9.1666666666666702e-02 	 5.0789534263951963e-01 
-7.7480014652461543e-02 	 5.0051023904328074e-01 
-6.2703692943039263e-02 	 4.9438968618925011e-01 
-4.7450158268795443e-02 	 4.8958026518033748e-01 
-3.1835499238937220e-02 	 4.8611857861442853e-01 
-1.5978552837070677e-02 	 4.8403097201651329e-01 
1.1225928992184070e-17 	 4.8333333333333328e-01 
1.5978552837070656e-02 	 4.8403097201651329e-01 
3.1835499238937241e-02 	 4.8611857861442853e-01 
4.7450158268795464e-02 	 4.8958026518033748e-01 
6.2703692943039277e-02 	 4.9438968618925011e-01 
7.7480014652461557e-02 	 5.0051023904328085e-01 
9.1666666666666646e-02 	 5.0789534263951952e-01 
1.0515567999769175e-01 	 5.1648879188035146e-01 
1.1784439510919889e-01 	 5.2622518542818741e-01 
1.2963624321753373e-01 	 5.3703042344913299e-01 
1.4044148123847930e-01 	 5.4882227155746777e-01 
1.5017787478631514e-01 	 5.6151098666897481e-01 
1.5877132402714708e-01 	 5.7499999999999996e-01 
1.6615642762338581e-01 	 5.8918665201420506e-01 
1.7227698047741652e-01 	 6.0396297372362739e-01 
1.7708640148632915e-01 	 6.1921650839787112e-01 
1.8054808805223813e-01 	 6.3483116742772938e-01 
1.8263569465015334e-01 	 6.5068811382959602e-01 
1.8333333333333332e-01 	 6.6666666666666663e-01 
1.8263569465015334e-01 	 6.8264521950373724e-01 
1.8054808805223815e-01 	 6.9850216590560388e-01 
1.7708640148632915e-01 	 7.1411682493546214e-01 
1.7227698047741652e-01 	 7.2937035960970587e-01 
1.6615642762338581e-01 	 7.4414668131912820e-01 
1.5877132402714708e-01 	 7.5833333333333330e-01 
1.5017787478631517e-01 	 7.7182234666435834e-01 
1.4044148123847930e-01 	 7.8451106177586549e-01 
1.2963624321753373e-01 	 7.9630290988420027e-01 
1.1784439510919889e-01 	 8.0710814790514585e-01 
1.0515567999769181e-01 	 8.1684454145298180e-01 
9.1666666666666716e-02 	 8.2543799069381363e-01 
7.7480014652461626e-02 	 8.3282309429005241e-01 
6.2703692943039360e-02 	 8.3894364714408309e-01 
4.7450158268795423e-02 	 8.4375306815299578e-01 
3.1835499238937207e-02 	 8.4721475471890484e-01 
1.5978552837070656e-02 	 8.4930236131682002e-01 
1.1225928992184070e-17 	 8.4999999999999998e-01 
-1.5978552837070635e-02 	 8.4930236131682002e-01 
-3.1835499238937179e-02 	 8.4721475471890484e-01 
-4.7450158268795402e-02 	 8.4375306815299589e-01 
-6.2703692943039180e-02 	 8.3894364714408320e-01 
-7.7480014652461474e-02 	 8.3282309429005252e-01 
-9.1666666666666702e-02 	 8.2543799069381363e-01 
-1.0515567999769179e-01 	 8.1684454145298180e-01 
-1.1784439510919888e-01 	 8.0710814790514596e-01 
-1.2963624321753370e-01 	 7.9630290988420038e-01 
-1.4044148123847927e-01 	 7.8451106177586549e-01 
-1.5017787478631511e-01 	 7.7182234666435845e-01 
-1.5877132402714705e-01 	 7.5833333333333330e-01 
-1.6615642762338578e-01 	 7.4414668131912831e-01 
-1.7227698047741649e-01 	 7.2937035960970598e-01 
-1.7708640148632918e-01 	 7.1411682493546202e-01 
-1.8054808805223813e-01 	 6.9850216590560388e-01 
-1.8263569465015334e-01 	 6.8264521950373724e-01 
-1.8500000000000000e-01 	 6.6666666666666663e-01 
-1.8429601914697291e-01 	 6.5054285425834990e-01 
-1.8218943430725848e-01 	 6.3454175379828448e-01 
-1.7869627786347761e-01 	 6.1878514332270029e-01 
-1.7384313484539304e-01 	 6.0339294015141787e-01 
-1.6766694060178022e-01 	 5.8848228824463722e-01 
-1.6021469970012117e-01 	 5.7416666666666660e-01 
-1.5154312819346344e-01 	 5.6055502594172302e-01 
-1.4171822197701092e-01 	 5.4775095887465686e-01 
-1.3081475451951127e-01 	 5.3585191214715533e-01 
-1.1891570779200979e-01 	 5.2494844468965574e-01 
-1.0611164072494354e-01 	 5.1512353847320314e-01 
-9.2500000000000041e-02 	 5.0645196696654549e-01 
-7.8184378422029369e-02 	 4.9899972606488641e-01 
-6.3273726515248707e-02 	 4.9282353182127359e-01 
-4.7881523343966316e-02 	 4.8797038880318899e-01 
-3.2124912868382108e-02 	 4.8447723235940815e-01 
-1.6123812408316774e-02 	 4.8237064751969372e-01 
1.1327982892113017e-17 	 4.8166666666666663e-01 
1.6123812408316757e-02 	 4.8237064751969372e-01 
3.2124912868382129e-02 	 4.8447723235940815e-01 
4.7881523343966337e-02 	 4.8797038880318899e-01 
6.3273726515248735e-02 	 4.9282353182127359e-01 
7.8184378422029396e-02 	 4.9899972606488641e-01 
9.2499999999999985e-02 	 5.0645196696654549e-01 
1.0611164072494350e-01 	 5.1512353847320314e-01 
1.1891570779200980e-01 	 5.2494844468965574e-01 
1.3081475451951130e-01 	 5.3585191214715533e-01 
1.4171822197701092e-01 	 5.4775095887465686e-01 
1.5154312819346347e-01 	 5.6055502594172313e-01 
1.6021469970012117e-01 	 5.7416666666666671e-01 
1.6766694060178022e-01 	 5.8848228824463722e-01 
1.7384313484539304e-01 	 6.0339294015141787e-01 
1.7869627786347761e-01 	 6.1878514332270029e-01 
1.8218943430725848e-01 	 6.3454175379828448e-01 
1.8429601914697291e-01 	 6.5054285425834990e-01 
1.8500000000000000e-01 	 6.6666666666666663e-01 
1.8429601914697291e-01 	 6.8279047907498336e-01 
1.8218943430725851e-01 	 6.9879157953504867e-01 
1.7869627786347761e-01 	 7.1454819001063297e-01 
1.7384313484539304e-01 	 7.2994039318191539e-01 
1.6766694060178022e-01 	 7.4485104508869604e-01 
1.6021469970012117e-01 	 7.5916666666666655e-01 
1.5154312819346349e-01 	 7.7277830739161013e-01 
1.4171822197701092e-01 	 7.8558237445867640e-01 
1.3081475451951130e-01 	 7.9748142118617793e-01 
1.1891570779200980e-01 	 8.0838488864367752e-01 
1.0611164072494356e-01 	 8.1820979486013012e-01 
9.2500000000000054e-02 	 8.2688136636678777e-01 
7.8184378422029466e-02 	 8.3433360726844685e-01 
6.3273726515248818e-02 	 8.4050980151205967e-01 
4.7881523343966295e-02 	 8.4536294453014427e-01 
3.2124912868382087e-02 	 8.4885610097392517e-01 
1.6123812408316757e-02 	 8.5096268581363954e-01 
1.1327982892113017e-17 	 8.5166666666666657e-01 
-1.6123812408316732e-02 	 8.5096268581363954e-01 
-3.2124912868382066e-02 	 8.4885610097392517e-01 
-4.7881523343966274e-02 	 8.4536294453014427e-01 
-6.3273726515248624e-02 	 8.4050980151205967e-01 
-7.8184378422029299e-02 	 8.3433360726844685e-01 
-9.2500000000000041e-02 	 8.2688136636678777e-01 
-1.0611164072494354e-01 	 8.1820979486013012e-01 
-1.1891570779200979e-01 	 8.0838488864367752e-01 
-1.3081475451951127e-01 	 7.9748142118617793e-01 
-1.4171822197701092e-01 	 7.8558237445867640e-01 
-1.5154312819346344e-01 	 7.7277830739161024e-01 
-1.6021469970012112e-01 	 7.5916666666666666e-01 
-1.6766694060178020e-01 	 7.4485104508869615e-01 
-1.7384313484539302e-01 	 7.2994039318191550e-01 
-1.7869627786347764e-01 	 7.1454819001063297e-01 
-1.8218943430725848e-01 	 6.9879157953504878e-01 
-1.8429601914697291e-01 	 6.8279047907498336e-01 
-1.8666666666666665e-01 	 6.6666666666666663e-01 
-1.8595634364379249e-01 	 6.5039759468710379e-01 
-1.8383078056227881e-01 	 6.3425234016883969e-01 
-1.8030615424062604e-01 	 6.1835377824752935e-01 
-1.7540928921336954e-01 	 6.0282290657920845e-01 
-1.6917745358017464e-01 	 5.8777792447506938e-01 
-1.6165807537309521e-01 	 5.7333333333333336e-01 
-1.5290838160061174e-01 	 5.5959906521447134e-01 
-1.4299496271554252e-01 	 5.4667964619184595e-01 
-1.3199326582148885e-01 	 5.3467340084517778e-01 
-1.1998702047482067e-01 	 5.2367170395112406e-01 
-1.0706760145219527e-01 	 5.1375828506605492e-01 
-9.3333333333333365e-02 	 5.0500859129357145e-01 
-7.8888742191597194e-02 	 4.9748921308649197e-01 
-6.3843760087458151e-02 	 4.9125737745329706e-01 
-4.8312888419137182e-02 	 4.8636051242604056e-01 
-3.2414326497826988e-02 	 4.8283588610438782e-01 
-1.6269071979562868e-02 	 4.8071032302287414e-01 
1.1430036792041962e-17 	 4.7999999999999998e-01 
1.6269071979562851e-02 	 4.8071032302287414e-01 
3.2414326497827009e-02 	 4.8283588610438782e-01 
4.8312888419137202e-02 	 4.8636051242604056e-01 
6.3843760087458179e-02 	 4.9125737745329712e-01 
7.8888742191597222e-02 	 4.9748921308649197e-01 
9.3333333333333310e-02 	 5.0500859129357145e-01 
1.0706760145219522e-01 	 5.1375828506605481e-01 
1.1998702047482068e-01 	 5.2367170395112406e-01 
1.3199326582148888e-01 	 5.3467340084517778e-01 
1.4299496271554255e-01 	 5.4667964619184595e-01 
1.5290838160061176e-01 	 5.5959906521447134e-01 
1.6165807537309521e-01 	 5.7333333333333336e-01 
1.6917745358017464e-01 	 5.8777792447506938e-01 
1.7540928921336954e-01 	 6.0282290657920845e-01 
1.8030615424062604e-01 	 6.1835377824752935e-01 
1.8383078056227881e-01 	 6.3425234016883958e-01 
1.8595634364379249e-01 	 6.5039759468710379e-01 
1.8666666666666665e-01 	 6.6666666666666663e-01 
1.8595634364379249e-01 	 6.8293573864622947e-01 
1.8383078056227883e-01 	 6.9908099316449357e-01 
1.8030615424062604e-01 	 7.1497955508580391e-01 
1.7540928921336954e-01 	 7.3051042675412481e-01 
1.6917745358017464e-01 	 7.4555540885826388e-01 
1.6165807537309521e-01 	 7.5999999999999990e-01 
1.5290838160061182e-01 	 7.7373426811886181e-01 
1.4299496271554255e-01 	 7.8665368714148731e-01 
1.3199326582148888e-01 	 7.9865993248815548e-01 
1.1998702047482068e-01 	 8.0966162938220920e-01 
1.0706760145219529e-01 	 8.1957504826727834e-01 
9.3333333333333379e-02 	 8.2832474203976181e-01 
7.8888742191597291e-02 	 8.3584412024684118e-01 
6.3843760087458262e-02 	 8.4207595588003614e-01 
4.8312888419137161e-02 	 8.4697282090729265e-01 
3.2414326497826974e-02 	 8.5049744722894549e-01 
1.6269071979562851e-02 	 8.5262301031045906e-01 
1.1430036792041962e-17 	 8.5333333333333328e-01 
-1.6269071979562826e-02 	 8.5262301031045906e-01 
-3.2414326497826947e-02 	 8.5049744722894549e-01 
-4.8312888419137140e-02 	 8.4697282090729276e-01 
-6.3843760087458068e-02 	 8.4207595588003614e-01 
-7.8888742191597125e-02 	 8.3584412024684129e-01 
-9.3333333333333365e-02 	 8.2832474203976181e-01 
-1.0706760145219527e-01 	 8.1957504826727834e-01 
-1.1998702047482067e-01 	 8.0966162938220920e-01 
-1.3199326582148885e-01 	 7.9865993248815548e-01 
-1.4299496271554252e-01 	 7.8665368714148731e-01 
-1.5290838160061174e-01 	 7.7373426811886192e-01 
-1.6165807537309518e-01 	 7.6000000000000001e-01 
-1.6917745358017461e-01 	 7.4555540885826388e-01 
-1.7540928921336951e-01 	 7.3051042675412492e-01 
-1.8030615424062607e-01 	 7.1497955508580380e-01 
-1.8383078056227881e-01 	 6.9908099316449357e-01 
-1.8595634364379249e-01 	 6.8293573864622947e-01 
-1.8833333333333332e-01 	 6.6666666666666663e-01 
-1.8761666814061206e-01 	 6.5025233511585767e-01 
-1.8547212681729916e-01 	 6.3396292653939479e-01 
-1.8191603061777450e-01 	 6.1792241317235852e-01 
-1.7697544358134606e-01 	 6.0225287300699903e-01 
-1.7068796655856908e-01 	 5.8707356070550154e-01 
-1.6310145104606930e-01 	 5.7250000000000001e-01 
-1.5427363500776006e-01 	 5.5864310448721954e-01 
-1.4427170345407417e-01 	 5.4560833350903504e-01 
-1.3317177712346642e-01 	 5.3349488954320012e-01 
-1.2105833315763158e-01 	 5.2239496321259238e-01 
-1.0802356217944702e-01 	 5.1239303165890648e-01 
-9.4166666666666704e-02 	 5.0356521562059742e-01 
-7.9593105961165034e-02 	 4.9597870010809753e-01 
-6.4413793659667609e-02 	 4.8969122308532054e-01 
-4.8744253494308047e-02 	 4.8475063604889213e-01 
-3.2703740127271876e-02 	 4.8119453984936744e-01 
-1.6414331550808965e-02 	 4.7904999852605457e-01 
1.1532090691970910e-17 	 4.7833333333333328e-01 
1.6414331550808948e-02 	 4.7904999852605457e-01 
3.2703740127271896e-02 	 4.8119453984936744e-01 
4.8744253494308068e-02 	 4.8475063604889213e-01 
6.4413793659667623e-02 	 4.8969122308532054e-01 
7.9593105961165062e-02 	 4.9597870010809753e-01 
9.4166666666666635e-02 	 5.0356521562059731e-01 
1.0802356217944697e-01 	 5.1239303165890648e-01 
1.2105833315763159e-01 	 5.2239496321259249e-01 
1.3317177712346645e-01 	 5.3349488954320023e-01 
1.4427170345407420e-01 	 5.4560833350903504e-01 
1.5427363500776009e-01 	 5.5864310448721954e-01 
1.6310145104606930e-01 	 5.7250000000000001e-01 
1.7068796655856908e-01 	 5.8707356070550154e-01 
1.7697544358134606e-01 	 6.0225287300699903e-01 
1.8191603061777450e-01 	 6.1792241317235852e-01 
1.8547212681729916e-01 	 6.3396292653939468e-01 
1.8761666814061206e-01 	 6.5025233511585767e-01 
1.8833333333333332e-01 	 6.6666666666666663e-01 
1.8761666814061206e-01 	 6.8308099821747559e-01 
1.8547212681729919e-01 	 6.9937040679393847e-01 
1.8191603061777450e-01 	 7.1541092016097474e-01 
1.7697544358134606e-01 	 7.3108046032633422e-01 
1.7068796655856908e-01 	 7.4625977262783172e-01 
1.6310145104606930e-01 	 7.6083333333333325e-01 
1.5427363500776015e-01 	 7.7469022884611360e-01 
1.4427170345407420e-01 	 7.8772499982429822e-01 
1.3317177712346645e-01 	 7.9983844379013302e-01 
1.2105833315763159e-01 	 8.1093837012074077e-01 
1.0802356217944704e-01 	 8.2094030167442678e-01 
9.4166666666666732e-02 	 8.2976811771273584e-01 
7.9593105961165131e-02 	 8.3735463322523573e-01 
6.4413793659667706e-02 	 8.4364211024801272e-01 
4.8744253494308026e-02 	 8.4858269728444113e-01 
3.2703740127271855e-02 	 8.5213879348396582e-01 
1.6414331550808948e-02 	 8.5428333480727869e-01 
1.1532090691970910e-17 	 8.5499999999999998e-01 
-1.6414331550808924e-02 	 8.5428333480727869e-01 
-3.2703740127271834e-02 	 8.5213879348396582e-01 
-4.8744253494308006e-02 	 8.4858269728444113e-01 
-6.4413793659667526e-02 	 8.4364211024801272e-01 
-7.9593105961164964e-02 	 8.3735463322523573e-01 
-9.4166666666666704e-02 	 8.2976811771273584e-01 
-1.0802356217944702e-01 	 8.2094030167442678e-01 
-1.2105833315763158e-01 	 8.1093837012074088e-01 
-1.3317177712346642e-01 	 7.9983844379013314e-01 
-1.4427170345407417e-01 	 7.8772499982429822e-01 
-1.5427363500776006e-01 	 7.7469022884611372e-01 
-1.6310145104606924e-01 	 7.6083333333333336e-01 
-1.7068796655856902e-01 	 7.4625977262783172e-01 
-1.7697544358134604e-01 	 7.3108046032633434e-01 
-1.8191603061777453e-01 	 7.1541092016097463e-01 
-1.8547212681729916e-01 	 6.9937040679393847e-01 
-1.8761666814061206e-01 	 6.8308099821747559e-01 
-1.8999999999999997e-01 	 6.6666666666666663e-01 
-1.8927699263743164e-01 	 6.5010707554461156e-01 
-1.8711347307231949e-01 	 6.3367351290994989e-01 
-1.8352590699492294e-01 	 6.1749104809718769e-01 
-1.7854159794932256e-01 	 6.0168283943478951e-01 
-1.7219847953696346e-01 	 5.8636919693593370e-01 
-1.6454482671904333e-01 	 5.7166666666666666e-01 
-1.5563888841490839e-01 	 5.5768714375996786e-01 
-1.4554844419260579e-01 	 5.4453702082622413e-01 
-1.3435028842544400e-01 	 5.3231637824122258e-01 
-1.2212964584044246e-01 	 5.2111822247406081e-01 
-1.0897952290669875e-01 	 5.1102777825175827e-01 
-9.5000000000000029e-02 	 5.0212183994762327e-01 
-8.0297469730732859e-02 	 4.9446818712970314e-01 
-6.4983827231877053e-02 	 4.8812506871734407e-01 
-4.9175618569478913e-02 	 4.8314075967174364e-01 
-3.2993153756716756e-02 	 4.7955319359434712e-01 
-1.6559591122055062e-02 	 4.7738967402923499e-01 
1.1634144591899854e-17 	 4.7666666666666668e-01 
1.6559591122055045e-02 	 4.7738967402923499e-01 
3.2993153756716777e-02 	 4.7955319359434712e-01 
4.9175618569478934e-02 	 4.8314075967174364e-01 
6.4983827231877067e-02 	 4.8812506871734407e-01 
8.0297469730732887e-02 	 4.9446818712970320e-01 
9.4999999999999959e-02 	 5.0212183994762327e-01 
1.0897952290669871e-01 	 5.1102777825175816e-01 
1.2212964584044249e-01 	 5.2111822247406081e-01 
1.3435028842544403e-01 	 5.3231637824122258e-01 
1.4554844419260579e-01 	 5.4453702082622413e-01 
1.5563888841490839e-01 	 5.5768714375996786e-01 
1.6454482671904333e-01 	 5.7166666666666666e-01 
1.7219847953696346e-01 	 5.8636919693593370e-01 
1.7854159794932256e-01 	 6.0168283943478962e-01 
1.8352590699492294e-01 	 6.1749104809718769e-01 
1.8711347307231949e-01 	 6.3367351290994978e-01 
1.8927699263743164e-01 	 6.5010707554461156e-01 
1.8999999999999997e-01 	 6.6666666666666663e-01 
1.8927699263743164e-01 	 6.8322625778872170e-01 
1.8711347307231951e-01 	 6.9965982042338337e-01 
1.8352590699492294e-01 	 7.1584228523614557e-01 
1.7854159794932256e-01 	 7.3165049389854364e-01 
1.7219847953696346e-01 	 7.4696413639739956e-01 
1.6454482671904333e-01 	 7.6166666666666660e-01 
1.5563888841490844e-01 	 7.7564618957336529e-01 
1.4554844419260579e-01 	 7.8879631250710913e-01 
1.3435028842544403e-01 	 8.0101695509211068e-01 
1.2212964584044249e-01 	 8.1221511085927245e-01 
1.0897952290669878e-01 	 8.2230555508157499e-01 
9.5000000000000057e-02 	 8.3121149338570999e-01 
8.0297469730732957e-02 	 8.3886514620363006e-01 
6.4983827231877150e-02 	 8.4520826461598919e-01 
4.9175618569478892e-02 	 8.5019257366158962e-01 
3.2993153756716735e-02 	 8.5378013973898614e-01 
1.6559591122055045e-02 	 8.5594365930409833e-01 
1.1634144591899854e-17 	 8.5666666666666658e-01 
-1.6559591122055021e-02 	 8.5594365930409833e-01 
-3.2993153756716714e-02 	 8.5378013973898614e-01 
-4.9175618569478871e-02 	 8.5019257366158962e-01 
-6.4983827231876956e-02 	 8.4520826461598919e-01 
-8.0297469730732790e-02 	 8.3886514620363017e-01 
-9.5000000000000029e-02 	 8.3121149338570999e-01 
-1.0897952290669875e-01 	 8.2230555508157499e-01 
-1.2212964584044246e-01 	 8.1221511085927245e-01 
-1.3435028842544400e-01 	 8.0101695509211068e-01 
-1.4554844419260579e-01 	 7.8879631250710913e-01 
-1.5563888841490839e-01 	 7.7564618957336540e-01 
-1.6454482671904330e-01 	 7.6166666666666671e-01 
-1.7219847953696343e-01 	 7.4696413639739956e-01 
-1.7854159794932253e-01 	 7.3165049389854375e-01 
-1.8352590699492297e-01 	 7.1584228523614557e-01 
-1.8711347307231949e-01 	 6.9965982042338337e-01 
-1.8927699263743164e-01 	 6.8322625778872170e-01 
-1.9166666666666665e-01 	 6.6666666666666663e-01 
-1.9093731713425122e-01 	 6.4996181597336544e-01 
-1.8875481932733987e-01 	 6.3338409928050499e-01 
-1.8513578337207140e-01 	 6.1705968302201675e-01 
-1.8010775231729909e-01 	 6.0111280586258009e-01 
-1.7370899251535790e-01 	 5.8566483316636586e-01 
-1.6598820239201742e-01 	 5.7083333333333330e-01 
-1.5700414182205671e-01 	 5.5673118303271607e-01 
-1.4682518493113741e-01 	 5.4346570814341322e-01 
-1.3552879972742157e-01 	 5.3113786693924503e-01 
-1.2320095852325337e-01 	 5.1984148173552924e-01 
-1.0993548363395050e-01 	 5.0966252484460994e-01 
-9.5833333333333368e-02 	 5.0067846427464924e-01 
-8.1001833500300699e-02 	 4.9295767415130876e-01 
-6.5553860804086497e-02 	 4.8655891434936749e-01 
-4.9606983644649785e-02 	 4.8153088329459526e-01 
-3.3282567386161636e-02 	 4.7791184733932679e-01 
-1.6704850693301160e-02 	 4.7572934953241541e-01 
1.1736198491828801e-17 	 4.7499999999999998e-01 
1.6704850693301142e-02 	 4.7572934953241541e-01 
3.3282567386161657e-02 	 4.7791184733932679e-01 
4.9606983644649806e-02 	 4.8153088329459526e-01 
6.5553860804086525e-02 	 4.8655891434936754e-01 
8.1001833500300727e-02 	 4.9295767415130876e-01 
9.5833333333333298e-02 	 5.0067846427464924e-01 
1.0993548363395046e-01 	 5.0966252484460983e-01 
1.2320095852325338e-01 	 5.1984148173552924e-01 
1.3552879972742160e-01 	 5.3113786693924503e-01 
1.4682518493113744e-01 	 5.4346570814341322e-01 
1.5700414182205671e-01 	 5.5673118303271607e-01 
1.6598820239201742e-01 	 5.7083333333333330e-01 
1.7370899251535790e-01 	 5.8566483316636586e-01 
1.8010775231729909e-01 	 6.0111280586258009e-01 
1.8513578337207140e-01 	 6.1705968302201675e-01 
1.8875481932733987e-01 	 6.3338409928050499e-01 
1.9093731713425122e-01 	 6.4996181597336555e-01 
1.9166666666666665e-01 	 6.6666666666666663e-01 
1.9093731713425122e-01 	 6.8337151735996771e-01 
1.8875481932733987e-01 	 6.9994923405282827e-01 
1.8513578337207140e-01 	 7.1627365031131651e-01 
1.8010775231729909e-01 	 7.3222052747075317e-01 
1.7370899251535790e-01 	 7.4766850016696740e-01 
1.6598820239201742e-01 	 7.6249999999999996e-01 
1.5700414182205677e-01 	 7.7660215030061708e-01 
1.4682518493113744e-01 	 7.8986762518992004e-01 
1.3552879972742160e-01 	 8.0219546639408823e-01 
1.2320095852325338e-01 	 8.1349185159780402e-01 
1.0993548363395053e-01 	 8.2367080848872332e-01 
9.5833333333333395e-02 	 8.3265486905868402e-01 
8.1001833500300796e-02 	 8.4037565918202450e-01 
6.5553860804086608e-02 	 8.4677441898396566e-01 
4.9606983644649764e-02 	 8.5180245003873800e-01 
3.3282567386161623e-02 	 8.5542148599400647e-01 
1.6704850693301142e-02 	 8.5760398380091785e-01 
1.1736198491828801e-17 	 8.5833333333333328e-01 
-1.6704850693301118e-02 	 8.5760398380091785e-01 
-3.3282567386161595e-02 	 8.5542148599400647e-01 
-4.9606983644649744e-02 	 8.5180245003873800e-01 
-6.5553860804086414e-02 	 8.4677441898396577e-01 
-8.1001833500300630e-02 	 8.4037565918202461e-01 
-9.5833333333333368e-02 	 8.3265486905868402e-01 
-1.0993548363395050e-01 	 8.2367080848872332e-01 
-1.2320095852325337e-01 	 8.1349185159780402e-01 
-1.3552879972742157e-01 	 8.0219546639408823e-01 
-1.4682518493113741e-01 	 7.8986762518992004e-01 
-1.5700414182205671e-01 	 7.7660215030061719e-01 
-1.6598820239201736e-01 	 7.6250000000000007e-01 
-1.7370899251535785e-01 	 7.4766850016696740e-01 
-1.8010775231729906e-01 	 7.3222052747075328e-01 
-1.8513578337207140e-01 	 7.1627365031131640e-01 
-1.8875481932733987e-01 	 6.9994923405282827e-01 
-1.9093731713425122e-01 	 6.8337151735996782e-01 
-1.9333333333333333e-01 	 6.6666666666666663e-01 
-1.9259764163107079e-01 	 6.4981655640211933e-01 
-1.9039616558236022e-01 	 6.3309468565106009e-01 
-1.8674565974921986e-01 	 6.1662831794684592e-01 
-1.8167390668527561e-01 	 6.0054277229037067e-01 
-1.7521950549375231e-01 	 5.8496046939679802e-01 
-1.6743157806499148e-01 	 5.6999999999999995e-01 
-1.5836939522920504e-01 	 5.5577522230546439e-01 
-1.4810192566966907e-01 	 5.4239439546060231e-01 
-1.3670731102939918e-01 	 5.2995935563726748e-01 
-1.2427227120606428e-01 	 5.1856474099699756e-01 
-1.1089144436120225e-01 	 5.0829727143746162e-01 
-9.6666666666666706e-02 	 4.9923508860167520e-01 
-8.1706197269868538e-02 	 4.9144716117291432e-01 
-6.6123894376295955e-02 	 4.8499275998139102e-01 
-5.0038348719820651e-02 	 4.7992100691744677e-01 
-3.3571981015606524e-02 	 4.7627050108430641e-01 
-1.6850110264547257e-02 	 4.7406902503559584e-01 
1.1838252391757747e-17 	 4.7333333333333327e-01 
1.6850110264547240e-02 	 4.7406902503559584e-01 
3.3571981015606545e-02 	 4.7627050108430641e-01 
5.0038348719820679e-02 	 4.7992100691744677e-01 
6.6123894376295969e-02 	 4.8499275998139102e-01 
8.1706197269868552e-02 	 4.9144716117291432e-01 
9.6666666666666637e-02 	 4.9923508860167515e-01 
1.1089144436120221e-01 	 5.0829727143746151e-01 
1.2427227120606429e-01 	 5.1856474099699756e-01 
1.3670731102939920e-01 	 5.2995935563726748e-01 
1.4810192566966909e-01 	 5.4239439546060231e-01 
1.5836939522920507e-01 	 5.5577522230546439e-01 
1.6743157806499148e-01 	 5.6999999999999995e-01 
1.7521950549375231e-01 	 5.8496046939679802e-01 
1.8167390668527561e-01 	 6.0054277229037067e-01 
1.8674565974921986e-01 	 6.1662831794684592e-01 
1.9039616558236022e-01 	 6.3309468565106009e-01 
1.9259764163107079e-01 	 6.4981655640211944e-01 
1.9333333333333333e-01 	 6.6666666666666663e-01 
1.9259764163107079e-01 	 6.8351677693121382e-01 
1.9039616558236022e-01 	 7.0023864768227306e-01 
1.8674565974921986e-01 	 7.1670501538648734e-01 
1.8167390668527561e-01 	 7.3279056104296258e-01 
1.7521950549375231e-01 	 7.4837286393653524e-01 
1.6743157806499148e-01 	 7.6333333333333331e-01 
1.5836939522920510e-01 	 7.7755811102786887e-01 
1.4810192566966909e-01 	 7.9093893787273095e-01 
1.3670731102939920e-01 	 8.0337397769606578e-01 
1.2427227120606429e-01 	 8.1476859233633570e-01 
1.1089144436120228e-01 	 8.2503606189587164e-01 
9.6666666666666734e-02 	 8.3409824473165806e-01 
8.1706197269868636e-02 	 8.4188617216041894e-01 
6.6123894376296052e-02 	 8.4834057335194224e-01 
5.0038348719820630e-02 	 8.5341232641588649e-01 
3.3571981015606510e-02 	 8.5706283224902680e-01 
1.6850110264547240e-02 	 8.5926430829773737e-01 
1.1838252391757747e-17 	 8.5999999999999999e-01 
-1.6850110264547215e-02 	 8.5926430829773737e-01 
-3.3571981015606482e-02 	 8.5706283224902680e-01 
-5.0038348719820609e-02 	 8.5341232641588649e-01 
-6.6123894376295858e-02 	 8.4834057335194224e-01 
-8.1706197269868455e-02 	 8.4188617216041894e-01 
-9.6666666666666706e-02 	 8.3409824473165806e-01 
-1.1089144436120225e-01 	 8.2503606189587164e-01 
-1.2427227120606428e-01 	 8.1476859233633570e-01 
-1.3670731102939918e-01 	 8.0337397769606578e-01 
-1.4810192566966907e-01 	 7.9093893787273095e-01 
-1.5836939522920504e-01 	 7.7755811102786887e-01 
-1.6743157806499143e-01 	 7.6333333333333342e-01 
-1.7521950549375229e-01 	 7.4837286393653524e-01 
-1.8167390668527558e-01 	 7.3279056104296270e-01 
-1.8674565974921986e-01 	 7.1670501538648723e-01 
-1.9039616558236022e-01 	 7.0023864768227317e-01 
-1.9259764163107079e-01 	 6.8351677693121393e-01 
-1.9499999999999998e-01 	 6.6666666666666663e-01 
-1.9425796612789037e-01 	 6.4967129683087332e-01 
-1.9203751183738055e-01 	 6.3280527202161518e-01 
-1.8835553612636827e-01 	 6.1619695287167509e-01 
-1.8324006105325211e-01 	 5.9997273871816126e-01 
-1.7673001847214673e-01 	 5.8425610562723018e-01 
-1.6887495373796552e-01 	 5.6916666666666660e-01 
-1.5973464863635334e-01 	 5.5481926157821260e-01 
-1.4937866640820066e-01 	 5.4132308277779151e-01 
-1.3788582233137675e-01 	 5.2878084433528993e-01 
-1.2534358388887515e-01 	 5.1728800025846589e-01 
-1.1184740508845399e-01 	 5.0693201803031329e-01 
-9.7500000000000031e-02 	 4.9779171292870117e-01 
-8.2410561039436364e-02 	 4.8993664819451987e-01 
-6.6693927948505385e-02 	 4.8342660561341450e-01 
-5.0469713794991516e-02 	 4.7831113054029833e-01 
-3.3861394645051404e-02 	 4.7462915482928608e-01 
-1.6995369835793354e-02 	 4.7240870053877626e-01 
1.1940306291686692e-17 	 4.7166666666666668e-01 
1.6995369835793334e-02 	 4.7240870053877626e-01 
3.3861394645051425e-02 	 4.7462915482928608e-01 
5.0469713794991537e-02 	 4.7831113054029833e-01 
6.6693927948505413e-02 	 4.8342660561341455e-01 
8.2410561039436378e-02 	 4.8993664819451987e-01 
9.7499999999999962e-02 	 4.9779171292870111e-01 
1.1184740508845395e-01 	 5.0693201803031318e-01 
1.2534358388887518e-01 	 5.1728800025846600e-01 
1.3788582233137675e-01 	 5.2878084433528993e-01 
1.4937866640820069e-01 	 5.4132308277779151e-01 
1.5973464863635337e-01 	 5.5481926157821260e-01 
1.6887495373796552e-01 	 5.6916666666666671e-01 
1.7673001847214673e-01 	 5.8425610562723029e-01 
1.8324006105325211e-01 	 5.9997273871816126e-01 
1.8835553612636827e-01 	 6.1619695287167509e-01 
1.9203751183738055e-01 	 6.3280527202161518e-01 
1.9425796612789037e-01 	 6.4967129683087332e-01 
1.9499999999999998e-01 	 6.6666666666666663e-01 
1.9425796612789037e-01 	 6.8366203650245994e-01 
1.9203751183738058e-01 	 7.0052806131171796e-01 
1.8835553612636827e-01 	 7.1713638046165817e-01 
1.8324006105325211e-01 	 7.3336059461517200e-01 
1.7673001847214673e-01 	 7.4907722770610297e-01 
1.6887495373796552e-01 	 7.6416666666666655e-01 
1.5973464863635339e-01 	 7.7851407175512055e-01 
1.4937866640820069e-01 	 7.9201025055554175e-01 
1.3788582233137675e-01 	 8.0455248899804332e-01 
1.2534358388887518e-01 	 8.1604533307486726e-01 
1.1184740508845400e-01 	 8.2640131530301997e-01 
9.7500000000000059e-02 	 8.3554162040463209e-01 
8.2410561039436461e-02 	 8.4339668513881327e-01 
6.6693927948505496e-02 	 8.4990672771991871e-01 
5.0469713794991496e-02 	 8.5502220279303498e-01 
3.3861394645051390e-02 	 8.5870417850404723e-01 
1.6995369835793334e-02 	 8.6092463279455700e-01 
1.1940306291686692e-17 	 8.6166666666666658e-01 
-1.6995369835793309e-02 	 8.6092463279455700e-01 
-3.3861394645051363e-02 	 8.5870417850404723e-01 
-5.0469713794991475e-02 	 8.5502220279303498e-01 
-6.6693927948505302e-02 	 8.4990672771991882e-01 
-8.2410561039436281e-02 	 8.4339668513881338e-01 
-9.7500000000000031e-02 	 8.3554162040463209e-01 
-1.1184740508845399e-01 	 8.2640131530301997e-01 
-1.2534358388887515e-01 	 8.1604533307486737e-01 
-1.3788582233137675e-01 	 8.0455248899804332e-01 
-1.4937866640820066e-01 	 7.9201025055554175e-01 
-1.5973464863635334e-01 	 7.7851407175512066e-01 
-1.6887495373796549e-01 	 7.6416666666666666e-01 
-1.7673001847214667e-01 	 7.4907722770610308e-01 
-1.8324006105325208e-01 	 7.3336059461517211e-01 
-1.8835553612636829e-01 	 7.1713638046165817e-01 
-1.9203751183738055e-01 	 7.0052806131171808e-01 
-1.9425796612789037e-01 	 6.8366203650245994e-01 
-1.9666666666666666e-01 	 6.6666666666666663e-01 
-1.9591829062470995e-01 	 6.4952603725962721e-01 
-1.9367885809240090e-01 	 6.3251585839217039e-01 
-1.8996541250351673e-01 	 6.1576558779650414e-01 
-1.8480621542122863e-01 	 5.9940270514595173e-01 
-1.7824053145054114e-01 	 5.8355174185766234e-01 
-1.7031832941093961e-01 	 5.6833333333333336e-01 
-1.6109990204350166e-01 	 5.5386330085096080e-01 
-1.5065540714673231e-01 	 5.4025177009498049e-01 
-1.3906433363335433e-01 	 5.2760233303331228e-01 
-1.2641489657168606e-01 	 5.1601125951993432e-01 
-1.1280336581570574e-01 	 5.0556676462316497e-01 
-9.8333333333333370e-02 	 4.9634833725572708e-01 
-8.3114924809004204e-02 	 4.8842613521612543e-01 
-6.7263961520714843e-02 	 4.8186045124543797e-01 
-5.0901078870162389e-02 	 4.7670125416314990e-01 
-3.4150808274496292e-02 	 4.7298780857426570e-01 
-1.7140629407039452e-02 	 4.7074837604195668e-01 
1.2042360191615640e-17 	 4.6999999999999997e-01 
1.7140629407039434e-02 	 4.7074837604195668e-01 
3.4150808274496312e-02 	 4.7298780857426570e-01 
5.0901078870162410e-02 	 4.7670125416314990e-01 
6.7263961520714871e-02 	 4.8186045124543797e-01 
8.3114924809004218e-02 	 4.8842613521612549e-01 
9.8333333333333300e-02 	 4.9634833725572702e-01 
1.1280336581570570e-01 	 5.0556676462316485e-01 
1.2641489657168609e-01 	 5.1601125951993432e-01 
1.3906433363335435e-01 	 5.2760233303331228e-01 
1.5065540714673234e-01 	 5.4025177009498060e-01 
1.6109990204350169e-01 	 5.5386330085096092e-01 
1.7031832941093961e-01 	 5.6833333333333336e-01 
1.7824053145054114e-01 	 5.8355174185766245e-01 
1.8480621542122863e-01 	 5.9940270514595173e-01 
1.8996541250351673e-01 	 6.1576558779650414e-01 
1.9367885809240090e-01 	 6.3251585839217028e-01 
1.9591829062470995e-01 	 6.4952603725962721e-01 
1.9666666666666666e-01 	 6.6666666666666663e-01 
1.9591829062470995e-01 	 6.8380729607370605e-01 
1.9367885809240093e-01 	 7.0081747494116287e-01 
1.8996541250351673e-01 	 7.1756774553682912e-01 
1.8480621542122863e-01 	 7.3393062818738153e-01 
1.7824053145054114e-01 	 7.4978159147567081e-01 
1.7031832941093961e-01 	 7.6499999999999990e-01 
1.6109990204350175e-01 	 7.7947003248237234e-01 
1.5065540714673234e-01 	 7.9308156323835266e-01 
1.3906433363335435e-01 	 8.0573100030002098e-01 
1.2641489657168609e-01 	 8.1732207381339894e-01 
1.1280336581570576e-01 	 8.2776656871016829e-01 
9.8333333333333398e-02 	 8.3698499607760612e-01 
8.3114924809004301e-02 	 8.4490719811720771e-01 
6.7263961520714954e-02 	 8.5147288208789518e-01 
5.0901078870162368e-02 	 8.5663207917018336e-01 
3.4150808274496278e-02 	 8.6034552475906756e-01 
1.7140629407039434e-02 	 8.6258495729137663e-01 
1.2042360191615640e-17 	 8.6333333333333329e-01 
-1.7140629407039407e-02 	 8.6258495729137663e-01 
-3.4150808274496250e-02 	 8.6034552475906756e-01 
-5.0901078870162347e-02 	 8.5663207917018336e-01 
-6.7263961520714760e-02 	 8.5147288208789529e-01 
-8.3114924809004120e-02 	 8.4490719811720782e-01 
-9.8333333333333370e-02 	 8.3698499607760612e-01 
-1.1280336581570574e-01 	 8.2776656871016829e-01 
-1.2641489657168606e-01 	 8.1732207381339894e-01 
-1.3906433363335433e-01 	 8.0573100030002098e-01 
-1.5065540714673231e-01 	 7.9308156323835277e-01 
-1.6109990204350166e-01 	 7.7947003248237245e-01 
-1.7031832941093955e-01 	 7.6500000000000001e-01 
-1.7824053145054111e-01 	 7.4978159147567092e-01 
-1.8480621542122860e-01 	 7.3393062818738164e-01 
-1.8996541250351676e-01 	 7.1756774553682900e-01 
-1.9367885809240090e-01 	 7.0081747494116287e-01 
-1.9591829062470995e-01 	 6.8380729607370605e-01 
-1.9833333333333333e-01 	 6.6666666666666663e-01 
-1.9757861512152952e-01 	 6.4938077768838109e-01 
-1.9532020434742126e-01 	 6.3222644476272549e-01 
-1.9157528888066519e-01 	 6.1533422272133331e-01 
-1.8637236978920516e-01 	 5.9883267157374231e-01 
-1.7975104442893558e-01 	 5.8284737808809450e-01 
-1.7176170508391367e-01 	 5.6750000000000000e-01 
-1.6246515545064999e-01 	 5.5290734012370912e-01 
-1.5193214788526396e-01 	 5.3918045741216969e-01 
-1.4024284493533190e-01 	 5.2642382173133473e-01 
-1.2748620925449697e-01 	 5.1473451878140264e-01 
-1.1375932654295749e-01 	 5.0420151121601664e-01 
-9.9166666666666708e-02 	 4.9490496158275299e-01 
-8.3819288578572029e-02 	 4.8691562223773105e-01 
-6.7833995092924301e-02 	 4.8029429687746145e-01 
-5.1332443945333261e-02 	 4.7509137778600141e-01 
-3.4440221903941179e-02 	 4.7134646231924537e-01 
-1.7285888978285549e-02 	 4.6908805154513711e-01 
1.2144414091544586e-17 	 4.6833333333333327e-01 
1.7285888978285532e-02 	 4.6908805154513711e-01 
3.4440221903941200e-02 	 4.7134646231924537e-01 
5.1332443945333282e-02 	 4.7509137778600141e-01 
6.7833995092924315e-02 	 4.8029429687746150e-01 
8.3819288578572057e-02 	 4.8691562223773105e-01 
9.9166666666666639e-02 	 4.9490496158275299e-01 
1.1375932654295745e-01 	 5.0420151121601653e-01 
1.2748620925449700e-01 	 5.1473451878140264e-01 
1.4024284493533193e-01 	 5.2642382173133473e-01 
1.5193214788526396e-01 	 5.3918045741216969e-01 
1.6246515545065002e-01 	 5.5290734012370912e-01 
1.7176170508391367e-01 	 5.6750000000000000e-01 
1.7975104442893558e-01 	 5.8284737808809461e-01 
1.8637236978920516e-01 	 5.9883267157374231e-01 
1.9157528888066519e-01 	 6.1533422272133331e-01 
1.9532020434742126e-01 	 6.3222644476272538e-01 
1.9757861512152952e-01 	 6.4938077768838109e-01 
1.9833333333333333e-01 	 6.6666666666666663e-01 
1.9757861512152952e-01 	 6.8395255564495216e-01 
1.9532020434742128e-01 	 7.0110688857060777e-01 
1.9157528888066519e-01 	 7.1799911061199995e-01 
1.8637236978920516e-01 	 7.3450066175959094e-01 
1.7975104442893558e-01 	 7.5048595524523865e-01 
1.7176170508391367e-01 	 7.6583333333333325e-01 
1.6246515545065007e-01 	 7.8042599320962402e-01 
1.5193214788526396e-01 	 7.9415287592116357e-01 
1.4024284493533193e-01 	 8.0690951160199853e-01 
1.2748620925449700e-01 	 8.1859881455193062e-01 
1.1375932654295751e-01 	 8.2913182211731662e-01 
9.9166666666666736e-02 	 8.3842837175058027e-01 
8.3819288578572126e-02 	 8.4641771109560215e-01 
6.7833995092924398e-02 	 8.5303903645587176e-01 
5.1332443945333234e-02 	 8.5824195554733185e-01 
3.4440221903941158e-02 	 8.6198687101408789e-01 
1.7285888978285532e-02 	 8.6424528178819615e-01 
1.2144414091544586e-17 	 8.6499999999999999e-01 
-1.7285888978285507e-02 	 8.6424528178819615e-01 
-3.4440221903941130e-02 	 8.6198687101408789e-01 
-5.1332443945333213e-02 	 8.5824195554733185e-01 
-6.7833995092924204e-02 	 8.5303903645587176e-01 
-8.3819288578571960e-02 	 8.4641771109560227e-01 
-9.9166666666666708e-02 	 8.3842837175058027e-01 
-1.1375932654295749e-01 	 8.2913182211731662e-01 
-1.2748620925449697e-01 	 8.1859881455193062e-01 
-1.4024284493533190e-01 	 8.0690951160199853e-01 
-1.5193214788526396e-01 	 7.9415287592116357e-01 
-1.6246515545064999e-01 	 7.8042599320962414e-01 
-1.7176170508391364e-01 	 7.6583333333333337e-01 
-1.7975104442893552e-01 	 7.5048595524523876e-01 
-1.8637236978920513e-01 	 7.3450066175959106e-01 
-1.9157528888066522e-01 	 7.1799911061199984e-01 
-1.9532020434742126e-01 	 7.0110688857060777e-01 
-1.9757861512152952e-01 	 6.8395255564495216e-01 
-1.9999999999999998e-01 	 6.6666666666666663e-01 
-1.9923893961834910e-01 	 6.4923551811713498e-01 
-1.9696155060244158e-01 	 6.3193703113328059e-01 
-1.9318516525781362e-01 	 6.1490285764616248e-01 
-1.8793852415718165e-01 	 5.9826263800153290e-01 
-1.8126155740732997e-01 	 5.8214301431852677e-01 
-1.7320508075688773e-01 	 5.6666666666666665e-01 
-1.6383040885779832e-01 	 5.5195137939645733e-01 
-1.5320888862379556e-01 	 5.3810914472935878e-01 
-1.4142135623730948e-01 	 5.2524531042935707e-01 
-1.2855752193730785e-01 	 5.1345777804287107e-01 
-1.1471528727020923e-01 	 5.0283625780886831e-01 
-1.0000000000000003e-01 	 4.9346158590977895e-01 
-8.4523652348139855e-02 	 4.8540510925933666e-01 
-6.8404028665133731e-02 	 4.7872814250948492e-01 
-5.1763809020504120e-02 	 4.7348150140885298e-01 
-3.4729635533386059e-02 	 4.6970511606422505e-01 
-1.7431148549531646e-02 	 4.6742772704831753e-01 
1.2246467991473531e-17 	 4.6666666666666667e-01 
1.7431148549531626e-02 	 4.6742772704831753e-01 
3.4729635533386080e-02 	 4.6970511606422505e-01 
5.1763809020504141e-02 	 4.7348150140885298e-01 
6.8404028665133759e-02 	 4.7872814250948498e-01 
8.4523652348139883e-02 	 4.8540510925933666e-01 
9.9999999999999964e-02 	 4.9346158590977890e-01 
1.1471528727020917e-01 	 5.0283625780886831e-01 
1.2855752193730788e-01 	 5.1345777804287107e-01 
1.4142135623730950e-01 	 5.2524531042935718e-01 
1.5320888862379559e-01 	 5.3810914472935878e-01 
1.6383040885779832e-01 	 5.5195137939645744e-01 
1.7320508075688773e-01 	 5.6666666666666665e-01 
1.8126155740732997e-01 	 5.8214301431852677e-01 
1.8793852415718165e-01 	 5.9826263800153290e-01 
1.9318516525781362e-01 	 6.1490285764616248e-01 
1.9696155060244158e-01 	 6.3193703113328048e-01 
1.9923893961834910e-01 	 6.4923551811713498e-01 
1.9999999999999998e-01 	 6.6666666666666663e-01 
1.9923893961834910e-01 	 6.8409781521619828e-01 
1.9696155060244161e-01 	 7.0139630220005267e-01 
1.9318516525781362e-01 	 7.1843047568717078e-01 
1.8793852415718165e-01 	 7.3507069533180036e-01 
1.8126155740732997e-01 	 7.5119031901480648e-01 
1.7320508075688773e-01 	 7.6666666666666661e-01 
1.6383040885779837e-01 	 7.8138195393687582e-01 
1.5320888862379559e-01 	 7.9522418860397448e-01 
1.4142135623730950e-01 	 8.0808802290397608e-01 
1.2855752193730788e-01 	 8.1987555529046219e-01 
1.1471528727020924e-01 	 8.3049707552446494e-01 
1.0000000000000006e-01 	 8.3987174742355430e-01 
8.4523652348139952e-02 	 8.4792822407399659e-01 
6.8404028665133843e-02 	 8.5460519082384823e-01 
5.1763809020504099e-02 	 8.5985183192448034e-01 
3.4729635533386038e-02 	 8.6362821726910821e-01 
1.7431148549531626e-02 	 8.6590560628501567e-01 
1.2246467991473531e-17 	 8.6666666666666659e-01 
-1.7431148549531601e-02 	 8.6590560628501567e-01 
-3.4729635533386011e-02 	 8.6362821726910821e-01 
-5.1763809020504079e-02 	 8.5985183192448034e-01 
-6.8404028665133648e-02 	 8.5460519082384834e-01 
-8.4523652348139786e-02 	 8.4792822407399671e-01 
-1.0000000000000003e-01 	 8.3987174742355430e-01 
-1.1471528727020923e-01 	 8.3049707552446494e-01 
-1.2855752193730785e-01 	 8.1987555529046219e-01 
-1.4142135623730948e-01 	 8.0808802290397619e-01 
-1.5320888862379556e-01 	 7.9522418860397448e-01 
-1.6383040885779832e-01 	 7.8138195393687593e-01 
-1.7320508075688767e-01 	 7.6666666666666672e-01 
-1.8126155740732994e-01 	 7.5119031901480660e-01 
-1.8793852415718162e-01 	 7.3507069533180047e-01 
-1.9318516525781365e-01 	 7.1843047568717078e-01 
-1.9696155060244158e-01 	 7.0139630220005267e-01 
-1.9923893961834910e-01 	 6.8409781521619828e-01 
-2.0166666666666666e-01 	 6.6666666666666663e-01 
-2.0089926411516867e-01 	 6.4909025854588887e-01 
-1.9860289685746194e-01 	 6.3164761750383569e-01 
-1.9479504163496209e-01 	 6.1447149257099154e-01 
-1.8950467852515818e-01 	 5.9769260442932337e-01 
-1.8277207038572441e-01 	 5.8143865054895894e-01 
-1.7464845642986179e-01 	 5.6583333333333330e-01 
-1.6519566226494664e-01 	 5.5099541866920565e-01 
-1.5448562936232721e-01 	 5.3703783204654787e-01 
-1.4259986753928708e-01 	 5.2406679912737952e-01 
-1.2962883462011876e-01 	 5.1218103730433939e-01 
-1.1567124799746097e-01 	 5.0147100440171999e-01 
-1.0083333333333337e-01 	 4.9201821023680486e-01 
-8.5228016117707694e-02 	 4.8389459628094222e-01 
-6.8974062237343189e-02 	 4.7716198814150845e-01 
-5.2195174095674993e-02 	 4.7187162503170454e-01 
-3.5019049162830947e-02 	 4.6806376980920472e-01 
-1.7576408120777744e-02 	 4.6576740255149796e-01 
1.2348521891402478e-17 	 4.6499999999999997e-01 
1.7576408120777723e-02 	 4.6576740255149796e-01 
3.5019049162830967e-02 	 4.6806376980920472e-01 
5.2195174095675013e-02 	 4.7187162503170454e-01 
6.8974062237343217e-02 	 4.7716198814150845e-01 
8.5228016117707722e-02 	 4.8389459628094222e-01 
1.0083333333333330e-01 	 4.9201821023680481e-01 
1.1567124799746092e-01 	 5.0147100440171988e-01 
1.2962883462011879e-01 	 5.1218103730433939e-01 
1.4259986753928708e-01 	 5.2406679912737952e-01 
1.5448562936232724e-01 	 5.3703783204654787e-01 
1.6519566226494664e-01 	 5.5099541866920565e-01 
1.7464845642986179e-01 	 5.6583333333333330e-01 
1.8277207038572441e-01 	 5.8143865054895894e-01 
1.8950467852515818e-01 	 5.9769260442932337e-01 
1.9479504163496209e-01 	 6.1447149257099154e-01 
1.9860289685746194e-01 	 6.3164761750383558e-01 
2.0089926411516867e-01 	 6.4909025854588887e-01 
2.0166666666666666e-01 	 6.6666666666666663e-01 
2.0089926411516867e-01 	 6.8424307478744439e-01 
1.9860289685746196e-01 	 7.0168571582949757e-01 
1.9479504163496209e-01 	 7.1886184076234172e-01 
1.8950467852515818e-01 	 7.3564072890400989e-01 
1.8277207038572441e-01 	 7.5189468278437432e-01 
1.7464845642986179e-01 	 7.6749999999999996e-01 
1.6519566226494670e-01 	 7.8233791466412750e-01 
1.5448562936232724e-01 	 7.9629550128678539e-01 
1.4259986753928708e-01 	 8.0926653420595374e-01 
1.2962883462011879e-01 	 8.2115229602899387e-01 
1.1567124799746099e-01 	 8.3186232893161327e-01 
1.0083333333333340e-01 	 8.4131512309652834e-01 
8.5228016117707792e-02 	 8.4943873705239104e-01 
6.8974062237343300e-02 	 8.5617134519182481e-01 
5.2195174095674972e-02 	 8.6146170830162871e-01 
3.5019049162830926e-02 	 8.6526956352412854e-01 
1.7576408120777723e-02 	 8.6756593078183530e-01 
1.2348521891402478e-17 	 8.6833333333333329e-01 
-1.7576408120777699e-02 	 8.6756593078183530e-01 
-3.5019049162830898e-02 	 8.6526956352412854e-01 
-5.2195174095674944e-02 	 8.6146170830162871e-01 
-6.8974062237343092e-02 	 8.5617134519182481e-01 
-8.5228016117707611e-02 	 8.4943873705239104e-01 
-1.0083333333333337e-01 	 8.4131512309652834e-01 
-1.1567124799746097e-01 	 8.3186232893161327e-01 
-1.2962883462011876e-01 	 8.2115229602899387e-01 
-1.4259986753928708e-01 	 8.0926653420595374e-01 
-1.5448562936232721e-01 	 7.9629550128678539e-01 
-1.6519566226494664e-01 	 7.8233791466412761e-01 
-1.7464845642986176e-01 	 7.6750000000000007e-01 
-1.8277207038572435e-01 	 7.5189468278437444e-01 
-1.8950467852515815e-01 	 7.3564072890400989e-01 
-1.9479504163496211e-01 	 7.1886184076234161e-01 
-1.9860289685746194e-01 	 7.0168571582949757e-01 
-2.0089926411516867e-01 	 6.8424307478744439e-01 
-2.0333333333333331e-01 	 6.6666666666666663e-01 
-2.0255958861198825e-01 	 6.4894499897464275e-01 
-2.0024424311248226e-01 	 6.3135820387439079e-01 
-1.9640491801211052e-01 	 6.1404012749582071e-01 
-1.9107083289313467e-01 	 5.9712257085711395e-01 
-1.8428258336411879e-01 	 5.8073428677939110e-01 
-1.7609183210283585e-01 	 5.6499999999999995e-01 
-1.6656091567209494e-01 	 5.5003945794195386e-01 
-1.5576237010085883e-01 	 5.3596651936373696e-01 
-1.4377837884126463e-01 	 5.2288828782540198e-01 
-1.3070014730292964e-01 	 5.1090429656580783e-01 
-1.1662720872471270e-01 	 5.0010575099457166e-01 
-1.0166666666666670e-01 	 4.9057483456383083e-01 
-8.5932379887275520e-02 	 4.8238408330254778e-01 
-6.9544095809552633e-02 	 4.7559583377353193e-01 
-5.2626539170845858e-02 	 4.7026174865455606e-01 
-3.5308462792275827e-02 	 4.6642242355418440e-01 
-1.7721667692023838e-02 	 4.6410707805467838e-01 
1.2450575791331422e-17 	 4.6333333333333332e-01 
1.7721667692023820e-02 	 4.6410707805467838e-01 
3.5308462792275848e-02 	 4.6642242355418440e-01 
5.2626539170845879e-02 	 4.7026174865455606e-01 
6.9544095809552647e-02 	 4.7559583377353198e-01 
8.5932379887275548e-02 	 4.8238408330254784e-01 
1.0166666666666663e-01 	 4.9057483456383078e-01 
1.1662720872471266e-01 	 5.0010575099457166e-01 
1.3070014730292967e-01 	 5.1090429656580783e-01 
1.4377837884126465e-01 	 5.2288828782540198e-01 
1.5576237010085883e-01 	 5.3596651936373696e-01 
1.6656091567209497e-01 	 5.5003945794195386e-01 
1.7609183210283585e-01 	 5.6499999999999995e-01 
1.8428258336411879e-01 	 5.8073428677939110e-01 
1.9107083289313467e-01 	 5.9712257085711395e-01 
1.9640491801211052e-01 	 6.1404012749582071e-01 
2.0024424311248226e-01 	 6.3135820387439079e-01 
2.0255958861198825e-01 	 6.4894499897464286e-01 
2.0333333333333331e-01 	 6.6666666666666663e-01 
2.0255958861198825e-01 	 6.8438833435869040e-01 
2.0024424311248229e-01 	 7.0197512945894247e-01 
1.9640491801211052e-01 	 7.1929320583751255e-01 
1.9107083289313467e-01 	 7.3621076247621930e-01 
1.8428258336411879e-01 	 7.5259904655394216e-01 
1.7609183210283585e-01 	 7.6833333333333331e-01 
1.6656091567209499e-01 	 7.8329387539137929e-01 
1.5576237010085883e-01 	 7.9736681396959630e-01 
1.4377837884126465e-01 	 8.1044504550793128e-01 
1.3070014730292967e-01 	 8.2242903676752543e-01 
1.1662720872471273e-01 	 8.3322758233876160e-01 
1.0166666666666672e-01 	 8.4275849876950248e-01 
8.5932379887275617e-02 	 8.5094925003078536e-01 
6.9544095809552745e-02 	 8.5773749955980128e-01 
5.2626539170845830e-02 	 8.6307158467877720e-01 
3.5308462792275806e-02 	 8.6691090977914897e-01 
1.7721667692023820e-02 	 8.6922625527865494e-01 
1.2450575791331422e-17 	 8.6999999999999988e-01 
-1.7721667692023792e-02 	 8.6922625527865494e-01 
-3.5308462792275778e-02 	 8.6691090977914897e-01 
-5.2626539170845810e-02 	 8.6307158467877720e-01 
-6.9544095809552536e-02 	 8.5773749955980128e-01 
-8.5932379887275437e-02 	 8.5094925003078548e-01 
-1.0166666666666670e-01 	 8.4275849876950248e-01 
-1.1662720872471270e-01 	 8.3322758233876160e-01 
-1.3070014730292964e-01 	 8.2242903676752543e-01 
-1.4377837884126463e-01 	 8.1044504550793128e-01 
-1.5576237010085883e-01 	 7.9736681396959630e-01 
-1.6656091567209494e-01 	 7.8329387539137940e-01 
-1.7609183210283580e-01 	 7.6833333333333331e-01 
-1.8428258336411876e-01 	 7.5259904655394227e-01 
-1.9107083289313465e-01 	 7.3621076247621942e-01 
-1.9640491801211055e-01 	 7.1929320583751244e-01 
-2.0024424311248226e-01 	 7.0197512945894247e-01 
-2.0255958861198825e-01 	 6.8438833435869051e-01 
-2.0499999999999999e-01 	 6.6666666666666663e-01 
-2.0421991310880783e-01 	 6.4879973940339675e-01 
-2.0188558936750264e-01 	 6.3106879024494589e-01 
-1.9801479438925898e-01 	 6.1360876242064988e-01 
-1.9263698726111120e-01 	 5.9655253728490454e-01 
-1.8579309634251323e-01 	 5.8002992300982326e-01 
-1.7753520777580992e-01 	 5.6416666666666671e-01 
-1.6792616907924326e-01 	 5.4908349721470218e-01 
-1.5703911083939046e-01 	 5.3489520668092605e-01 
-1.4495689014324223e-01 	 5.2170977652342443e-01 
-1.3177145998574055e-01 	 5.0962755582727615e-01 
-1.1758316945196445e-01 	 4.9874049758742334e-01 
-1.0250000000000004e-01 	 4.8913145889085674e-01 
-8.6636743656843360e-02 	 4.8087357032415334e-01 
-7.0114129381762078e-02 	 4.7402967940555540e-01 
-5.3057904246016724e-02 	 4.6865187227740768e-01 
-3.5597876421720707e-02 	 4.6478107729916396e-01 
-1.7866927263269938e-02 	 4.6244675355785880e-01 
1.2552629691260370e-17 	 4.6166666666666667e-01 
1.7866927263269917e-02 	 4.6244675355785880e-01 
3.5597876421720735e-02 	 4.6478107729916396e-01 
5.3057904246016752e-02 	 4.6865187227740768e-01 
7.0114129381762105e-02 	 4.7402967940555540e-01 
8.6636743656843374e-02 	 4.8087357032415340e-01 
1.0249999999999997e-01 	 4.8913145889085674e-01 
1.1758316945196441e-01 	 4.9874049758742334e-01 
1.3177145998574058e-01 	 5.0962755582727615e-01 
1.4495689014324226e-01 	 5.2170977652342443e-01 
1.5703911083939048e-01 	 5.3489520668092605e-01 
1.6792616907924329e-01 	 5.4908349721470218e-01 
1.7753520777580992e-01 	 5.6416666666666671e-01 
1.8579309634251323e-01 	 5.8002992300982326e-01 
1.9263698726111120e-01 	 5.9655253728490454e-01 
1.9801479438925898e-01 	 6.1360876242064988e-01 
2.0188558936750264e-01 	 6.3106879024494589e-01 
2.0421991310880783e-01 	 6.4879973940339675e-01 
2.0499999999999999e-01 	 6.6666666666666663e-01 
2.0421991310880783e-01 	 6.8453359392993651e-01 
2.0188558936750264e-01 	 7.0226454308838726e-01 
1.9801479438925898e-01 	 7.1972457091268338e-01 
1.9263698726111120e-01 	 7.3678079604842872e-01 
1.8579309634251323e-01 	 7.5330341032351000e-01 
1.7753520777580992e-01 	 7.6916666666666655e-01 
1.6792616907924332e-01 	 7.8424983611863097e-01 
1.5703911083939048e-01 	 7.9843812665240721e-01 
1.4495689014324226e-01 	 8.1162355680990883e-01 
1.3177145998574058e-01 	 8.2370577750605711e-01 
1.1758316945196448e-01 	 8.3459283574590992e-01 
1.0250000000000006e-01 	 8.4420187444247652e-01 
8.6636743656843457e-02 	 8.5245976300917981e-01 
7.0114129381762202e-02 	 8.5930365392777786e-01 
5.3057904246016703e-02 	 8.6468146105592558e-01 
3.5597876421720694e-02 	 8.6855225603416930e-01 
1.7866927263269917e-02 	 8.7088657977547446e-01 
1.2552629691260370e-17 	 8.7166666666666659e-01 
-1.7866927263269893e-02 	 8.7088657977547446e-01 
-3.5597876421720666e-02 	 8.6855225603416930e-01 
-5.3057904246016682e-02 	 8.6468146105592569e-01 
-7.0114129381761994e-02 	 8.5930365392777786e-01 
-8.6636743656843276e-02 	 8.5245976300917992e-01 
-1.0250000000000004e-01 	 8.4420187444247652e-01 
-1.1758316945196445e-01 	 8.3459283574590992e-01 
-1.3177145998574055e-01 	 8.2370577750605711e-01 
-1.4495689014324223e-01 	 8.1162355680990883e-01 
-1.5703911083939046e-01 	 7.9843812665240721e-01 
-1.6792616907924326e-01 	 7.8424983611863108e-01 
-1.7753520777580989e-01 	 7.6916666666666667e-01 
-1.8579309634251318e-01 	 7.5330341032351011e-01 
-1.9263698726111117e-01 	 7.3678079604842883e-01 
-1.9801479438925898e-01 	 7.1972457091268338e-01 
-2.0188558936750264e-01 	 7.0226454308838737e-01 
-2.0421991310880783e-01 	 6.8453359392993651e-01 
-2.0666666666666667e-01 	 6.6666666666666663e-01 
-2.0588023760562740e-01 	 6.4865447983215063e-01 
-2.0352693562252300e-01 	 6.3077937661550099e-01 
-1.9962467076640741e-01 	 6.1317739734547894e-01 
-1.9420314162908772e-01 	 5.9598250371269512e-01 
-1.8730360932090764e-01 	 5.7932555924025542e-01 
-1.7897858344878401e-01 	 5.6333333333333335e-01 
-1.6929142248639159e-01 	 5.4812753648745038e-01 
-1.5831585157792211e-01 	 5.3382389399811514e-01 
-1.4613540144521980e-01 	 5.2053126522144677e-01 
-1.3284277266855146e-01 	 5.0835081508874447e-01 
-1.1853913017921620e-01 	 4.9737524418027501e-01 
-1.0333333333333337e-01 	 4.8768808321788271e-01 
-8.7341107426411199e-02 	 4.7936305734575896e-01 
-7.0684162953971535e-02 	 4.7246352503757888e-01 
-5.3489269321187596e-02 	 4.6704199590025919e-01 
-3.5887290051165595e-02 	 4.6313973104414363e-01 
-1.8012186834516036e-02 	 4.6078642906103923e-01 
1.2654683591189317e-17 	 4.5999999999999996e-01 
1.8012186834516015e-02 	 4.6078642906103923e-01 
3.5887290051165616e-02 	 4.6313973104414363e-01 
5.3489269321187617e-02 	 4.6704199590025919e-01 
7.0684162953971563e-02 	 4.7246352503757894e-01 
8.7341107426411213e-02 	 4.7936305734575901e-01 
1.0333333333333330e-01 	 4.8768808321788260e-01 
1.1853913017921616e-01 	 4.9737524418027496e-01 
1.3284277266855149e-01 	 5.0835081508874458e-01 
1.4613540144521983e-01 	 5.2053126522144688e-01 
1.5831585157792213e-01 	 5.3382389399811514e-01 
1.6929142248639162e-01 	 5.4812753648745038e-01 
1.7897858344878401e-01 	 5.6333333333333335e-01 
1.8730360932090764e-01 	 5.7932555924025542e-01 
1.9420314162908772e-01 	 5.9598250371269512e-01 
1.9962467076640741e-01 	 6.1317739734547894e-01 
2.0352693562252300e-01 	 6.3077937661550099e-01 
2.0588023760562740e-01 	 6.4865447983215063e-01 
2.0666666666666667e-01 	 6.6666666666666663e-01 
2.0588023760562740e-01 	 6.8467885350118263e-01 
2.0352693562252303e-01 	 7.0255395671783216e-01 
1.9962467076640741e-01 	 7.2015593598785432e-01 
1.9420314162908772e-01 	 7.3735082962063814e-01 
1.8730360932090764e-01 	 7.5400777409307784e-01 
1.7897858344878401e-01 	 7.6999999999999991e-01 
1.6929142248639167e-01 	 7.8520579684588276e-01 
1.5831585157792213e-01 	 7.9950943933521812e-01 
1.4613540144521983e-01 	 8.1280206811188638e-01 
1.3284277266855149e-01 	 8.2498251824458868e-01 
1.1853913017921623e-01 	 8.3595808915305825e-01 
1.0333333333333340e-01 	 8.4564525011545055e-01 
8.7341107426411296e-02 	 8.5397027598757425e-01 
7.0684162953971647e-02 	 8.6086980829575432e-01 
5.3489269321187576e-02 	 8.6629133743307407e-01 
3.5887290051165581e-02 	 8.7019360228918963e-01 
1.8012186834516015e-02 	 8.7254690427229398e-01 
1.2654683591189317e-17 	 8.7333333333333329e-01 
-1.8012186834515991e-02 	 8.7254690427229398e-01 
-3.5887290051165553e-02 	 8.7019360228918963e-01 
-5.3489269321187548e-02 	 8.6629133743307407e-01 
-7.0684162953971438e-02 	 8.6086980829575444e-01 
-8.7341107426411116e-02 	 8.5397027598757436e-01 
-1.0333333333333337e-01 	 8.4564525011545055e-01 
-1.1853913017921620e-01 	 8.3595808915305825e-01 
-1.3284277266855146e-01 	 8.2498251824458879e-01 
-1.4613540144521980e-01 	 8.1280206811188649e-01 
-1.5831585157792211e-01 	 7.9950943933521812e-01 
-1.6929142248639159e-01 	 7.8520579684588288e-01 
-1.7897858344878395e-01 	 7.7000000000000002e-01 
-1.8730360932090762e-01 	 7.5400777409307795e-01 
-1.9420314162908769e-01 	 7.3735082962063825e-01 
-1.9962467076640744e-01 	 7.2015593598785421e-01 
-2.0352693562252300e-01 	 7.0255395671783227e-01 
-2.0588023760562740e-01 	 6.8467885350118263e-01 
-2.0833333333333331e-01 	 6.6666666666666663e-01 
-2.0754056210244698e-01 	 6.4850922026090452e-01 
-2.0516828187754332e-01 	 6.3048996298605620e-01 
-2.0123454714355585e-01 	 6.1274603227030811e-01 
-1.9576929599706422e-01 	 5.9541247014048559e-01 
-1.8881412229930206e-01 	 5.7862119547068758e-01 
-1.8042195912175804e-01 	 5.6250000000000000e-01 
-1.7065667589353989e-01 	 5.4717157576019870e-01 
-1.5959259231645370e-01 	 5.3275258131530423e-01 
-1.4731391274719738e-01 	 5.1935275391946922e-01 
-1.3391408535136234e-01 	 5.0707407435021290e-01 
-1.1949509090646794e-01 	 4.9600999077312669e-01 
-1.0416666666666670e-01 	 4.8624470754490862e-01 
-8.8045471195979025e-02 	 4.7785254436736457e-01 
-7.1254196526180980e-02 	 4.7089737066960236e-01 
-5.3920634396358462e-02 	 4.6543211952311075e-01 
-3.6176703680610475e-02 	 4.6149838478912331e-01 
-1.8157446405762129e-02 	 4.5912610456421965e-01 
1.2756737491118262e-17 	 4.5833333333333331e-01 
1.8157446405762112e-02 	 4.5912610456421965e-01 
3.6176703680610503e-02 	 4.6149838478912331e-01 
5.3920634396358483e-02 	 4.6543211952311075e-01 
7.1254196526180993e-02 	 4.7089737066960241e-01 
8.8045471195979039e-02 	 4.7785254436736457e-01 
1.0416666666666663e-01 	 4.8624470754490856e-01 
1.1949509090646790e-01 	 4.9600999077312669e-01 
1.3391408535136237e-01 	 5.0707407435021290e-01 
1.4731391274719741e-01 	 5.1935275391946922e-01 
1.5959259231645373e-01 	 5.3275258131530423e-01 
1.7065667589353992e-01 	 5.4717157576019870e-01 
1.8042195912175804e-01 	 5.6250000000000000e-01 
1.8881412229930206e-01 	 5.7862119547068758e-01 
1.9576929599706422e-01 	 5.9541247014048559e-01 
2.0123454714355585e-01 	 6.1274603227030811e-01 
2.0516828187754332e-01 	 6.3048996298605609e-01 
2.0754056210244698e-01 	 6.4850922026090452e-01 
2.0833333333333331e-01 	 6.6666666666666663e-01 
2.0754056210244698e-01 	 6.8482411307242874e-01 
2.0516828187754335e-01 	 7.0284337034727706e-01 
2.0123454714355585e-01 	 7.2058730106302515e-01 
1.9576929599706422e-01 	 7.3792086319284766e-01 
1.8881412229930206e-01 	 7.5471213786264568e-01 
1.8042195912175804e-01 	 7.7083333333333326e-01 
1.7065667589353997e-01 	 7.8616175757313456e-01 
1.5959259231645373e-01 	 8.0058075201802903e-01 
1.4731391274719741e-01 	 8.1398057941386404e-01 
1.3391408535136237e-01 	 8.2625925898312036e-01 
1.1949509090646797e-01 	 8.3732334256020657e-01 
1.0416666666666673e-01 	 8.4708862578842470e-01 
8.8045471195979122e-02 	 8.5548078896596869e-01 
7.1254196526181091e-02 	 8.6243596266373079e-01 
5.3920634396358434e-02 	 8.6790121381022245e-01 
3.6176703680610461e-02 	 8.7183494854420995e-01 
1.8157446405762112e-02 	 8.7420722876911361e-01 
1.2756737491118262e-17 	 8.7500000000000000e-01 
-1.8157446405762084e-02 	 8.7420722876911361e-01 
-3.6176703680610434e-02 	 8.7183494854420995e-01 
-5.3920634396358413e-02 	 8.6790121381022256e-01 
-7.1254196526180882e-02 	 8.6243596266373090e-01 
-8.8045471195978942e-02 	 8.5548078896596880e-01 
-1.0416666666666670e-01 	 8.4708862578842470e-01 
-1.1949509090646794e-01 	 8.3732334256020657e-01 
-1.3391408535136234e-01 	 8.2625925898312036e-01 
-1.4731391274719738e-01 	 8.1398057941386404e-01 
-1.5959259231645370e-01 	 8.0058075201802903e-01 
-1.7065667589353989e-01 	 7.8616175757313456e-01 
-1.8042195912175801e-01 	 7.7083333333333337e-01 
-1.8881412229930200e-01 	 7.5471213786264579e-01 
-1.9576929599706419e-01 	 7.3792086319284778e-01 
-2.0123454714355588e-01 	 7.2058730106302504e-01 
-2.0516828187754332e-01 	 7.0284337034727706e-01 
-2.0754056210244698e-01 	 6.8482411307242874e-01 
-2.0999999999999999e-01 	 6.6666666666666663e-01 
-2.0920088659926656e-01 	 6.4836396068965840e-01 
-2.0680962813256368e-01 	 6.3020054935661129e-01 
-2.0284442352070431e-01 	 6.1231466719513716e-01 
-1.9733545036504074e-01 	 5.9484243656827618e-01 
-1.9032463527769647e-01 	 5.7791683170111974e-01 
-1.8186533479473213e-01 	 5.6166666666666665e-01 
-1.7202192930068821e-01 	 5.4621561503294691e-01 
-1.6086933305498535e-01 	 5.3168126863249332e-01 
-1.4849242404917495e-01 	 5.1817424261749168e-01 
-1.3498539803417325e-01 	 5.0579733361168122e-01 
-1.2045105163371969e-01 	 4.9464473736597836e-01 
-1.0500000000000004e-01 	 4.8480133187193453e-01 
-8.8749834965546850e-02 	 4.7634203138897013e-01 
-7.1824230098390424e-02 	 4.6933121630162589e-01 
-5.4351999471529328e-02 	 4.6382224314596232e-01 
-3.6466117310055363e-02 	 4.5985703853410298e-01 
-1.8302705977008230e-02 	 4.5746578006740007e-01 
1.2858791391047208e-17 	 4.5666666666666667e-01 
1.8302705977008209e-02 	 4.5746578006740007e-01 
3.6466117310055383e-02 	 4.5985703853410298e-01 
5.4351999471529355e-02 	 4.6382224314596232e-01 
7.1824230098390451e-02 	 4.6933121630162589e-01 
8.8749834965546878e-02 	 4.7634203138897013e-01 
1.0499999999999997e-01 	 4.8480133187193453e-01 
1.2045105163371964e-01 	 4.9464473736597836e-01 
1.3498539803417328e-01 	 5.0579733361168122e-01 
1.4849242404917498e-01 	 5.1817424261749168e-01 
1.6086933305498538e-01 	 5.3168126863249343e-01 
1.7202192930068824e-01 	 5.4621561503294691e-01 
1.8186533479473213e-01 	 5.6166666666666665e-01 
1.9032463527769647e-01 	 5.7791683170111974e-01 
1.9733545036504074e-01 	 5.9484243656827618e-01 
2.0284442352070431e-01 	 6.1231466719513727e-01 
2.0680962813256368e-01 	 6.3020054935661118e-01 
2.0920088659926656e-01 	 6.4836396068965840e-01 
2.0999999999999999e-01 	 6.6666666666666663e-01 
2.0920088659926656e-01 	 6.8496937264367486e-01 
2.0680962813256371e-01 	 7.0313278397672196e-01 
2.0284442352070431e-01 	 7.2101866613819598e-01 
1.9733545036504074e-01 	 7.3849089676505708e-01 
1.9032463527769647e-01 	 7.5541650163221352e-01 
1.8186533479473213e-01 	 7.7166666666666661e-01 
1.7202192930068830e-01 	 7.8711771830038624e-01 
1.6086933305498538e-01 	 8.0165206470083983e-01 
1.4849242404917498e-01 	 8.1515909071584158e-01 
1.3498539803417328e-01 	 8.2753599972165204e-01 
1.2045105163371972e-01 	 8.3868859596735490e-01 
1.0500000000000007e-01 	 8.4853200146139873e-01 
8.8749834965546961e-02 	 8.5699130194436313e-01 
7.1824230098390549e-02 	 8.6400211703170737e-01 
5.4351999471529307e-02 	 8.6951109018737094e-01 
3.6466117310055342e-02 	 8.7347629479923028e-01 
1.8302705977008209e-02 	 8.7586755326593324e-01 
1.2858791391047208e-17 	 8.7666666666666659e-01 
-1.8302705977008182e-02 	 8.7586755326593324e-01 
-3.6466117310055314e-02 	 8.7347629479923028e-01 
-5.4351999471529286e-02 	 8.6951109018737105e-01 
-7.1824230098390340e-02 	 8.6400211703170737e-01 
-8.8749834965546781e-02 	 8.5699130194436313e-01 
-1.0500000000000004e-01 	 8.4853200146139873e-01 
-1.2045105163371969e-01 	 8.3868859596735490e-01 
-1.3498539803417325e-01 	 8.2753599972165204e-01 
-1.4849242404917495e-01 	 8.1515909071584158e-01 
-1.6086933305498535e-01 	 8.0165206470083994e-01 
-1.7202192930068821e-01 	 7.8711771830038635e-01 
-1.8186533479473208e-01 	 7.7166666666666672e-01 
-1.9032463527769644e-01 	 7.5541650163221363e-01 
-1.9733545036504072e-01 	 7.3849089676505719e-01 
-2.0284442352070434e-01 	 7.2101866613819598e-01 
-2.0680962813256368e-01 	 7.0313278397672196e-01 
-2.0920088659926656e-01 	 6.8496937264367486e-01 
-2.1166666666666664e-01 	 6.6666666666666663e-01 
-2.1086121109608610e-01 	 6.4821870111841229e-01 
-2.0845097438758400e-01 	 6.2991113572716639e-01 
-2.0445429989785274e-01 	 6.1188330211996633e-01 
-1.9890160473301724e-01 	 5.9427240299606676e-01 
-1.9183514825609088e-01 	 5.7721246793155190e-01 
-1.8330871046770617e-01 	 5.6083333333333329e-01 
-1.7338718270783654e-01 	 5.4525965430569512e-01 
-1.6214607379351698e-01 	 5.3060995594968241e-01 
-1.4967093535115253e-01 	 5.1699573131551402e-01 
-1.3605671071698414e-01 	 5.0452059287314965e-01 
-1.2140701236097143e-01 	 4.9327948395883009e-01 
-1.0583333333333336e-01 	 4.8335795619896049e-01 
-8.9454198735114676e-02 	 4.7483151841057569e-01 
-7.2394263670599868e-02 	 4.6776506193364936e-01 
-5.4783364546700193e-02 	 4.6221236676881383e-01 
-3.6755530939500243e-02 	 4.5821569227908265e-01 
-1.8447965548254324e-02 	 4.5580545557058050e-01 
1.2960845290976153e-17 	 4.5499999999999996e-01 
1.8447965548254303e-02 	 4.5580545557058050e-01 
3.6755530939500264e-02 	 4.5821569227908265e-01 
5.4783364546700214e-02 	 4.6221236676881383e-01 
7.2394263670599895e-02 	 4.6776506193364942e-01 
8.9454198735114704e-02 	 4.7483151841057575e-01 
1.0583333333333329e-01 	 4.8335795619896049e-01 
1.2140701236097137e-01 	 4.9327948395883003e-01 
1.3605671071698416e-01 	 5.0452059287314965e-01 
1.4967093535115256e-01 	 5.1699573131551413e-01 
1.6214607379351700e-01 	 5.3060995594968252e-01 
1.7338718270783654e-01 	 5.4525965430569523e-01 
1.8330871046770617e-01 	 5.6083333333333329e-01 
1.9183514825609088e-01 	 5.7721246793155190e-01 
1.9890160473301724e-01 	 5.9427240299606676e-01 
2.0445429989785274e-01 	 6.1188330211996633e-01 
2.0845097438758400e-01 	 6.2991113572716628e-01 
2.1086121109608610e-01 	 6.4821870111841229e-01 
2.1166666666666664e-01 	 6.6666666666666663e-01 
2.1086121109608610e-01 	 6.8511463221492097e-01 
2.0845097438758403e-01 	 7.0342219760616687e-01 
2.0445429989785274e-01 	 7.2145003121336693e-01 
1.9890160473301724e-01 	 7.3906093033726650e-01 
1.9183514825609088e-01 	 7.5612086540178136e-01 
1.8330871046770617e-01 	 7.7249999999999996e-01 
1.7338718270783660e-01 	 7.8807367902763803e-01 
1.6214607379351700e-01 	 8.0272337738365074e-01 
1.4967093535115256e-01 	 8.1633760201781913e-01 
1.3605671071698416e-01 	 8.2881274046018361e-01 
1.2140701236097144e-01 	 8.4005384937450311e-01 
1.0583333333333339e-01 	 8.4997537713437277e-01 
8.9454198735114787e-02 	 8.5850181492275746e-01 
7.2394263670599993e-02 	 8.6556827139968384e-01 
5.4783364546700172e-02 	 8.7112096656451943e-01 
3.6755530939500222e-02 	 8.7511764105425072e-01 
1.8447965548254303e-02 	 8.7752787776275276e-01 
1.2960845290976153e-17 	 8.7833333333333330e-01 
-1.8447965548254279e-02 	 8.7752787776275276e-01 
-3.6755530939500194e-02 	 8.7511764105425072e-01 
-5.4783364546700145e-02 	 8.7112096656451943e-01 
-7.2394263670599771e-02 	 8.6556827139968395e-01 
-8.9454198735114593e-02 	 8.5850181492275757e-01 
-1.0583333333333336e-01 	 8.4997537713437277e-01 
-1.2140701236097143e-01 	 8.4005384937450311e-01 
-1.3605671071698414e-01 	 8.2881274046018361e-01 
-1.4967093535115253e-01 	 8.1633760201781924e-01 
-1.6214607379351698e-01 	 8.0272337738365085e-01 
-1.7338718270783654e-01 	 7.8807367902763814e-01 
-1.8330871046770614e-01 	 7.7249999999999996e-01 
-1.9183514825609083e-01 	 7.5612086540178147e-01 
-1.9890160473301721e-01 	 7.3906093033726661e-01 
-2.0445429989785277e-01 	 7.2145003121336682e-01 
-2.0845097438758400e-01 	 7.0342219760616687e-01 
-2.1086121109608610e-01 	 6.8511463221492097e-01 
-2.1333333333333332e-01 	 6.6666666666666663e-01 
-2.1252153559290571e-01 	 6.4807344154716617e-01 
-2.1009232064260436e-01 	 6.2962172209772149e-01 
-2.0606417627500120e-01 	 6.1145193704479550e-01 
-2.0046775910099376e-01 	 5.9370236942385723e-01 
-1.9334566123448529e-01 	 5.7650810416198406e-01 
-1.8475208614068026e-01 	 5.5999999999999994e-01 
-1.7475243611498487e-01 	 5.4430369357844344e-01 
-1.6342281453204860e-01 	 5.2953864326687161e-01 
-1.5084944665313010e-01 	 5.1581722001353647e-01 
-1.3712802339979505e-01 	 5.0324385213461797e-01 
-1.2236297308822318e-01 	 4.9191423055168171e-01 
-1.0666666666666670e-01 	 4.8191458052598646e-01 
-9.0158562504682516e-02 	 4.7332100543218131e-01 
-7.2964297242809326e-02 	 4.6619890756567284e-01 
-5.5214729621871066e-02 	 4.6060249039166540e-01 
-3.7044944568945130e-02 	 4.5657434602406227e-01 
-1.8593225119500421e-02 	 4.5414513107376092e-01 
1.3062899190905101e-17 	 4.5333333333333331e-01 
1.8593225119500401e-02 	 4.5414513107376092e-01 
3.7044944568945151e-02 	 4.5657434602406227e-01 
5.5214729621871086e-02 	 4.6060249039166540e-01 
7.2964297242809339e-02 	 4.6619890756567284e-01 
9.0158562504682543e-02 	 4.7332100543218136e-01 
1.0666666666666663e-01 	 4.8191458052598635e-01 
1.2236297308822312e-01 	 4.9191423055168171e-01 
1.3712802339979507e-01 	 5.0324385213461809e-01 
1.5084944665313013e-01 	 5.1581722001353647e-01 
1.6342281453204863e-01 	 5.2953864326687161e-01 
1.7475243611498489e-01 	 5.4430369357844344e-01 
1.8475208614068026e-01 	 5.6000000000000005e-01 
1.9334566123448529e-01 	 5.7650810416198406e-01 
2.0046775910099376e-01 	 5.9370236942385735e-01 
2.0606417627500120e-01 	 6.1145193704479550e-01 
2.1009232064260436e-01 	 6.2962172209772149e-01 
2.1252153559290571e-01 	 6.4807344154716628e-01 
2.1333333333333332e-01 	 6.6666666666666663e-01 
2.1252153559290571e-01 	 6.8525989178616697e-01 
2.1009232064260439e-01 	 7.0371161123561177e-01 
2.0606417627500120e-01 	 7.2188139628853776e-01 
2.0046775910099376e-01 	 7.3963096390947591e-01 
1.9334566123448529e-01 	 7.5682522917134920e-01 
1.8475208614068026e-01 	 7.7333333333333321e-01 
1.7475243611498492e-01 	 7.8902963975488971e-01 
1.6342281453204863e-01 	 8.0379469006646165e-01 
1.5084944665313013e-01 	 8.1751611331979679e-01 
1.3712802339979507e-01 	 8.3008948119871517e-01 
1.2236297308822319e-01 	 8.4141910278165155e-01 
1.0666666666666673e-01 	 8.5141875280734680e-01 
9.0158562504682627e-02 	 8.6001232790115190e-01 
7.2964297242809437e-02 	 8.6713442576766031e-01 
5.5214729621871038e-02 	 8.7273084294166781e-01 
3.7044944568945110e-02 	 8.7675898730927104e-01 
1.8593225119500401e-02 	 8.7918820225957228e-01 
1.3062899190905101e-17 	 8.7999999999999989e-01 
-1.8593225119500376e-02 	 8.7918820225957228e-01 
-3.7044944568945082e-02 	 8.7675898730927104e-01 
-5.5214729621871017e-02 	 8.7273084294166792e-01 
-7.2964297242809228e-02 	 8.6713442576766042e-01 
-9.0158562504682432e-02 	 8.6001232790115201e-01 
-1.0666666666666670e-01 	 8.5141875280734680e-01 
-1.2236297308822318e-01 	 8.4141910278165155e-01 
-1.3712802339979505e-01 	 8.3008948119871528e-01 
-1.5084944665313010e-01 	 8.1751611331979679e-01 
-1.6342281453204860e-01 	 8.0379469006646165e-01 
-1.7475243611498487e-01 	 7.8902963975488982e-01 
-1.8475208614068020e-01 	 7.7333333333333332e-01 
-1.9334566123448527e-01 	 7.5682522917134931e-01 
-2.0046775910099374e-01 	 7.3963096390947602e-01 
-2.0606417627500123e-01 	 7.2188139628853765e-01 
-2.1009232064260436e-01 	 7.0371161123561177e-01 
-2.1252153559290571e-01 	 6.8525989178616709e-01 
-2.1500000000000000e-01 	 6.6666666666666663e-01 
-2.1418186008972528e-01 	 6.4792818197592017e-01 
-2.1173366689762471e-01 	 6.2933230846827659e-01 
-2.0767405265214967e-01 	 6.1102057196962467e-01 
-2.0203391346897029e-01 	 5.9313233585164782e-01 
-1.9485617421287973e-01 	 5.7580374039241622e-01 
-1.8619546181365432e-01 	 5.5916666666666659e-01 
-1.7611768952213319e-01 	 5.4334773285119164e-01 
-1.6469955527058025e-01 	 5.2846733058406059e-01 
-1.5202795795510771e-01 	 5.1463870871155892e-01 
-1.3819933608260596e-01 	 5.0196711139608641e-01 
-1.2331893381547493e-01 	 4.9054897714453338e-01 
-1.0750000000000004e-01 	 4.8047120485301237e-01 
-9.0862926274250355e-02 	 4.7181049245378687e-01 
-7.3534330815018770e-02 	 4.6463275319769631e-01 
-5.5646094697041931e-02 	 4.5899261401451696e-01 
-3.7334358198390018e-02 	 4.5493299976904189e-01 
-1.8738484690746519e-02 	 4.5248480657694135e-01 
1.3164953090834047e-17 	 4.5166666666666666e-01 
1.8738484690746498e-02 	 4.5248480657694135e-01 
3.7334358198390039e-02 	 4.5493299976904189e-01 
5.5646094697041959e-02 	 4.5899261401451696e-01 
7.3534330815018797e-02 	 4.6463275319769637e-01 
9.0862926274250383e-02 	 4.7181049245378692e-01 
1.0749999999999997e-01 	 4.8047120485301231e-01 
1.2331893381547487e-01 	 4.9054897714453338e-01 
1.3819933608260598e-01 	 5.0196711139608641e-01 
1.5202795795510773e-01 	 5.1463870871155892e-01 
1.6469955527058028e-01 	 5.2846733058406070e-01 
1.7611768952213322e-01 	 5.4334773285119164e-01 
1.8619546181365432e-01 	 5.5916666666666670e-01 
1.9485617421287973e-01 	 5.7580374039241622e-01 
2.0203391346897029e-01 	 5.9313233585164782e-01 
2.0767405265214967e-01 	 6.1102057196962467e-01 
2.1173366689762471e-01 	 6.2933230846827659e-01 
2.1418186008972528e-01 	 6.4792818197592017e-01 
2.1500000000000000e-01 	 6.6666666666666663e-01 
2.1418186008972528e-01 	 6.8540515135741309e-01 
2.1173366689762474e-01 	 7.0400102486505656e-01 
2.0767405265214967e-01 	 7.2231276136370859e-01 
2.0203391346897029e-01 	 7.4020099748168544e-01 
1.9485617421287973e-01 	 7.5752959294091704e-01 
1.8619546181365432e-01 	 7.7416666666666656e-01 
1.7611768952213325e-01 	 7.8998560048214150e-01 
1.6469955527058028e-01 	 8.0486600274927256e-01 
1.5202795795510773e-01 	 8.1869462462177434e-01 
1.3819933608260598e-01 	 8.3136622193724685e-01 
1.2331893381547494e-01 	 8.4278435618879988e-01 
1.0750000000000007e-01 	 8.5286212848032084e-01 
9.0862926274250466e-02 	 8.6152284087954634e-01 
7.3534330815018895e-02 	 8.6870058013563689e-01 
5.5646094697041910e-02 	 8.7434071931881630e-01 
3.7334358198389997e-02 	 8.7840033356429137e-01 
1.8738484690746498e-02 	 8.8084852675639191e-01 
1.3164953090834047e-17 	 8.8166666666666660e-01 
-1.8738484690746474e-02 	 8.8084852675639191e-01 
-3.7334358198389969e-02 	 8.7840033356429137e-01 
-5.5646094697041890e-02 	 8.7434071931881641e-01 
-7.3534330815018673e-02 	 8.6870058013563700e-01 
-9.0862926274250272e-02 	 8.6152284087954645e-01 
-1.0750000000000004e-01 	 8.5286212848032084e-01 
-1.2331893381547493e-01 	 8.4278435618879988e-01 
-1.3819933608260596e-01 	 8.3136622193724685e-01 
-1.5202795795510771e-01 	 8.1869462462177434e-01 
-1.6469955527058025e-01 	 8.0486600274927267e-01 
-1.7611768952213319e-01 	 7.8998560048214161e-01 
-1.8619546181365426e-01 	 7.7416666666666667e-01 
-1.9485617421287968e-01 	 7.5752959294091715e-01 
-2.0203391346897026e-01 	 7.4020099748168555e-01 
-2.0767405265214969e-01 	 7.2231276136370859e-01 
-2.1173366689762471e-01 	 7.0400102486505667e-01 
-2.1418186008972528e-01 	 6.8540515135741309e-01 
-2.1666666666666665e-01 	 6.6666666666666663e-01 
-2.1584218458654486e-01 	 6.4778292240467406e-01 
-2.1337501315264504e-01 	 6.2904289483883169e-01 
-2.0928392902929810e-01 	 6.1058920689445373e-01 
-2.0360006783694679e-01 	 5.9256230227943840e-01 
-1.9636668719127415e-01 	 5.7509937662284838e-01 
-1.8763883748662838e-01 	 5.5833333333333335e-01 
-1.7748294292928149e-01 	 5.4239177212393996e-01 
-1.6597629600911187e-01 	 5.2739601790124979e-01 
-1.5320646925708528e-01 	 5.1346019740958138e-01 
-1.3927064876541684e-01 	 5.0069037065755473e-01 
-1.2427489454272665e-01 	 4.8918372373738511e-01 
-1.0833333333333336e-01 	 4.7902782918003828e-01 
-9.1567290043818181e-02 	 4.7029997947539248e-01 
-7.4104364387228214e-02 	 4.6306659882971979e-01 
-5.6077459772212797e-02 	 4.5738273763736847e-01 
-3.7623771827834898e-02 	 4.5329165351402156e-01 
-1.8883744261992616e-02 	 4.5082448208012177e-01 
1.3267006990762992e-17 	 4.4999999999999996e-01 
1.8883744261992595e-02 	 4.5082448208012177e-01 
3.7623771827834919e-02 	 4.5329165351402156e-01 
5.6077459772212825e-02 	 4.5738273763736847e-01 
7.4104364387228241e-02 	 4.6306659882971984e-01 
9.1567290043818209e-02 	 4.7029997947539248e-01 
1.0833333333333330e-01 	 4.7902782918003828e-01 
1.2427489454272661e-01 	 4.8918372373738506e-01 
1.3927064876541687e-01 	 5.0069037065755473e-01 
1.5320646925708528e-01 	 5.1346019740958138e-01 
1.6597629600911190e-01 	 5.2739601790124979e-01 
1.7748294292928152e-01 	 5.4239177212393996e-01 
1.8763883748662838e-01 	 5.5833333333333335e-01 
1.9636668719127415e-01 	 5.7509937662284849e-01 
2.0360006783694679e-01 	 5.9256230227943840e-01 
2.0928392902929810e-01 	 6.1058920689445373e-01 
2.1337501315264504e-01 	 6.2904289483883169e-01 
2.1584218458654486e-01 	 6.4778292240467406e-01 
2.1666666666666665e-01 	 6.6666666666666663e-01 
2.1584218458654486e-01 	 6.8555041092865920e-01 
2.1337501315264507e-01 	 7.0429043849450146e-01 
2.0928392902929810e-01 	 7.2274412643887953e-01 
2.0360006783694679e-01 	 7.4077103105389486e-01 
1.9636668719127415e-01 	 7.5823395671048477e-01 
1.8763883748662838e-01 	 7.7499999999999991e-01 
1.7748294292928157e-01 	 7.9094156120939318e-01 
1.6597629600911190e-01 	 8.0593731543208347e-01 
1.5320646925708528e-01 	 8.1987313592375188e-01 
1.3927064876541687e-01 	 8.3264296267577853e-01 
1.2427489454272668e-01 	 8.4414960959594820e-01 
1.0833333333333339e-01 	 8.5430550415329498e-01 
9.1567290043818292e-02 	 8.6303335385794078e-01 
7.4104364387228339e-02 	 8.7026673450361336e-01 
5.6077459772212776e-02 	 8.7595059569596478e-01 
3.7623771827834877e-02 	 8.8004167981931170e-01 
1.8883744261992595e-02 	 8.8250885125321155e-01 
1.3267006990762992e-17 	 8.8333333333333330e-01 
-1.8883744261992567e-02 	 8.8250885125321155e-01 
-3.7623771827834850e-02 	 8.8004167981931170e-01 
-5.6077459772212748e-02 	 8.7595059569596478e-01 
-7.4104364387228117e-02 	 8.7026673450361347e-01 
-9.1567290043818098e-02 	 8.6303335385794078e-01 
-1.0833333333333336e-01 	 8.5430550415329498e-01 
-1.2427489454272665e-01 	 8.4414960959594820e-01 
-1.3927064876541684e-01 	 8.3264296267577853e-01 
-1.5320646925708528e-01 	 8.1987313592375188e-01 
-1.6597629600911187e-01 	 8.0593731543208347e-01 
-1.7748294292928149e-01 	 7.9094156120939330e-01 
-1.8763883748662832e-01 	 7.7500000000000002e-01 
-1.9636668719127409e-01 	 7.5823395671048499e-01 
-2.0360006783694676e-01 	 7.4077103105389497e-01 
-2.0928392902929813e-01 	 7.2274412643887942e-01 
-2.1337501315264504e-01 	 7.0429043849450157e-01 
-2.1584218458654486e-01 	 6.8555041092865920e-01 
-2.1833333333333332e-01 	 6.6666666666666663e-01 
-2.1750250908336444e-01 	 6.4763766283342794e-01 
-2.1501635940766542e-01 	 6.2875348120938690e-01 
-2.1089380540644656e-01 	 6.1015784181928290e-01 
-2.0516622220492331e-01 	 5.9199226870722899e-01 
-1.9787720016966856e-01 	 5.7439501285328054e-01 
-1.8908221315960244e-01 	 5.5750000000000000e-01 
-1.7884819633642982e-01 	 5.4143581139668817e-01 
-1.6725303674764350e-01 	 5.2632470521843888e-01 
-1.5438498055906286e-01 	 5.1228168610760372e-01 
-1.4034196144822775e-01 	 4.9941362991902311e-01 
-1.2523085526997840e-01 	 4.8781847033023679e-01 
-1.0916666666666670e-01 	 4.7758445350706424e-01 
-9.2271653813386020e-02 	 4.6878946649699804e-01 
-7.4674397959437672e-02 	 4.6150044446174332e-01 
-5.6508824847383669e-02 	 4.5577286126022010e-01 
-3.7913185457279779e-02 	 4.5165030725900124e-01 
-1.9029003833238713e-02 	 4.4916415758330219e-01 
1.3369060890691938e-17 	 4.4833333333333331e-01 
1.9029003833238693e-02 	 4.4916415758330219e-01 
3.7913185457279806e-02 	 4.5165030725900124e-01 
5.6508824847383690e-02 	 4.5577286126022010e-01 
7.4674397959437686e-02 	 4.6150044446174332e-01 
9.2271653813386034e-02 	 4.6878946649699804e-01 
1.0916666666666663e-01 	 4.7758445350706419e-01 
1.2523085526997835e-01 	 4.8781847033023673e-01 
1.4034196144822778e-01 	 4.9941362991902316e-01 
1.5438498055906288e-01 	 5.1228168610760383e-01 
1.6725303674764352e-01 	 5.2632470521843888e-01 
1.7884819633642984e-01 	 5.4143581139668817e-01 
1.8908221315960244e-01 	 5.5750000000000000e-01 
1.9787720016966856e-01 	 5.7439501285328065e-01 
2.0516622220492331e-01 	 5.9199226870722899e-01 
2.1089380540644656e-01 	 6.1015784181928290e-01 
2.1501635940766542e-01 	 6.2875348120938679e-01 
2.1750250908336444e-01 	 6.4763766283342794e-01 
2.1833333333333332e-01 	 6.6666666666666663e-01 
2.1750250908336444e-01 	 6.8569567049990532e-01 
2.1501635940766542e-01 	 7.0457985212394636e-01 
2.1089380540644656e-01 	 7.2317549151405036e-01 
2.0516622220492331e-01 	 7.4134106462610427e-01 
1.9787720016966856e-01 	 7.5893832048005261e-01 
1.8908221315960244e-01 	 7.7583333333333326e-01 
1.7884819633642990e-01 	 7.9189752193664498e-01 
1.6725303674764352e-01 	 8.0700862811489438e-01 
1.5438498055906288e-01 	 8.2105164722572943e-01 
1.4034196144822778e-01 	 8.3391970341431010e-01 
1.2523085526997843e-01 	 8.4551486300309642e-01 
1.0916666666666673e-01 	 8.5574887982626902e-01 
9.2271653813386131e-02 	 8.6454386683633522e-01 
7.4674397959437783e-02 	 8.7183288887158994e-01 
5.6508824847383642e-02 	 8.7756047207311316e-01 
3.7913185457279765e-02 	 8.8168302607433202e-01 
1.9029003833238693e-02 	 8.8416917575003107e-01 
1.3369060890691938e-17 	 8.8500000000000001e-01 
-1.9029003833238665e-02 	 8.8416917575003107e-01 
-3.7913185457279730e-02 	 8.8168302607433202e-01 
-5.6508824847383621e-02 	 8.7756047207311316e-01 
-7.4674397959437575e-02 	 8.7183288887159005e-01 
-9.2271653813385937e-02 	 8.6454386683633522e-01 
-1.0916666666666670e-01 	 8.5574887982626902e-01 
-1.2523085526997840e-01 	 8.4551486300309642e-01 
-1.4034196144822775e-01 	 8.3391970341431021e-01 
-1.5438498055906286e-01 	 8.2105164722572954e-01 
-1.6725303674764350e-01 	 8.0700862811489438e-01 
-1.7884819633642982e-01 	 7.9189752193664509e-01 
-1.8908221315960239e-01 	 7.7583333333333337e-01 
-1.9787720016966850e-01 	 7.5893832048005272e-01 
-2.0516622220492328e-01 	 7.4134106462610438e-01 
-2.1089380540644656e-01 	 7.2317549151405025e-01 
-2.1501635940766542e-01 	 7.0457985212394636e-01 
-2.1750250908336444e-01 	 6.8569567049990532e-01 
-2.1999999999999997e-01 	 6.6666666666666663e-01 
-2.1916283358018399e-01 	 6.4749240326218183e-01 
-2.1665770566268575e-01 	 6.2846406757994200e-01 
-2.1250368178359497e-01 	 6.0972647674411196e-01 
-2.0673237657289981e-01 	 5.9142223513501946e-01 
-1.9938771314806297e-01 	 5.7369064908371281e-01 
-1.9052558883257650e-01 	 5.5666666666666664e-01 
-1.8021344974357811e-01 	 5.4047985066943638e-01 
-1.6852977748617512e-01 	 5.2525339253562797e-01 
-1.5556349186104043e-01 	 5.1110317480562617e-01 
-1.4141327413103863e-01 	 4.9813688918049148e-01 
-1.2618681599723014e-01 	 4.8645321692308852e-01 
-1.1000000000000004e-01 	 4.7614107783409021e-01 
-9.2976017582953846e-02 	 4.6727895351860366e-01 
-7.5244431531647102e-02 	 4.5993429009376680e-01 
-5.6940189922554528e-02 	 4.5416298488307161e-01 
-3.8202599086724659e-02 	 4.5000896100398091e-01 
-1.9174263404484811e-02 	 4.4750383308648267e-01 
1.3471114790620883e-17 	 4.4666666666666666e-01 
1.9174263404484786e-02 	 4.4750383308648267e-01 
3.8202599086724687e-02 	 4.5000896100398091e-01 
5.6940189922554556e-02 	 4.5416298488307161e-01 
7.5244431531647130e-02 	 4.5993429009376685e-01 
9.2976017582953860e-02 	 4.6727895351860366e-01 
1.0999999999999996e-01 	 4.7614107783409010e-01 
1.2618681599723008e-01 	 4.8645321692308841e-01 
1.4141327413103866e-01 	 4.9813688918049148e-01 
1.5556349186104046e-01 	 5.1110317480562617e-01 
1.6852977748617515e-01 	 5.2525339253562797e-01 
1.8021344974357814e-01 	 5.4047985066943649e-01 
1.9052558883257650e-01 	 5.5666666666666664e-01 
1.9938771314806297e-01 	 5.7369064908371281e-01 
2.0673237657289981e-01 	 5.9142223513501957e-01 
2.1250368178359497e-01 	 6.0972647674411207e-01 
2.1665770566268575e-01 	 6.2846406757994189e-01 
2.1916283358018399e-01 	 6.4749240326218183e-01 
2.1999999999999997e-01 	 6.6666666666666663e-01 
2.1916283358018399e-01 	 6.8584093007115143e-01 
2.1665770566268577e-01 	 7.0486926575339126e-01 
2.1250368178359497e-01 	 7.2360685658922119e-01 
2.0673237657289981e-01 	 7.4191109819831369e-01 
1.9938771314806297e-01 	 7.5964268424962045e-01 
1.9052558883257650e-01 	 7.7666666666666662e-01 
1.8021344974357820e-01 	 7.9285348266389666e-01 
1.6852977748617515e-01 	 8.0807994079770529e-01 
1.5556349186104046e-01 	 8.2223015852770709e-01 
1.4141327413103866e-01 	 8.3519644415284178e-01 
1.2618681599723017e-01 	 8.4688011641024474e-01 
1.1000000000000006e-01 	 8.5719225549924305e-01 
9.2976017582953957e-02 	 8.6605437981472955e-01 
7.5244431531647227e-02 	 8.7339904323956641e-01 
5.6940189922554507e-02 	 8.7917034845026165e-01 
3.8202599086724645e-02 	 8.8332437232935246e-01 
1.9174263404484786e-02 	 8.8582950024685059e-01 
1.3471114790620883e-17 	 8.8666666666666660e-01 
-1.9174263404484762e-02 	 8.8582950024685059e-01 
-3.8202599086724610e-02 	 8.8332437232935246e-01 
-5.6940189922554479e-02 	 8.7917034845026165e-01 
-7.5244431531647005e-02 	 8.7339904323956652e-01 
-9.2976017582953763e-02 	 8.6605437981472966e-01 
-1.1000000000000004e-01 	 8.5719225549924305e-01 
-1.2618681599723014e-01 	 8.4688011641024474e-01 
-1.4141327413103863e-01 	 8.3519644415284178e-01 
-1.5556349186104043e-01 	 8.2223015852770709e-01 
-1.6852977748617512e-01 	 8.0807994079770529e-01 
-1.8021344974357811e-01 	 7.9285348266389688e-01 
-1.9052558883257645e-01 	 7.7666666666666673e-01 
-1.9938771314806292e-01 	 7.5964268424962056e-01 
-2.0673237657289978e-01 	 7.4191109819831391e-01 
-2.1250368178359499e-01 	 7.2360685658922119e-01 
-2.1665770566268575e-01 	 7.0486926575339126e-01 
-2.1916283358018399e-01 	 6.8584093007115143e-01 
-2.2166666666666665e-01 	 6.6666666666666663e-01 
-2.2082315807700359e-01 	 6.4734714369093571e-01 
-2.1829905191770610e-01 	 6.2817465395049710e-01 
-2.1411355816074343e-01 	 6.0929511166894113e-01 
-2.0829853094087633e-01 	 5.9085220156281004e-01 
-2.0089822612645739e-01 	 5.7298628531414497e-01 
-1.9196896450555057e-01 	 5.5583333333333329e-01 
-1.8157870315072644e-01 	 5.3952388994218470e-01 
-1.6980651822470674e-01 	 5.2418207985281706e-01 
-1.5674200316301801e-01 	 5.0992466350364862e-01 
-1.4248458681384954e-01 	 4.9686014844195986e-01 
-1.2714277672448188e-01 	 4.8508796351594019e-01 
-1.1083333333333338e-01 	 4.7469770216111612e-01 
-9.3680381352521672e-02 	 4.6576844054020922e-01 
-7.5814465103856560e-02 	 4.5836813572579027e-01 
-5.7371554997725401e-02 	 4.5255310850592317e-01 
-3.8492012716169546e-02 	 4.4836761474896053e-01 
-1.9319522975730908e-02 	 4.4584350858966304e-01 
1.3573168690549831e-17 	 4.4499999999999995e-01 
1.9319522975730887e-02 	 4.4584350858966304e-01 
3.8492012716169574e-02 	 4.4836761474896053e-01 
5.7371554997725428e-02 	 4.5255310850592317e-01 
7.5814465103856588e-02 	 4.5836813572579027e-01 
9.3680381352521699e-02 	 4.6576844054020927e-01 
1.1083333333333330e-01 	 4.7469770216111606e-01 
1.2714277672448185e-01 	 4.8508796351594008e-01 
1.4248458681384957e-01 	 4.9686014844195991e-01 
1.5674200316301803e-01 	 5.0992466350364862e-01 
1.6980651822470677e-01 	 5.2418207985281706e-01 
1.8157870315072647e-01 	 5.3952388994218470e-01 
1.9196896450555057e-01 	 5.5583333333333340e-01 
2.0089822612645739e-01 	 5.7298628531414497e-01 
2.0829853094087633e-01 	 5.9085220156281004e-01 
2.1411355816074343e-01 	 6.0929511166894113e-01 
2.1829905191770610e-01 	 6.2817465395049699e-01 
2.2082315807700359e-01 	 6.4734714369093571e-01 
2.2166666666666665e-01 	 6.6666666666666663e-01 
2.2082315807700359e-01 	 6.8598618964239755e-01 
2.1829905191770613e-01 	 7.0515867938283616e-01 
2.1411355816074343e-01 	 7.2403822166439213e-01 
2.0829853094087633e-01 	 7.4248113177052322e-01 
2.0089822612645739e-01 	 7.6034704801918829e-01 
1.9196896450555057e-01 	 7.7749999999999986e-01 
1.8157870315072652e-01 	 7.9380944339114845e-01 
1.6980651822470677e-01 	 8.0915125348051620e-01 
1.5674200316301803e-01 	 8.2340866982968464e-01 
1.4248458681384957e-01 	 8.3647318489137334e-01 
1.2714277672448190e-01 	 8.4824536981739307e-01 
1.1083333333333339e-01 	 8.5863563117221720e-01 
9.3680381352521783e-02 	 8.6756489279312399e-01 
7.5814465103856685e-02 	 8.7496519760754299e-01 
5.7371554997725380e-02 	 8.8078022482741014e-01 
3.8492012716169532e-02 	 8.8496571858437278e-01 
1.9319522975730887e-02 	 8.8748982474367022e-01 
1.3573168690549831e-17 	 8.8833333333333331e-01 
-1.9319522975730859e-02 	 8.8748982474367022e-01 
-3.8492012716169498e-02 	 8.8496571858437278e-01 
-5.7371554997725352e-02 	 8.8078022482741014e-01 
-7.5814465103856463e-02 	 8.7496519760754299e-01 
-9.3680381352521588e-02 	 8.6756489279312410e-01 
-1.1083333333333338e-01 	 8.5863563117221720e-01 
-1.2714277672448188e-01 	 8.4824536981739307e-01 
-1.4248458681384954e-01 	 8.3647318489137334e-01 
-1.5674200316301801e-01 	 8.2340866982968464e-01 
-1.6980651822470674e-01 	 8.0915125348051620e-01 
-1.8157870315072644e-01 	 7.9380944339114856e-01 
-1.9196896450555051e-01 	 7.7750000000000008e-01 
-2.0089822612645733e-01 	 7.6034704801918840e-01 
-2.0829853094087630e-01 	 7.4248113177052333e-01 
-2.1411355816074346e-01 	 7.2403822166439202e-01 
-2.1829905191770610e-01 	 7.0515867938283616e-01 
-2.2082315807700359e-01 	 6.8598618964239755e-01 
-2.2333333333333333e-01 	 6.6666666666666663e-01 
-2.2248348257382317e-01 	 6.4720188411968960e-01 
-2.1994039817272645e-01 	 6.2788524032105220e-01 
-2.1572343453789189e-01 	 6.0886374659377029e-01 
-2.0986468530885286e-01 	 5.9028216799060063e-01 
-2.0240873910485183e-01 	 5.7228192154457713e-01 
-1.9341234017852463e-01 	 5.5499999999999994e-01 
-1.8294395655787479e-01 	 5.3856792921493291e-01 
-1.7108325896323839e-01 	 5.2311076717000615e-01 
-1.5792051446499561e-01 	 5.0874615220167096e-01 
-1.4355589949666045e-01 	 4.9558340770342824e-01 
-1.2809873745173364e-01 	 4.8372271010879186e-01 
-1.1166666666666672e-01 	 4.7325432648814203e-01 
-9.4384745122089511e-02 	 4.6425792756181483e-01 
-7.6384498676066004e-02 	 4.5680198135781375e-01 
-5.7802920072896273e-02 	 4.5094323212877474e-01 
-3.8781426345614434e-02 	 4.4672626849394015e-01 
-1.9464782546977005e-02 	 4.4418318409284346e-01 
1.3675222590478778e-17 	 4.4333333333333330e-01 
1.9464782546976984e-02 	 4.4418318409284346e-01 
3.8781426345614461e-02 	 4.4672626849394015e-01 
5.7802920072896294e-02 	 4.5094323212877474e-01 
7.6384498676066032e-02 	 4.5680198135781380e-01 
9.4384745122089539e-02 	 4.6425792756181483e-01 
1.1166666666666664e-01 	 4.7325432648814203e-01 
1.2809873745173359e-01 	 4.8372271010879175e-01 
1.4355589949666048e-01 	 4.9558340770342824e-01 
1.5792051446499561e-01 	 5.0874615220167096e-01 
1.7108325896323842e-01 	 5.2311076717000615e-01 
1.8294395655787479e-01 	 5.3856792921493302e-01 
1.9341234017852463e-01 	 5.5500000000000005e-01 
2.0240873910485183e-01 	 5.7228192154457713e-01 
2.0986468530885286e-01 	 5.9028216799060063e-01 
2.1572343453789189e-01 	 6.0886374659377029e-01 
2.1994039817272645e-01 	 6.2788524032105208e-01 
2.2248348257382317e-01 	 6.4720188411968971e-01 
2.2333333333333333e-01 	 6.6666666666666663e-01 
2.2248348257382317e-01 	 6.8613144921364355e-01 
2.1994039817272648e-01 	 7.0544809301228106e-01 
2.1572343453789189e-01 	 7.2446958673956297e-01 
2.0986468530885286e-01 	 7.4305116534273263e-01 
2.0240873910485183e-01 	 7.6105141178875613e-01 
1.9341234017852463e-01 	 7.7833333333333321e-01 
1.8294395655787485e-01 	 7.9476540411840024e-01 
1.7108325896323842e-01 	 8.1022256616332711e-01 
1.5792051446499561e-01 	 8.2458718113166229e-01 
1.4355589949666048e-01 	 8.3774992562990502e-01 
1.2809873745173367e-01 	 8.4961062322454139e-01 
1.1166666666666673e-01 	 8.6007900684519123e-01 
9.4384745122089622e-02 	 8.6907540577151843e-01 
7.6384498676066129e-02 	 8.7653135197551946e-01 
5.7802920072896245e-02 	 8.8239010120455852e-01 
3.8781426345614413e-02 	 8.8660706483939311e-01 
1.9464782546976984e-02 	 8.8915014924048985e-01 
1.3675222590478778e-17 	 8.8999999999999990e-01 
-1.9464782546976957e-02 	 8.8915014924048985e-01 
-3.8781426345614385e-02 	 8.8660706483939311e-01 
-5.7802920072896224e-02 	 8.8239010120455852e-01 
-7.6384498676065907e-02 	 8.7653135197551957e-01 
-9.4384745122089428e-02 	 8.6907540577151843e-01 
-1.1166666666666672e-01 	 8.6007900684519123e-01 
-1.2809873745173364e-01 	 8.4961062322454139e-01 
-1.4355589949666045e-01 	 8.3774992562990502e-01 
-1.5792051446499561e-01 	 8.2458718113166229e-01 
-1.7108325896323839e-01 	 8.1022256616332711e-01 
-1.8294395655787479e-01 	 7.9476540411840035e-01 
-1.9341234017852460e-01 	 7.7833333333333332e-01 
-2.0240873910485177e-01 	 7.6105141178875624e-01 
-2.0986468530885283e-01 	 7.4305116534273274e-01 
-2.1572343453789192e-01 	 7.2446958673956285e-01 
-2.1994039817272645e-01 	 7.0544809301228106e-01 
-2.2248348257382317e-01 	 6.8613144921364366e-01 
-2.2499999999999998e-01 	 6.6666666666666663e-01 
-2.2414380707064271e-01 	 6.4705662454844348e-01 
-2.2158174442774678e-01 	 6.2759582669160729e-01 
-2.1733331091504032e-01 	 6.0843238151859946e-01 
-2.1143083967682935e-01 	 5.8971213441839110e-01 
-2.0391925208324621e-01 	 5.7157755777500929e-01 
-1.9485571585149869e-01 	 5.5416666666666670e-01 
-1.8430920996502309e-01 	 5.3761196848768122e-01 
-1.7235999970177002e-01 	 5.2203945448719524e-01 
-1.5909902576697316e-01 	 5.0756764089969342e-01 
-1.4462721217947133e-01 	 4.9430666696489656e-01 
-1.2905469817898538e-01 	 4.8235745670164354e-01 
-1.1250000000000004e-01 	 4.7181095081516800e-01 
-9.5089108891657337e-02 	 4.6274741458342039e-01 
-7.6954532248275448e-02 	 4.5523582698983722e-01 
-5.8234285148067139e-02 	 4.4933335575162625e-01 
-3.9070839975059314e-02 	 4.4508492223891982e-01 
-1.9610042118223103e-02 	 4.4252285959602389e-01 
1.3777276490407722e-17 	 4.4166666666666665e-01 
1.9610042118223078e-02 	 4.4252285959602389e-01 
3.9070839975059342e-02 	 4.4508492223891982e-01 
5.8234285148067159e-02 	 4.4933335575162625e-01 
7.6954532248275476e-02 	 4.5523582698983728e-01 
9.5089108891657365e-02 	 4.6274741458342039e-01 
1.1249999999999996e-01 	 4.7181095081516794e-01 
1.2905469817898532e-01 	 4.8235745670164343e-01 
1.4462721217947136e-01 	 4.9430666696489661e-01 
1.5909902576697318e-01 	 5.0756764089969342e-01 
1.7235999970177004e-01 	 5.2203945448719535e-01 
1.8430920996502312e-01 	 5.3761196848768122e-01 
1.9485571585149869e-01 	 5.5416666666666670e-01 
2.0391925208324621e-01 	 5.7157755777500929e-01 
2.1143083967682935e-01 	 5.8971213441839121e-01 
2.1733331091504032e-01 	 6.0843238151859946e-01 
2.2158174442774678e-01 	 6.2759582669160729e-01 
2.2414380707064271e-01 	 6.4705662454844359e-01 
2.2499999999999998e-01 	 6.6666666666666663e-01 
2.2414380707064271e-01 	 6.8627670878488967e-01 
2.2158174442774681e-01 	 7.0573750664172596e-01 
2.1733331091504032e-01 	 7.2490095181473380e-01 
2.1143083967682935e-01 	 7.4362119891494205e-01 
2.0391925208324621e-01 	 7.6175577555832397e-01 
1.9485571585149869e-01 	 7.7916666666666656e-01 
1.8430920996502317e-01 	 7.9572136484565192e-01 
1.7235999970177004e-01 	 8.1129387884613791e-01 
1.5909902576697318e-01 	 8.2576569243363984e-01 
1.4462721217947136e-01 	 8.3902666636843670e-01 
1.2905469817898541e-01 	 8.5097587663168972e-01 
1.1250000000000006e-01 	 8.6152238251816526e-01 
9.5089108891657448e-02 	 8.7058591874991276e-01 
7.6954532248275573e-02 	 8.7809750634349593e-01 
5.8234285148067111e-02 	 8.8399997758170701e-01 
3.9070839975059293e-02 	 8.8824841109441344e-01 
1.9610042118223078e-02 	 8.9081047373730937e-01 
1.3777276490407722e-17 	 8.9166666666666661e-01 
-1.9610042118223051e-02 	 8.9081047373730937e-01 
-3.9070839975059266e-02 	 8.8824841109441344e-01 
-5.8234285148067083e-02 	 8.8399997758170701e-01 
-7.6954532248275351e-02 	 8.7809750634349604e-01 
-9.5089108891657254e-02 	 8.7058591874991287e-01 
-1.1250000000000004e-01 	 8.6152238251816526e-01 
-1.2905469817898538e-01 	 8.5097587663168972e-01 
-1.4462721217947133e-01 	 8.3902666636843670e-01 
-1.5909902576697316e-01 	 8.2576569243363984e-01 
-1.7235999970177002e-01 	 8.1129387884613802e-01 
-1.8430920996502309e-01 	 7.9572136484565203e-01 
-1.9485571585149863e-01 	 7.7916666666666667e-01 
-2.0391925208324616e-01 	 7.6175577555832408e-01 
-2.1143083967682932e-01 	 7.4362119891494216e-01 
-2.1733331091504035e-01 	 7.2490095181473380e-01 
-2.2158174442774678e-01 	 7.0573750664172596e-01 
-2.2414380707064271e-01 	 6.8627670878488978e-01 
-2.2666666666666666e-01 	 6.6666666666666663e-01 
-2.2580413156746232e-01 	 6.4691136497719748e-01 
-2.2322309068276713e-01 	 6.2730641306216239e-01 
-2.1894318729218878e-01 	 6.0800101644342852e-01 
-2.1299699404480588e-01 	 5.8914210084618168e-01 
-2.0542976506164065e-01 	 5.7087319400544145e-01 
-1.9629909152447275e-01 	 5.5333333333333334e-01 
-1.8567446337217142e-01 	 5.3665600776042943e-01 
-1.7363674044030164e-01 	 5.2096814180438433e-01 
-1.6027753706895076e-01 	 5.0638912959771587e-01 
-1.4569852486228224e-01 	 4.9302992622636499e-01 
-1.3001065890623711e-01 	 4.8099220329449521e-01 
-1.1333333333333338e-01 	 4.7036757514219391e-01 
-9.5793472661225176e-02 	 4.6123690160502595e-01 
-7.7524565820484906e-02 	 4.5366967262186075e-01 
-5.8665650223238004e-02 	 4.4772347937447782e-01 
-3.9360253604504201e-02 	 4.4344357598389950e-01 
-1.9755301689469200e-02 	 4.4086253509920431e-01 
1.3879330390336669e-17 	 4.3999999999999995e-01 
1.9755301689469176e-02 	 4.4086253509920431e-01 
3.9360253604504222e-02 	 4.4344357598389950e-01 
5.8665650223238032e-02 	 4.4772347937447782e-01 
7.7524565820484934e-02 	 4.5366967262186075e-01 
9.5793472661225204e-02 	 4.6123690160502595e-01 
1.1333333333333330e-01 	 4.7036757514219385e-01 
1.3001065890623706e-01 	 4.8099220329449510e-01 
1.4569852486228227e-01 	 4.9302992622636499e-01 
1.6027753706895079e-01 	 5.0638912959771587e-01 
1.7363674044030167e-01 	 5.2096814180438433e-01 
1.8567446337217144e-01 	 5.3665600776042943e-01 
1.9629909152447275e-01 	 5.5333333333333334e-01 
2.0542976506164065e-01 	 5.7087319400544145e-01 
2.1299699404480588e-01 	 5.8914210084618168e-01 
2.1894318729218878e-01 	 6.0800101644342852e-01 
2.2322309068276713e-01 	 6.2730641306216239e-01 
2.2580413156746232e-01 	 6.4691136497719748e-01 
2.2666666666666666e-01 	 6.6666666666666663e-01 
2.2580413156746232e-01 	 6.8642196835613578e-01 
2.2322309068276716e-01 	 7.0602692027117075e-01 
2.1894318729218878e-01 	 7.2533231688990474e-01 
2.1299699404480588e-01 	 7.4419123248715158e-01 
2.0542976506164065e-01 	 7.6246013932789181e-01 
1.9629909152447275e-01 	 7.7999999999999992e-01 
1.8567446337217150e-01 	 7.9667732557290372e-01 
1.7363674044030167e-01 	 8.1236519152894893e-01 
1.6027753706895079e-01 	 8.2694420373561739e-01 
1.4569852486228227e-01 	 8.4030340710696827e-01 
1.3001065890623714e-01 	 8.5234113003883805e-01 
1.1333333333333340e-01 	 8.6296575819113941e-01 
9.5793472661225287e-02 	 8.7209643172830731e-01 
7.7524565820485031e-02 	 8.7966366071147251e-01 
5.8665650223237983e-02 	 8.8560985395885550e-01 
3.9360253604504181e-02 	 8.8988975734943376e-01 
1.9755301689469176e-02 	 8.9247079823412889e-01 
1.3879330390336669e-17 	 8.9333333333333331e-01 
-1.9755301689469148e-02 	 8.9247079823412889e-01 
-3.9360253604504153e-02 	 8.8988975734943376e-01 
-5.8665650223237956e-02 	 8.8560985395885550e-01 
-7.7524565820484809e-02 	 8.7966366071147251e-01 
-9.5793472661225093e-02 	 8.7209643172830731e-01 
-1.1333333333333338e-01 	 8.6296575819113941e-01 
-1.3001065890623711e-01 	 8.5234113003883805e-01 
-1.4569852486228224e-01 	 8.4030340710696827e-01 
-1.6027753706895076e-01 	 8.2694420373561739e-01 
-1.7363674044030164e-01 	 8.1236519152894893e-01 
-1.8567446337217142e-01 	 7.9667732557290383e-01 
-1.9629909152447272e-01 	 7.8000000000000003e-01 
-2.0542976506164060e-01 	 7.6246013932789192e-01 
-2.1299699404480585e-01 	 7.4419123248715169e-01 
-2.1894318729218881e-01 	 7.2533231688990463e-01 
-2.2322309068276713e-01 	 7.0602692027117087e-01 
-2.2580413156746232e-01 	 6.8642196835613578e-01 
-2.2833333333333330e-01 	 6.6666666666666663e-01 
-2.2746445606428187e-01 	 6.4676610540595136e-01 
-2.2486443693778746e-01 	 6.2701699943271760e-01 
-2.2055306366933722e-01 	 6.0756965136825769e-01 
-2.1456314841278237e-01 	 5.8857206727397227e-01 
-2.0694027804003504e-01 	 5.7016883023587361e-01 
-1.9774246719744681e-01 	 5.5249999999999999e-01 
-1.8703971677931971e-01 	 5.3570004703317775e-01 
-1.7491348117883326e-01 	 5.1989682912157353e-01 
-1.6145604837092831e-01 	 5.0521061829573832e-01 
-1.4676983754509312e-01 	 4.9175318548783331e-01 
-1.3096661963348885e-01 	 4.7962694988734689e-01 
-1.1416666666666671e-01 	 4.6892419946921987e-01 
-9.6497836430793002e-02 	 4.5972638862663157e-01 
-7.8094599392694350e-02 	 4.5210351825388423e-01 
-5.9097015298408870e-02 	 4.4611360299732938e-01 
-3.9649667233949082e-02 	 4.4180222972887917e-01 
-1.9900561260715294e-02 	 4.3920221060238473e-01 
1.3981384290265614e-17 	 4.3833333333333335e-01 
1.9900561260715273e-02 	 4.3920221060238473e-01 
3.9649667233949110e-02 	 4.4180222972887917e-01 
5.9097015298408898e-02 	 4.4611360299732938e-01 
7.8094599392694378e-02 	 4.5210351825388428e-01 
9.6497836430793030e-02 	 4.5972638862663162e-01 
1.1416666666666662e-01 	 4.6892419946921982e-01 
1.3096661963348880e-01 	 4.7962694988734683e-01 
1.4676983754509315e-01 	 4.9175318548783337e-01 
1.6145604837092833e-01 	 5.0521061829573832e-01 
1.7491348117883329e-01 	 5.1989682912157353e-01 
1.8703971677931974e-01 	 5.3570004703317775e-01 
1.9774246719744681e-01 	 5.5249999999999999e-01 
2.0694027804003504e-01 	 5.7016883023587361e-01 
2.1456314841278237e-01 	 5.8857206727397227e-01 
2.2055306366933722e-01 	 6.0756965136825769e-01 
2.2486443693778746e-01 	 6.2701699943271749e-01 
2.2746445606428187e-01 	 6.4676610540595136e-01 
2.2833333333333330e-01 	 6.6666666666666663e-01 
2.2746445606428187e-01 	 6.8656722792738190e-01 
2.2486443693778749e-01 	 7.0631633390061566e-01 
2.2055306366933722e-01 	 7.2576368196507557e-01 
2.1456314841278237e-01 	 7.4476126605936099e-01 
2.0694027804003504e-01 	 7.6316450309745965e-01 
1.9774246719744681e-01 	 7.8083333333333327e-01 
1.8703971677931980e-01 	 7.9763328630015540e-01 
1.7491348117883329e-01 	 8.1343650421175973e-01 
1.6145604837092833e-01 	 8.2812271503759494e-01 
1.4676983754509315e-01 	 8.4158014784549984e-01 
1.3096661963348888e-01 	 8.5370638344598637e-01 
1.1416666666666672e-01 	 8.6440913386411333e-01 
9.6497836430793113e-02 	 8.7360694470670164e-01 
7.8094599392694475e-02 	 8.8122981507944897e-01 
5.9097015298408842e-02 	 8.8721973033600388e-01 
3.9649667233949061e-02 	 8.9153110360445409e-01 
1.9900561260715273e-02 	 8.9413112273094852e-01 
1.3981384290265614e-17 	 8.9499999999999991e-01 
-1.9900561260715245e-02 	 8.9413112273094852e-01 
-3.9649667233949033e-02 	 8.9153110360445409e-01 
-5.9097015298408821e-02 	 8.8721973033600388e-01 
-7.8094599392694239e-02 	 8.8122981507944909e-01 
-9.6497836430792919e-02 	 8.7360694470670175e-01 
-1.1416666666666671e-01 	 8.6440913386411333e-01 
-1.3096661963348885e-01 	 8.5370638344598637e-01 
-1.4676983754509312e-01 	 8.4158014784549995e-01 
-1.6145604837092831e-01 	 8.2812271503759494e-01 
-1.7491348117883326e-01 	 8.1343650421175973e-01 
-1.8703971677931971e-01 	 7.9763328630015551e-01 
-1.9774246719744676e-01 	 7.8083333333333338e-01 
-2.0694027804003498e-01 	 7.6316450309745976e-01 
-2.1456314841278235e-01 	 7.4476126605936110e-01 
-2.2055306366933725e-01 	 7.2576368196507546e-01 
-2.2486443693778746e-01 	 7.0631633390061566e-01 
-2.2746445606428187e-01 	 6.8656722792738190e-01 
-2.2999999999999998e-01 	 6.6666666666666663e-01 
-2.2912478056110147e-01 	 6.4662084583470525e-01 
-2.2650578319280781e-01 	 6.2672758580327270e-01 
-2.2216294004648568e-01 	 6.0713828629308675e-01 
-2.1612930278075890e-01 	 5.8800203370176285e-01 
-2.0845079101842948e-01 	 5.6946446646630577e-01 
-1.9918584287042088e-01 	 5.5166666666666664e-01 
-1.8840497018646804e-01 	 5.3474408630592596e-01 
-1.7619022191736491e-01 	 5.1882551643876251e-01 
-1.6263455967290591e-01 	 5.0403210699376066e-01 
-1.4784115022790403e-01 	 4.9047644474930169e-01 
-1.3192258036074062e-01 	 4.7826169648019856e-01 
-1.1500000000000005e-01 	 4.6748082379624578e-01 
-9.7202200200360842e-02 	 4.5821587564823713e-01 
-7.8664632964903794e-02 	 4.5053736388590770e-01 
-5.9528380373579742e-02 	 4.4450372662018089e-01 
-3.9939080863393969e-02 	 4.4016088347385884e-01 
-2.0045820831961391e-02 	 4.3754188610556516e-01 
1.4083438190194562e-17 	 4.3666666666666665e-01 
2.0045820831961370e-02 	 4.3754188610556516e-01 
3.9939080863393990e-02 	 4.4016088347385884e-01 
5.9528380373579763e-02 	 4.4450372662018089e-01 
7.8664632964903822e-02 	 4.5053736388590770e-01 
9.7202200200360869e-02 	 4.5821587564823718e-01 
1.1499999999999996e-01 	 4.6748082379624578e-01 
1.3192258036074056e-01 	 4.7826169648019851e-01 
1.4784115022790406e-01 	 4.9047644474930174e-01 
1.6263455967290594e-01 	 5.0403210699376078e-01 
1.7619022191736494e-01 	 5.1882551643876262e-01 
1.8840497018646807e-01 	 5.3474408630592596e-01 
1.9918584287042088e-01 	 5.5166666666666664e-01 
2.0845079101842948e-01 	 5.6946446646630577e-01 
2.1612930278075890e-01 	 5.8800203370176285e-01 
2.2216294004648568e-01 	 6.0713828629308686e-01 
2.2650578319280781e-01 	 6.2672758580327259e-01 
2.2912478056110147e-01 	 6.4662084583470525e-01 
2.2999999999999998e-01 	 6.6666666666666663e-01 
2.2912478056110147e-01 	 6.8671248749862801e-01 
2.2650578319280784e-01 	 7.0660574753006056e-01 
2.2216294004648568e-01 	 7.2619504704024640e-01 
2.1612930278075890e-01 	 7.4533129963157041e-01 
2.0845079101842948e-01 	 7.6386886686702749e-01 
1.9918584287042088e-01 	 7.8166666666666662e-01 
1.8840497018646812e-01 	 7.9858924702740719e-01 
1.7619022191736494e-01 	 8.1450781689457064e-01 
1.6263455967290594e-01 	 8.2930122633957248e-01 
1.4784115022790406e-01 	 8.4285688858403152e-01 
1.3192258036074064e-01 	 8.5507163685313470e-01 
1.1500000000000007e-01 	 8.6585250953708748e-01 
9.7202200200360953e-02 	 8.7511745768509608e-01 
7.8664632964903919e-02 	 8.8279596944742544e-01 
5.9528380373579715e-02 	 8.8882960671315236e-01 
3.9939080863393948e-02 	 8.9317244985947442e-01 
2.0045820831961370e-02 	 8.9579144722776816e-01 
1.4083438190194562e-17 	 8.9666666666666661e-01 
-2.0045820831961342e-02 	 8.9579144722776816e-01 
-3.9939080863393914e-02 	 8.9317244985947442e-01 
-5.9528380373579687e-02 	 8.8882960671315236e-01 
-7.8664632964903697e-02 	 8.8279596944742555e-01 
-9.7202200200360744e-02 	 8.7511745768509619e-01 
-1.1500000000000005e-01 	 8.6585250953708748e-01 
-1.3192258036074062e-01 	 8.5507163685313470e-01 
-1.4784115022790403e-01 	 8.4285688858403152e-01 
-1.6263455967290591e-01 	 8.2930122633957259e-01 
-1.7619022191736491e-01 	 8.1450781689457075e-01 
-1.8840497018646804e-01 	 7.9858924702740730e-01 
-1.9918584287042085e-01 	 7.8166666666666673e-01 
-2.0845079101842942e-01 	 7.6386886686702760e-01 
-2.1612930278075887e-01 	 7.4533129963157052e-01 
-2.2216294004648571e-01 	 7.2619504704024640e-01 
-2.2650578319280781e-01 	 7.0660574753006056e-01 
-2.2912478056110147e-01 	 6.8671248749862801e-01 
-2.3166666666666666e-01 	 6.6666666666666663e-01 
-2.3078510505792105e-01 	 6.4647558626345913e-01 
-2.2814712944782820e-01 	 6.2643817217382780e-01 
-2.2377281642363411e-01 	 6.0670692121791592e-01 
-2.1769545714873542e-01 	 5.8743200012955332e-01 
-2.0996130399682389e-01 	 5.6876010269673793e-01 
-2.0062921854339497e-01 	 5.5083333333333329e-01 
-1.8977022359361637e-01 	 5.3378812557867428e-01 
-1.7746696265589654e-01 	 5.1775420375595171e-01 
-1.6381307097488348e-01 	 5.0285359569178312e-01 
-1.4891246291071494e-01 	 4.8919970401077006e-01 
-1.3287854108799235e-01 	 4.7689644307305024e-01 
-1.1583333333333339e-01 	 4.6603744812327175e-01 
-9.7906563969928681e-02 	 4.5670536266984274e-01 
-7.9234666537113252e-02 	 4.4897120951793118e-01 
-5.9959745448750608e-02 	 4.4289385024303252e-01 
-4.0228494492838850e-02 	 4.3851953721883841e-01 
-2.0191080403207492e-02 	 4.3588156160874558e-01 
1.4185492090123506e-17 	 4.3499999999999994e-01 
2.0191080403207468e-02 	 4.3588156160874558e-01 
4.0228494492838877e-02 	 4.3851953721883841e-01 
5.9959745448750636e-02 	 4.4289385024303252e-01 
7.9234666537113280e-02 	 4.4897120951793124e-01 
9.7906563969928695e-02 	 4.5670536266984274e-01 
1.1583333333333330e-01 	 4.6603744812327164e-01 
1.3287854108799230e-01 	 4.7689644307305018e-01 
1.4891246291071497e-01 	 4.8919970401077006e-01 
1.6381307097488351e-01 	 5.0285359569178312e-01 
1.7746696265589657e-01 	 5.1775420375595171e-01 
1.8977022359361639e-01 	 5.3378812557867428e-01 
2.0062921854339497e-01 	 5.5083333333333329e-01 
2.0996130399682389e-01 	 5.6876010269673793e-01 
2.1769545714873542e-01 	 5.8743200012955332e-01 
2.2377281642363411e-01 	 6.0670692121791592e-01 
2.2814712944782820e-01 	 6.2643817217382769e-01 
2.3078510505792105e-01 	 6.4647558626345913e-01 
2.3166666666666666e-01 	 6.6666666666666663e-01 
2.3078510505792105e-01 	 6.8685774706987412e-01 
2.2814712944782822e-01 	 7.0689516115950546e-01 
2.2377281642363411e-01 	 7.2662641211541734e-01 
2.1769545714873542e-01 	 7.4590133320377994e-01 
2.0996130399682389e-01 	 7.6457323063659532e-01 
2.0062921854339497e-01 	 7.8249999999999997e-01 
1.8977022359361645e-01 	 7.9954520775465887e-01 
1.7746696265589657e-01 	 8.1557912957738155e-01 
1.6381307097488351e-01 	 8.3047973764155014e-01 
1.4891246291071497e-01 	 8.4413362932256319e-01 
1.3287854108799238e-01 	 8.5643689026028302e-01 
1.1583333333333341e-01 	 8.6729588521006151e-01 
9.7906563969928792e-02 	 8.7662797066349052e-01 
7.9234666537113377e-02 	 8.8436212381540202e-01 
5.9959745448750587e-02 	 8.9043948309030074e-01 
4.0228494492838836e-02 	 8.9481379611449485e-01 
2.0191080403207468e-02 	 8.9745177172458768e-01 
1.4185492090123506e-17 	 8.9833333333333332e-01 
-2.0191080403207440e-02 	 8.9745177172458768e-01 
-4.0228494492838801e-02 	 8.9481379611449485e-01 
-5.9959745448750559e-02 	 8.9043948309030085e-01 
-7.9234666537113141e-02 	 8.8436212381540213e-01 
-9.7906563969928584e-02 	 8.7662797066349052e-01 
-1.1583333333333339e-01 	 8.6729588521006151e-01 
-1.3287854108799235e-01 	 8.5643689026028302e-01 
-1.4891246291071494e-01 	 8.4413362932256319e-01 
-1.6381307097488348e-01 	 8.3047973764155014e-01 
-1.7746696265589654e-01 	 8.1557912957738155e-01 
-1.8977022359361637e-01 	 7.9954520775465898e-01 
-2.0062921854339491e-01 	 7.8250000000000008e-01 
-2.0996130399682383e-01 	 7.6457323063659544e-01 
-2.1769545714873539e-01 	 7.4590133320378005e-01 
-2.2377281642363414e-01 	 7.2662641211541723e-01 
-2.2814712944782820e-01 	 7.0689516115950546e-01 
-2.3078510505792105e-01 	 6.8685774706987412e-01 
-2.3333333333333331e-01 	 6.6666666666666663e-01 
-2.3244542955474060e-01 	 6.4633032669221302e-01 
-2.2978847570284852e-01 	 6.2614875854438290e-01 
-2.2538269280078255e-01 	 6.0627555614274509e-01 
-2.1926161151671192e-01 	 5.8686196655734391e-01 
-2.1147181697521830e-01 	 5.6805573892717010e-01 
-2.0207259421636900e-01 	 5.5000000000000004e-01 
-1.9113547700076469e-01 	 5.3283216485142249e-01 
-1.7874370339442816e-01 	 5.1668289107314080e-01 
-1.6499158227686106e-01 	 5.0167508438980557e-01 
-1.4998377559352583e-01 	 4.8792296327223844e-01 
-1.3383450181524409e-01 	 4.7553118966590191e-01 
-1.1666666666666671e-01 	 4.6459407245029766e-01 
-9.8610927739496507e-02 	 4.5519484969144830e-01 
-7.9804700109322696e-02 	 4.4740505514995466e-01 
-6.0391110523921473e-02 	 4.4128397386588403e-01 
-4.0517908122283730e-02 	 4.3687819096381808e-01 
-2.0336339974453586e-02 	 4.3422123711192606e-01 
1.4287545990052451e-17 	 4.3333333333333335e-01 
2.0336339974453565e-02 	 4.3422123711192606e-01 
4.0517908122283758e-02 	 4.3687819096381808e-01 
6.0391110523921501e-02 	 4.4128397386588403e-01 
7.9804700109322724e-02 	 4.4740505514995471e-01 
9.8610927739496521e-02 	 4.5519484969144830e-01 
1.1666666666666663e-01 	 4.6459407245029760e-01 
1.3383450181524403e-01 	 4.7553118966590191e-01 
1.4998377559352585e-01 	 4.8792296327223850e-01 
1.6499158227686109e-01 	 5.0167508438980557e-01 
1.7874370339442819e-01 	 5.1668289107314080e-01 
1.9113547700076472e-01 	 5.3283216485142249e-01 
2.0207259421636900e-01 	 5.5000000000000004e-01 
2.1147181697521830e-01 	 5.6805573892717010e-01 
2.1926161151671192e-01 	 5.8686196655734391e-01 
2.2538269280078255e-01 	 6.0627555614274509e-01 
2.2978847570284852e-01 	 6.2614875854438279e-01 
2.3244542955474060e-01 	 6.4633032669221313e-01 
2.3333333333333331e-01 	 6.6666666666666663e-01 
2.3244542955474060e-01 	 6.8700300664112013e-01 
2.2978847570284855e-01 	 7.0718457478895036e-01 
2.2538269280078255e-01 	 7.2705777719058817e-01 
2.1926161151671192e-01 	 7.4647136677598935e-01 
2.1147181697521830e-01 	 7.6527759440616316e-01 
2.0207259421636900e-01 	 7.8333333333333321e-01 
1.9113547700076475e-01 	 8.0050116848191066e-01 
1.7874370339442819e-01 	 8.1665044226019246e-01 
1.6499158227686109e-01 	 8.3165824894352769e-01 
1.4998377559352585e-01 	 8.4541037006109476e-01 
1.3383450181524412e-01 	 8.5780214366743135e-01 
1.1666666666666674e-01 	 8.6873926088303555e-01 
9.8610927739496618e-02 	 8.7813848364188485e-01 
7.9804700109322821e-02 	 8.8592827818337849e-01 
6.0391110523921446e-02 	 8.9204935946744923e-01 
4.0517908122283716e-02 	 8.9645514236951518e-01 
2.0336339974453565e-02 	 8.9911209622140720e-01 
1.4287545990052451e-17 	 8.9999999999999991e-01 
-2.0336339974453534e-02 	 8.9911209622140720e-01 
-4.0517908122283681e-02 	 8.9645514236951518e-01 
-6.0391110523921425e-02 	 8.9204935946744923e-01 
-7.9804700109322585e-02 	 8.8592827818337860e-01 
-9.8610927739496410e-02 	 8.7813848364188496e-01 
-1.1666666666666671e-01 	 8.6873926088303555e-01 
-1.3383450181524409e-01 	 8.5780214366743135e-01 
-1.4998377559352583e-01 	 8.4541037006109487e-01 
-1.6499158227686106e-01 	 8.3165824894352769e-01 
-1.7874370339442816e-01 	 8.1665044226019246e-01 
-1.9113547700076469e-01 	 8.0050116848191077e-01 
-2.0207259421636897e-01 	 7.8333333333333333e-01 
-2.1147181697521825e-01 	 7.6527759440616328e-01 
-2.1926161151671189e-01 	 7.4647136677598946e-01 
-2.2538269280078257e-01 	 7.2705777719058806e-01 
-2.2978847570284852e-01 	 7.0718457478895036e-01 
-2.3244542955474060e-01 	 6.8700300664112024e-01 
-2.3499999999999999e-01 	 6.6666666666666663e-01 
-2.3410575405156020e-01 	 6.4618506712096691e-01 
-2.3142982195786888e-01 	 6.2585934491493800e-01 
-2.2699256917793101e-01 	 6.0584419106757414e-01 
-2.2082776588468844e-01 	 5.8629193298513449e-01 
-2.1298232995361271e-01 	 5.6735137515760226e-01 
-2.0351596988934309e-01 	 5.4916666666666669e-01 
-1.9250073040791302e-01 	 5.3187620412417069e-01 
-1.8002044413295978e-01 	 5.1561157839032989e-01 
-1.6617009357883863e-01 	 5.0049657308782791e-01 
-1.5105508827633674e-01 	 4.8664622253370682e-01 
-1.3479046254249585e-01 	 4.7416593625875358e-01 
-1.1750000000000005e-01 	 4.6315069677732357e-01 
-9.9315291509064332e-02 	 4.5368433671305386e-01 
-8.0374733681532140e-02 	 4.4583890078197819e-01 
-6.0822475599092346e-02 	 4.3967409748873559e-01 
-4.0807321751728617e-02 	 4.3523684470879775e-01 
-2.0481599545699683e-02 	 4.3256091261510643e-01 
1.4389599889981399e-17 	 4.3166666666666664e-01 
2.0481599545699662e-02 	 4.3256091261510643e-01 
4.0807321751728645e-02 	 4.3523684470879775e-01 
6.0822475599092374e-02 	 4.3967409748873559e-01 
8.0374733681532168e-02 	 4.4583890078197819e-01 
9.9315291509064360e-02 	 4.5368433671305392e-01 
1.1749999999999997e-01 	 4.6315069677732357e-01 
1.3479046254249580e-01 	 4.7416593625875353e-01 
1.5105508827633676e-01 	 4.8664622253370682e-01 
1.6617009357883866e-01 	 5.0049657308782802e-01 
1.8002044413295981e-01 	 5.1561157839032989e-01 
1.9250073040791305e-01 	 5.3187620412417080e-01 
2.0351596988934309e-01 	 5.4916666666666669e-01 
2.1298232995361271e-01 	 5.6735137515760226e-01 
2.2082776588468844e-01 	 5.8629193298513449e-01 
2.2699256917793101e-01 	 6.0584419106757426e-01 
2.3142982195786888e-01 	 6.2585934491493789e-01 
2.3410575405156020e-01 	 6.4618506712096702e-01 
2.3499999999999999e-01 	 6.6666666666666663e-01 
2.3410575405156020e-01 	 6.8714826621236624e-01 
2.3142982195786890e-01 	 7.0747398841839526e-01 
2.2699256917793101e-01 	 7.2748914226575900e-01 
2.2082776588468844e-01 	 7.4704140034819877e-01 
2.1298232995361271e-01 	 7.6598195817573100e-01 
2.0351596988934309e-01 	 7.8416666666666657e-01 
1.9250073040791310e-01 	 8.0145712920916234e-01 
1.8002044413295981e-01 	 8.1772175494300336e-01 
1.6617009357883866e-01 	 8.3283676024550524e-01 
1.5105508827633676e-01 	 8.4668711079962644e-01 
1.3479046254249585e-01 	 8.5916739707457968e-01 
1.1750000000000008e-01 	 8.7018263655600969e-01 
9.9315291509064457e-02 	 8.7964899662027929e-01 
8.0374733681532279e-02 	 8.8749443255135507e-01 
6.0822475599092318e-02 	 8.9365923584459761e-01 
4.0807321751728597e-02 	 8.9809648862453550e-01 
2.0481599545699662e-02 	 9.0077242071822683e-01 
1.4389599889981399e-17 	 9.0166666666666662e-01 
-2.0481599545699631e-02 	 9.0077242071822683e-01 
-4.0807321751728569e-02 	 8.9809648862453550e-01 
-6.0822475599092291e-02 	 8.9365923584459772e-01 
-8.0374733681532043e-02 	 8.8749443255135518e-01 
-9.9315291509064249e-02 	 8.7964899662027940e-01 
-1.1750000000000005e-01 	 8.7018263655600969e-01 
-1.3479046254249585e-01 	 8.5916739707457968e-01 
-1.5105508827633674e-01 	 8.4668711079962644e-01 
-1.6617009357883863e-01 	 8.3283676024550535e-01 
-1.8002044413295978e-01 	 8.1772175494300336e-01 
-1.9250073040791302e-01 	 8.0145712920916257e-01 
-2.0351596988934303e-01 	 7.8416666666666668e-01 
-2.1298232995361266e-01 	 7.6598195817573111e-01 
-2.2082776588468842e-01 	 7.4704140034819888e-01 
-2.2699256917793104e-01 	 7.2748914226575900e-01 
-2.3142982195786888e-01 	 7.0747398841839526e-01 
-2.3410575405156020e-01 	 6.8714826621236635e-01 
-2.3666666666666666e-01 	 6.6666666666666663e-01 
-2.3576607854837978e-01 	 6.4603980754972090e-01 
-2.3307116821288923e-01 	 6.2556993128549310e-01 
-2.2860244555507947e-01 	 6.0541282599240331e-01 
-2.2239392025266497e-01 	 5.8572189941292496e-01 
-2.1449284293200716e-01 	 5.6664701138803442e-01 
-2.0495934556231715e-01 	 5.4833333333333334e-01 
-1.9386598381506134e-01 	 5.3092024339691901e-01 
-1.8129718487149143e-01 	 5.1454026570751898e-01 
-1.6734860488081624e-01 	 4.9931806178585036e-01 
-1.5212640095914765e-01 	 4.8536948179517514e-01 
-1.3574642326974759e-01 	 4.7280068285160526e-01 
-1.1833333333333339e-01 	 4.6170732110434953e-01 
-1.0001965527863217e-01 	 4.5217382373465942e-01 
-8.0944767253741598e-02 	 4.4427274641400161e-01 
-6.1253840674263212e-02 	 4.3806422111158716e-01 
-4.1096735381173505e-02 	 4.3359549845377743e-01 
-2.0626859116945784e-02 	 4.3090058811828685e-01 
1.4491653789910347e-17 	 4.2999999999999994e-01 
2.0626859116945759e-02 	 4.3090058811828685e-01 
4.1096735381173533e-02 	 4.3359549845377743e-01 
6.1253840674263239e-02 	 4.3806422111158716e-01 
8.0944767253741626e-02 	 4.4427274641400166e-01 
1.0001965527863220e-01 	 4.5217382373465947e-01 
1.1833333333333330e-01 	 4.6170732110434948e-01 
1.3574642326974753e-01 	 4.7280068285160520e-01 
1.5212640095914767e-01 	 4.8536948179517519e-01 
1.6734860488081627e-01 	 4.9931806178585036e-01 
1.8129718487149146e-01 	 5.1454026570751898e-01 
1.9386598381506137e-01 	 5.3092024339691901e-01 
2.0495934556231715e-01 	 5.4833333333333334e-01 
2.1449284293200716e-01 	 5.6664701138803442e-01 
2.2239392025266497e-01 	 5.8572189941292496e-01 
2.2860244555507947e-01 	 6.0541282599240331e-01 
2.3307116821288923e-01 	 6.2556993128549310e-01 
2.3576607854837978e-01 	 6.4603980754972090e-01 
2.3666666666666666e-01 	 6.6666666666666663e-01 
2.3576607854837978e-01 	 6.8729352578361236e-01 
2.3307116821288926e-01 	 7.0776340204784005e-01 
2.2860244555507947e-01 	 7.2792050734092995e-01 
2.2239392025266497e-01 	 7.4761143392040830e-01 
2.1449284293200716e-01 	 7.6668632194529884e-01 
2.0495934556231715e-01 	 7.8499999999999992e-01 
1.9386598381506143e-01 	 8.0241308993641414e-01 
1.8129718487149146e-01 	 8.1879306762581427e-01 
1.6734860488081627e-01 	 8.3401527154748289e-01 
1.5212640095914767e-01 	 8.4796385153815801e-01 
1.3574642326974762e-01 	 8.6053265048172800e-01 
1.1833333333333342e-01 	 8.7162601222898373e-01 
1.0001965527863230e-01 	 8.8115950959867373e-01 
8.0944767253741723e-02 	 8.8906058691933154e-01 
6.1253840674263191e-02 	 8.9526911222174610e-01 
4.1096735381173484e-02 	 8.9973783487955594e-01 
2.0626859116945759e-02 	 9.0243274521504646e-01 
1.4491653789910347e-17 	 9.0333333333333332e-01 
-2.0626859116945728e-02 	 9.0243274521504646e-01 
-4.1096735381173449e-02 	 8.9973783487955594e-01 
-6.1253840674263163e-02 	 8.9526911222174621e-01 
-8.0944767253741487e-02 	 8.8906058691933165e-01 
-1.0001965527863209e-01 	 8.8115950959867384e-01 
-1.1833333333333339e-01 	 8.7162601222898373e-01 
-1.3574642326974759e-01 	 8.6053265048172800e-01 
-1.5212640095914765e-01 	 8.4796385153815812e-01 
-1.6734860488081624e-01 	 8.3401527154748289e-01 
-1.8129718487149143e-01 	 8.1879306762581427e-01 
-1.9386598381506134e-01 	 8.0241308993641425e-01 
-2.0495934556231710e-01 	 7.8500000000000003e-01 
-2.1449284293200710e-01 	 7.6668632194529895e-01 
-2.2239392025266494e-01 	 7.4761143392040841e-01 
-2.2860244555507950e-01 	 7.2792050734092983e-01 
-2.3307116821288923e-01 	 7.0776340204784016e-01 
-2.3576607854837978e-01 	 6.8729352578361236e-01 
-2.3833333333333331e-01 	 6.6666666666666663e-01 
-2.3742640304519932e-01 	 6.4589454797847479e-01 
-2.3471251446790956e-01 	 6.2528051765604831e-01 
-2.3021232193222790e-01 	 6.0498146091723248e-01 
-2.2396007462064146e-01 	 5.8515186584071555e-01 
-2.1600335591040154e-01 	 5.6594264761846658e-01 
-2.0640272123529121e-01 	 5.4749999999999999e-01 
-1.9523123722220964e-01 	 5.2996428266966722e-01 
-1.8257392561002306e-01 	 5.1346895302470807e-01 
-1.6852711618279378e-01 	 4.9813955048387282e-01 
-1.5319771364195853e-01 	 4.8409274105664357e-01 
-1.3670238399699933e-01 	 4.7143542944445693e-01 
-1.1916666666666671e-01 	 4.6026394543137550e-01 
-1.0072401904820000e-01 	 4.5066331075626509e-01 
-8.1514800825951042e-02 	 4.4270659204602514e-01 
-6.1685205749434077e-02 	 4.3645434473443867e-01 
-4.1386149010618385e-02 	 4.3195415219875710e-01 
-2.0772118688191878e-02 	 4.2924026362146728e-01 
1.4593707689839292e-17 	 4.2833333333333334e-01 
2.0772118688191853e-02 	 4.2924026362146728e-01 
4.1386149010618413e-02 	 4.3195415219875710e-01 
6.1685205749434105e-02 	 4.3645434473443867e-01 
8.1514800825951070e-02 	 4.4270659204602514e-01 
1.0072401904820003e-01 	 4.5066331075626509e-01 
1.1916666666666663e-01 	 4.6026394543137539e-01 
1.3670238399699927e-01 	 4.7143542944445693e-01 
1.5319771364195856e-01 	 4.8409274105664357e-01 
1.6852711618279381e-01 	 4.9813955048387282e-01 
1.8257392561002309e-01 	 5.1346895302470807e-01 
1.9523123722220967e-01 	 5.2996428266966733e-01 
2.0640272123529121e-01 	 5.4749999999999999e-01 
2.1600335591040154e-01 	 5.6594264761846658e-01 
2.2396007462064146e-01 	 5.8515186584071555e-01 
2.3021232193222790e-01 	 6.0498146091723248e-01 
2.3471251446790956e-01 	 6.2528051765604820e-01 
2.3742640304519932e-01 	 6.4589454797847479e-01 
2.3833333333333331e-01 	 6.6666666666666663e-01 
2.3742640304519932e-01 	 6.8743878535485847e-01 
2.3471251446790958e-01 	 7.0805281567728495e-01 
2.3021232193222790e-01 	 7.2835187241610078e-01 
2.2396007462064146e-01 	 7.4818146749261771e-01 
2.1600335591040154e-01 	 7.6739068571486668e-01 
2.0640272123529121e-01 	 7.8583333333333327e-01 
1.9523123722220972e-01 	 8.0336905066366593e-01 
1.8257392561002309e-01 	 8.1986438030862518e-01 
1.6852711618279381e-01 	 8.3519378284946044e-01 
1.5319771364195856e-01 	 8.4924059227668969e-01 
1.3670238399699935e-01 	 8.6189790388887633e-01 
1.1916666666666674e-01 	 8.7306938790195776e-01 
1.0072401904820012e-01 	 8.8267002257706817e-01 
8.1514800825951167e-02 	 8.9062674128730812e-01 
6.1685205749434049e-02 	 8.9687898859889459e-01 
4.1386149010618364e-02 	 9.0137918113457616e-01 
2.0772118688191853e-02 	 9.0409306971186598e-01 
1.4593707689839292e-17 	 9.0499999999999992e-01 
-2.0772118688191826e-02 	 9.0409306971186598e-01 
-4.1386149010618330e-02 	 9.0137918113457616e-01 
-6.1685205749434022e-02 	 8.9687898859889459e-01 
-8.1514800825950931e-02 	 8.9062674128730812e-01 
-1.0072401904819990e-01 	 8.8267002257706828e-01 
-1.1916666666666671e-01 	 8.7306938790195776e-01 
-1.3670238399699933e-01 	 8.6189790388887633e-01 
-1.5319771364195853e-01 	 8.4924059227668969e-01 
-1.6852711618279378e-01 	 8.3519378284946044e-01 
-1.8257392561002306e-01 	 8.1986438030862518e-01 
-1.9523123722220964e-01 	 8.0336905066366604e-01 
-2.0640272123529116e-01 	 7.8583333333333338e-01 
-2.1600335591040148e-01 	 7.6739068571486679e-01 
-2.2396007462064144e-01 	 7.4818146749261782e-01 
-2.3021232193222793e-01 	 7.2835187241610067e-01 
-2.3471251446790956e-01 	 7.0805281567728495e-01 
-2.3742640304519932e-01 	 6.8743878535485847e-01 
-2.3999999999999999e-01 	 6.6666666666666663e-01 
-2.3908672754201893e-01 	 6.4574928840722867e-01 
-2.3635386072292991e-01 	 6.2499110402660341e-01 
-2.3182219830937636e-01 	 6.0455009584206154e-01 
-2.2552622898861799e-01 	 5.8458183226850613e-01 
-2.1751386888879598e-01 	 5.6523828384889874e-01 
-2.0784609690826528e-01 	 5.4666666666666663e-01 
-1.9659649062935797e-01 	 5.2900832194241554e-01 
-1.8385066634855468e-01 	 5.1239764034189716e-01 
-1.6970562748477139e-01 	 4.9696103918189521e-01 
-1.5426902632476944e-01 	 4.8281600031811189e-01 
-1.3765834472425106e-01 	 4.7007017603730861e-01 
-1.2000000000000005e-01 	 4.5882056975840141e-01 
-1.0142838281776784e-01 	 4.4915279777787065e-01 
-8.2084834398160486e-02 	 4.4114043767804861e-01 
-6.2116570824604950e-02 	 4.3484446835729024e-01 
-4.1675562640063273e-02 	 4.3031280594373672e-01 
-2.0917378259437975e-02 	 4.2757993912464770e-01 
1.4695761589768237e-17 	 4.2666666666666664e-01 
2.0917378259437951e-02 	 4.2757993912464770e-01 
4.1675562640063300e-02 	 4.3031280594373672e-01 
6.2116570824604977e-02 	 4.3484446835729024e-01 
8.2084834398160514e-02 	 4.4114043767804867e-01 
1.0142838281776786e-01 	 4.4915279777787065e-01 
1.1999999999999997e-01 	 4.5882056975840135e-01 
1.3765834472425101e-01 	 4.7007017603730861e-01 
1.5426902632476946e-01 	 4.8281600031811195e-01 
1.6970562748477142e-01 	 4.9696103918189527e-01 
1.8385066634855471e-01 	 5.1239764034189716e-01 
1.9659649062935800e-01 	 5.2900832194241554e-01 
2.0784609690826528e-01 	 5.4666666666666663e-01 
2.1751386888879598e-01 	 5.6523828384889874e-01 
2.2552622898861799e-01 	 5.8458183226850613e-01 
2.3182219830937636e-01 	 6.0455009584206165e-01 
2.3635386072292991e-01 	 6.2499110402660329e-01 
2.3908672754201893e-01 	 6.4574928840722867e-01 
2.3999999999999999e-01 	 6.6666666666666663e-01 
2.3908672754201893e-01 	 6.8758404492610459e-01 
2.3635386072292994e-01 	 7.0834222930672985e-01 
2.3182219830937636e-01 	 7.2878323749127161e-01 
2.2552622898861799e-01 	 7.4875150106482713e-01 
2.1751386888879598e-01 	 7.6809504948443452e-01 
2.0784609690826528e-01 	 7.8666666666666663e-01 
1.9659649062935805e-01 	 8.0432501139091761e-01 
1.8385066634855471e-01 	 8.2093569299143609e-01 
1.6970562748477142e-01 	 8.3637229415143799e-01 
1.5426902632476946e-01 	 8.5051733301522137e-01 
1.3765834472425109e-01 	 8.6326315729602465e-01 
1.2000000000000008e-01 	 8.7451276357493191e-01 
1.0142838281776796e-01 	 8.8418053555546261e-01 
8.2084834398160625e-02 	 8.9219289565528459e-01 
6.2116570824604922e-02 	 8.9848886497604297e-01 
4.1675562640063252e-02 	 9.0302052738959659e-01 
2.0917378259437951e-02 	 9.0575339420868550e-01 
1.4695761589768237e-17 	 9.0666666666666662e-01 
-2.0917378259437923e-02 	 9.0575339420868550e-01 
-4.1675562640063217e-02 	 9.0302052738959659e-01 
-6.2116570824604894e-02 	 8.9848886497604308e-01 
-8.2084834398160375e-02 	 8.9219289565528470e-01 
-1.0142838281776774e-01 	 8.8418053555546261e-01 
-1.2000000000000005e-01 	 8.7451276357493191e-01 
-1.3765834472425106e-01 	 8.6326315729602465e-01 
-1.5426902632476944e-01 	 8.5051733301522137e-01 
-1.6970562748477139e-01 	 8.3637229415143799e-01 
-1.8385066634855468e-01 	 8.2093569299143609e-01 
-1.9659649062935797e-01 	 8.0432501139091772e-01 
-2.0784609690826522e-01 	 7.8666666666666674e-01 
-2.1751386888879592e-01 	 7.6809504948443463e-01 
-2.2552622898861796e-01 	 7.4875150106482724e-01 
-2.3182219830937639e-01 	 7.2878323749127161e-01 
-2.3635386072292991e-01 	 7.0834222930672985e-01 
-2.3908672754201893e-01 	 6.8758404492610459e-01 
-2.4166666666666664e-01 	 6.6666666666666663e-01 
-2.4074705203883848e-01 	 6.4560402883598256e-01 
-2.3799520697795024e-01 	 6.2470169039715850e-01 
-2.3343207468652480e-01 	 6.0411873076689071e-01 
-2.2709238335659448e-01 	 5.8401179869629671e-01 
-2.1902438186719037e-01 	 5.6453392007933090e-01 
-2.0928947258123934e-01 	 5.4583333333333328e-01 
-1.9796174403650627e-01 	 5.2805236121516375e-01 
-1.8512740708708630e-01 	 5.1132632765908625e-01 
-1.7088413878674896e-01 	 4.9578252787991761e-01 
-1.5534033900758032e-01 	 4.8153925957958033e-01 
-1.3861430545150280e-01 	 4.6870492263016034e-01 
-1.2083333333333338e-01 	 4.5737719408542732e-01 
-1.0213274658733566e-01 	 4.4764228479947621e-01 
-8.2654867970369930e-02 	 4.3957428331007209e-01 
-6.2547935899775808e-02 	 4.3323459198014180e-01 
-4.1964976269508153e-02 	 4.2867145968871639e-01 
-2.1062637830684072e-02 	 4.2591961462782812e-01 
1.4797815489697182e-17 	 4.2499999999999999e-01 
2.1062637830684048e-02 	 4.2591961462782812e-01 
4.1964976269508181e-02 	 4.2867145968871639e-01 
6.2547935899775836e-02 	 4.3323459198014180e-01 
8.2654867970369958e-02 	 4.3957428331007214e-01 
1.0213274658733569e-01 	 4.4764228479947626e-01 
1.2083333333333329e-01 	 4.5737719408542732e-01 
1.3861430545150275e-01 	 4.6870492263016028e-01 
1.5534033900758035e-01 	 4.8153925957958033e-01 
1.7088413878674899e-01 	 4.9578252787991767e-01 
1.8512740708708633e-01 	 5.1132632765908625e-01 
1.9796174403650629e-01 	 5.2805236121516375e-01 
2.0928947258123934e-01 	 5.4583333333333339e-01 
2.1902438186719037e-01 	 5.6453392007933090e-01 
2.2709238335659448e-01 	 5.8401179869629671e-01 
2.3343207468652480e-01 	 6.0411873076689071e-01 
2.3799520697795024e-01 	 6.2470169039715839e-01 
2.4074705203883848e-01 	 6.4560402883598256e-01 
2.4166666666666664e-01 	 6.6666666666666663e-01 
2.4074705203883848e-01 	 6.8772930449735070e-01 
2.3799520697795026e-01 	 7.0863164293617475e-01 
2.3343207468652480e-01 	 7.2921460256644255e-01 
2.2709238335659448e-01 	 7.4932153463703655e-01 
2.1902438186719037e-01 	 7.6879941325400236e-01 
2.0928947258123934e-01 	 7.8749999999999987e-01 
1.9796174403650635e-01 	 8.0528097211816929e-01 
1.8512740708708633e-01 	 8.2200700567424700e-01 
1.7088413878674899e-01 	 8.3755080545341554e-01 
1.5534033900758035e-01 	 8.5179407375375293e-01 
1.3861430545150283e-01 	 8.6462841070317298e-01 
1.2083333333333340e-01 	 8.7595613924790594e-01 
1.0213274658733579e-01 	 8.8569104853385694e-01 
8.2654867970370069e-02 	 8.9375905002326106e-01 
6.2547935899775781e-02 	 9.0009874135319146e-01 
4.1964976269508132e-02 	 9.0466187364461692e-01 
2.1062637830684048e-02 	 9.0741371870550513e-01 
1.4797815489697182e-17 	 9.0833333333333321e-01 
-2.1062637830684017e-02 	 9.0741371870550513e-01 
-4.1964976269508097e-02 	 9.0466187364461692e-01 
-6.2547935899775753e-02 	 9.0009874135319146e-01 
-8.2654867970369819e-02 	 8.9375905002326117e-01 
-1.0213274658733557e-01 	 8.8569104853385705e-01 
-1.2083333333333338e-01 	 8.7595613924790594e-01 
-1.3861430545150280e-01 	 8.6462841070317298e-01 
-1.5534033900758032e-01 	 8.5179407375375293e-01 
-1.7088413878674896e-01 	 8.3755080545341565e-01 
-1.8512740708708630e-01 	 8.2200700567424700e-01 
-1.9796174403650627e-01 	 8.0528097211816951e-01 
-2.0928947258123928e-01 	 7.8750000000000009e-01 
-2.1902438186719034e-01 	 7.6879941325400247e-01 
-2.2709238335659446e-01 	 7.4932153463703677e-01 
-2.3343207468652483e-01 	 7.2921460256644244e-01 
-2.3799520697795024e-01 	 7.0863164293617475e-01 
-2.4074705203883848e-01 	 6.8772930449735070e-01 
-2.4333333333333332e-01 	 6.6666666666666663e-01 
-2.4240737653565808e-01 	 6.4545876926473644e-01 
-2.3963655323297062e-01 	 6.2441227676771360e-01 
-2.3504195106367326e-01 	 6.0368736569171988e-01 
-2.2865853772457101e-01 	 5.8344176512408719e-01 
-2.2053489484558481e-01 	 5.6382955630976306e-01 
-2.1073284825421340e-01 	 5.4499999999999993e-01 
-1.9932699744365459e-01 	 5.2709640048791195e-01 
-1.8640414782561796e-01 	 5.1025501497627535e-01 
-1.7206265008872654e-01 	 4.9460401657794006e-01 
-1.5641165169039123e-01 	 4.8026251884104865e-01 
-1.3957026617875457e-01 	 4.6733966922301201e-01 
-1.2166666666666671e-01 	 4.5593381841245328e-01 
-1.0283711035690350e-01 	 4.4613177182108177e-01 
-8.3224901542579388e-02 	 4.3800812894209562e-01 
-6.2979300974946681e-02 	 4.3162471560299331e-01 
-4.2254389898953040e-02 	 4.2703011343369601e-01 
-2.1207897401930170e-02 	 4.2425929013100855e-01 
1.4899869389626130e-17 	 4.2333333333333334e-01 
2.1207897401930145e-02 	 4.2425929013100855e-01 
4.2254389898953068e-02 	 4.2703011343369601e-01 
6.2979300974946709e-02 	 4.3162471560299331e-01 
8.3224901542579402e-02 	 4.3800812894209562e-01 
1.0283711035690353e-01 	 4.4613177182108182e-01 
1.2166666666666663e-01 	 4.5593381841245323e-01 
1.3957026617875451e-01 	 4.6733966922301196e-01 
1.5641165169039126e-01 	 4.8026251884104865e-01 
1.7206265008872657e-01 	 4.9460401657794006e-01 
1.8640414782561798e-01 	 5.1025501497627546e-01 
1.9932699744365462e-01 	 5.2709640048791206e-01 
2.1073284825421340e-01 	 5.4500000000000004e-01 
2.2053489484558481e-01 	 5.6382955630976306e-01 
2.2865853772457101e-01 	 5.8344176512408719e-01 
2.3504195106367326e-01 	 6.0368736569171988e-01 
2.3963655323297062e-01 	 6.2441227676771349e-01 
2.4240737653565808e-01 	 6.4545876926473655e-01 
2.4333333333333332e-01 	 6.6666666666666663e-01 
2.4240737653565808e-01 	 6.8787456406859671e-01 
2.3963655323297062e-01 	 7.0892105656561966e-01 
2.3504195106367326e-01 	 7.2964596764161338e-01 
2.2865853772457101e-01 	 7.4989156820924607e-01 
2.2053489484558481e-01 	 7.6950377702357020e-01 
2.1073284825421340e-01 	 7.8833333333333322e-01 
1.9932699744365467e-01 	 8.0623693284542108e-01 
1.8640414782561798e-01 	 8.2307831835705780e-01 
1.7206265008872657e-01 	 8.3872931675539319e-01 
1.5641165169039126e-01 	 8.5307081449228461e-01 
1.3957026617875459e-01 	 8.6599366411032119e-01 
1.2166666666666674e-01 	 8.7739951492087997e-01 
1.0283711035690361e-01 	 8.8720156151225138e-01 
8.3224901542579513e-02 	 8.9532520439123764e-01 
6.2979300974946653e-02 	 9.0170861773033995e-01 
4.2254389898953019e-02 	 9.0630321989963725e-01 
2.1207897401930145e-02 	 9.0907404320232477e-01 
1.4899869389626130e-17 	 9.0999999999999992e-01 
-2.1207897401930114e-02 	 9.0907404320232477e-01 
-4.2254389898952985e-02 	 9.0630321989963725e-01 
-6.2979300974946625e-02 	 9.0170861773033995e-01 
-8.3224901542579277e-02 	 8.9532520439123764e-01 
-1.0283711035690341e-01 	 8.8720156151225149e-01 
-1.2166666666666671e-01 	 8.7739951492087997e-01 
-1.3957026617875457e-01 	 8.6599366411032119e-01 
-1.5641165169039123e-01 	 8.5307081449228461e-01 
-1.7206265008872654e-01 	 8.3872931675539319e-01 
-1.8640414782561796e-01 	 8.2307831835705791e-01 
-1.9932699744365459e-01 	 8.0623693284542131e-01 
-2.1073284825421335e-01 	 7.8833333333333333e-01 
-2.2053489484558475e-01 	 7.6950377702357020e-01 
-2.2865853772457098e-01 	 7.4989156820924618e-01 
-2.3504195106367329e-01 	 7.2964596764161327e-01 
-2.3963655323297062e-01 	 7.0892105656561966e-01 
-2.4240737653565808e-01 	 6.8787456406859682e-01 
-2.4500000000000000e-01 	 6.6666666666666663e-01 
-2.4406770103247766e-01 	 6.4531350969349033e-01 
-2.4127789948799097e-01 	 6.2412286313826870e-01 
-2.3665182744082169e-01 	 6.0325600061654894e-01 
-2.3022469209254753e-01 	 5.8287173155187777e-01 
-2.2204540782397922e-01 	 5.6312519254019522e-01 
-2.1217622392718749e-01 	 5.4416666666666669e-01 
-2.0069225085080294e-01 	 5.2614043976066027e-01 
-1.8768088856414958e-01 	 5.0918370229346444e-01 
-1.7324116139070411e-01 	 4.9342550527596252e-01 
-1.5748296437320214e-01 	 4.7898577810251702e-01 
-1.4052622690600630e-01 	 4.6597441581586363e-01 
-1.2250000000000005e-01 	 4.5449044273947919e-01 
-1.0354147412647133e-01 	 4.4462125884268738e-01 
-8.3794935114788832e-02 	 4.3644197457411904e-01 
-6.3410666050117553e-02 	 4.3001483922584494e-01 
-4.2543803528397921e-02 	 4.2538876717867569e-01 
-2.1353156973176267e-02 	 4.2259896563418897e-01 
1.5001923289555077e-17 	 4.2166666666666663e-01 
2.1353156973176243e-02 	 4.2259896563418897e-01 
4.2543803528397948e-02 	 4.2538876717867569e-01 
6.3410666050117581e-02 	 4.3001483922584494e-01 
8.3794935114788860e-02 	 4.3644197457411910e-01 
1.0354147412647136e-01 	 4.4462125884268744e-01 
1.2249999999999997e-01 	 4.5449044273947914e-01 
1.4052622690600625e-01 	 4.6597441581586363e-01 
1.5748296437320217e-01 	 4.7898577810251708e-01 
1.7324116139070414e-01 	 4.9342550527596252e-01 
1.8768088856414961e-01 	 5.0918370229346444e-01 
2.0069225085080297e-01 	 5.2614043976066027e-01 
2.1217622392718749e-01 	 5.4416666666666669e-01 
2.2204540782397922e-01 	 5.6312519254019533e-01 
2.3022469209254753e-01 	 5.8287173155187777e-01 
2.3665182744082169e-01 	 6.0325600061654905e-01 
2.4127789948799097e-01 	 6.2412286313826859e-01 
2.4406770103247766e-01 	 6.4531350969349044e-01 
2.4500000000000000e-01 	 6.6666666666666663e-01 
2.4406770103247766e-01 	 6.8801982363984282e-01 
2.4127789948799100e-01 	 7.0921047019506456e-01 
2.3665182744082169e-01 	 7.3007733271678421e-01 
2.3022469209254753e-01 	 7.5046160178145549e-01 
2.2204540782397922e-01 	 7.7020814079313793e-01 
2.1217622392718749e-01 	 7.8916666666666657e-01 
2.0069225085080303e-01 	 8.0719289357267288e-01 
1.8768088856414961e-01 	 8.2414963103986882e-01 
1.7324116139070414e-01 	 8.3990782805737074e-01 
1.5748296437320217e-01 	 8.5434755523081618e-01 
1.4052622690600633e-01 	 8.6735891751746963e-01 
1.2250000000000008e-01 	 8.7884289059385412e-01 
1.0354147412647145e-01 	 8.8871207449064582e-01 
8.3794935114788971e-02 	 8.9689135875921411e-01 
6.3410666050117526e-02 	 9.0331849410748832e-01 
4.2543803528397900e-02 	 9.0794456615465768e-01 
2.1353156973176243e-02 	 9.1073436769914429e-01 
1.5001923289555077e-17 	 9.1166666666666663e-01 
-2.1353156973176211e-02 	 9.1073436769914429e-01 
-4.2543803528397872e-02 	 9.0794456615465768e-01 
-6.3410666050117498e-02 	 9.0331849410748832e-01 
-8.3794935114788721e-02 	 8.9689135875921422e-01 
-1.0354147412647124e-01 	 8.8871207449064593e-01 
-1.2250000000000005e-01 	 8.7884289059385412e-01 
-1.4052622690600630e-01 	 8.6735891751746963e-01 
-1.5748296437320214e-01 	 8.5434755523081618e-01 
-1.7324116139070411e-01 	 8.3990782805737074e-01 
-1.8768088856414958e-01 	 8.2414963103986882e-01 
-2.0069225085080294e-01 	 8.0719289357267299e-01 
-2.1217622392718744e-01 	 7.8916666666666668e-01 
-2.2204540782397916e-01 	 7.7020814079313804e-01 
-2.3022469209254751e-01 	 7.5046160178145560e-01 
-2.3665182744082172e-01 	 7.3007733271678421e-01 
-2.4127789948799097e-01 	 7.0921047019506456e-01 
-2.4406770103247766e-01 	 6.8801982363984293e-01 
-2.4666666666666665e-01 	 6.6666666666666663e-01 
-2.4572802552929721e-01 	 6.4516825012224432e-01 
-2.4291924574301130e-01 	 6.2383344950882380e-01 
-2.3826170381797013e-01 	 6.0282463554137811e-01 
-2.3179084646052403e-01 	 5.8230169797966835e-01 
-2.2355592080237363e-01 	 5.6242082877062738e-01 
-2.1361959960016152e-01 	 5.4333333333333333e-01 
-2.0205750425795124e-01 	 5.2518447903340859e-01 
-1.8895762930268120e-01 	 5.0811238961065364e-01 
-1.7441967269268169e-01 	 4.9224699397398491e-01 
-1.5855427705601302e-01 	 4.7770903736398540e-01 
-1.4148218763325804e-01 	 4.6460916240871536e-01 
-1.2333333333333338e-01 	 4.5304706706650516e-01 
-1.0424583789603915e-01 	 4.4311074586429300e-01 
-8.4364968686998276e-02 	 4.3487582020614257e-01 
-6.3842031125288412e-02 	 4.2840496284869645e-01 
-4.2833217157842801e-02 	 4.2374742092365536e-01 
-2.1498416544422364e-02 	 4.2093864113736945e-01 
1.5103977189484022e-17 	 4.1999999999999998e-01 
2.1498416544422340e-02 	 4.2093864113736945e-01 
4.2833217157842829e-02 	 4.2374742092365536e-01 
6.3842031125288440e-02 	 4.2840496284869645e-01 
8.4364968686998304e-02 	 4.3487582020614257e-01 
1.0424583789603918e-01 	 4.4311074586429300e-01 
1.2333333333333329e-01 	 4.5304706706650510e-01 
1.4148218763325798e-01 	 4.6460916240871530e-01 
1.5855427705601305e-01 	 4.7770903736398540e-01 
1.7441967269268172e-01 	 4.9224699397398497e-01 
1.8895762930268123e-01 	 5.0811238961065364e-01 
2.0205750425795127e-01 	 5.2518447903340859e-01 
2.1361959960016152e-01 	 5.4333333333333333e-01 
2.2355592080237363e-01 	 5.6242082877062749e-01 
2.3179084646052403e-01 	 5.8230169797966835e-01 
2.3826170381797013e-01 	 6.0282463554137811e-01 
2.4291924574301130e-01 	 6.2383344950882380e-01 
2.4572802552929721e-01 	 6.4516825012224432e-01 
2.4666666666666665e-01 	 6.6666666666666663e-01 
2.4572802552929721e-01 	 6.8816508321108893e-01 
2.4291924574301133e-01 	 7.0949988382450935e-01 
2.3826170381797013e-01 	 7.3050869779195515e-01 
2.3179084646052403e-01 	 7.5103163535366491e-01 
2.2355592080237363e-01 	 7.7091250456270577e-01 
2.1361959960016152e-01 	 7.8999999999999992e-01 
2.0205750425795133e-01 	 8.0814885429992456e-01 
1.8895762930268123e-01 	 8.2522094372267962e-01 
1.7441967269268172e-01 	 8.4108633935934829e-01 
1.5855427705601305e-01 	 8.5562429596934786e-01 
1.4148218763325807e-01 	 8.6872417092461784e-01 
1.2333333333333341e-01 	 8.8028626626682804e-01 
1.0424583789603928e-01 	 8.9022258746904026e-01 
8.4364968686998415e-02 	 8.9845751312719058e-01 
6.3842031125288384e-02 	 9.0492837048463681e-01 
4.2833217157842787e-02 	 9.0958591240967790e-01 
2.1498416544422340e-02 	 9.1239469219596381e-01 
1.5103977189484022e-17 	 9.1333333333333333e-01 
-2.1498416544422309e-02 	 9.1239469219596381e-01 
-4.2833217157842753e-02 	 9.0958591240967790e-01 
-6.3842031125288357e-02 	 9.0492837048463681e-01 
-8.4364968686998165e-02 	 8.9845751312719069e-01 
-1.0424583789603906e-01 	 8.9022258746904037e-01 
-1.2333333333333338e-01 	 8.8028626626682804e-01 
-1.4148218763325804e-01 	 8.6872417092461784e-01 
-1.5855427705601302e-01 	 8.5562429596934786e-01 
-1.7441967269268169e-01 	 8.4108633935934840e-01 
-1.8895762930268120e-01 	 8.2522094372267962e-01 
-2.0205750425795124e-01 	 8.0814885429992467e-01 
-2.1361959960016147e-01 	 7.9000000000000004e-01 
-2.2355592080237358e-01 	 7.7091250456270588e-01 
-2.3179084646052400e-01 	 7.5103163535366502e-01 
-2.3826170381797016e-01 	 7.3050869779195504e-01 
-2.4291924574301130e-01 	 7.0949988382450946e-01 
-2.4572802552929721e-01 	 6.8816508321108893e-01 
-2.4833333333333332e-01 	 6.6666666666666663e-01 
-2.4738835002611681e-01 	 6.4502299055099821e-01 
-2.4456059199803165e-01 	 6.2354403587937890e-01 
-2.3987158019511859e-01 	 6.0239327046620728e-01 
-2.3335700082850055e-01 	 5.8173166440745883e-01 
-2.2506643378076807e-01 	 5.6171646500105954e-01 
-2.1506297527313561e-01 	 5.4249999999999998e-01 
-2.0342275766509957e-01 	 5.2422851830615680e-01 
-1.9023437004121282e-01 	 5.0704107692784262e-01 
-1.7559818399465929e-01 	 4.9106848267200731e-01 
-1.5962558973882393e-01 	 4.7643229662545378e-01 
-1.4243814836050980e-01 	 4.6324390900156703e-01 
-1.2416666666666672e-01 	 4.5160369139353107e-01 
-1.0495020166560699e-01 	 4.4160023288589856e-01 
-8.4935002259207720e-02 	 4.3330966583816605e-01 
-6.4273396200459285e-02 	 4.2679508647154801e-01 
-4.3122630787287689e-02 	 4.2210607466863498e-01 
-2.1643676115668462e-02 	 4.1927831664054982e-01 
1.5206031089412967e-17 	 4.1833333333333333e-01 
2.1643676115668437e-02 	 4.1927831664054982e-01 
4.3122630787287716e-02 	 4.2210607466863498e-01 
6.4273396200459312e-02 	 4.2679508647154801e-01 
8.4935002259207748e-02 	 4.3330966583816610e-01 
1.0495020166560702e-01 	 4.4160023288589856e-01 
1.2416666666666663e-01 	 4.5160369139353101e-01 
1.4243814836050975e-01 	 4.6324390900156698e-01 
1.5962558973882396e-01 	 4.7643229662545383e-01 
1.7559818399465932e-01 	 4.9106848267200731e-01 
1.9023437004121285e-01 	 5.0704107692784273e-01 
2.0342275766509960e-01 	 5.2422851830615680e-01 
2.1506297527313561e-01 	 5.4249999999999998e-01 
2.2506643378076807e-01 	 5.6171646500105965e-01 
2.3335700082850055e-01 	 5.8173166440745894e-01 
2.3987158019511859e-01 	 6.0239327046620728e-01 
2.4456059199803165e-01 	 6.2354403587937890e-01 
2.4738835002611681e-01 	 6.4502299055099821e-01 
2.4833333333333332e-01 	 6.6666666666666663e-01 
2.4738835002611681e-01 	 6.8831034278233505e-01 
2.4456059199803168e-01 	 7.0978929745395425e-01 
2.3987158019511859e-01 	 7.3094006286712598e-01 
2.3335700082850055e-01 	 7.5160166892587432e-01 
2.2506643378076807e-01 	 7.7161686833227361e-01 
2.1506297527313561e-01 	 7.9083333333333328e-01 
2.0342275766509965e-01 	 8.0910481502717635e-01 
1.9023437004121285e-01 	 8.2629225640549053e-01 
1.7559818399465932e-01 	 8.4226485066132595e-01 
1.5962558973882396e-01 	 8.5690103670787943e-01 
1.4243814836050983e-01 	 8.7008942433176628e-01 
1.2416666666666674e-01 	 8.8172964193980219e-01 
1.0495020166560712e-01 	 8.9173310044743470e-01 
8.4935002259207859e-02 	 9.0002366749516716e-01 
6.4273396200459257e-02 	 9.0653824686178530e-01 
4.3122630787287668e-02 	 9.1122725866469834e-01 
2.1643676115668437e-02 	 9.1405501669278344e-01 
1.5206031089412967e-17 	 9.1499999999999992e-01 
-2.1643676115668406e-02 	 9.1405501669278344e-01 
-4.3122630787287633e-02 	 9.1122725866469834e-01 
-6.4273396200459229e-02 	 9.0653824686178530e-01 
-8.4935002259207623e-02 	 9.0002366749516727e-01 
-1.0495020166560690e-01 	 8.9173310044743470e-01 
-1.2416666666666672e-01 	 8.8172964193980219e-01 
-1.4243814836050980e-01 	 8.7008942433176628e-01 
-1.5962558973882393e-01 	 8.5690103670787954e-01 
-1.7559818399465929e-01 	 8.4226485066132595e-01 
-1.9023437004121282e-01 	 8.2629225640549064e-01 
-2.0342275766509957e-01 	 8.0910481502717646e-01 
-2.1506297527313556e-01 	 7.9083333333333339e-01 
-2.2506643378076802e-01 	 7.7161686833227372e-01 
-2.3335700082850053e-01 	 7.5160166892587454e-01 
-2.3987158019511862e-01 	 7.3094006286712587e-01 
-2.4456059199803165e-01 	 7.0978929745395436e-01 
-2.4738835002611681e-01 	 6.8831034278233505e-01 
-2.4999999999999997e-01 	 6.6666666666666663e-01 
-2.4904867452293636e-01 	 6.4487773097975210e-01 
-2.4620193825305198e-01 	 6.2325462224993411e-01 
-2.4148145657226702e-01 	 6.0196190539103633e-01 
-2.3492315519647705e-01 	 5.8116163083524941e-01 
-2.2657694675916246e-01 	 5.6101210123149181e-01 
-2.1650635094610965e-01 	 5.4166666666666663e-01 
-2.0478801107224787e-01 	 5.2327255757890501e-01 
-1.9151111077974445e-01 	 5.0596976424503182e-01 
-1.7677669529663684e-01 	 4.8988997137002976e-01 
-1.6069690242163481e-01 	 4.7515555588692215e-01 
-1.4339410908776151e-01 	 4.6187865559441876e-01 
-1.2500000000000003e-01 	 4.5016031572055704e-01 
-1.0565456543517482e-01 	 4.4008971990750412e-01 
-8.5505035831417164e-02 	 4.3174351147018952e-01 
-6.4704761275630143e-02 	 4.2518521009439958e-01 
-4.3412044416732569e-02 	 4.2046472841361465e-01 
-2.1788935686914555e-02 	 4.1761799214373030e-01 
1.5308084989341912e-17 	 4.1666666666666663e-01 
2.1788935686914531e-02 	 4.1761799214373030e-01 
4.3412044416732597e-02 	 4.2046472841361465e-01 
6.4704761275630171e-02 	 4.2518521009439958e-01 
8.5505035831417192e-02 	 4.3174351147018958e-01 
1.0565456543517485e-01 	 4.4008971990750417e-01 
1.2499999999999996e-01 	 4.5016031572055698e-01 
1.4339410908776146e-01 	 4.6187865559441865e-01 
1.6069690242163484e-01 	 4.7515555588692215e-01 
1.7677669529663687e-01 	 4.8988997137002976e-01 
1.9151111077974448e-01 	 5.0596976424503182e-01 
2.0478801107224789e-01 	 5.2327255757890512e-01 
2.1650635094610965e-01 	 5.4166666666666674e-01 
2.2657694675916246e-01 	 5.6101210123149181e-01 
2.3492315519647705e-01 	 5.8116163083524941e-01 
2.4148145657226702e-01 	 6.0196190539103644e-01 
2.4620193825305198e-01 	 6.2325462224993400e-01 
2.4904867452293636e-01 	 6.4487773097975210e-01 
2.4999999999999997e-01 	 6.6666666666666663e-01 
2.4904867452293636e-01 	 6.8845560235358116e-01 
2.4620193825305201e-01 	 7.1007871108339915e-01 
2.4148145657226702e-01 	 7.3137142794229681e-01 
2.3492315519647705e-01 	 7.5217170249808385e-01 
2.2657694675916246e-01 	 7.7232123210184145e-01 
2.1650635094610965e-01 	 7.9166666666666652e-01 
2.0478801107224795e-01 	 8.1006077575442803e-01 
1.9151111077974448e-01 	 8.2736356908830144e-01 
1.7677669529663687e-01 	 8.4344336196330350e-01 
1.6069690242163484e-01 	 8.5817777744641111e-01 
1.4339410908776154e-01 	 8.7145467773891450e-01 
1.2500000000000006e-01 	 8.8317301761277622e-01 
1.0565456543517494e-01 	 8.9324361342582903e-01 
8.5505035831417303e-02 	 9.0158982186314363e-01 
6.4704761275630115e-02 	 9.0814812323893368e-01 
4.3412044416732548e-02 	 9.1286860491971866e-01 
2.1788935686914531e-02 	 9.1571534118960296e-01 
1.5308084989341912e-17 	 9.1666666666666663e-01 
-2.1788935686914500e-02 	 9.1571534118960296e-01 
-4.3412044416732513e-02 	 9.1286860491971866e-01 
-6.4704761275630088e-02 	 9.0814812323893368e-01 
-8.5505035831417053e-02 	 9.0158982186314374e-01 
-1.0565456543517472e-01 	 8.9324361342582914e-01 
-1.2500000000000003e-01 	 8.8317301761277622e-01 
-1.4339410908776151e-01 	 8.7145467773891450e-01 
-1.6069690242163481e-01 	 8.5817777744641111e-01 
-1.7677669529663684e-01 	 8.4344336196330350e-01 
-1.9151111077974445e-01 	 8.2736356908830144e-01 
-2.0478801107224787e-01 	 8.1006077575442825e-01 
-2.1650635094610959e-01 	 7.9166666666666674e-01 
-2.2657694675916240e-01 	 7.7232123210184156e-01 
-2.3492315519647702e-01 	 7.5217170249808396e-01 
-2.4148145657226705e-01 	 7.3137142794229670e-01 
-2.4620193825305198e-01 	 7.1007871108339915e-01 
-2.4904867452293636e-01 	 6.8845560235358116e-01 
-2.5166666666666665e-01 	 6.6666666666666663e-01 
-2.5070899901975596e-01 	 6.4473247140850598e-01 
-2.4784328450807233e-01 	 6.2296520862048921e-01 
-2.4309133294941548e-01 	 6.0153054031586550e-01 
-2.3648930956445358e-01 	 5.8059159726303999e-01 
-2.2808745973755690e-01 	 5.6030773746192397e-01 
-2.1794972661908374e-01 	 5.4083333333333328e-01 
-2.0615326447939619e-01 	 5.2231659685165333e-01 
-1.9278785151827610e-01 	 5.0489845156222091e-01 
-1.7795520659861444e-01 	 4.8871146006805216e-01 
-1.6176821510444572e-01 	 4.7387881514839048e-01 
-1.4435006981501328e-01 	 4.6051340218727044e-01 
-1.2583333333333338e-01 	 4.4871694004758295e-01 
-1.0635892920474266e-01 	 4.3857920692910968e-01 
-8.6075069403626622e-02 	 4.3017735710221305e-01 
-6.5136126350801016e-02 	 4.2357533371725109e-01 
-4.3701458046177456e-02 	 4.1882338215859427e-01 
-2.1934195258160653e-02 	 4.1595766764691067e-01 
1.5410138889270860e-17 	 4.1499999999999998e-01 
2.1934195258160628e-02 	 4.1595766764691067e-01 
4.3701458046177484e-02 	 4.1882338215859427e-01 
6.5136126350801044e-02 	 4.2357533371725109e-01 
8.6075069403626650e-02 	 4.3017735710221305e-01 
1.0635892920474269e-01 	 4.3857920692910973e-01 
1.2583333333333330e-01 	 4.4871694004758289e-01 
1.4435006981501322e-01 	 4.6051340218727033e-01 
1.6176821510444575e-01 	 4.7387881514839053e-01 
1.7795520659861447e-01 	 4.8871146006805222e-01 
1.9278785151827613e-01 	 5.0489845156222091e-01 
2.0615326447939622e-01 	 5.2231659685165333e-01 
2.1794972661908374e-01 	 5.4083333333333339e-01 
2.2808745973755690e-01 	 5.6030773746192397e-01 
2.3648930956445358e-01 	 5.8059159726303999e-01 
2.4309133294941548e-01 	 6.0153054031586550e-01 
2.4784328450807233e-01 	 6.2296520862048910e-01 
2.5070899901975596e-01 	 6.4473247140850598e-01 
2.5166666666666665e-01 	 6.6666666666666663e-01 
2.5070899901975596e-01 	 6.8860086192482728e-01 
2.4784328450807236e-01 	 7.1036812471284405e-01 
2.4309133294941548e-01 	 7.3180279301746776e-01 
2.3648930956445358e-01 	 7.5274173607029327e-01 
2.2808745973755690e-01 	 7.7302559587140929e-01 
2.1794972661908374e-01 	 7.9249999999999987e-01 
2.0615326447939628e-01 	 8.1101673648167982e-01 
1.9278785151827613e-01 	 8.2843488177111235e-01 
1.7795520659861447e-01 	 8.4462187326528104e-01 
1.6176821510444575e-01 	 8.5945451818494267e-01 
1.4435006981501330e-01 	 8.7281993114606282e-01 
1.2583333333333341e-01 	 8.8461639328575026e-01 
1.0635892920474278e-01 	 8.9475412640422347e-01 
8.6075069403626761e-02 	 9.0315597623112021e-01 
6.5136126350800988e-02 	 9.0975799961608217e-01 
4.3701458046177435e-02 	 9.1450995117473899e-01 
2.1934195258160628e-02 	 9.1737566568642259e-01 
1.5410138889270860e-17 	 9.1833333333333322e-01 
-2.1934195258160597e-02 	 9.1737566568642259e-01 
-4.3701458046177401e-02 	 9.1450995117473899e-01 
-6.5136126350800960e-02 	 9.0975799961608217e-01 
-8.6075069403626511e-02 	 9.0315597623112032e-01 
-1.0635892920474256e-01 	 8.9475412640422358e-01 
-1.2583333333333338e-01 	 8.8461639328575026e-01 
-1.4435006981501328e-01 	 8.7281993114606282e-01 
-1.6176821510444572e-01 	 8.5945451818494278e-01 
-1.7795520659861444e-01 	 8.4462187326528104e-01 
-1.9278785151827610e-01 	 8.2843488177111235e-01 
-2.0615326447939619e-01 	 8.1101673648167993e-01 
-2.1794972661908368e-01 	 7.9249999999999998e-01 
-2.2808745973755684e-01 	 7.7302559587140940e-01 
-2.3648930956445355e-01 	 7.5274173607029338e-01 
-2.4309133294941551e-01 	 7.3180279301746765e-01 
-2.4784328450807233e-01 	 7.1036812471284405e-01 
-2.5070899901975596e-01 	 6.8860086192482728e-01 
-2.5333333333333330e-01 	 6.6666666666666663e-01 
-2.5236932351657548e-01 	 6.4458721183725987e-01 
-2.4948463076309266e-01 	 6.2267579499104431e-01 
-2.4470120932656392e-01 	 6.0109917524069467e-01 
-2.3805546393243007e-01 	 5.8002156369083058e-01 
-2.2959797271595128e-01 	 5.5960337369235613e-01 
-2.1939310229205777e-01 	 5.4000000000000004e-01 
-2.0751851788654452e-01 	 5.2136063612440153e-01 
-1.9406459225680772e-01 	 5.0382713887941000e-01 
-1.7913371790059199e-01 	 4.8753294876607461e-01 
-1.6283952778725660e-01 	 4.7260207440985891e-01 
-1.4530603054226501e-01 	 4.5914814878012211e-01 
-1.2666666666666671e-01 	 4.4727356437460891e-01 
-1.0706329297431048e-01 	 4.3706869395071535e-01 
-8.6645102975836066e-02 	 4.2861120273423653e-01 
-6.5567491425971888e-02 	 4.2196545734010271e-01 
-4.3990871675622337e-02 	 4.1718203590357394e-01 
-2.2079454829406750e-02 	 4.1429734315009115e-01 
1.5512192789199805e-17 	 4.1333333333333333e-01 
2.2079454829406726e-02 	 4.1429734315009115e-01 
4.3990871675622364e-02 	 4.1718203590357394e-01 
6.5567491425971916e-02 	 4.2196545734010271e-01 
8.6645102975836094e-02 	 4.2861120273423658e-01 
1.0706329297431051e-01 	 4.3706869395071535e-01 
1.2666666666666662e-01 	 4.4727356437460886e-01 
1.4530603054226496e-01 	 4.5914814878012200e-01 
1.6283952778725663e-01 	 4.7260207440985891e-01 
1.7913371790059202e-01 	 4.8753294876607467e-01 
1.9406459225680775e-01 	 5.0382713887941000e-01 
2.0751851788654455e-01 	 5.2136063612440164e-01 
2.1939310229205777e-01 	 5.4000000000000004e-01 
2.2959797271595128e-01 	 5.5960337369235613e-01 
2.3805546393243007e-01 	 5.8002156369083058e-01 
2.4470120932656392e-01 	 6.0109917524069467e-01 
2.4948463076309266e-01 	 6.2267579499104420e-01 
2.5236932351657548e-01 	 6.4458721183725998e-01 
2.5333333333333330e-01 	 6.6666666666666663e-01 
2.5236932351657548e-01 	 6.8874612149607328e-01 
2.4948463076309269e-01 	 7.1065753834228895e-01 
2.4470120932656392e-01 	 7.3223415809263859e-01 
2.3805546393243007e-01 	 7.5331176964250268e-01 
2.2959797271595128e-01 	 7.7372995964097713e-01 
2.1939310229205777e-01 	 7.9333333333333322e-01 
2.0751851788654460e-01 	 8.1197269720893162e-01 
1.9406459225680775e-01 	 8.2950619445392326e-01 
1.7913371790059202e-01 	 8.4580038456725859e-01 
1.6283952778725663e-01 	 8.6073125892347435e-01 
1.4530603054226504e-01 	 8.7418518455321115e-01 
1.2666666666666673e-01 	 8.8605976895872440e-01 
1.0706329297431061e-01 	 8.9626463938261791e-01 
8.6645102975836205e-02 	 9.0472213059909667e-01 
6.5567491425971861e-02 	 9.1136787599323055e-01 
4.3990871675622316e-02 	 9.1615129742975931e-01 
2.2079454829406726e-02 	 9.1903599018324211e-01 
1.5512192789199805e-17 	 9.1999999999999993e-01 
-2.2079454829406694e-02 	 9.1903599018324211e-01 
-4.3990871675622281e-02 	 9.1615129742975931e-01 
-6.5567491425971833e-02 	 9.1136787599323066e-01 
-8.6645102975835955e-02 	 9.0472213059909679e-01 
-1.0706329297431039e-01 	 8.9626463938261791e-01 
-1.2666666666666671e-01 	 8.8605976895872440e-01 
-1.4530603054226501e-01 	 8.7418518455321115e-01 
-1.6283952778725660e-01 	 8.6073125892347435e-01 
-1.7913371790059199e-01 	 8.4580038456725859e-01 
-1.9406459225680772e-01 	 8.2950619445392326e-01 
-2.0751851788654452e-01 	 8.1197269720893173e-01 
-2.1939310229205772e-01 	 7.9333333333333333e-01 
-2.2959797271595123e-01 	 7.7372995964097724e-01 
-2.3805546393243004e-01 	 7.5331176964250290e-01 
-2.4470120932656395e-01 	 7.3223415809263848e-01 
-2.4948463076309266e-01 	 7.1065753834228895e-01 
-2.5236932351657548e-01 	 6.8874612149607339e-01 
-2.5500000000000000e-01 	 6.6666666666666663e-01 
-2.5402964801339512e-01 	 6.4444195226601375e-01 
-2.5112597701811307e-01 	 6.2238638136159941e-01 
-2.4631108570371241e-01 	 6.0066781016552373e-01 
-2.3962161830040662e-01 	 5.7945153011862105e-01 
-2.3110848569434575e-01 	 5.5889900992278829e-01 
-2.2083647796503186e-01 	 5.3916666666666668e-01 
-2.0888377129369284e-01 	 5.2040467539714985e-01 
-1.9534133299533937e-01 	 5.0275582619659909e-01 
-1.8031222920256962e-01 	 4.8635443746409701e-01 
-1.6391084047006754e-01 	 4.7132533367132723e-01 
-1.4626199126951678e-01 	 4.5778289537297379e-01 
-1.2750000000000006e-01 	 4.4583018870163482e-01 
-1.0776765674387834e-01 	 4.3555818097232085e-01 
-8.7215136548045524e-02 	 4.2704504836626000e-01 
-6.5998856501142761e-02 	 4.2035558096295422e-01 
-4.4280285305067231e-02 	 4.1554068964855356e-01 
-2.2224714400652851e-02 	 4.1263701865327151e-01 
1.5614246689128753e-17 	 4.1166666666666663e-01 
2.2224714400652826e-02 	 4.1263701865327151e-01 
4.4280285305067259e-02 	 4.1554068964855356e-01 
6.5998856501142789e-02 	 4.2035558096295422e-01 
8.7215136548045552e-02 	 4.2704504836626000e-01 
1.0776765674387837e-01 	 4.3555818097232091e-01 
1.2749999999999997e-01 	 4.4583018870163477e-01 
1.4626199126951672e-01 	 4.5778289537297367e-01 
1.6391084047006757e-01 	 4.7132533367132723e-01 
1.8031222920256965e-01 	 4.8635443746409701e-01 
1.9534133299533940e-01 	 5.0275582619659909e-01 
2.0888377129369287e-01 	 5.2040467539714985e-01 
2.2083647796503186e-01 	 5.3916666666666668e-01 
2.3110848569434575e-01 	 5.5889900992278829e-01 
2.3962161830040662e-01 	 5.7945153011862105e-01 
2.4631108570371241e-01 	 6.0066781016552384e-01 
2.5112597701811307e-01 	 6.2238638136159929e-01 
2.5402964801339512e-01 	 6.4444195226601386e-01 
2.5500000000000000e-01 	 6.6666666666666663e-01 
2.5402964801339512e-01 	 6.8889138106731940e-01 
2.5112597701811307e-01 	 7.1094695197173385e-01 
2.4631108570371241e-01 	 7.3266552316780942e-01 
2.3962161830040662e-01 	 7.5388180321471221e-01 
2.3110848569434575e-01 	 7.7443432341054497e-01 
2.2083647796503186e-01 	 7.9416666666666658e-01 
2.0888377129369293e-01 	 8.1292865793618330e-01 
1.9534133299533940e-01 	 8.3057750713673417e-01 
1.8031222920256965e-01 	 8.4697889586923625e-01 
1.6391084047006757e-01 	 8.6200799966200603e-01 
1.4626199126951681e-01 	 8.7555043796035947e-01 
1.2750000000000009e-01 	 8.8750314463169844e-01 
1.0776765674387846e-01 	 8.9777515236101235e-01 
8.7215136548045663e-02 	 9.0628828496707325e-01 
6.5998856501142733e-02 	 9.1297775237037904e-01 
4.4280285305067210e-02 	 9.1779264368477964e-01 
2.2224714400652826e-02 	 9.2069631468006174e-01 
1.5614246689128753e-17 	 9.2166666666666663e-01 
-2.2224714400652795e-02 	 9.2069631468006174e-01 
-4.4280285305067169e-02 	 9.1779264368477964e-01 
-6.5998856501142705e-02 	 9.1297775237037904e-01 
-8.7215136548045413e-02 	 9.0628828496707325e-01 
-1.0776765674387823e-01 	 8.9777515236101246e-01 
-1.2750000000000006e-01 	 8.8750314463169844e-01 
-1.4626199126951678e-01 	 8.7555043796035947e-01 
-1.6391084047006754e-01 	 8.6200799966200603e-01 
-1.8031222920256962e-01 	 8.4697889586923625e-01 
-1.9534133299533937e-01 	 8.3057750713673417e-01 
-2.0888377129369284e-01 	 8.1292865793618341e-01 
-2.2083647796503181e-01 	 7.9416666666666669e-01 
-2.3110848569434569e-01 	 7.7443432341054508e-01 
-2.3962161830040660e-01 	 7.5388180321471232e-01 
-2.4631108570371243e-01 	 7.3266552316780942e-01 
-2.5112597701811307e-01 	 7.1094695197173385e-01 
-2.5402964801339512e-01 	 6.8889138106731951e-01 
-2.5666666666666665e-01 	 6.6666666666666663e-01 
-2.5568997251021469e-01 	 6.4429669269476775e-01 
-2.5276732327313339e-01 	 6.2209696773215450e-01 
-2.4792096208086081e-01 	 6.0023644509035290e-01 
-2.4118777266838312e-01 	 5.7888149654641163e-01 
-2.3261899867274013e-01 	 5.5819464615322045e-01 
-2.2227985363800593e-01 	 5.3833333333333333e-01 
-2.1024902470084117e-01 	 5.1944871466989806e-01 
-1.9661807373387100e-01 	 5.0168451351378818e-01 
-1.8149074050454717e-01 	 4.8517592616211946e-01 
-1.6498215315287842e-01 	 4.7004859293279561e-01 
-1.4721795199676851e-01 	 4.5641764196582546e-01 
-1.2833333333333338e-01 	 4.4438681302866079e-01 
-1.0847202051344616e-01 	 4.3404766799392647e-01 
-8.7785170120254968e-02 	 4.2547889399828348e-01 
-6.6430221576313619e-02 	 4.1874570458580573e-01 
-4.4569698934512111e-02 	 4.1389934339353324e-01 
-2.2369973971898945e-02 	 4.1097669415645194e-01 
1.5716300589057698e-17 	 4.0999999999999998e-01 
2.2369973971898920e-02 	 4.1097669415645194e-01 
4.4569698934512139e-02 	 4.1389934339353324e-01 
6.6430221576313647e-02 	 4.1874570458580573e-01 
8.7785170120254996e-02 	 4.2547889399828354e-01 
1.0847202051344619e-01 	 4.3404766799392647e-01 
1.2833333333333330e-01 	 4.4438681302866068e-01 
1.4721795199676846e-01 	 4.5641764196582535e-01 
1.6498215315287845e-01 	 4.7004859293279566e-01 
1.8149074050454719e-01 	 4.8517592616211946e-01 
1.9661807373387102e-01 	 5.0168451351378818e-01 
2.1024902470084120e-01 	 5.1944871466989806e-01 
2.2227985363800593e-01 	 5.3833333333333333e-01 
2.3261899867274013e-01 	 5.5819464615322045e-01 
2.4118777266838312e-01 	 5.7888149654641163e-01 
2.4792096208086081e-01 	 6.0023644509035290e-01 
2.5276732327313339e-01 	 6.2209696773215439e-01 
2.5568997251021469e-01 	 6.4429669269476775e-01 
2.5666666666666665e-01 	 6.6666666666666663e-01 
2.5568997251021469e-01 	 6.8903664063856551e-01 
2.5276732327313339e-01 	 7.1123636560117864e-01 
2.4792096208086081e-01 	 7.3309688824298036e-01 
2.4118777266838312e-01 	 7.5445183678692163e-01 
2.3261899867274013e-01 	 7.7513868718011281e-01 
2.2227985363800593e-01 	 7.9499999999999993e-01 
2.1024902470084125e-01 	 8.1388461866343509e-01 
1.9661807373387102e-01 	 8.3164881981954508e-01 
1.8149074050454719e-01 	 8.4815740717121380e-01 
1.6498215315287845e-01 	 8.6328474040053760e-01 
1.4721795199676854e-01 	 8.7691569136750780e-01 
1.2833333333333341e-01 	 8.8894652030467247e-01 
1.0847202051344629e-01 	 8.9928566533940679e-01 
8.7785170120255107e-02 	 9.0785443933504972e-01 
6.6430221576313592e-02 	 9.1458762874752753e-01 
4.4569698934512091e-02 	 9.1943398993980008e-01 
2.2369973971898920e-02 	 9.2235663917688138e-01 
1.5716300589057698e-17 	 9.2333333333333334e-01 
-2.2369973971898889e-02 	 9.2235663917688138e-01 
-4.4569698934512049e-02 	 9.1943398993980008e-01 
-6.6430221576313564e-02 	 9.1458762874752753e-01 
-8.7785170120254857e-02 	 9.0785443933504983e-01 
-1.0847202051344605e-01 	 8.9928566533940679e-01 
-1.2833333333333338e-01 	 8.8894652030467247e-01 
-1.4721795199676851e-01 	 8.7691569136750780e-01 
-1.6498215315287842e-01 	 8.6328474040053771e-01 
-1.8149074050454717e-01 	 8.4815740717121380e-01 
-1.9661807373387100e-01 	 8.3164881981954508e-01 
-2.1024902470084117e-01 	 8.1388461866343520e-01 
-2.2227985363800587e-01 	 7.9500000000000004e-01 
-2.3261899867274008e-01 	 7.7513868718011292e-01 
-2.4118777266838309e-01 	 7.5445183678692174e-01 
-2.4792096208086087e-01 	 7.3309688824298025e-01 
-2.5276732327313339e-01 	 7.1123636560117875e-01 
-2.5568997251021469e-01 	 6.8903664063856551e-01 
-2.5833333333333330e-01 	 6.6666666666666663e-01 
-2.5735029700703421e-01 	 6.4415143312352163e-01 
-2.5440866952815372e-01 	 6.2180755410270960e-01 
-2.4953083845800925e-01 	 5.9980508001518207e-01 
-2.4275392703635962e-01 	 5.7831146297420222e-01 
-2.3412951165113455e-01 	 5.5749028238365261e-01 
-2.2372322931097999e-01 	 5.3749999999999998e-01 
-2.1161427810798947e-01 	 5.1849275394264627e-01 
-1.9789481447240259e-01 	 5.0061320083097727e-01 
-1.8266925180652474e-01 	 4.8399741486014186e-01 
-1.6605346583568931e-01 	 4.6877185219426398e-01 
-1.4817391272402025e-01 	 4.5505238855867713e-01 
-1.2916666666666671e-01 	 4.4294343735568675e-01 
-1.0917638428301397e-01 	 4.3253715501553203e-01 
-8.8355203692464412e-02 	 4.2391273963030696e-01 
-6.6861586651484492e-02 	 4.1713582820865736e-01 
-4.4859112563956992e-02 	 4.1225799713851291e-01 
-2.2515233543145042e-02 	 4.0931636965963242e-01 
1.5818354488986642e-17 	 4.0833333333333333e-01 
2.2515233543145018e-02 	 4.0931636965963242e-01 
4.4859112563957020e-02 	 4.1225799713851291e-01 
6.6861586651484520e-02 	 4.1713582820865736e-01 
8.8355203692464440e-02 	 4.2391273963030701e-01 
1.0917638428301402e-01 	 4.3253715501553208e-01 
1.2916666666666662e-01 	 4.4294343735568664e-01 
1.4817391272402020e-01 	 4.5505238855867708e-01 
1.6605346583568933e-01 	 4.6877185219426404e-01 
1.8266925180652477e-01 	 4.8399741486014192e-01 
1.9789481447240262e-01 	 5.0061320083097738e-01 
2.1161427810798950e-01 	 5.1849275394264638e-01 
2.2372322931097999e-01 	 5.3750000000000009e-01 
2.3412951165113455e-01 	 5.5749028238365261e-01 
2.4275392703635962e-01 	 5.7831146297420222e-01 
2.4953083845800925e-01 	 5.9980508001518207e-01 
2.5440866952815372e-01 	 6.2180755410270960e-01 
2.5735029700703421e-01 	 6.4415143312352163e-01 
2.5833333333333330e-01 	 6.6666666666666663e-01 
2.5735029700703421e-01 	 6.8918190020981163e-01 
2.5440866952815372e-01 	 7.1152577923062355e-01 
2.4953083845800925e-01 	 7.3352825331815119e-01 
2.4275392703635962e-01 	 7.5502187035913104e-01 
2.3412951165113455e-01 	 7.7584305094968065e-01 
2.2372322931097999e-01 	 7.9583333333333317e-01 
2.1161427810798955e-01 	 8.1484057939068677e-01 
1.9789481447240262e-01 	 8.3272013250235588e-01 
1.8266925180652477e-01 	 8.4933591847319134e-01 
1.6605346583568933e-01 	 8.6456148113906917e-01 
1.4817391272402028e-01 	 8.7828094477465612e-01 
1.2916666666666674e-01 	 8.9038989597764651e-01 
1.0917638428301411e-01 	 9.0079617831780112e-01 
8.8355203692464551e-02 	 9.0942059370302619e-01 
6.6861586651484464e-02 	 9.1619750512467590e-01 
4.4859112563956971e-02 	 9.2107533619482029e-01 
2.2515233543145018e-02 	 9.2401696367370079e-01 
1.5818354488986642e-17 	 9.2499999999999993e-01 
-2.2515233543144983e-02 	 9.2401696367370079e-01 
-4.4859112563956929e-02 	 9.2107533619482029e-01 
-6.6861586651484436e-02 	 9.1619750512467590e-01 
-8.8355203692464288e-02 	 9.0942059370302630e-01 
-1.0917638428301388e-01 	 9.0079617831780123e-01 
-1.2916666666666671e-01 	 8.9038989597764651e-01 
-1.4817391272402025e-01 	 8.7828094477465612e-01 
-1.6605346583568931e-01 	 8.6456148113906928e-01 
-1.8266925180652474e-01 	 8.4933591847319145e-01 
-1.9789481447240259e-01 	 8.3272013250235599e-01 
-2.1161427810798947e-01 	 8.1484057939068699e-01 
-2.2372322931097990e-01 	 7.9583333333333339e-01 
-2.3412951165113449e-01 	 7.7584305094968076e-01 
-2.4275392703635959e-01 	 7.5502187035913115e-01 
-2.4953083845800927e-01 	 7.3352825331815108e-01 
-2.5440866952815372e-01 	 7.1152577923062366e-01 
-2.5735029700703421e-01 	 6.8918190020981163e-01 
-2.6000000000000001e-01 	 6.6666666666666663e-01 
-2.5901062150385384e-01 	 6.4400617355227552e-01 
-2.5605001578317410e-01 	 6.2151814047326481e-01 
-2.5114071483515776e-01 	 5.9937371494001113e-01 
-2.4432008140433617e-01 	 5.7774142940199269e-01 
-2.3564002462952899e-01 	 5.5678591861408477e-01 
-2.2516660498395408e-01 	 5.3666666666666663e-01 
-2.1297953151513782e-01 	 5.1753679321539459e-01 
-1.9917155521093427e-01 	 4.9954188814816636e-01 
-1.8384776310850234e-01 	 4.8281890355816426e-01 
-1.6712477851850024e-01 	 4.6749511145573230e-01 
-1.4912987345127202e-01 	 4.5368713515152881e-01 
-1.3000000000000006e-01 	 4.4150006168271261e-01 
-1.0988074805258183e-01 	 4.3102664203713759e-01 
-8.8925237264673870e-02 	 4.2234658526233043e-01 
-6.7292951726655365e-02 	 4.1552595183150887e-01 
-4.5148526193401879e-02 	 4.1061665088349253e-01 
-2.2660493114391143e-02 	 4.0765604516281279e-01 
1.5920408388915593e-17 	 4.0666666666666662e-01 
2.2660493114391118e-02 	 4.0765604516281279e-01 
4.5148526193401907e-02 	 4.1061665088349253e-01 
6.7292951726655392e-02 	 4.1552595183150887e-01 
8.8925237264673898e-02 	 4.2234658526233049e-01 
1.0988074805258186e-01 	 4.3102664203713764e-01 
1.2999999999999998e-01 	 4.4150006168271255e-01 
1.4912987345127196e-01 	 4.5368713515152870e-01 
1.6712477851850027e-01 	 4.6749511145573236e-01 
1.8384776310850237e-01 	 4.8281890355816426e-01 
1.9917155521093430e-01 	 4.9954188814816636e-01 
2.1297953151513785e-01 	 5.1753679321539459e-01 
2.2516660498395408e-01 	 5.3666666666666663e-01 
2.3564002462952899e-01 	 5.5678591861408477e-01 
2.4432008140433617e-01 	 5.7774142940199269e-01 
2.5114071483515776e-01 	 5.9937371494001124e-01 
2.5605001578317410e-01 	 6.2151814047326470e-01 
2.5901062150385384e-01 	 6.4400617355227552e-01 
2.6000000000000001e-01 	 6.6666666666666663e-01 
2.5901062150385384e-01 	 6.8932715978105774e-01 
2.5605001578317410e-01 	 7.1181519286006845e-01 
2.5114071483515776e-01 	 7.3395961839332202e-01 
2.4432008140433617e-01 	 7.5559190393134057e-01 
2.3564002462952899e-01 	 7.7654741471924849e-01 
2.2516660498395408e-01 	 7.9666666666666663e-01 
2.1297953151513790e-01 	 8.1579654011793856e-01 
1.9917155521093430e-01 	 8.3379144518516690e-01 
1.8384776310850237e-01 	 8.5051442977516900e-01 
1.6712477851850027e-01 	 8.6583822187760084e-01 
1.4912987345127204e-01 	 8.7964619818180445e-01 
1.3000000000000009e-01 	 8.9183327165062065e-01 
1.0988074805258195e-01 	 9.0230669129619556e-01 
8.8925237264674009e-02 	 9.1098674807100277e-01 
6.7292951726655337e-02 	 9.1780738150182439e-01 
4.5148526193401858e-02 	 9.2271668244984073e-01 
2.2660493114391118e-02 	 9.2567728817052042e-01 
1.5920408388915593e-17 	 9.2666666666666664e-01 
-2.2660493114391084e-02 	 9.2567728817052042e-01 
-4.5148526193401824e-02 	 9.2271668244984073e-01 
-6.7292951726655309e-02 	 9.1780738150182439e-01 
-8.8925237264673759e-02 	 9.1098674807100288e-01 
-1.0988074805258173e-01 	 9.0230669129619567e-01 
-1.3000000000000006e-01 	 8.9183327165062065e-01 
-1.4912987345127202e-01 	 8.7964619818180445e-01 
-1.6712477851850024e-01 	 8.6583822187760096e-01 
-1.8384776310850234e-01 	 8.5051442977516900e-01 
-1.9917155521093427e-01 	 8.3379144518516690e-01 
-2.1297953151513782e-01 	 8.1579654011793867e-01 
-2.2516660498395402e-01 	 7.9666666666666675e-01 
-2.3564002462952893e-01 	 7.7654741471924860e-01 
-2.4432008140433614e-01 	 7.5559190393134068e-01 
-2.5114071483515776e-01 	 7.3395961839332202e-01 
-2.5605001578317410e-01 	 7.1181519286006845e-01 
-2.5901062150385384e-01 	 6.8932715978105774e-01 
-2.6166666666666666e-01 	 6.6666666666666663e-01 
-2.6067094600067342e-01 	 6.4386091398102940e-01 
-2.5769136203819443e-01 	 6.2122872684381991e-01 
-2.5275059121230620e-01 	 5.9894234986484030e-01 
-2.4588623577231267e-01 	 5.7717139582978327e-01 
-2.3715053760792340e-01 	 5.5608155484451693e-01 
-2.2660998065692811e-01 	 5.3583333333333338e-01 
-2.1434478492228612e-01 	 5.1658083248814279e-01 
-2.0044829594946587e-01 	 4.9847057546535545e-01 
-1.8502627441047992e-01 	 4.8164039225618671e-01 
-1.6819609120131113e-01 	 4.6621837071720074e-01 
-1.5008583417852375e-01 	 4.5232188174438048e-01 
-1.3083333333333338e-01 	 4.4005668600973857e-01 
-1.1058511182214965e-01 	 4.2951612905874320e-01 
-8.9495270836883314e-02 	 4.2078043089435391e-01 
-6.7724316801826223e-02 	 4.1391607545436043e-01 
-4.5437939822846760e-02 	 4.0897530462847220e-01 
-2.2805752685637237e-02 	 4.0599572066599321e-01 
1.6022462288844538e-17 	 4.0499999999999997e-01 
2.2805752685637212e-02 	 4.0599572066599321e-01 
4.5437939822846787e-02 	 4.0897530462847220e-01 
6.7724316801826265e-02 	 4.1391607545436043e-01 
8.9495270836883342e-02 	 4.2078043089435396e-01 
1.1058511182214968e-01 	 4.2951612905874326e-01 
1.3083333333333330e-01 	 4.4005668600973852e-01 
1.5008583417852367e-01 	 4.5232188174438043e-01 
1.6819609120131115e-01 	 4.6621837071720074e-01 
1.8502627441047995e-01 	 4.8164039225618671e-01 
2.0044829594946592e-01 	 4.9847057546535550e-01 
2.1434478492228615e-01 	 5.1658083248814290e-01 
2.2660998065692811e-01 	 5.3583333333333338e-01 
2.3715053760792340e-01 	 5.5608155484451693e-01 
2.4588623577231267e-01 	 5.7717139582978327e-01 
2.5275059121230620e-01 	 5.9894234986484030e-01 
2.5769136203819443e-01 	 6.2122872684381980e-01 
2.6067094600067342e-01 	 6.4386091398102940e-01 
2.6166666666666666e-01 	 6.6666666666666663e-01 
2.6067094600067342e-01 	 6.8947241935230386e-01 
2.5769136203819443e-01 	 7.1210460648951335e-01 
2.5275059121230620e-01 	 7.3439098346849296e-01 
2.4588623577231267e-01 	 7.5616193750354999e-01 
2.3715053760792340e-01 	 7.7725177848881633e-01 
2.2660998065692811e-01 	 7.9749999999999988e-01 
2.1434478492228620e-01 	 8.1675250084519024e-01 
2.0044829594946592e-01 	 8.3486275786797770e-01 
1.8502627441047995e-01 	 8.5169294107714655e-01 
1.6819609120131115e-01 	 8.6711496261613252e-01 
1.5008583417852378e-01 	 8.8101145158895278e-01 
1.3083333333333341e-01 	 8.9327664732359469e-01 
1.1058511182214978e-01 	 9.0381720427459000e-01 
8.9495270836883453e-02 	 9.1255290243897924e-01 
6.7724316801826195e-02 	 9.1941725787897277e-01 
4.5437939822846739e-02 	 9.2435802870486106e-01 
2.2805752685637212e-02 	 9.2733761266734005e-01 
1.6022462288844538e-17 	 9.2833333333333323e-01 
-2.2805752685637181e-02 	 9.2733761266734005e-01 
-4.5437939822846704e-02 	 9.2435802870486106e-01 
-6.7724316801826168e-02 	 9.1941725787897288e-01 
-8.9495270836883190e-02 	 9.1255290243897935e-01 
-1.1058511182214956e-01 	 9.0381720427459011e-01 
-1.3083333333333338e-01 	 8.9327664732359469e-01 
-1.5008583417852375e-01 	 8.8101145158895278e-01 
-1.6819609120131113e-01 	 8.6711496261613252e-01 
-1.8502627441047992e-01 	 8.5169294107714655e-01 
-2.0044829594946587e-01 	 8.3486275786797781e-01 
-2.1434478492228612e-01 	 8.1675250084519047e-01 
-2.2660998065692806e-01 	 7.9750000000000010e-01 
-2.3715053760792335e-01 	 7.7725177848881644e-01 
-2.4588623577231264e-01 	 7.5616193750355010e-01 
-2.5275059121230620e-01 	 7.3439098346849285e-01 
-2.5769136203819443e-01 	 7.1210460648951335e-01 
-2.6067094600067342e-01 	 6.8947241935230386e-01 
-2.6333333333333331e-01 	 6.6666666666666663e-01 
-2.6233127049749294e-01 	 6.4371565440978329e-01 
-2.5933270829321475e-01 	 6.2093931321437501e-01 
-2.5436046758945458e-01 	 5.9851098478966946e-01 
-2.4745239014028916e-01 	 5.7660136225757386e-01 
-2.3866105058631779e-01 	 5.5537719107494909e-01 
-2.2805335632990217e-01 	 5.3500000000000003e-01 
-2.1571003832943442e-01 	 5.1562487176089111e-01 
-2.0172503668799749e-01 	 4.9739926278254459e-01 
-1.8620478571245749e-01 	 4.8046188095420911e-01 
-1.6926740388412201e-01 	 4.6494162997866911e-01 
-1.5104179490577546e-01 	 4.5095662833723216e-01 
-1.3166666666666671e-01 	 4.3861331033676454e-01 
-1.1128947559171748e-01 	 4.2800561608034882e-01 
-9.0065304409092758e-02 	 4.1921427652637744e-01 
-6.8155681876997096e-02 	 4.1230619907721200e-01 
-4.5727353452291640e-02 	 4.0733395837345188e-01 
-2.2951012256883334e-02 	 4.0433539616917369e-01 
1.6124516188773483e-17 	 4.0333333333333332e-01 
2.2951012256883306e-02 	 4.0433539616917369e-01 
4.5727353452291675e-02 	 4.0733395837345188e-01 
6.8155681876997123e-02 	 4.1230619907721200e-01 
9.0065304409092786e-02 	 4.1921427652637744e-01 
1.1128947559171751e-01 	 4.2800561608034882e-01 
1.3166666666666663e-01 	 4.3861331033676443e-01 
1.5104179490577541e-01 	 4.5095662833723210e-01 
1.6926740388412204e-01 	 4.6494162997866917e-01 
1.8620478571245752e-01 	 4.8046188095420916e-01 
2.0172503668799752e-01 	 4.9739926278254465e-01 
2.1571003832943444e-01 	 5.1562487176089111e-01 
2.2805335632990217e-01 	 5.3500000000000003e-01 
2.3866105058631779e-01 	 5.5537719107494909e-01 
2.4745239014028916e-01 	 5.7660136225757386e-01 
2.5436046758945458e-01 	 5.9851098478966946e-01 
2.5933270829321475e-01 	 6.2093931321437490e-01 
2.6233127049749294e-01 	 6.4371565440978329e-01 
2.6333333333333331e-01 	 6.6666666666666663e-01 
2.6233127049749294e-01 	 6.8961767892354997e-01 
2.5933270829321481e-01 	 7.1239402011895825e-01 
2.5436046758945458e-01 	 7.3482234854366379e-01 
2.4745239014028916e-01 	 7.5673197107575940e-01 
2.3866105058631779e-01 	 7.7795614225838416e-01 
2.2805335632990217e-01 	 7.9833333333333323e-01 
2.1571003832943453e-01 	 8.1770846157244204e-01 
2.0172503668799752e-01 	 8.3593407055078861e-01 
1.8620478571245752e-01 	 8.5287145237912410e-01 
1.6926740388412204e-01 	 8.6839170335466409e-01 
1.5104179490577552e-01 	 8.8237670499610110e-01 
1.3166666666666674e-01 	 8.9472002299656872e-01 
1.1128947559171762e-01 	 9.0532771725298433e-01 
9.0065304409092897e-02 	 9.1411905680695571e-01 
6.8155681876997068e-02 	 9.2102713425612126e-01 
4.5727353452291619e-02 	 9.2599937495988138e-01 
2.2951012256883306e-02 	 9.2899793716415957e-01 
1.6124516188773483e-17 	 9.2999999999999994e-01 
-2.2951012256883275e-02 	 9.2899793716415957e-01 
-4.5727353452291584e-02 	 9.2599937495988138e-01 
-6.8155681876997040e-02 	 9.2102713425612137e-01 
-9.0065304409092634e-02 	 9.1411905680695582e-01 
-1.1128947559171738e-01 	 9.0532771725298444e-01 
-1.3166666666666671e-01 	 8.9472002299656872e-01 
-1.5104179490577546e-01 	 8.8237670499610110e-01 
-1.6926740388412201e-01 	 8.6839170335466420e-01 
-1.8620478571245749e-01 	 8.5287145237912410e-01 
-2.0172503668799749e-01 	 8.3593407055078872e-01 
-2.1571003832943442e-01 	 8.1770846157244215e-01 
-2.2805335632990212e-01 	 7.9833333333333334e-01 
-2.3866105058631773e-01 	 7.7795614225838428e-01 
-2.4745239014028914e-01 	 7.5673197107575951e-01 
-2.5436046758945463e-01 	 7.3482234854366368e-01 
-2.5933270829321475e-01 	 7.1239402011895825e-01 
-2.6233127049749294e-01 	 6.8961767892354997e-01 
-2.6499999999999996e-01 	 6.6666666666666663e-01 
-2.6399159499431252e-01 	 6.4357039483853717e-01 
-2.6097405454823508e-01 	 6.2064989958493011e-01 
-2.5597034396660301e-01 	 5.9807961971449852e-01 
-2.4901854450826566e-01 	 5.7603132868536444e-01 
-2.4017156356471220e-01 	 5.5467282730538126e-01 
-2.2949673200287621e-01 	 5.3416666666666668e-01 
-2.1707529173658274e-01 	 5.1466891103363932e-01 
-2.0300177742652911e-01 	 4.9632795009973368e-01 
-1.8738329701443504e-01 	 4.7928336965223156e-01 
-1.7033871656693289e-01 	 4.6366488924013749e-01 
-1.5199775563302720e-01 	 4.4959137493008383e-01 
-1.3250000000000003e-01 	 4.3716993466379050e-01 
-1.1199383936128531e-01 	 4.2649510310195438e-01 
-9.0635337981302189e-02 	 4.1764812215840097e-01 
-6.8587046952167954e-02 	 4.1069632270006357e-01 
-4.6016767081736520e-02 	 4.0569261211843155e-01 
-2.3096271828129428e-02 	 4.0267507167235411e-01 
1.6226570088702428e-17 	 4.0166666666666667e-01 
2.3096271828129403e-02 	 4.0267507167235411e-01 
4.6016767081736555e-02 	 4.0569261211843155e-01 
6.8587046952167982e-02 	 4.1069632270006357e-01 
9.0635337981302230e-02 	 4.1764812215840097e-01 
1.1199383936128533e-01 	 4.2649510310195443e-01 
1.3249999999999995e-01 	 4.3716993466379039e-01 
1.5199775563302714e-01 	 4.4959137493008383e-01 
1.7033871656693295e-01 	 4.6366488924013749e-01 
1.8738329701443507e-01 	 4.7928336965223162e-01 
2.0300177742652914e-01 	 4.9632795009973374e-01 
2.1707529173658277e-01 	 5.1466891103363943e-01 
2.2949673200287621e-01 	 5.3416666666666668e-01 
2.4017156356471220e-01 	 5.5467282730538137e-01 
2.4901854450826566e-01 	 5.7603132868536444e-01 
2.5597034396660301e-01 	 5.9807961971449863e-01 
2.6097405454823508e-01 	 6.2064989958493000e-01 
2.6399159499431252e-01 	 6.4357039483853729e-01 
2.6499999999999996e-01 	 6.6666666666666663e-01 
2.6399159499431252e-01 	 6.8976293849479597e-01 
2.6097405454823513e-01 	 7.1268343374840315e-01 
2.5597034396660301e-01 	 7.3525371361883463e-01 
2.4901854450826566e-01 	 7.5730200464796882e-01 
2.4017156356471220e-01 	 7.7866050602795189e-01 
2.2949673200287621e-01 	 7.9916666666666658e-01 
2.1707529173658283e-01 	 8.1866442229969372e-01 
2.0300177742652914e-01 	 8.3700538323359952e-01 
1.8738329701443507e-01 	 8.5404996368110164e-01 
1.7033871656693295e-01 	 8.6966844409319577e-01 
1.5199775563302723e-01 	 8.8374195840324943e-01 
1.3250000000000006e-01 	 8.9616339866954275e-01 
1.1199383936128544e-01 	 9.0683823023137877e-01 
9.0635337981302341e-02 	 9.1568521117493229e-01 
6.8587046952167927e-02 	 9.2263701063326975e-01 
4.6016767081736500e-02 	 9.2764072121490182e-01 
2.3096271828129403e-02 	 9.3065826166097909e-01 
1.6226570088702428e-17 	 9.3166666666666664e-01 
-2.3096271828129369e-02 	 9.3065826166097909e-01 
-4.6016767081736465e-02 	 9.2764072121490182e-01 
-6.8587046952167899e-02 	 9.2263701063326975e-01 
-9.0635337981302078e-02 	 9.1568521117493229e-01 
-1.1199383936128521e-01 	 9.0683823023137888e-01 
-1.3250000000000003e-01 	 8.9616339866954275e-01 
-1.5199775563302720e-01 	 8.8374195840324943e-01 
-1.7033871656693289e-01 	 8.6966844409319577e-01 
-1.8738329701443504e-01 	 8.5404996368110164e-01 
-2.0300177742652911e-01 	 8.3700538323359952e-01 
-2.1707529173658274e-01 	 8.1866442229969394e-01 
-2.2949673200287615e-01 	 7.9916666666666669e-01 
-2.4017156356471214e-01 	 7.7866050602795212e-01 
-2.4901854450826563e-01 	 7.5730200464796904e-01 
-2.5597034396660306e-01 	 7.3525371361883463e-01 
-2.6097405454823508e-01 	 7.1268343374840315e-01 
-2.6399159499431252e-01 	 6.8976293849479609e-01 
-2.6666666666666666e-01 	 6.6666666666666663e-01 
-2.6565191949113215e-01 	 6.4342513526729106e-01 
-2.6261540080325546e-01 	 6.2036048595548521e-01 
-2.5758022034375150e-01 	 5.9764825463932769e-01 
-2.5058469887624224e-01 	 5.7546129511315491e-01 
-2.4168207654310664e-01 	 5.5396846353581342e-01 
-2.3094010767585033e-01 	 5.3333333333333333e-01 
-2.1844054514373110e-01 	 5.1371295030638753e-01 
-2.0427851816506076e-01 	 4.9525663741692277e-01 
-1.8856180831641264e-01 	 4.7810485835025396e-01 
-1.7141002924974383e-01 	 4.6238814850160581e-01 
-1.5295371636027896e-01 	 4.4822612152293551e-01 
-1.3333333333333339e-01 	 4.3572655899081636e-01 
-1.1269820313085316e-01 	 4.2498459012355994e-01 
-9.1205371553511660e-02 	 4.1608196779042439e-01 
-6.9018412027338827e-02 	 4.0908644632291508e-01 
-4.6306180711181415e-02 	 4.0405126586341117e-01 
-2.3241531399375528e-02 	 4.0101474717553448e-01 
1.6328623988631376e-17 	 3.9999999999999997e-01 
2.3241531399375504e-02 	 4.0101474717553448e-01 
4.6306180711181442e-02 	 4.0405126586341117e-01 
6.9018412027338868e-02 	 4.0908644632291508e-01 
9.1205371553511688e-02 	 4.1608196779042439e-01 
1.1269820313085319e-01 	 4.2498459012355999e-01 
1.3333333333333330e-01 	 4.3572655899081630e-01 
1.5295371636027891e-01 	 4.4822612152293545e-01 
1.7141002924974386e-01 	 4.6238814850160587e-01 
1.8856180831641267e-01 	 4.7810485835025396e-01 
2.0427851816506079e-01 	 4.9525663741692283e-01 
2.1844054514373112e-01 	 5.1371295030638764e-01 
2.3094010767585033e-01 	 5.3333333333333333e-01 
2.4168207654310664e-01 	 5.5396846353581342e-01 
2.5058469887624224e-01 	 5.7546129511315491e-01 
2.5758022034375150e-01 	 5.9764825463932769e-01 
2.6261540080325546e-01 	 6.2036048595548510e-01 
2.6565191949113215e-01 	 6.4342513526729117e-01 
2.6666666666666666e-01 	 6.6666666666666663e-01 
2.6565191949113215e-01 	 6.8990819806604209e-01 
2.6261540080325552e-01 	 7.1297284737784805e-01 
2.5758022034375150e-01 	 7.3568507869400557e-01 
2.5058469887624224e-01 	 7.5787203822017835e-01 
2.4168207654310664e-01 	 7.7936486979751984e-01 
2.3094010767585033e-01 	 7.9999999999999993e-01 
2.1844054514373118e-01 	 8.1962038302694551e-01 
2.0427851816506079e-01 	 8.3807669591641043e-01 
1.8856180831641267e-01 	 8.5522847498307930e-01 
1.7141002924974386e-01 	 8.7094518483172734e-01 
1.5295371636027899e-01 	 8.8510721181039775e-01 
1.3333333333333341e-01 	 8.9760677434251690e-01 
1.1269820313085328e-01 	 9.0834874320977321e-01 
9.1205371553511799e-02 	 9.1725136554290887e-01 
6.9018412027338799e-02 	 9.2424688701041813e-01 
4.6306180711181394e-02 	 9.2928206746992215e-01 
2.3241531399375504e-02 	 9.3231858615779872e-01 
1.6328623988631376e-17 	 9.3333333333333335e-01 
-2.3241531399375469e-02 	 9.3231858615779872e-01 
-4.6306180711181352e-02 	 9.2928206746992215e-01 
-6.9018412027338771e-02 	 9.2424688701041813e-01 
-9.1205371553511536e-02 	 9.1725136554290887e-01 
-1.1269820313085305e-01 	 9.0834874320977332e-01 
-1.3333333333333339e-01 	 8.9760677434251690e-01 
-1.5295371636027896e-01 	 8.8510721181039775e-01 
-1.7141002924974383e-01 	 8.7094518483172745e-01 
-1.8856180831641264e-01 	 8.5522847498307930e-01 
-2.0427851816506076e-01 	 8.3807669591641054e-01 
-2.1844054514373110e-01 	 8.1962038302694573e-01 
-2.3094010767585027e-01 	 8.0000000000000004e-01 
-2.4168207654310658e-01 	 7.7936486979751995e-01 
-2.5058469887624218e-01 	 7.5787203822017846e-01 
-2.5758022034375155e-01 	 7.3568507869400546e-01 
-2.6261540080325546e-01 	 7.1297284737784805e-01 
-2.6565191949113215e-01 	 6.8990819806604220e-01 
-2.6833333333333331e-01 	 6.6666666666666663e-01 
-2.6731224398795173e-01 	 6.4327987569604506e-01 
-2.6425674705827579e-01 	 6.2007107232604031e-01 
-2.5919009672089993e-01 	 5.9721688956415686e-01 
-2.5215085324421871e-01 	 5.7489126154094550e-01 
-2.4319258952150105e-01 	 5.5326409976624558e-01 
-2.3238348334882436e-01 	 5.3249999999999997e-01 
-2.1980579855087939e-01 	 5.1275698957913585e-01 
-2.0555525890359239e-01 	 4.9418532473411192e-01 
-1.8974031961839022e-01 	 4.7692634704827641e-01 
-1.7248134193255471e-01 	 4.6111140776307424e-01 
-1.5390967708753070e-01 	 4.4686086811578718e-01 
-1.3416666666666671e-01 	 4.3428318331784233e-01 
-1.1340256690042098e-01 	 4.2347407714516555e-01 
-9.1775405125721091e-02 	 4.1451581342244787e-01 
-6.9449777102509699e-02 	 4.0747656994576664e-01 
-4.6595594340626295e-02 	 4.0240991960839084e-01 
-2.3386790970621626e-02 	 3.9935442267871490e-01 
1.6430677888560321e-17 	 3.9833333333333332e-01 
2.3386790970621598e-02 	 3.9935442267871490e-01 
4.6595594340626323e-02 	 4.0240991960839084e-01 
6.9449777102509727e-02 	 4.0747656994576664e-01 
9.1775405125721132e-02 	 4.1451581342244792e-01 
1.1340256690042101e-01 	 4.2347407714516561e-01 
1.3416666666666663e-01 	 4.3428318331784227e-01 
1.5390967708753064e-01 	 4.4686086811578718e-01 
1.7248134193255474e-01 	 4.6111140776307424e-01 
1.8974031961839025e-01 	 4.7692634704827641e-01 
2.0555525890359241e-01 	 4.9418532473411192e-01 
2.1980579855087942e-01 	 5.1275698957913596e-01 
2.3238348334882436e-01 	 5.3249999999999997e-01 
2.4319258952150105e-01 	 5.5326409976624569e-01 
2.5215085324421871e-01 	 5.7489126154094550e-01 
2.5919009672089993e-01 	 5.9721688956415686e-01 
2.6425674705827579e-01 	 6.2007107232604031e-01 
2.6731224398795173e-01 	 6.4327987569604506e-01 
2.6833333333333331e-01 	 6.6666666666666663e-01 
2.6731224398795173e-01 	 6.9005345763728820e-01 
2.6425674705827584e-01 	 7.1326226100729284e-01 
2.5919009672089993e-01 	 7.3611644376917640e-01 
2.5215085324421871e-01 	 7.5844207179238776e-01 
2.4319258952150105e-01 	 7.8006923356708757e-01 
2.3238348334882436e-01 	 8.0083333333333329e-01 
2.1980579855087948e-01 	 8.2057634375419730e-01 
2.0555525890359241e-01 	 8.3914800859922134e-01 
1.8974031961839025e-01 	 8.5640698628505685e-01 
1.7248134193255474e-01 	 8.7222192557025902e-01 
1.5390967708753073e-01 	 8.8647246521754608e-01 
1.3416666666666674e-01 	 8.9905015001549093e-01 
1.1340256690042111e-01 	 9.0985925618816765e-01 
9.1775405125721243e-02 	 9.1881751991088534e-01 
6.9449777102509672e-02 	 9.2585676338756662e-01 
4.6595594340626274e-02 	 9.3092341372494247e-01 
2.3386790970621598e-02 	 9.3397891065461836e-01 
1.6430677888560321e-17 	 9.3499999999999994e-01 
-2.3386790970621563e-02 	 9.3397891065461836e-01 
-4.6595594340626233e-02 	 9.3092341372494247e-01 
-6.9449777102509644e-02 	 9.2585676338756662e-01 
-9.1775405125720980e-02 	 9.1881751991088545e-01 
-1.1340256690042087e-01 	 9.0985925618816776e-01 
-1.3416666666666671e-01 	 8.9905015001549093e-01 
-1.5390967708753070e-01 	 8.8647246521754608e-01 
-1.7248134193255471e-01 	 8.7222192557025902e-01 
-1.8974031961839022e-01 	 8.5640698628505685e-01 
-2.0555525890359239e-01 	 8.3914800859922134e-01 
-2.1980579855087939e-01 	 8.2057634375419741e-01 
-2.3238348334882430e-01 	 8.0083333333333340e-01 
-2.4319258952150100e-01 	 7.8006923356708779e-01 
-2.5215085324421871e-01 	 7.5844207179238787e-01 
-2.5919009672089999e-01 	 7.3611644376917629e-01 
-2.6425674705827579e-01 	 7.1326226100729295e-01 
-2.6731224398795173e-01 	 6.9005345763728820e-01 
-2.6999999999999996e-01 	 6.6666666666666663e-01 
-2.6897256848477125e-01 	 6.4313461612479894e-01 
-2.6589809331329611e-01 	 6.1978165869659541e-01 
-2.6079997309804837e-01 	 5.9678552448898592e-01 
-2.5371700761219523e-01 	 5.7432122796873608e-01 
-2.4470310249989544e-01 	 5.5255973599667774e-01 
-2.3382685902179842e-01 	 5.3166666666666673e-01 
-2.2117105195802769e-01 	 5.1180102885188417e-01 
-2.0683199964212401e-01 	 4.9311401205130101e-01 
-1.9091883092036779e-01 	 4.7574783574629881e-01 
-1.7355265461536559e-01 	 4.5983466702454256e-01 
-1.5486563781478244e-01 	 4.4549561470863891e-01 
-1.3500000000000004e-01 	 4.3283980764486829e-01 
-1.1410693066998881e-01 	 4.2196356416677117e-01 
-9.2345438697930535e-02 	 4.1294965905447140e-01 
-6.9881142177680558e-02 	 4.0586669356861821e-01 
-4.6885007970071176e-02 	 4.0076857335337052e-01 
-2.3532050541867720e-02 	 3.9769409818189538e-01 
1.6532731788489266e-17 	 3.9666666666666667e-01 
2.3532050541867695e-02 	 3.9769409818189538e-01 
4.6885007970071203e-02 	 4.0076857335337052e-01 
6.9881142177680586e-02 	 4.0586669356861821e-01 
9.2345438697930576e-02 	 4.1294965905447140e-01 
1.1410693066998884e-01 	 4.2196356416677117e-01 
1.3499999999999995e-01 	 4.3283980764486818e-01 
1.5486563781478238e-01 	 4.4549561470863885e-01 
1.7355265461536562e-01 	 4.5983466702454262e-01 
1.9091883092036782e-01 	 4.7574783574629886e-01 
2.0683199964212404e-01 	 4.9311401205130101e-01 
2.2117105195802772e-01 	 5.1180102885188417e-01 
2.3382685902179842e-01 	 5.3166666666666673e-01 
2.4470310249989544e-01 	 5.5255973599667785e-01 
2.5371700761219523e-01 	 5.7432122796873608e-01 
2.6079997309804837e-01 	 5.9678552448898603e-01 
2.6589809331329611e-01 	 6.1978165869659541e-01 
2.6897256848477125e-01 	 6.4313461612479894e-01 
2.6999999999999996e-01 	 6.6666666666666663e-01 
2.6897256848477125e-01 	 6.9019871720853432e-01 
2.6589809331329617e-01 	 7.1355167463673774e-01 
2.6079997309804837e-01 	 7.3654780884434723e-01 
2.5371700761219523e-01 	 7.5901210536459718e-01 
2.4470310249989544e-01 	 7.8077359733665541e-01 
2.3382685902179842e-01 	 8.0166666666666653e-01 
2.2117105195802778e-01 	 8.2153230448144898e-01 
2.0683199964212404e-01 	 8.4021932128203225e-01 
1.9091883092036782e-01 	 8.5758549758703440e-01 
1.7355265461536562e-01 	 8.7349866630879069e-01 
1.5486563781478246e-01 	 8.8783771862469441e-01 
1.3500000000000006e-01 	 9.0049352568846497e-01 
1.1410693066998893e-01 	 9.1136976916656209e-01 
9.2345438697930687e-02 	 9.2038367427886181e-01 
6.9881142177680530e-02 	 9.2746663976471511e-01 
4.6885007970071155e-02 	 9.3256475997996280e-01 
2.3532050541867695e-02 	 9.3563923515143788e-01 
1.6532731788489266e-17 	 9.3666666666666654e-01 
-2.3532050541867661e-02 	 9.3563923515143788e-01 
-4.6885007970071113e-02 	 9.3256475997996280e-01 
-6.9881142177680503e-02 	 9.2746663976471511e-01 
-9.2345438697930424e-02 	 9.2038367427886192e-01 
-1.1410693066998870e-01 	 9.1136976916656209e-01 
-1.3500000000000004e-01 	 9.0049352568846497e-01 
-1.5486563781478244e-01 	 8.8783771862469441e-01 
-1.7355265461536559e-01 	 8.7349866630879069e-01 
-1.9091883092036779e-01 	 8.5758549758703451e-01 
-2.0683199964212401e-01 	 8.4021932128203225e-01 
-2.2117105195802769e-01 	 8.2153230448144909e-01 
-2.3382685902179837e-01 	 8.0166666666666675e-01 
-2.4470310249989538e-01 	 7.8077359733665563e-01 
-2.5371700761219518e-01 	 7.5901210536459729e-01 
-2.6079997309804842e-01 	 7.3654780884434712e-01 
-2.6589809331329611e-01 	 7.1355167463673785e-01 
-2.6897256848477125e-01 	 6.9019871720853432e-01 
-2.7166666666666667e-01 	 6.6666666666666663e-01 
-2.7063289298159088e-01 	 6.4298935655355283e-01 
-2.6753943956831649e-01 	 6.1949224506715062e-01 
-2.6240984947519685e-01 	 5.9635415941381509e-01 
-2.5528316198017176e-01 	 5.7375119439652655e-01 
-2.4621361547828990e-01 	 5.5185537222710990e-01 
-2.3527023469477251e-01 	 5.3083333333333327e-01 
-2.2253630536517605e-01 	 5.1084506812463237e-01 
-2.0810874038065566e-01 	 4.9204269936849010e-01 
-1.9209734222234540e-01 	 4.7456932444432121e-01 
-1.7462396729817653e-01 	 4.5855792628601094e-01 
-1.5582159854203420e-01 	 4.4413036130149053e-01 
-1.3583333333333339e-01 	 4.3139643197189415e-01 
-1.1481129443955665e-01 	 4.2045305118837673e-01 
-9.2915472270140007e-02 	 4.1138350468649482e-01 
-7.0312507252851444e-02 	 4.0425681719146972e-01 
-4.7174421599516063e-02 	 3.9912722709835013e-01 
-2.3677310113113820e-02 	 3.9603377368507575e-01 
1.6634785688418214e-17 	 3.9499999999999996e-01 
2.3677310113113793e-02 	 3.9603377368507575e-01 
4.7174421599516098e-02 	 3.9912722709835013e-01 
7.0312507252851472e-02 	 4.0425681719146972e-01 
9.2915472270140034e-02 	 4.1138350468649487e-01 
1.1481129443955668e-01 	 4.2045305118837673e-01 
1.3583333333333331e-01 	 4.3139643197189415e-01 
1.5582159854203415e-01 	 4.4413036130149053e-01 
1.7462396729817656e-01 	 4.5855792628601100e-01 
1.9209734222234542e-01 	 4.7456932444432121e-01 
2.0810874038065569e-01 	 4.9204269936849010e-01 
2.2253630536517607e-01 	 5.1084506812463237e-01 
2.3527023469477251e-01 	 5.3083333333333338e-01 
2.4621361547828990e-01 	 5.5185537222711001e-01 
2.5528316198017176e-01 	 5.7375119439652655e-01 
2.6240984947519685e-01 	 5.9635415941381509e-01 
2.6753943956831649e-01 	 6.1949224506715050e-01 
2.7063289298159088e-01 	 6.4298935655355283e-01 
2.7166666666666667e-01 	 6.6666666666666663e-01 
2.7063289298159088e-01 	 6.9034397677978043e-01 
2.6753943956831655e-01 	 7.1384108826618264e-01 
2.6240984947519685e-01 	 7.3697917391951817e-01 
2.5528316198017176e-01 	 7.5958213893680671e-01 
2.4621361547828990e-01 	 7.8147796110622325e-01 
2.3527023469477251e-01 	 8.0249999999999988e-01 
2.2253630536517613e-01 	 8.2248826520870078e-01 
2.0810874038065569e-01 	 8.4129063396484316e-01 
1.9209734222234542e-01 	 8.5876400888901205e-01 
1.7462396729817656e-01 	 8.7477540704732226e-01 
1.5582159854203423e-01 	 8.8920297203184273e-01 
1.3583333333333342e-01 	 9.0193690136143911e-01 
1.1481129443955679e-01 	 9.1288028214495653e-01 
9.2915472270140145e-02 	 9.2194982864683839e-01 
7.0312507252851403e-02 	 9.2907651614186348e-01 
4.7174421599516042e-02 	 9.3420610623498312e-01 
2.3677310113113793e-02 	 9.3729955964825751e-01 
1.6634785688418214e-17 	 9.3833333333333324e-01 
-2.3677310113113761e-02 	 9.3729955964825751e-01 
-4.7174421599516007e-02 	 9.3420610623498312e-01 
-7.0312507252851375e-02 	 9.2907651614186348e-01 
-9.2915472270139882e-02 	 9.2194982864683839e-01 
-1.1481129443955655e-01 	 9.1288028214495665e-01 
-1.3583333333333339e-01 	 9.0193690136143911e-01 
-1.5582159854203420e-01 	 8.8920297203184273e-01 
-1.7462396729817653e-01 	 8.7477540704732237e-01 
-1.9209734222234540e-01 	 8.5876400888901205e-01 
-2.0810874038065566e-01 	 8.4129063396484316e-01 
-2.2253630536517605e-01 	 8.2248826520870089e-01 
-2.3527023469477246e-01 	 8.0249999999999999e-01 
-2.4621361547828985e-01 	 7.8147796110622347e-01 
-2.5528316198017170e-01 	 7.5958213893680682e-01 
-2.6240984947519691e-01 	 7.3697917391951806e-01 
-2.6753943956831649e-01 	 7.1384108826618264e-01 
-2.7063289298159088e-01 	 6.9034397677978043e-01 
-2.7333333333333332e-01 	 6.6666666666666663e-01 
-2.7229321747841045e-01 	 6.4284409698230671e-01 
-2.6918078582333682e-01 	 6.1920283143770571e-01 
-2.6401972585234529e-01 	 5.9592279433864426e-01 
-2.5684931634814828e-01 	 5.7318116082431714e-01 
-2.4772412845668429e-01 	 5.5115100845754217e-01 
-2.3671361036774657e-01 	 5.3000000000000003e-01 
-2.2390155877232434e-01 	 5.0988910739738058e-01 
-2.0938548111918728e-01 	 4.9097138668567919e-01 
-1.9327585352432297e-01 	 4.7339081314234366e-01 
-1.7569527998098741e-01 	 4.5728118554747932e-01 
-1.5677755926928594e-01 	 4.4276510789434226e-01 
-1.3666666666666671e-01 	 4.2995305629892011e-01 
-1.1551565820912447e-01 	 4.1894253820998228e-01 
-9.3485505842349437e-02 	 4.0981735031851835e-01 
-7.0743872328022303e-02 	 4.0264694081432129e-01 
-4.7463835228960943e-02 	 3.9748588084332981e-01 
-2.3822569684359918e-02 	 3.9437344918825618e-01 
1.6736839588347158e-17 	 3.9333333333333331e-01 
2.3822569684359890e-02 	 3.9437344918825618e-01 
4.7463835228960978e-02 	 3.9748588084332981e-01 
7.0743872328022331e-02 	 4.0264694081432129e-01 
9.3485505842349478e-02 	 4.0981735031851835e-01 
1.1551565820912450e-01 	 4.1894253820998234e-01 
1.3666666666666663e-01 	 4.2995305629892006e-01 
1.5677755926928588e-01 	 4.4276510789434220e-01 
1.7569527998098744e-01 	 4.5728118554747932e-01 
1.9327585352432300e-01 	 4.7339081314234366e-01 
2.0938548111918731e-01 	 4.9097138668567919e-01 
2.2390155877232437e-01 	 5.0988910739738069e-01 
2.3671361036774657e-01 	 5.3000000000000003e-01 
2.4772412845668429e-01 	 5.5115100845754217e-01 
2.5684931634814828e-01 	 5.7318116082431714e-01 
2.6401972585234529e-01 	 5.9592279433864426e-01 
2.6918078582333682e-01 	 6.1920283143770560e-01 
2.7229321747841045e-01 	 6.4284409698230671e-01 
2.7333333333333332e-01 	 6.6666666666666663e-01 
2.7229321747841045e-01 	 6.9048923635102655e-01 
2.6918078582333688e-01 	 7.1413050189562755e-01 
2.6401972585234529e-01 	 7.3741053899468900e-01 
2.5684931634814828e-01 	 7.6015217250901612e-01 
2.4772412845668429e-01 	 7.8218232487579109e-01 
2.3671361036774657e-01 	 8.0333333333333323e-01 
2.2390155877232445e-01 	 8.2344422593595246e-01 
2.0938548111918731e-01 	 8.4236194664765407e-01 
1.9327585352432300e-01 	 8.5994252019098960e-01 
1.7569527998098744e-01 	 8.7605214778585394e-01 
1.5677755926928597e-01 	 8.9056822543899106e-01 
1.3666666666666674e-01 	 9.0338027703441315e-01 
1.1551565820912461e-01 	 9.1439079512335086e-01 
9.3485505842349589e-02 	 9.2351598301481486e-01 
7.0743872328022275e-02 	 9.3068639251901197e-01 
4.7463835228960922e-02 	 9.3584745249000356e-01 
2.3822569684359890e-02 	 9.3895988414507703e-01 
1.6736839588347158e-17 	 9.3999999999999995e-01 
-2.3822569684359855e-02 	 9.3895988414507703e-01 
-4.7463835228960888e-02 	 9.3584745249000356e-01 
-7.0743872328022234e-02 	 9.3068639251901197e-01 
-9.3485505842349326e-02 	 9.2351598301481497e-01 
-1.1551565820912436e-01 	 9.1439079512335097e-01 
-1.3666666666666671e-01 	 9.0338027703441315e-01 
-1.5677755926928594e-01 	 8.9056822543899106e-01 
-1.7569527998098741e-01 	 8.7605214778585394e-01 
-1.9327585352432297e-01 	 8.5994252019098960e-01 
-2.0938548111918728e-01 	 8.4236194664765407e-01 
-2.2390155877232434e-01 	 8.2344422593595268e-01 
-2.3671361036774652e-01 	 8.0333333333333334e-01 
-2.4772412845668423e-01 	 7.8218232487579131e-01 
-2.5684931634814823e-01 	 7.6015217250901623e-01 
-2.6401972585234534e-01 	 7.3741053899468889e-01 
-2.6918078582333682e-01 	 7.1413050189562755e-01 
-2.7229321747841045e-01 	 6.9048923635102655e-01 
-2.7499999999999997e-01 	 6.6666666666666663e-01 
-2.7395354197522997e-01 	 6.4269883741106060e-01 
-2.7082213207835715e-01 	 6.1891341780826081e-01 
-2.6562960222949372e-01 	 5.9549142926347332e-01 
-2.5841547071612475e-01 	 5.7261112725210772e-01 
-2.4923464143507870e-01 	 5.5044664468797433e-01 
-2.3815698604072061e-01 	 5.2916666666666667e-01 
-2.2526681217947267e-01 	 5.0893314667012890e-01 
-2.1066222185771891e-01 	 4.8990007400286828e-01 
-1.9445436482630052e-01 	 4.7221230184036611e-01 
-1.7676659266379829e-01 	 4.5600444480894770e-01 
-1.5773351999653767e-01 	 4.4139985448719393e-01 
-1.3750000000000004e-01 	 4.2850968062594608e-01 
-1.1622002197869230e-01 	 4.1743202523158790e-01 
-9.4055539414558881e-02 	 4.0825119595054182e-01 
-7.1175237403193162e-02 	 4.0103706443717285e-01 
-4.7753248858405831e-02 	 3.9584453458830948e-01 
-2.3967829255606012e-02 	 3.9271312469143665e-01 
1.6838893488276103e-17 	 3.9166666666666666e-01 
2.3967829255605984e-02 	 3.9271312469143665e-01 
4.7753248858405858e-02 	 3.9584453458830948e-01 
7.1175237403193189e-02 	 4.0103706443717285e-01 
9.4055539414558909e-02 	 4.0825119595054188e-01 
1.1622002197869233e-01 	 4.1743202523158796e-01 
1.3749999999999996e-01 	 4.2850968062594602e-01 
1.5773351999653762e-01 	 4.4139985448719388e-01 
1.7676659266379832e-01 	 4.5600444480894775e-01 
1.9445436482630055e-01 	 4.7221230184036611e-01 
2.1066222185771893e-01 	 4.8990007400286834e-01 
2.2526681217947270e-01 	 5.0893314667012890e-01 
2.3815698604072061e-01 	 5.2916666666666667e-01 
2.4923464143507870e-01 	 5.5044664468797433e-01 
2.5841547071612475e-01 	 5.7261112725210772e-01 
2.6562960222949372e-01 	 5.9549142926347343e-01 
2.7082213207835715e-01 	 6.1891341780826070e-01 
2.7395354197522997e-01 	 6.4269883741106071e-01 
2.7499999999999997e-01 	 6.6666666666666663e-01 
2.7395354197522997e-01 	 6.9063449592227255e-01 
2.7082213207835720e-01 	 7.1441991552507245e-01 
2.6562960222949372e-01 	 7.3784190406985983e-01 
2.5841547071612475e-01 	 7.6072220608122554e-01 
2.4923464143507870e-01 	 7.8288668864535893e-01 
2.3815698604072061e-01 	 8.0416666666666659e-01 
2.2526681217947275e-01 	 8.2440018666320425e-01 
2.1066222185771893e-01 	 8.4343325933046498e-01 
1.9445436482630055e-01 	 8.6112103149296715e-01 
1.7676659266379832e-01 	 8.7732888852438551e-01 
1.5773351999653770e-01 	 8.9193347884613927e-01 
1.3750000000000007e-01 	 9.0482365270738718e-01 
1.1622002197869244e-01 	 9.1590130810174530e-01 
9.4055539414559033e-02 	 9.2508213738279133e-01 
7.1175237403193134e-02 	 9.3229626889616046e-01 
4.7753248858405803e-02 	 9.3748879874502378e-01 
2.3967829255605984e-02 	 9.4062020864189666e-01 
1.6838893488276103e-17 	 9.4166666666666665e-01 
-2.3967829255605949e-02 	 9.4062020864189666e-01 
-4.7753248858405768e-02 	 9.3748879874502378e-01 
-7.1175237403193106e-02 	 9.3229626889616046e-01 
-9.4055539414558756e-02 	 9.2508213738279144e-01 
-1.1622002197869219e-01 	 9.1590130810174541e-01 
-1.3750000000000004e-01 	 9.0482365270738718e-01 
-1.5773351999653767e-01 	 8.9193347884613927e-01 
-1.7676659266379829e-01 	 8.7732888852438551e-01 
-1.9445436482630052e-01 	 8.6112103149296715e-01 
-2.1066222185771891e-01 	 8.4343325933046498e-01 
-2.2526681217947267e-01 	 8.2440018666320436e-01 
-2.3815698604072055e-01 	 8.0416666666666670e-01 
-2.4923464143507865e-01 	 7.8288668864535904e-01 
-2.5841547071612475e-01 	 7.6072220608122565e-01 
-2.6562960222949378e-01 	 7.3784190406985983e-01 
-2.7082213207835715e-01 	 7.1441991552507245e-01 
-2.7395354197522997e-01 	 6.9063449592227266e-01 
-2.7666666666666667e-01 	 6.6666666666666663e-01 
-2.7561386647204961e-01 	 6.4255357783981448e-01 
-2.7246347833337758e-01 	 6.1862400417881591e-01 
-2.6723947860664221e-01 	 5.9506006418830248e-01 
-2.5998162508410133e-01 	 5.7204109367989819e-01 
-2.5074515441347317e-01 	 5.4974228091840649e-01 
-2.3960036171369473e-01 	 5.2833333333333332e-01 
-2.2663206558662100e-01 	 5.0797718594287711e-01 
-2.1193896259625056e-01 	 4.8882876132005737e-01 
-1.9563287612827812e-01 	 4.7103379053838845e-01 
-1.7783790534660923e-01 	 4.5472770407041607e-01 
-1.5868948072378944e-01 	 4.4003460108004555e-01 
-1.3833333333333339e-01 	 4.2706630495297199e-01 
-1.1692438574826015e-01 	 4.1592151225319346e-01 
-9.4625572986768353e-02 	 4.0668504158256530e-01 
-7.1606602478364048e-02 	 3.9942718806002442e-01 
-4.8042662487850718e-02 	 3.9420318833328905e-01 
-2.4113088826852112e-02 	 3.9105280019461702e-01 
1.6940947388205054e-17 	 3.8999999999999996e-01 
2.4113088826852085e-02 	 3.9105280019461702e-01 
4.8042662487850746e-02 	 3.9420318833328905e-01 
7.1606602478364076e-02 	 3.9942718806002442e-01 
9.4625572986768380e-02 	 4.0668504158256530e-01 
1.1692438574826018e-01 	 4.1592151225319346e-01 
1.3833333333333331e-01 	 4.2706630495297193e-01 
1.5868948072378938e-01 	 4.4003460108004555e-01 
1.7783790534660926e-01 	 4.5472770407041607e-01 
1.9563287612827818e-01 	 4.7103379053838851e-01 
2.1193896259625059e-01 	 4.8882876132005737e-01 
2.2663206558662105e-01 	 5.0797718594287722e-01 
2.3960036171369473e-01 	 5.2833333333333332e-01 
2.5074515441347317e-01 	 5.4974228091840649e-01 
2.5998162508410133e-01 	 5.7204109367989830e-01 
2.6723947860664221e-01 	 5.9506006418830248e-01 
2.7246347833337758e-01 	 6.1862400417881580e-01 
2.7561386647204961e-01 	 6.4255357783981459e-01 
2.7666666666666667e-01 	 6.6666666666666663e-01 
2.7561386647204961e-01 	 6.9077975549351867e-01 
2.7246347833337758e-01 	 7.1470932915451735e-01 
2.6723947860664221e-01 	 7.3827326914503077e-01 
2.5998162508410133e-01 	 7.6129223965343495e-01 
2.5074515441347317e-01 	 7.8359105241492677e-01 
2.3960036171369473e-01 	 8.0499999999999994e-01 
2.2663206558662111e-01 	 8.2535614739045604e-01 
2.1193896259625059e-01 	 8.4450457201327589e-01 
1.9563287612827818e-01 	 8.6229954279494470e-01 
1.7783790534660926e-01 	 8.7860562926291719e-01 
1.5868948072378947e-01 	 8.9329873225328771e-01 
1.3833333333333342e-01 	 9.0626702838036133e-01 
1.1692438574826029e-01 	 9.1741182108013974e-01 
9.4625572986768505e-02 	 9.2664829175076791e-01 
7.1606602478364006e-02 	 9.3390614527330884e-01 
4.8042662487850697e-02 	 9.3913014500004421e-01 
2.4113088826852085e-02 	 9.4228053313871629e-01 
1.6940947388205054e-17 	 9.4333333333333336e-01 
-2.4113088826852050e-02 	 9.4228053313871629e-01 
-4.8042662487850656e-02 	 9.3913014500004421e-01 
-7.1606602478363979e-02 	 9.3390614527330884e-01 
-9.4625572986768228e-02 	 9.2664829175076802e-01 
-1.1692438574826004e-01 	 9.1741182108013986e-01 
-1.3833333333333339e-01 	 9.0626702838036133e-01 
-1.5868948072378944e-01 	 8.9329873225328771e-01 
-1.7783790534660923e-01 	 8.7860562926291719e-01 
-1.9563287612827812e-01 	 8.6229954279494481e-01 
-2.1193896259625056e-01 	 8.4450457201327589e-01 
-2.2663206558662100e-01 	 8.2535614739045615e-01 
-2.3960036171369464e-01 	 8.0500000000000005e-01 
-2.5074515441347311e-01 	 7.8359105241492699e-01 
-2.5998162508410128e-01 	 7.6129223965343518e-01 
-2.6723947860664221e-01 	 7.3827326914503066e-01 
-2.7246347833337758e-01 	 7.1470932915451735e-01 
-2.7561386647204961e-01 	 6.9077975549351878e-01 
-2.7833333333333332e-01 	 6.6666666666666663e-01 
-2.7727419096886918e-01 	 6.4240831826856848e-01 
-2.7410482458839791e-01 	 6.1833459054937101e-01 
-2.6884935498379064e-01 	 5.9462869911313165e-01 
-2.6154777945207780e-01 	 5.7147106010768878e-01 
-2.5225566739186756e-01 	 5.4903791714883865e-01 
-2.4104373738666876e-01 	 5.2749999999999997e-01 
-2.2799731899376932e-01 	 5.0702122521562543e-01 
-2.1321570333478218e-01 	 4.8775744863724646e-01 
-1.9681138743025570e-01 	 4.6985527923641091e-01 
-1.7890921802942011e-01 	 4.5345096333188439e-01 
-1.5964544145104118e-01 	 4.3866934767289728e-01 
-1.3916666666666672e-01 	 4.2562292927999790e-01 
-1.1762874951782798e-01 	 4.1441099927479902e-01 
-9.5195606558977783e-02 	 4.0511888721458877e-01 
-7.2037967553534907e-02 	 3.9781731168287598e-01 
-4.8332076117295598e-02 	 3.9256184207826872e-01 
-2.4258348398098206e-02 	 3.8939247569779745e-01 
1.7043001288133999e-17 	 3.8833333333333331e-01 
2.4258348398098182e-02 	 3.8939247569779745e-01 
4.8332076117295633e-02 	 3.9256184207826872e-01 
7.2037967553534935e-02 	 3.9781731168287598e-01 
9.5195606558977824e-02 	 4.0511888721458883e-01 
1.1762874951782801e-01 	 4.1441099927479907e-01 
1.3916666666666663e-01 	 4.2562292927999790e-01 
1.5964544145104112e-01 	 4.3866934767289723e-01 
1.7890921802942014e-01 	 4.5345096333188445e-01 
1.9681138743025572e-01 	 4.6985527923641091e-01 
2.1321570333478221e-01 	 4.8775744863724652e-01 
2.2799731899376935e-01 	 5.0702122521562543e-01 
2.4104373738666876e-01 	 5.2750000000000008e-01 
2.5225566739186756e-01 	 5.4903791714883865e-01 
2.6154777945207780e-01 	 5.7147106010768889e-01 
2.6884935498379064e-01 	 5.9462869911313165e-01 
2.7410482458839791e-01 	 6.1833459054937090e-01 
2.7727419096886918e-01 	 6.4240831826856848e-01 
2.7833333333333332e-01 	 6.6666666666666663e-01 
2.7727419096886918e-01 	 6.9092501506476478e-01 
2.7410482458839791e-01 	 7.1499874278396214e-01 
2.6884935498379064e-01 	 7.3870463422020161e-01 
2.6154777945207780e-01 	 7.6186227322564437e-01 
2.5225566739186756e-01 	 7.8429541618449461e-01 
2.4104373738666876e-01 	 8.0583333333333318e-01 
2.2799731899376940e-01 	 8.2631210811770772e-01 
2.1321570333478221e-01 	 8.4557588469608680e-01 
1.9681138743025572e-01 	 8.6347805409692235e-01 
1.7890921802942014e-01 	 8.7988237000144887e-01 
1.5964544145104120e-01 	 8.9466398566043592e-01 
1.3916666666666674e-01 	 9.0771040405333536e-01 
1.1762874951782812e-01 	 9.1892233405853418e-01 
9.5195606558977935e-02 	 9.2821444611874449e-01 
7.2037967553534879e-02 	 9.3551602165045722e-01 
4.8332076117295578e-02 	 9.4077149125506454e-01 
2.4258348398098182e-02 	 9.4394085763553581e-01 
1.7043001288133999e-17 	 9.4499999999999995e-01 
-2.4258348398098147e-02 	 9.4394085763553581e-01 
-4.8332076117295536e-02 	 9.4077149125506454e-01 
-7.2037967553534837e-02 	 9.3551602165045733e-01 
-9.5195606558977658e-02 	 9.2821444611874449e-01 
-1.1762874951782787e-01 	 9.1892233405853418e-01 
-1.3916666666666672e-01 	 9.0771040405333536e-01 
-1.5964544145104118e-01 	 8.9466398566043592e-01 
-1.7890921802942011e-01 	 8.7988237000144887e-01 
-1.9681138743025570e-01 	 8.6347805409692235e-01 
-2.1321570333478218e-01 	 8.4557588469608680e-01 
-2.2799731899376932e-01 	 8.2631210811770783e-01 
-2.4104373738666870e-01 	 8.0583333333333340e-01 
-2.5225566739186750e-01 	 7.8429541618449472e-01 
-2.6154777945207780e-01 	 7.6186227322564459e-01 
-2.6884935498379064e-01 	 7.3870463422020149e-01 
-2.7410482458839791e-01 	 7.1499874278396225e-01 
-2.7727419096886918e-01 	 6.9092501506476478e-01 
-2.7999999999999997e-01 	 6.6666666666666663e-01 
-2.7893451546568870e-01 	 6.4226305869732236e-01 
-2.7574617084341824e-01 	 6.1804517691992611e-01 
-2.7045923136093908e-01 	 5.9419733403796071e-01 
-2.6311393382005432e-01 	 5.7090102653547936e-01 
-2.5376618037026194e-01 	 5.4833355337927081e-01 
-2.4248711305964282e-01 	 5.2666666666666662e-01 
-2.2936257240091762e-01 	 5.0606526448837363e-01 
-2.1449244407331380e-01 	 4.8668613595443561e-01 
-1.9798989873223327e-01 	 4.6867676793443336e-01 
-1.7998053071223100e-01 	 4.5217422259335283e-01 
-1.6060140217829291e-01 	 4.3730409426574901e-01 
-1.4000000000000004e-01 	 4.2417955360702386e-01 
-1.1833311328739581e-01 	 4.1290048629640463e-01 
-9.5765640131187227e-02 	 4.0355273284661231e-01 
-7.2469332628705765e-02 	 3.9620743530572755e-01 
-4.8621489746740479e-02 	 3.9092049582324839e-01 
-2.4403607969344304e-02 	 3.8773215120097793e-01 
1.7145055188062944e-17 	 3.8666666666666666e-01 
2.4403607969344276e-02 	 3.8773215120097793e-01 
4.8621489746740514e-02 	 3.9092049582324839e-01 
7.2469332628705793e-02 	 3.9620743530572755e-01 
9.5765640131187255e-02 	 4.0355273284661231e-01 
1.1833311328739583e-01 	 4.1290048629640469e-01 
1.3999999999999996e-01 	 4.2417955360702381e-01 
1.6060140217829286e-01 	 4.3730409426574890e-01 
1.7998053071223102e-01 	 4.5217422259335283e-01 
1.9798989873223330e-01 	 4.6867676793443336e-01 
2.1449244407331383e-01 	 4.8668613595443566e-01 
2.2936257240091765e-01 	 5.0606526448837363e-01 
2.4248711305964282e-01 	 5.2666666666666673e-01 
2.5376618037026194e-01 	 5.4833355337927081e-01 
2.6311393382005432e-01 	 5.7090102653547936e-01 
2.7045923136093908e-01 	 5.9419733403796082e-01 
2.7574617084341824e-01 	 6.1804517691992611e-01 
2.7893451546568870e-01 	 6.4226305869732236e-01 
2.7999999999999997e-01 	 6.6666666666666663e-01 
2.7893451546568870e-01 	 6.9107027463601090e-01 
2.7574617084341824e-01 	 7.1528815641340704e-01 
2.7045923136093908e-01 	 7.3913599929537244e-01 
2.6311393382005432e-01 	 7.6243230679785390e-01 
2.5376618037026194e-01 	 7.8499977995406245e-01 
2.4248711305964282e-01 	 8.0666666666666653e-01 
2.2936257240091770e-01 	 8.2726806884495940e-01 
2.1449244407331383e-01 	 8.4664719737889760e-01 
1.9798989873223330e-01 	 8.6465656539889990e-01 
1.7998053071223102e-01 	 8.8115911073998043e-01 
1.6060140217829294e-01 	 8.9602923906758425e-01 
1.4000000000000007e-01 	 9.0915377972630940e-01 
1.1833311328739594e-01 	 9.2043284703692851e-01 
9.5765640131187380e-02 	 9.2978060048672084e-01 
7.2469332628705738e-02 	 9.3712589802760571e-01 
4.8621489746740458e-02 	 9.4241283751008487e-01 
2.4403607969344276e-02 	 9.4560118213235533e-01 
1.7145055188062944e-17 	 9.4666666666666655e-01 
-2.4403607969344241e-02 	 9.4560118213235533e-01 
-4.8621489746740416e-02 	 9.4241283751008487e-01 
-7.2469332628705710e-02 	 9.3712589802760582e-01 
-9.5765640131187102e-02 	 9.2978060048672106e-01 
-1.1833311328739569e-01 	 9.2043284703692863e-01 
-1.4000000000000004e-01 	 9.0915377972630940e-01 
-1.6060140217829291e-01 	 8.9602923906758425e-01 
-1.7998053071223100e-01 	 8.8115911073998043e-01 
-1.9798989873223327e-01 	 8.6465656539889990e-01 
-2.1449244407331380e-01 	 8.4664719737889760e-01 
-2.2936257240091762e-01 	 8.2726806884495963e-01 
-2.4248711305964274e-01 	 8.0666666666666664e-01 
-2.5376618037026188e-01 	 7.8499977995406256e-01 
-2.6311393382005427e-01 	 7.6243230679785401e-01 
-2.7045923136093908e-01 	 7.3913599929537233e-01 
-2.7574617084341824e-01 	 7.1528815641340715e-01 
-2.7893451546568870e-01 	 6.9107027463601090e-01 
-2.8166666666666662e-01 	 6.6666666666666663e-01 
-2.8059483996250828e-01 	 6.4211779912607625e-01 
-2.7738751709843856e-01 	 6.1775576329048132e-01 
-2.7206910773808751e-01 	 5.9376596896278988e-01 
-2.6468008818803079e-01 	 5.7033099296326994e-01 
-2.5527669334865638e-01 	 5.4762918960970297e-01 
-2.4393048873261686e-01 	 5.2583333333333337e-01 
-2.3072782580806592e-01 	 5.0510930376112195e-01 
-2.1576918481184540e-01 	 4.8561482327162470e-01 
-1.9916841003421085e-01 	 4.6749825663245576e-01 
-1.8105184339504188e-01 	 4.5089748185482120e-01 
-1.6155736290554465e-01 	 4.3593884085860068e-01 
-1.4083333333333337e-01 	 4.2273617793404983e-01 
-1.1903747705696363e-01 	 4.1138997331801025e-01 
-9.6335673703396671e-02 	 4.0198657847863578e-01 
-7.2900697703876638e-02 	 3.9459755892857912e-01 
-4.8910903376185359e-02 	 3.8927914956822807e-01 
-2.4548867540590397e-02 	 3.8607182670415835e-01 
1.7247109087991889e-17 	 3.8500000000000001e-01 
2.4548867540590373e-02 	 3.8607182670415835e-01 
4.8910903376185394e-02 	 3.8927914956822807e-01 
7.2900697703876666e-02 	 3.9459755892857912e-01 
9.6335673703396699e-02 	 4.0198657847863584e-01 
1.1903747705696366e-01 	 4.1138997331801025e-01 
1.4083333333333328e-01 	 4.2273617793404977e-01 
1.6155736290554457e-01 	 4.3593884085860057e-01 
1.8105184339504193e-01 	 4.5089748185482126e-01 
1.9916841003421087e-01 	 4.6749825663245581e-01 
2.1576918481184543e-01 	 4.8561482327162475e-01 
2.3072782580806594e-01 	 5.0510930376112195e-01 
2.4393048873261686e-01 	 5.2583333333333337e-01 
2.5527669334865638e-01 	 5.4762918960970297e-01 
2.6468008818803079e-01 	 5.7033099296326994e-01 
2.7206910773808751e-01 	 5.9376596896278988e-01 
2.7738751709843856e-01 	 6.1775576329048121e-01 
2.8059483996250828e-01 	 6.4211779912607625e-01 
2.8166666666666662e-01 	 6.6666666666666663e-01 
2.8059483996250828e-01 	 6.9121553420725701e-01 
2.7738751709843856e-01 	 7.1557757004285194e-01 
2.7206910773808751e-01 	 7.3956736437054338e-01 
2.6468008818803079e-01 	 7.6300234037006331e-01 
2.5527669334865638e-01 	 7.8570414372363029e-01 
2.4393048873261686e-01 	 8.0749999999999988e-01 
2.3072782580806603e-01 	 8.2822402957221120e-01 
2.1576918481184543e-01 	 8.4771851006170851e-01 
1.9916841003421087e-01 	 8.6583507670087745e-01 
1.8105184339504193e-01 	 8.8243585147851200e-01 
1.6155736290554468e-01 	 8.9739449247473257e-01 
1.4083333333333339e-01 	 9.1059715539928343e-01 
1.1903747705696377e-01 	 9.2194336001532295e-01 
9.6335673703396824e-02 	 9.3134675485469742e-01 
7.2900697703876596e-02 	 9.3873577440475420e-01 
4.8910903376185338e-02 	 9.4405418376510519e-01 
2.4548867540590373e-02 	 9.4726150662917497e-01 
1.7247109087991889e-17 	 9.4833333333333325e-01 
-2.4548867540590335e-02 	 9.4726150662917497e-01 
-4.8910903376185297e-02 	 9.4405418376510519e-01 
-7.2900697703876569e-02 	 9.3873577440475420e-01 
-9.6335673703396546e-02 	 9.3134675485469742e-01 
-1.1903747705696352e-01 	 9.2194336001532307e-01 
-1.4083333333333337e-01 	 9.1059715539928343e-01 
-1.6155736290554465e-01 	 8.9739449247473257e-01 
-1.8105184339504188e-01 	 8.8243585147851200e-01 
-1.9916841003421085e-01 	 8.6583507670087756e-01 
-2.1576918481184540e-01 	 8.4771851006170862e-01 
-2.3072782580806592e-01 	 8.2822402957221131e-01 
-2.4393048873261680e-01 	 8.0750000000000000e-01 
-2.5527669334865627e-01 	 7.8570414372363040e-01 
-2.6468008818803079e-01 	 7.6300234037006343e-01 
-2.7206910773808751e-01 	 7.3956736437054327e-01 
-2.7738751709843856e-01 	 7.1557757004285194e-01 
-2.8059483996250828e-01 	 6.9121553420725701e-01 
-2.8333333333333333e-01 	 6.6666666666666663e-01 
-2.8225516445932791e-01 	 6.4197253955483013e-01 
-2.7902886335345894e-01 	 6.1746634966103642e-01 
-2.7367898411523600e-01 	 5.9333460388761905e-01 
-2.6624624255600737e-01 	 5.6976095939106042e-01 
-2.5678720632705082e-01 	 5.4692482584013513e-01 
-2.4537386440559097e-01 	 5.2500000000000002e-01 
-2.3209307921521427e-01 	 5.0415334303387016e-01 
-2.1704592555037708e-01 	 4.8454351058881379e-01 
-2.0034692133618845e-01 	 4.6631974533047815e-01 
-1.8212315607785282e-01 	 4.4962074111628952e-01 
-1.6251332363279641e-01 	 4.3457358745145236e-01 
-1.4166666666666672e-01 	 4.2129280226107574e-01 
-1.1974184082653147e-01 	 4.0987946033961581e-01 
-9.6905707275606129e-02 	 4.0042042411065926e-01 
-7.3332062779047510e-02 	 3.9298768255143063e-01 
-4.9200317005630254e-02 	 3.8763780331320769e-01 
-2.4694127111836498e-02 	 3.8441150220733872e-01 
1.7349162987920837e-17 	 3.8333333333333330e-01 
2.4694127111836470e-02 	 3.8441150220733872e-01 
4.9200317005630281e-02 	 3.8763780331320769e-01 
7.3332062779047538e-02 	 3.9298768255143063e-01 
9.6905707275606170e-02 	 4.0042042411065926e-01 
1.1974184082653151e-01 	 4.0987946033961581e-01 
1.4166666666666664e-01 	 4.2129280226107568e-01 
1.6251332363279636e-01 	 4.3457358745145225e-01 
1.8212315607785284e-01 	 4.4962074111628958e-01 
2.0034692133618848e-01 	 4.6631974533047815e-01 
2.1704592555037711e-01 	 4.8454351058881384e-01 
2.3209307921521430e-01 	 5.0415334303387016e-01 
2.4537386440559097e-01 	 5.2500000000000002e-01 
2.5678720632705082e-01 	 5.4692482584013513e-01 
2.6624624255600737e-01 	 5.6976095939106053e-01 
2.7367898411523600e-01 	 5.9333460388761905e-01 
2.7902886335345894e-01 	 6.1746634966103631e-01 
2.8225516445932791e-01 	 6.4197253955483013e-01 
2.8333333333333333e-01 	 6.6666666666666663e-01 
2.8225516445932791e-01 	 6.9136079377850312e-01 
2.7902886335345894e-01 	 7.1586698367229684e-01 
2.7367898411523600e-01 	 7.3999872944571421e-01 
2.6624624255600737e-01 	 7.6357237394227273e-01 
2.5678720632705082e-01 	 7.8640850749319813e-01 
2.4537386440559097e-01 	 8.0833333333333324e-01 
2.3209307921521438e-01 	 8.2917999029946299e-01 
2.1704592555037711e-01 	 8.4878982274451942e-01 
2.0034692133618848e-01 	 8.6701358800285511e-01 
1.8212315607785284e-01 	 8.8371259221704368e-01 
1.6251332363279644e-01 	 8.9875974588188090e-01 
1.4166666666666675e-01 	 9.1204053107225747e-01 
1.1974184082653161e-01 	 9.2345387299371740e-01 
9.6905707275606295e-02 	 9.3291290922267400e-01 
7.3332062779047483e-02 	 9.4034565078190258e-01 
4.9200317005630226e-02 	 9.4569553002012552e-01 
2.4694127111836470e-02 	 9.4892183112599460e-01 
1.7349162987920837e-17 	 9.4999999999999996e-01 
-2.4694127111836436e-02 	 9.4892183112599460e-01 
-4.9200317005630191e-02 	 9.4569553002012552e-01 
-7.3332062779047441e-02 	 9.4034565078190269e-01 
-9.6905707275606004e-02 	 9.3291290922267400e-01 
-1.1974184082653136e-01 	 9.2345387299371751e-01 
-1.4166666666666672e-01 	 9.1204053107225747e-01 
-1.6251332363279641e-01 	 8.9875974588188090e-01 
-1.8212315607785282e-01 	 8.8371259221704368e-01 
-2.0034692133618845e-01 	 8.6701358800285511e-01 
-2.1704592555037708e-01 	 8.4878982274451942e-01 
-2.3209307921521427e-01 	 8.2917999029946310e-01 
-2.4537386440559089e-01 	 8.0833333333333335e-01 
-2.5678720632705077e-01 	 7.8640850749319824e-01 
-2.6624624255600732e-01 	 7.6357237394227295e-01 
-2.7367898411523600e-01 	 7.3999872944571410e-01 
-2.7902886335345894e-01 	 7.1586698367229684e-01 
-2.8225516445932791e-01 	 6.9136079377850312e-01 
-2.8499999999999998e-01 	 6.6666666666666663e-01 
-2.8391548895614743e-01 	 6.4182727998358402e-01 
-2.8067020960847927e-01 	 6.1717693603159152e-01 
-2.7528886049238444e-01 	 5.9290323881244811e-01 
-2.6781239692398384e-01 	 5.6919092581885100e-01 
-2.5829771930544521e-01 	 5.4622046207056729e-01 
-2.4681724007856501e-01 	 5.2416666666666667e-01 
-2.3345833262236257e-01 	 5.0319738230661848e-01 
-2.1832266628890867e-01 	 4.8347219790600293e-01 
-2.0152543263816600e-01 	 4.6514123402850061e-01 
-1.8319446876066370e-01 	 4.4834400037775790e-01 
-1.6346928436004815e-01 	 4.3320833404430403e-01 
-1.4250000000000004e-01 	 4.1984942658810165e-01 
-1.2044620459609930e-01 	 4.0836894736122137e-01 
-9.7475740847815573e-02 	 3.9885426974268273e-01 
-7.3763427854218369e-02 	 3.9137780617428219e-01 
-4.9489730635075134e-02 	 3.8599645705818736e-01 
-2.4839386683082595e-02 	 3.8275117771051920e-01 
1.7451216887849782e-17 	 3.8166666666666665e-01 
2.4839386683082568e-02 	 3.8275117771051920e-01 
4.9489730635075162e-02 	 3.8599645705818736e-01 
7.3763427854218411e-02 	 3.9137780617428219e-01 
9.7475740847815601e-02 	 3.9885426974268279e-01 
1.2044620459609932e-01 	 4.0836894736122142e-01 
1.4249999999999996e-01 	 4.1984942658810165e-01 
1.6346928436004807e-01 	 4.3320833404430392e-01 
1.8319446876066373e-01 	 4.4834400037775796e-01 
2.0152543263816605e-01 	 4.6514123402850061e-01 
2.1832266628890873e-01 	 4.8347219790600293e-01 
2.3345833262236262e-01 	 5.0319738230661848e-01 
2.4681724007856501e-01 	 5.2416666666666667e-01 
2.5829771930544521e-01 	 5.4622046207056729e-01 
2.6781239692398384e-01 	 5.6919092581885100e-01 
2.7528886049238444e-01 	 5.9290323881244822e-01 
2.8067020960847927e-01 	 6.1717693603159141e-01 
2.8391548895614743e-01 	 6.4182727998358413e-01 
2.8499999999999998e-01 	 6.6666666666666663e-01 
2.8391548895614743e-01 	 6.9150605334974913e-01 
2.8067020960847927e-01 	 7.1615639730174174e-01 
2.7528886049238444e-01 	 7.4043009452088504e-01 
2.6781239692398384e-01 	 7.6414240751448226e-01 
2.5829771930544521e-01 	 7.8711287126276597e-01 
2.4681724007856501e-01 	 8.0916666666666659e-01 
2.3345833262236268e-01 	 8.3013595102671467e-01 
2.1832266628890873e-01 	 8.4986113542733033e-01 
2.0152543263816605e-01 	 8.6819209930483265e-01 
1.8319446876066373e-01 	 8.8498933295557536e-01 
1.6346928436004818e-01 	 9.0012499928902923e-01 
1.4250000000000007e-01 	 9.1348390674523161e-01 
1.2044620459609943e-01 	 9.2496438597211184e-01 
9.7475740847815739e-02 	 9.3447906359065047e-01 
7.3763427854218341e-02 	 9.4195552715905106e-01 
4.9489730635075106e-02 	 9.4733687627514596e-01 
2.4839386683082568e-02 	 9.5058215562281401e-01 
1.7451216887849782e-17 	 9.5166666666666666e-01 
-2.4839386683082533e-02 	 9.5058215562281401e-01 
-4.9489730635075072e-02 	 9.4733687627514596e-01 
-7.3763427854218314e-02 	 9.4195552715905118e-01 
-9.7475740847815448e-02 	 9.3447906359065058e-01 
-1.2044620459609919e-01 	 9.2496438597211195e-01 
-1.4250000000000004e-01 	 9.1348390674523161e-01 
-1.6346928436004815e-01 	 9.0012499928902923e-01 
-1.8319446876066370e-01 	 8.8498933295557536e-01 
-2.0152543263816600e-01 	 8.6819209930483265e-01 
-2.1832266628890867e-01 	 8.4986113542733033e-01 
-2.3345833262236257e-01 	 8.3013595102671478e-01 
-2.4681724007856495e-01 	 8.0916666666666670e-01 
-2.5829771930544515e-01 	 7.8711287126276608e-01 
-2.6781239692398384e-01 	 7.6414240751448237e-01 
-2.7528886049238444e-01 	 7.4043009452088504e-01 
-2.8067020960847927e-01 	 7.1615639730174174e-01 
-2.8391548895614743e-01 	 6.9150605334974924e-01 
-2.8666666666666663e-01 	 6.6666666666666663e-01 
-2.8557581345296701e-01 	 6.4168202041233791e-01 
-2.8231155586349960e-01 	 6.1688752240214662e-01 
-2.7689873686953287e-01 	 5.9247187373727728e-01 
-2.6937855129196037e-01 	 5.6862089224664158e-01 
-2.5980823228383959e-01 	 5.4551609830099945e-01 
-2.4826061575153907e-01 	 5.2333333333333332e-01 
-2.3482358602951089e-01 	 5.0224142157936669e-01 
-2.1959940702744030e-01 	 4.8240088522319202e-01 
-2.0270394394014357e-01 	 4.6396272272652306e-01 
-1.8426578144347458e-01 	 4.4706725963922633e-01 
-1.6442524508729989e-01 	 4.3184308063715571e-01 
-1.4333333333333337e-01 	 4.1840605091512761e-01 
-1.2115056836566712e-01 	 4.0685843438282698e-01 
-9.8045774420025017e-02 	 3.9728811537470626e-01 
-7.4194792929389242e-02 	 3.8976792979713376e-01 
-4.9779144264520014e-02 	 3.8435511080316703e-01 
-2.4984646254328689e-02 	 3.8109085321369962e-01 
1.7553270787778726e-17 	 3.8000000000000000e-01 
2.4984646254328662e-02 	 3.8109085321369962e-01 
4.9779144264520042e-02 	 3.8435511080316703e-01 
7.4194792929389269e-02 	 3.8976792979713376e-01 
9.8045774420025045e-02 	 3.9728811537470626e-01 
1.2115056836566715e-01 	 4.0685843438282704e-01 
1.4333333333333328e-01 	 4.1840605091512756e-01 
1.6442524508729980e-01 	 4.3184308063715565e-01 
1.8426578144347464e-01 	 4.4706725963922633e-01 
2.0270394394014360e-01 	 4.6396272272652306e-01 
2.1959940702744032e-01 	 4.8240088522319202e-01 
2.3482358602951092e-01 	 5.0224142157936669e-01 
2.4826061575153907e-01 	 5.2333333333333343e-01 
2.5980823228383959e-01 	 5.4551609830099945e-01 
2.6937855129196037e-01 	 5.6862089224664158e-01 
2.7689873686953287e-01 	 5.9247187373727728e-01 
2.8231155586349960e-01 	 6.1688752240214650e-01 
2.8557581345296701e-01 	 6.4168202041233802e-01 
2.8666666666666663e-01 	 6.6666666666666663e-01 
2.8557581345296701e-01 	 6.9165131292099524e-01 
2.8231155586349960e-01 	 7.1644581093118664e-01 
2.7689873686953287e-01 	 7.4086145959605598e-01 
2.6937855129196037e-01 	 7.6471244108669167e-01 
2.5980823228383959e-01 	 7.8781723503233381e-01 
2.4826061575153907e-01 	 8.0999999999999983e-01 
2.3482358602951098e-01 	 8.3109191175396635e-01 
2.1959940702744032e-01 	 8.5093244811014124e-01 
2.0270394394014360e-01 	 8.6937061060681020e-01 
1.8426578144347464e-01 	 8.8626607369410693e-01 
1.6442524508729991e-01 	 9.0149025269617755e-01 
1.4333333333333340e-01 	 9.1492728241820565e-01 
1.2115056836566726e-01 	 9.2647489895050628e-01 
9.8045774420025170e-02 	 9.3604521795862694e-01 
7.4194792929389200e-02 	 9.4356540353619955e-01 
4.9779144264519987e-02 	 9.4897822253016617e-01 
2.4984646254328662e-02 	 9.5224248011963364e-01 
1.7553270787778726e-17 	 9.5333333333333325e-01 
-2.4984646254328627e-02 	 9.5224248011963364e-01 
-4.9779144264519952e-02 	 9.4897822253016617e-01 
-7.4194792929389172e-02 	 9.4356540353619955e-01 
-9.8045774420024892e-02 	 9.3604521795862705e-01 
-1.2115056836566701e-01 	 9.2647489895050628e-01 
-1.4333333333333337e-01 	 9.1492728241820565e-01 
-1.6442524508729989e-01 	 9.0149025269617755e-01 
-1.8426578144347458e-01 	 8.8626607369410693e-01 
-2.0270394394014357e-01 	 8.6937061060681020e-01 
-2.1959940702744030e-01 	 8.5093244811014124e-01 
-2.3482358602951089e-01 	 8.3109191175396657e-01 
-2.4826061575153899e-01 	 8.1000000000000005e-01 
-2.5980823228383954e-01 	 7.8781723503233392e-01 
-2.6937855129196031e-01 	 7.6471244108669179e-01 
-2.7689873686953287e-01 	 7.4086145959605587e-01 
-2.8231155586349960e-01 	 7.1644581093118664e-01 
-2.8557581345296701e-01 	 6.9165131292099535e-01 
-2.8833333333333333e-01 	 6.6666666666666663e-01 
-2.8723613794978664e-01 	 6.4153676084109190e-01 
-2.8395290211851998e-01 	 6.1659810877270171e-01 
-2.7850861324668130e-01 	 5.9204050866210645e-01 
-2.7094470565993689e-01 	 5.6805085867443206e-01 
-2.6131874526223409e-01 	 5.4481173453143161e-01 
-2.4970399142451316e-01 	 5.2249999999999996e-01 
-2.3618883943665925e-01 	 5.0128546085211489e-01 
-2.2087614776597195e-01 	 4.8132957254038111e-01 
-2.0388245524212117e-01 	 4.6278421142454540e-01 
-1.8533709412628552e-01 	 4.4579051890069465e-01 
-1.6538120581455165e-01 	 4.3047782723000738e-01 
-1.4416666666666672e-01 	 4.1696267524215352e-01 
-1.2185493213523498e-01 	 4.0534792140443254e-01 
-9.8615807992234475e-02 	 3.9572196100672968e-01 
-7.4626158004560114e-02 	 3.8815805341998527e-01 
-5.0068557893964902e-02 	 3.8271376454814665e-01 
-2.5129905825574790e-02 	 3.7943052871687999e-01 
1.7655324687707674e-17 	 3.7833333333333330e-01 
2.5129905825574762e-02 	 3.7943052871687999e-01 
5.0068557893964936e-02 	 3.8271376454814665e-01 
7.4626158004560142e-02 	 3.8815805341998527e-01 
9.8615807992234517e-02 	 3.9572196100672974e-01 
1.2185493213523500e-01 	 4.0534792140443254e-01 
1.4416666666666664e-01 	 4.1696267524215347e-01 
1.6538120581455157e-01 	 4.3047782723000727e-01 
1.8533709412628555e-01 	 4.4579051890069465e-01 
2.0388245524212120e-01 	 4.6278421142454546e-01 
2.2087614776597200e-01 	 4.8132957254038111e-01 
2.3618883943665928e-01 	 5.0128546085211489e-01 
2.4970399142451316e-01 	 5.2249999999999996e-01 
2.6131874526223409e-01 	 5.4481173453143161e-01 
2.7094470565993689e-01 	 5.6805085867443217e-01 
2.7850861324668130e-01 	 5.9204050866210645e-01 
2.8395290211851998e-01 	 6.1659810877270160e-01 
2.8723613794978664e-01 	 6.4153676084109190e-01 
2.8833333333333333e-01 	 6.6666666666666663e-01 
2.8723613794978664e-01 	 6.9179657249224136e-01 
2.8395290211852003e-01 	 7.1673522456063143e-01 
2.7850861324668130e-01 	 7.4129282467122681e-01 
2.7094470565993689e-01 	 7.6528247465890109e-01 
2.6131874526223409e-01 	 7.8852159880190165e-01 
2.4970399142451316e-01 	 8.1083333333333329e-01 
2.3618883943665933e-01 	 8.3204787248121814e-01 
2.2087614776597200e-01 	 8.5200376079295215e-01 
2.0388245524212120e-01 	 8.7054912190878775e-01 
1.8533709412628555e-01 	 8.8754281443263860e-01 
1.6538120581455168e-01 	 9.0285550610332588e-01 
1.4416666666666675e-01 	 9.1637065809117968e-01 
1.2185493213523511e-01 	 9.2798541192890061e-01 
9.8615807992234641e-02 	 9.3761137232660352e-01 
7.4626158004560086e-02 	 9.4517527991334793e-01 
5.0068557893964881e-02 	 9.5061956878518661e-01 
2.5129905825574762e-02 	 9.5390280461645327e-01 
1.7655324687707674e-17 	 9.5499999999999996e-01 
-2.5129905825574728e-02 	 9.5390280461645327e-01 
-5.0068557893964839e-02 	 9.5061956878518661e-01 
-7.4626158004560045e-02 	 9.4517527991334804e-01 
-9.8615807992234350e-02 	 9.3761137232660352e-01 
-1.2185493213523486e-01 	 9.2798541192890083e-01 
-1.4416666666666672e-01 	 9.1637065809117968e-01 
-1.6538120581455165e-01 	 9.0285550610332588e-01 
-1.8533709412628552e-01 	 8.8754281443263860e-01 
-2.0388245524212117e-01 	 8.7054912190878786e-01 
-2.2087614776597195e-01 	 8.5200376079295215e-01 
-2.3618883943665925e-01 	 8.3204787248121836e-01 
-2.4970399142451311e-01 	 8.1083333333333341e-01 
-2.6131874526223398e-01 	 7.8852159880190176e-01 
-2.7094470565993689e-01 	 7.6528247465890131e-01 
-2.7850861324668136e-01 	 7.4129282467122670e-01 
-2.8395290211851998e-01 	 7.1673522456063155e-01 
-2.8723613794978664e-01 	 6.9179657249224136e-01 
-2.8999999999999998e-01 	 6.6666666666666663e-01 
-2.8889646244660616e-01 	 6.4139150126984579e-01 
-2.8559424837354030e-01 	 6.1630869514325681e-01 
-2.8011848962382974e-01 	 5.9160914358693550e-01 
-2.7251086002791342e-01 	 5.6748082510222264e-01 
-2.6282925824062847e-01 	 5.4410737076186377e-01 
-2.5114736709748720e-01 	 5.2166666666666672e-01 
-2.3755409284380755e-01 	 5.0032950012486321e-01 
-2.2215288850450357e-01 	 4.8025825985757020e-01 
-2.0506096654409875e-01 	 4.6160570012256785e-01 
-1.8640840680909640e-01 	 4.4451377816216303e-01 
-1.6633716654180339e-01 	 4.2911257382285906e-01 
-1.4500000000000005e-01 	 4.1551929956917949e-01 
-1.2255929590480280e-01 	 4.0383740842603816e-01 
-9.9185841564443919e-02 	 3.9415580663875321e-01 
-7.5057523079730973e-02 	 3.8654817704283684e-01 
-5.0357971523409782e-02 	 3.8107241829312632e-01 
-2.5275165396820887e-02 	 3.7777020422006047e-01 
1.7757378587636619e-17 	 3.7666666666666665e-01 
2.5275165396820860e-02 	 3.7777020422006047e-01 
5.0357971523409817e-02 	 3.8107241829312632e-01 
7.5057523079731014e-02 	 3.8654817704283684e-01 
9.9185841564443947e-02 	 3.9415580663875321e-01 
1.2255929590480283e-01 	 4.0383740842603816e-01 
1.4499999999999996e-01 	 4.1551929956917943e-01 
1.6633716654180331e-01 	 4.2911257382285900e-01 
1.8640840680909643e-01 	 4.4451377816216309e-01 
2.0506096654409878e-01 	 4.6160570012256785e-01 
2.2215288850450360e-01 	 4.8025825985757020e-01 
2.3755409284380757e-01 	 5.0032950012486321e-01 
2.5114736709748720e-01 	 5.2166666666666672e-01 
2.6282925824062847e-01 	 5.4410737076186377e-01 
2.7251086002791342e-01 	 5.6748082510222275e-01 
2.8011848962382974e-01 	 5.9160914358693562e-01 
2.8559424837354030e-01 	 6.1630869514325681e-01 
2.8889646244660616e-01 	 6.4139150126984579e-01 
2.8999999999999998e-01 	 6.6666666666666663e-01 
2.8889646244660616e-01 	 6.9194183206348747e-01 
2.8559424837354036e-01 	 7.1702463819007634e-01 
2.8011848962382974e-01 	 7.4172418974639764e-01 
2.7251086002791342e-01 	 7.6585250823111051e-01 
2.6282925824062847e-01 	 7.8922596257146949e-01 
2.5114736709748720e-01 	 8.1166666666666654e-01 
2.3755409284380763e-01 	 8.3300383320846993e-01 
2.2215288850450360e-01 	 8.5307507347576306e-01 
2.0506096654409878e-01 	 8.7172763321076541e-01 
1.8640840680909643e-01 	 8.8881955517117017e-01 
1.6633716654180342e-01 	 9.0422075951047420e-01 
1.4500000000000007e-01 	 9.1781403376415382e-01 
1.2255929590480294e-01 	 9.2949592490729505e-01 
9.9185841564444086e-02 	 9.3917752669457999e-01 
7.5057523079730945e-02 	 9.4678515629049642e-01 
5.0357971523409761e-02 	 9.5226091504020705e-01 
2.5275165396820860e-02 	 9.5556312911327279e-01 
1.7757378587636619e-17 	 9.5666666666666655e-01 
-2.5275165396820821e-02 	 9.5556312911327279e-01 
-5.0357971523409720e-02 	 9.5226091504020705e-01 
-7.5057523079730917e-02 	 9.4678515629049653e-01 
-9.9185841564443794e-02 	 9.3917752669458010e-01 
-1.2255929590480269e-01 	 9.2949592490729516e-01 
-1.4500000000000005e-01 	 9.1781403376415382e-01 
-1.6633716654180339e-01 	 9.0422075951047420e-01 
-1.8640840680909640e-01 	 8.8881955517117017e-01 
-2.0506096654409875e-01 	 8.7172763321076541e-01 
-2.2215288850450357e-01 	 8.5307507347576306e-01 
-2.3755409284380755e-01 	 8.3300383320847005e-01 
-2.5114736709748714e-01 	 8.1166666666666676e-01 
-2.6282925824062842e-01 	 7.8922596257146960e-01 
-2.7251086002791336e-01 	 7.6585250823111073e-01 
-2.8011848962382979e-01 	 7.4172418974639753e-01 
-2.8559424837354030e-01 	 7.1702463819007645e-01 
-2.8889646244660616e-01 	 6.9194183206348747e-01 
-2.9166666666666663e-01 	 6.6666666666666663e-01 
-2.9055678694342574e-01 	 6.4124624169859967e-01 
-2.8723559462856063e-01 	 6.1601928151381202e-01 
-2.8172836600097817e-01 	 5.9117777851176467e-01 
-2.7407701439588988e-01 	 5.6691079153001322e-01 
-2.6433977121902286e-01 	 5.4340300699229593e-01 
-2.5259074277046129e-01 	 5.2083333333333337e-01 
-2.3891934625095584e-01 	 4.9937353939761142e-01 
-2.2342962924303519e-01 	 4.7918694717475929e-01 
-2.0623947784607632e-01 	 4.6042718882059031e-01 
-1.8747971949190728e-01 	 4.4323703742363141e-01 
-1.6729312726905510e-01 	 4.2774732041571073e-01 
-1.4583333333333337e-01 	 4.1407592389620546e-01 
-1.2326365967437063e-01 	 4.0232689544764372e-01 
-9.9755875136653363e-02 	 3.9258965227077669e-01 
-7.5488888154901845e-02 	 3.8493830066568840e-01 
-5.0647385152854663e-02 	 3.7943107203810600e-01 
-2.5420424968066981e-02 	 3.7610987972324089e-01 
1.7859432487565564e-17 	 3.7500000000000000e-01 
2.5420424968066953e-02 	 3.7610987972324089e-01 
5.0647385152854697e-02 	 3.7943107203810600e-01 
7.5488888154901873e-02 	 3.8493830066568840e-01 
9.9755875136653391e-02 	 3.9258965227077675e-01 
1.2326365967437065e-01 	 4.0232689544764377e-01 
1.4583333333333329e-01 	 4.1407592389620534e-01 
1.6729312726905504e-01 	 4.2774732041571067e-01 
1.8747971949190731e-01 	 4.4323703742363141e-01 
2.0623947784607635e-01 	 4.6042718882059031e-01 
2.2342962924303522e-01 	 4.7918694717475935e-01 
2.3891934625095587e-01 	 4.9937353939761148e-01 
2.5259074277046129e-01 	 5.2083333333333337e-01 
2.6433977121902286e-01 	 5.4340300699229593e-01 
2.7407701439588988e-01 	 5.6691079153001322e-01 
2.8172836600097817e-01 	 5.9117777851176467e-01 
2.8723559462856063e-01 	 6.1601928151381191e-01 
2.9055678694342574e-01 	 6.4124624169859967e-01 
2.9166666666666663e-01 	 6.6666666666666663e-01 
2.9055678694342574e-01 	 6.9208709163473359e-01 
2.8723559462856069e-01 	 7.1731405181952124e-01 
2.8172836600097817e-01 	 7.4215555482156859e-01 
2.7407701439588988e-01 	 7.6642254180332003e-01 
2.6433977121902286e-01 	 7.8993032634103733e-01 
2.5259074277046129e-01 	 8.1249999999999989e-01 
2.3891934625095596e-01 	 8.3395979393572162e-01 
2.2342962924303522e-01 	 8.5414638615857386e-01 
2.0623947784607635e-01 	 8.7290614451274295e-01 
1.8747971949190731e-01 	 8.9009629590970185e-01 
1.6729312726905515e-01 	 9.0558601291762253e-01 
1.4583333333333340e-01 	 9.1925740943712775e-01 
1.2326365967437077e-01 	 9.3100643788568949e-01 
9.9755875136653530e-02 	 9.4074368106255646e-01 
7.5488888154901804e-02 	 9.4839503266764491e-01 
5.0647385152854642e-02 	 9.5390226129522726e-01 
2.5420424968066953e-02 	 9.5722345361009231e-01 
1.7859432487565564e-17 	 9.5833333333333326e-01 
-2.5420424968066919e-02 	 9.5722345361009231e-01 
-5.0647385152854600e-02 	 9.5390226129522726e-01 
-7.5488888154901776e-02 	 9.4839503266764491e-01 
-9.9755875136653238e-02 	 9.4074368106255657e-01 
-1.2326365967437052e-01 	 9.3100643788568949e-01 
-1.4583333333333337e-01 	 9.1925740943712775e-01 
-1.6729312726905510e-01 	 9.0558601291762253e-01 
-1.8747971949190728e-01 	 8.9009629590970185e-01 
-2.0623947784607632e-01 	 8.7290614451274295e-01 
-2.2342962924303519e-01 	 8.5414638615857397e-01 
-2.3891934625095584e-01 	 8.3395979393572184e-01 
-2.5259074277046117e-01 	 8.1250000000000000e-01 
-2.6433977121902280e-01 	 7.8993032634103744e-01 
-2.7407701439588988e-01 	 7.6642254180332015e-01 
-2.8172836600097823e-01 	 7.4215555482156847e-01 
-2.8723559462856063e-01 	 7.1731405181952124e-01 
-2.9055678694342574e-01 	 6.9208709163473359e-01 
-2.9333333333333333e-01 	 6.6666666666666663e-01 
-2.9221711144024537e-01 	 6.4110098212735356e-01 
-2.8887694088358101e-01 	 6.1572986788436712e-01 
-2.8333824237812666e-01 	 5.9074641343659384e-01 
-2.7564316876386646e-01 	 5.6634075795780370e-01 
-2.6585028419741730e-01 	 5.4269864322272809e-01 
-2.5403411844343537e-01 	 5.2000000000000002e-01 
-2.4028459965810420e-01 	 4.9841757867035968e-01 
-2.2470636998156684e-01 	 4.7811563449194838e-01 
-2.0741798914805393e-01 	 4.5924867751861265e-01 
-1.8855103217471822e-01 	 4.4196029668509973e-01 
-1.6824908799630686e-01 	 4.2638206700856240e-01 
-1.4666666666666672e-01 	 4.1263254822323137e-01 
-1.2396802344393847e-01 	 4.0081638246924928e-01 
-1.0032590870886282e-01 	 3.9102349790280017e-01 
-7.5920253230072718e-02 	 3.8332842428853992e-01 
-5.0936798782299557e-02 	 3.7778972578308562e-01 
-2.5565684539313082e-02 	 3.7444955522642126e-01 
1.7961486387494515e-17 	 3.7333333333333329e-01 
2.5565684539313054e-02 	 3.7444955522642126e-01 
5.0936798782299592e-02 	 3.7778972578308562e-01 
7.5920253230072746e-02 	 3.8332842428853992e-01 
1.0032590870886285e-01 	 3.9102349790280017e-01 
1.2396802344393851e-01 	 4.0081638246924933e-01 
1.4666666666666664e-01 	 4.1263254822323125e-01 
1.6824908799630681e-01 	 4.2638206700856235e-01 
1.8855103217471825e-01 	 4.4196029668509978e-01 
2.0741798914805396e-01 	 4.5924867751861270e-01 
2.2470636998156687e-01 	 4.7811563449194838e-01 
2.4028459965810423e-01 	 4.9841757867035974e-01 
2.5403411844343537e-01 	 5.2000000000000002e-01 
2.6585028419741730e-01 	 5.4269864322272809e-01 
2.7564316876386646e-01 	 5.6634075795780381e-01 
2.8333824237812666e-01 	 5.9074641343659384e-01 
2.8887694088358101e-01 	 6.1572986788436701e-01 
2.9221711144024537e-01 	 6.4110098212735356e-01 
2.9333333333333333e-01 	 6.6666666666666663e-01 
2.9221711144024537e-01 	 6.9223235120597970e-01 
2.8887694088358107e-01 	 7.1760346544896614e-01 
2.8333824237812666e-01 	 7.4258691989673942e-01 
2.7564316876386646e-01 	 7.6699257537552945e-01 
2.6585028419741730e-01 	 7.9063469011060517e-01 
2.5403411844343537e-01 	 8.1333333333333324e-01 
2.4028459965810428e-01 	 8.3491575466297341e-01 
2.2470636998156687e-01 	 8.5521769884138488e-01 
2.0741798914805396e-01 	 8.7408465581472061e-01 
1.8855103217471825e-01 	 8.9137303664823353e-01 
1.6824908799630692e-01 	 9.0695126632477086e-01 
1.4666666666666678e-01 	 9.2070078511010189e-01 
1.2396802344393862e-01 	 9.3251695086408393e-01 
1.0032590870886299e-01 	 9.4230983543053304e-01 
7.5920253230072690e-02 	 9.5000490904479329e-01 
5.0936798782299529e-02 	 9.5554360755024770e-01 
2.5565684539313054e-02 	 9.5888377810691194e-01 
1.7961486387494515e-17 	 9.5999999999999996e-01 
-2.5565684539313016e-02 	 9.5888377810691194e-01 
-5.0936798782299487e-02 	 9.5554360755024770e-01 
-7.5920253230072648e-02 	 9.5000490904479329e-01 
-1.0032590870886270e-01 	 9.4230983543053315e-01 
-1.2396802344393835e-01 	 9.3251695086408404e-01 
-1.4666666666666672e-01 	 9.2070078511010189e-01 
-1.6824908799630686e-01 	 9.0695126632477086e-01 
-1.8855103217471822e-01 	 8.9137303664823353e-01 
-2.0741798914805393e-01 	 8.7408465581472061e-01 
-2.2470636998156684e-01 	 8.5521769884138488e-01 
-2.4028459965810420e-01 	 8.3491575466297352e-01 
-2.5403411844343526e-01 	 8.1333333333333346e-01 
-2.6585028419741724e-01 	 7.9063469011060528e-01 
-2.7564316876386641e-01 	 7.6699257537552967e-01 
-2.8333824237812671e-01 	 7.4258691989673931e-01 
-2.8887694088358101e-01 	 7.1760346544896614e-01 
-2.9221711144024537e-01 	 6.9223235120597970e-01 
-2.9499999999999998e-01 	 6.6666666666666663e-01 
-2.9387743593706495e-01 	 6.4095572255610744e-01 
-2.9051828713860134e-01 	 6.1544045425492222e-01 
-2.8494811875527509e-01 	 5.9031504836142290e-01 
-2.7720932313184293e-01 	 5.6577072438559428e-01 
-2.6736079717581174e-01 	 5.4199427945316025e-01 
-2.5547749411640941e-01 	 5.1916666666666667e-01 
-2.4164985306525250e-01 	 4.9746161794310795e-01 
-2.2598311072009847e-01 	 4.7704432180913747e-01 
-2.0859650045003150e-01 	 4.5807016621663510e-01 
-1.8962234485752910e-01 	 4.4068355594656816e-01 
-1.6920504872355860e-01 	 4.2501681360141408e-01 
-1.4750000000000005e-01 	 4.1118917255025728e-01 
-1.2467238721350629e-01 	 3.9930586949085489e-01 
-1.0089594228107227e-01 	 3.8945734353482364e-01 
-7.6351618305243577e-02 	 3.8171854791139148e-01 
-5.1226212411744437e-02 	 3.7614837952806529e-01 
-2.5710944110559179e-02 	 3.7278923072960168e-01 
1.8063540287423460e-17 	 3.7166666666666665e-01 
2.5710944110559148e-02 	 3.7278923072960168e-01 
5.1226212411744472e-02 	 3.7614837952806529e-01 
7.6351618305243618e-02 	 3.8171854791139148e-01 
1.0089594228107229e-01 	 3.8945734353482370e-01 
1.2467238721350633e-01 	 3.9930586949085489e-01 
1.4749999999999996e-01 	 4.1118917255025722e-01 
1.6920504872355854e-01 	 4.2501681360141402e-01 
1.8962234485752913e-01 	 4.4068355594656816e-01 
2.0859650045003153e-01 	 4.5807016621663510e-01 
2.2598311072009850e-01 	 4.7704432180913753e-01 
2.4164985306525252e-01 	 4.9746161794310795e-01 
2.5547749411640941e-01 	 5.1916666666666667e-01 
2.6736079717581174e-01 	 5.4199427945316037e-01 
2.7720932313184293e-01 	 5.6577072438559439e-01 
2.8494811875527509e-01 	 5.9031504836142301e-01 
2.9051828713860134e-01 	 6.1544045425492211e-01 
2.9387743593706495e-01 	 6.4095572255610755e-01 
2.9499999999999998e-01 	 6.6666666666666663e-01 
2.9387743593706495e-01 	 6.9237761077722570e-01 
2.9051828713860139e-01 	 7.1789287907841104e-01 
2.8494811875527509e-01 	 7.4301828497191025e-01 
2.7720932313184293e-01 	 7.6756260894773887e-01 
2.6736079717581174e-01 	 7.9133905388017289e-01 
2.5547749411640941e-01 	 8.1416666666666659e-01 
2.4164985306525261e-01 	 8.3587171539022509e-01 
2.2598311072009850e-01 	 8.5628901152419568e-01 
2.0859650045003153e-01 	 8.7526316711669816e-01 
1.8962234485752913e-01 	 8.9264977738676510e-01 
1.6920504872355865e-01 	 9.0831651973191918e-01 
1.4750000000000010e-01 	 9.2214416078307604e-01 
1.2467238721350644e-01 	 9.3402746384247837e-01 
1.0089594228107243e-01 	 9.4387598979850962e-01 
7.6351618305243549e-02 	 9.5161478542194178e-01 
5.1226212411744410e-02 	 9.5718495380526802e-01 
2.5710944110559148e-02 	 9.6054410260373158e-01 
1.8063540287423460e-17 	 9.6166666666666667e-01 
-2.5710944110559113e-02 	 9.6054410260373158e-01 
-5.1226212411744368e-02 	 9.5718495380526802e-01 
-7.6351618305243521e-02 	 9.5161478542194178e-01 
-1.0089594228107214e-01 	 9.4387598979850962e-01 
-1.2467238721350618e-01 	 9.3402746384247837e-01 
-1.4750000000000005e-01 	 9.2214416078307604e-01 
-1.6920504872355860e-01 	 9.0831651973191918e-01 
-1.8962234485752910e-01 	 8.9264977738676510e-01 
-2.0859650045003150e-01 	 8.7526316711669816e-01 
-2.2598311072009847e-01 	 8.5628901152419579e-01 
-2.4164985306525250e-01 	 8.3587171539022531e-01 
-2.5547749411640935e-01 	 8.1416666666666671e-01 
-2.6736079717581163e-01 	 7.9133905388017312e-01 
-2.7720932313184293e-01 	 7.6756260894773909e-01 
-2.8494811875527515e-01 	 7.4301828497191025e-01 
-2.9051828713860134e-01 	 7.1789287907841104e-01 
-2.9387743593706495e-01 	 6.9237761077722582e-01 
-2.9666666666666663e-01 	 6.6666666666666663e-01 
-2.9553776043388447e-01 	 6.4081046298486133e-01 
-2.9215963339362166e-01 	 6.1515104062547732e-01 
-2.8655799513242353e-01 	 5.8988368328625207e-01 
-2.7877547749981946e-01 	 5.6520069081338487e-01 
-2.6887131015420612e-01 	 5.4128991568359242e-01 
-2.5692086978938344e-01 	 5.1833333333333331e-01 
-2.4301510647240082e-01 	 4.9650565721585621e-01 
-2.2725985145863009e-01 	 4.7597300912632662e-01 
-2.0977501175200905e-01 	 4.5689165491465755e-01 
-1.9069365754033998e-01 	 4.3940681520803648e-01 
-1.7016100945081034e-01 	 4.2365156019426575e-01 
-1.4833333333333337e-01 	 4.0974579687728324e-01 
-1.2537675098307413e-01 	 3.9779535651246045e-01 
-1.0146597585328171e-01 	 3.8789118916684717e-01 
-7.6782983380414449e-02 	 3.8010867153424305e-01 
-5.1515626041189318e-02 	 3.7450703327304496e-01 
-2.5856203681805273e-02 	 3.7112890623278216e-01 
1.8165594187352405e-17 	 3.7000000000000000e-01 
2.5856203681805245e-02 	 3.7112890623278216e-01 
5.1515626041189352e-02 	 3.7450703327304496e-01 
7.6782983380414477e-02 	 3.8010867153424305e-01 
1.0146597585328174e-01 	 3.8789118916684717e-01 
1.2537675098307416e-01 	 3.9779535651246051e-01 
1.4833333333333329e-01 	 4.0974579687728319e-01 
1.7016100945081028e-01 	 4.2365156019426575e-01 
1.9069365754034001e-01 	 4.3940681520803654e-01 
2.0977501175200908e-01 	 4.5689165491465755e-01 
2.2725985145863012e-01 	 4.7597300912632667e-01 
2.4301510647240085e-01 	 4.9650565721585627e-01 
2.5692086978938344e-01 	 5.1833333333333331e-01 
2.6887131015420612e-01 	 5.4128991568359253e-01 
2.7877547749981946e-01 	 5.6520069081338487e-01 
2.8655799513242353e-01 	 5.8988368328625207e-01 
2.9215963339362166e-01 	 6.1515104062547721e-01 
2.9553776043388447e-01 	 6.4081046298486144e-01 
2.9666666666666663e-01 	 6.6666666666666663e-01 
2.9553776043388447e-01 	 6.9252287034847182e-01 
2.9215963339362172e-01 	 7.1818229270785594e-01 
2.8655799513242353e-01 	 7.4344965004708119e-01 
2.7877547749981946e-01 	 7.6813264251994839e-01 
2.6887131015420612e-01 	 7.9204341764974073e-01 
2.5692086978938344e-01 	 8.1499999999999995e-01 
2.4301510647240090e-01 	 8.3682767611747688e-01 
2.2725985145863012e-01 	 8.5736032420700659e-01 
2.0977501175200908e-01 	 8.7644167841867571e-01 
1.9069365754034001e-01 	 8.9392651812529667e-01 
1.7016100945081036e-01 	 9.0968177313906751e-01 
1.4833333333333343e-01 	 9.2358753645604996e-01 
1.2537675098307427e-01 	 9.3553797682087270e-01 
1.0146597585328188e-01 	 9.4544214416648598e-01 
7.6782983380414407e-02 	 9.5322466179909027e-01 
5.1515626041189290e-02 	 9.5882630006028835e-01 
2.5856203681805245e-02 	 9.6220442710055110e-01 
1.8165594187352405e-17 	 9.6333333333333326e-01 
-2.5856203681805207e-02 	 9.6220442710055110e-01 
-5.1515626041189255e-02 	 9.5882630006028835e-01 
-7.6782983380414380e-02 	 9.5322466179909027e-01 
-1.0146597585328157e-01 	 9.4544214416648620e-01 
-1.2537675098307399e-01 	 9.3553797682087281e-01 
-1.4833333333333337e-01 	 9.2358753645604996e-01 
-1.7016100945081034e-01 	 9.0968177313906751e-01 
-1.9069365754033998e-01 	 8.9392651812529678e-01 
-2.0977501175200905e-01 	 8.7644167841867571e-01 
-2.2725985145863009e-01 	 8.5736032420700670e-01 
-2.4301510647240082e-01 	 8.3682767611747710e-01 
-2.5692086978938339e-01 	 8.1500000000000006e-01 
-2.6887131015420607e-01 	 7.9204341764974096e-01 
-2.7877547749981940e-01 	 7.6813264251994851e-01 
-2.8655799513242358e-01 	 7.4344965004708108e-01 
-2.9215963339362166e-01 	 7.1818229270785594e-01 
-2.9553776043388447e-01 	 6.9252287034847193e-01 
-2.9833333333333334e-01 	 6.6666666666666663e-01 
-2.9719808493070410e-01 	 6.4066520341361533e-01 
-2.9380097964864205e-01 	 6.1486162699603242e-01 
-2.8816787150957202e-01 	 5.8945231821108124e-01 
-2.8034163186779598e-01 	 5.6463065724117545e-01 
-2.7038182313260056e-01 	 5.4058555191402458e-01 
-2.5836424546235753e-01 	 5.1749999999999996e-01 
-2.4438035987954915e-01 	 4.9554969648860447e-01 
-2.2853659219716174e-01 	 4.7490169644351565e-01 
-2.1095352305398665e-01 	 4.5571314361267989e-01 
-1.9176497022315092e-01 	 4.3813007446950486e-01 
-1.7111697017806210e-01 	 4.2228630678711743e-01 
-1.4916666666666673e-01 	 4.0830242120430915e-01 
-1.2608111475264197e-01 	 3.9628484353406601e-01 
-1.0203600942549117e-01 	 3.8632503479887059e-01 
-7.7214348455585322e-02 	 3.7849879515709456e-01 
-5.1805039670634205e-02 	 3.7286568701802458e-01 
-2.6001463253051374e-02 	 3.6946858173596253e-01 
1.8267648087281353e-17 	 3.6833333333333329e-01 
2.6001463253051346e-02 	 3.6946858173596253e-01 
5.1805039670634240e-02 	 3.7286568701802458e-01 
7.7214348455585349e-02 	 3.7849879515709456e-01 
1.0203600942549119e-01 	 3.8632503479887065e-01 
1.2608111475264200e-01 	 3.9628484353406607e-01 
1.4916666666666664e-01 	 4.0830242120430910e-01 
1.7111697017806204e-01 	 4.2228630678711737e-01 
1.9176497022315095e-01 	 4.3813007446950492e-01 
2.1095352305398671e-01 	 4.5571314361268001e-01 
2.2853659219716177e-01 	 4.7490169644351571e-01 
2.4438035987954920e-01 	 4.9554969648860447e-01 
2.5836424546235753e-01 	 5.1750000000000007e-01 
2.7038182313260056e-01 	 5.4058555191402458e-01 
2.8034163186779598e-01 	 5.6463065724117545e-01 
2.8816787150957202e-01 	 5.8945231821108124e-01 
2.9380097964864205e-01 	 6.1486162699603231e-01 
2.9719808493070410e-01 	 6.4066520341361533e-01 
2.9833333333333334e-01 	 6.6666666666666663e-01 
2.9719808493070410e-01 	 6.9266812991971793e-01 
2.9380097964864210e-01 	 7.1847170633730073e-01 
2.8816787150957202e-01 	 7.4388101512225202e-01 
2.8034163186779598e-01 	 7.6870267609215781e-01 
2.7038182313260056e-01 	 7.9274778141930868e-01 
2.5836424546235753e-01 	 8.1583333333333319e-01 
2.4438035987954926e-01 	 8.3778363684472867e-01 
2.2853659219716177e-01 	 8.5843163688981750e-01 
2.1095352305398671e-01 	 8.7762018972065325e-01 
1.9176497022315095e-01 	 8.9520325886382834e-01 
1.7111697017806213e-01 	 9.1104702654621583e-01 
1.4916666666666678e-01 	 9.2503091212902411e-01 
1.2608111475264211e-01 	 9.3704848979926725e-01 
1.0203600942549133e-01 	 9.4700829853446256e-01 
7.7214348455585294e-02 	 9.5483453817623865e-01 
5.1805039670634184e-02 	 9.6046764631530879e-01 
2.6001463253051346e-02 	 9.6386475159737073e-01 
1.8267648087281353e-17 	 9.6499999999999997e-01 
-2.6001463253051308e-02 	 9.6386475159737073e-01 
-5.1805039670634143e-02 	 9.6046764631530879e-01 
-7.7214348455585252e-02 	 9.5483453817623865e-01 
-1.0203600942549104e-01 	 9.4700829853446267e-01 
-1.2608111475264186e-01 	 9.3704848979926725e-01 
-1.4916666666666673e-01 	 9.2503091212902411e-01 
-1.7111697017806210e-01 	 9.1104702654621583e-01 
-1.9176497022315092e-01 	 8.9520325886382834e-01 
-2.1095352305398665e-01 	 8.7762018972065337e-01 
-2.2853659219716174e-01 	 8.5843163688981761e-01 
-2.4438035987954915e-01 	 8.3778363684472879e-01 
-2.5836424546235748e-01 	 8.1583333333333341e-01 
-2.7038182313260051e-01 	 7.9274778141930879e-01 
-2.8034163186779593e-01 	 7.6870267609215803e-01 
-2.8816787150957207e-01 	 7.4388101512225191e-01 
-2.9380097964864205e-01 	 7.1847170633730084e-01 
-2.9719808493070410e-01 	 6.9266812991971793e-01 
-2.9999999999999999e-01 	 6.6666666666666663e-01 
-2.9885840942752367e-01 	 6.4051994384236921e-01 
-2.9544232590366237e-01 	 6.1457221336658752e-01 
-2.8977774788672045e-01 	 5.8902095313591030e-01 
-2.8190778623577251e-01 	 5.6406062366896592e-01 
-2.7189233611099495e-01 	 5.3988118814445674e-01 
-2.5980762113533162e-01 	 5.1666666666666661e-01 
-2.4574561328669747e-01 	 4.9459373576135268e-01 
-2.2981333293569337e-01 	 4.7383038376070480e-01 
-2.1213203435596423e-01 	 4.5453463231070235e-01 
-1.9283628290596180e-01 	 4.3685333373097324e-01 
-1.7207293090531384e-01 	 4.2092105337996910e-01 
-1.5000000000000005e-01 	 4.0685904553133512e-01 
-1.2678547852220978e-01 	 3.9477433055567163e-01 
-1.0260604299770061e-01 	 3.8475888043089412e-01 
-7.7645713530756180e-02 	 3.7688891877994612e-01 
-5.2094453300079092e-02 	 3.7122434076300426e-01 
-2.6146722824297471e-02 	 3.6780825723914295e-01 
1.8369701987210297e-17 	 3.6666666666666664e-01 
2.6146722824297440e-02 	 3.6780825723914295e-01 
5.2094453300079120e-02 	 3.7122434076300426e-01 
7.7645713530756222e-02 	 3.7688891877994612e-01 
1.0260604299770064e-01 	 3.8475888043089412e-01 
1.2678547852220984e-01 	 3.9477433055567168e-01 
1.4999999999999997e-01 	 4.0685904553133501e-01 
1.7207293090531378e-01 	 4.2092105337996910e-01 
1.9283628290596183e-01 	 4.3685333373097324e-01 
2.1213203435596426e-01 	 4.5453463231070240e-01 
2.2981333293569339e-01 	 4.7383038376070485e-01 
2.4574561328669750e-01 	 4.9459373576135279e-01 
2.5980762113533162e-01 	 5.1666666666666672e-01 
2.7189233611099495e-01 	 5.3988118814445685e-01 
2.8190778623577251e-01 	 5.6406062366896603e-01 
2.8977774788672045e-01 	 5.8902095313591041e-01 
2.9544232590366237e-01 	 6.1457221336658741e-01 
2.9885840942752367e-01 	 6.4051994384236921e-01 
2.9999999999999999e-01 	 6.6666666666666663e-01 
2.9885840942752367e-01 	 6.9281338949096405e-01 
2.9544232590366243e-01 	 7.1876111996674563e-01 
2.8977774788672045e-01 	 7.4431238019742285e-01 
2.8190778623577251e-01 	 7.6927270966436723e-01 
2.7189233611099495e-01 	 7.9345214518887641e-01 
2.5980762113533162e-01 	 8.1666666666666654e-01 
2.4574561328669756e-01 	 8.3873959757198036e-01 
2.2981333293569339e-01 	 8.5950294957262841e-01 
2.1213203435596426e-01 	 8.7879870102263080e-01 
1.9283628290596183e-01 	 8.9647999960236002e-01 
1.7207293090531386e-01 	 9.1241227995336416e-01 
1.5000000000000011e-01 	 9.2647428780199814e-01 
1.2678547852220995e-01 	 9.3855900277766158e-01 
1.0260604299770078e-01 	 9.4857445290243914e-01 
7.7645713530756152e-02 	 9.5644441455338713e-01 
5.2094453300079065e-02 	 9.6210899257032900e-01 
2.6146722824297440e-02 	 9.6552507609419025e-01 
1.8369701987210297e-17 	 9.6666666666666656e-01 
-2.6146722824297402e-02 	 9.6552507609419025e-01 
-5.2094453300079023e-02 	 9.6210899257032900e-01 
-7.7645713530756125e-02 	 9.5644441455338713e-01 
-1.0260604299770047e-01 	 9.4857445290243914e-01 
-1.2678547852220967e-01 	 9.3855900277766169e-01 
-1.5000000000000005e-01 	 9.2647428780199814e-01 
-1.7207293090531384e-01 	 9.1241227995336416e-01 
-1.9283628290596180e-01 	 8.9647999960236002e-01 
-2.1213203435596423e-01 	 8.7879870102263091e-01 
-2.2981333293569337e-01 	 8.5950294957262852e-01 
-2.4574561328669747e-01 	 8.3873959757198058e-01 
-2.5980762113533151e-01 	 8.1666666666666676e-01 
-2.7189233611099489e-01 	 7.9345214518887652e-01 
-2.8190778623577245e-01 	 7.6927270966436745e-01 
-2.8977774788672050e-01 	 7.4431238019742274e-01 
-2.9544232590366237e-01 	 7.1876111996674574e-01 
-2.9885840942752367e-01 	 6.9281338949096405e-01 
-3.0166666666666664e-01 	 6.6666666666666663e-01 
-3.0051873392434320e-01 	 6.4037468427112310e-01 
-2.9708367215868270e-01 	 6.1428279973714273e-01 
-2.9138762426386888e-01 	 5.8858958806073947e-01 
-2.8347394060374898e-01 	 5.6349059009675651e-01 
-2.7340284908938939e-01 	 5.3917682437488890e-01 
-2.6125099680830566e-01 	 5.1583333333333337e-01 
-2.4711086669384577e-01 	 4.9363777503410100e-01 
-2.3109007367422499e-01 	 4.7275907107789394e-01 
-2.1331054565794180e-01 	 4.5335612100872480e-01 
-1.9390759558877269e-01 	 4.3557659299244161e-01 
-1.7302889163256557e-01 	 4.1955579997282083e-01 
-1.5083333333333337e-01 	 4.0541566985836103e-01 
-1.2748984229177762e-01 	 3.9326381757727724e-01 
-1.0317607656991006e-01 	 3.8319272606291760e-01 
-7.8077078605927053e-02 	 3.7527904240279769e-01 
-5.2383866929523973e-02 	 3.6958299450798393e-01 
-2.6291982395543565e-02 	 3.6614793274232343e-01 
1.8471755887139242e-17 	 3.6499999999999999e-01 
2.6291982395543537e-02 	 3.6614793274232343e-01 
5.2383866929524001e-02 	 3.6958299450798393e-01 
7.8077078605927080e-02 	 3.7527904240279769e-01 
1.0317607656991008e-01 	 3.8319272606291765e-01 
1.2748984229177765e-01 	 3.9326381757727724e-01 
1.5083333333333329e-01 	 4.0541566985836097e-01 
1.7302889163256552e-01 	 4.1955579997282078e-01 
1.9390759558877271e-01 	 4.3557659299244167e-01 
2.1331054565794183e-01 	 4.5335612100872480e-01 
2.3109007367422502e-01 	 4.7275907107789394e-01 
2.4711086669384580e-01 	 4.9363777503410100e-01 
2.6125099680830566e-01 	 5.1583333333333337e-01 
2.7340284908938939e-01 	 5.3917682437488901e-01 
2.8347394060374898e-01 	 5.6349059009675662e-01 
2.9138762426386888e-01 	 5.8858958806073947e-01 
2.9708367215868270e-01 	 6.1428279973714262e-01 
3.0051873392434320e-01 	 6.4037468427112310e-01 
3.0166666666666664e-01 	 6.6666666666666663e-01 
3.0051873392434320e-01 	 6.9295864906221016e-01 
2.9708367215868275e-01 	 7.1905053359619053e-01 
2.9138762426386888e-01 	 7.4474374527259379e-01 
2.8347394060374898e-01 	 7.6984274323657664e-01 
2.7340284908938939e-01 	 7.9415650895844425e-01 
2.6125099680830566e-01 	 8.1749999999999989e-01 
2.4711086669384588e-01 	 8.3969555829923204e-01 
2.3109007367422502e-01 	 8.6057426225543932e-01 
2.1331054565794183e-01 	 8.7997721232460846e-01 
1.9390759558877271e-01 	 8.9775674034089159e-01 
1.7302889163256560e-01 	 9.1377753336051248e-01 
1.5083333333333343e-01 	 9.2791766347497218e-01 
1.2748984229177776e-01 	 9.4006951575605591e-01 
1.0317607656991022e-01 	 9.5014060727041560e-01 
7.8077078605927011e-02 	 9.5805429093053562e-01 
5.2383866929523945e-02 	 9.6375033882534944e-01 
2.6291982395543537e-02 	 9.6718540059100988e-01 
1.8471755887139242e-17 	 9.6833333333333327e-01 
-2.6291982395543499e-02 	 9.6718540059100988e-01 
-5.2383866929523903e-02 	 9.6375033882534944e-01 
-7.8077078605926983e-02 	 9.5805429093053562e-01 
-1.0317607656990992e-01 	 9.5014060727041572e-01 
-1.2748984229177751e-01 	 9.4006951575605613e-01 
-1.5083333333333337e-01 	 9.2791766347497218e-01 
-1.7302889163256557e-01 	 9.1377753336051248e-01 
-1.9390759558877269e-01 	 8.9775674034089170e-01 
-2.1331054565794180e-01 	 8.7997721232460846e-01 
-2.3109007367422499e-01 	 8.6057426225543932e-01 
-2.4711086669384577e-01 	 8.3969555829923226e-01 
-2.6125099680830560e-01 	 8.1750000000000012e-01 
-2.7340284908938933e-01 	 7.9415650895844436e-01 
-2.8347394060374898e-01 	 7.6984274323657687e-01 
-2.9138762426386894e-01 	 7.4474374527259368e-01 
-2.9708367215868270e-01 	 7.1905053359619053e-01 
-3.0051873392434320e-01 	 6.9295864906221016e-01 
-3.0333333333333329e-01 	 6.6666666666666663e-01 
-3.0217905842116277e-01 	 6.4022942469987698e-01 
-2.9872501841370308e-01 	 6.1399338610769782e-01 
-2.9299750064101732e-01 	 5.8815822298556864e-01 
-2.8504009497172550e-01 	 5.6292055652454709e-01 
-2.7491336206778377e-01 	 5.3847246060532117e-01 
-2.6269437248127969e-01 	 5.1500000000000001e-01 
-2.4847612010099407e-01 	 4.9268181430684926e-01 
-2.3236681441275658e-01 	 4.7168775839508303e-01 
-2.1448905695991938e-01 	 4.5217760970674725e-01 
-1.9497890827158357e-01 	 4.3429985225390999e-01 
-1.7398485235981731e-01 	 4.1819054656567256e-01 
-1.5166666666666670e-01 	 4.0397229418538699e-01 
-1.2819420606134543e-01 	 3.9175330459888280e-01 
-1.0374611014211950e-01 	 3.8162657169494113e-01 
-7.8508443681097911e-02 	 3.7366916602564926e-01 
-5.2673280558968853e-02 	 3.6794164825296355e-01 
-2.6437241966789662e-02 	 3.6448760824550386e-01 
1.8573809787068187e-17 	 3.6333333333333334e-01 
2.6437241966789631e-02 	 3.6448760824550386e-01 
5.2673280558968888e-02 	 3.6794164825296355e-01 
7.8508443681097939e-02 	 3.7366916602564926e-01 
1.0374611014211953e-01 	 3.8162657169494113e-01 
1.2819420606134549e-01 	 3.9175330459888286e-01 
1.5166666666666662e-01 	 4.0397229418538694e-01 
1.7398485235981725e-01 	 4.1819054656567245e-01 
1.9497890827158362e-01 	 4.3429985225391005e-01 
2.1448905695991941e-01 	 4.5217760970674725e-01 
2.3236681441275664e-01 	 4.7168775839508303e-01 
2.4847612010099410e-01 	 4.9268181430684932e-01 
2.6269437248127969e-01 	 5.1500000000000001e-01 
2.7491336206778377e-01 	 5.3847246060532117e-01 
2.8504009497172550e-01 	 5.6292055652454709e-01 
2.9299750064101732e-01 	 5.8815822298556864e-01 
2.9872501841370308e-01 	 6.1399338610769771e-01 
3.0217905842116277e-01 	 6.4022942469987698e-01 
3.0333333333333329e-01 	 6.6666666666666663e-01 
3.0217905842116277e-01 	 6.9310390863345628e-01 
2.9872501841370308e-01 	 7.1933994722563543e-01 
2.9299750064101732e-01 	 7.4517511034776462e-01 
2.8504009497172550e-01 	 7.7041277680878617e-01 
2.7491336206778377e-01 	 7.9486087272801209e-01 
2.6269437248127969e-01 	 8.1833333333333325e-01 
2.4847612010099418e-01 	 8.4065151902648383e-01 
2.3236681441275664e-01 	 8.6164557493825022e-01 
2.1448905695991941e-01 	 8.8115572362658601e-01 
1.9497890827158362e-01 	 8.9903348107942316e-01 
1.7398485235981734e-01 	 9.1514278676766070e-01 
1.5166666666666676e-01 	 9.2936103914794632e-01 
1.2819420606134560e-01 	 9.4158002873445035e-01 
1.0374611014211967e-01 	 9.5170676163839207e-01 
7.8508443681097884e-02 	 9.5966416730768400e-01 
5.2673280558968825e-02 	 9.6539168508036965e-01 
2.6437241966789631e-02 	 9.6884572508782940e-01 
1.8573809787068187e-17 	 9.6999999999999997e-01 
-2.6437241966789593e-02 	 9.6884572508782940e-01 
-5.2673280558968784e-02 	 9.6539168508036965e-01 
-7.8508443681097842e-02 	 9.5966416730768400e-01 
-1.0374611014211936e-01 	 9.5170676163839218e-01 
-1.2819420606134532e-01 	 9.4158002873445046e-01 
-1.5166666666666670e-01 	 9.2936103914794632e-01 
-1.7398485235981731e-01 	 9.1514278676766070e-01 
-1.9497890827158357e-01 	 8.9903348107942327e-01 
-2.1448905695991938e-01 	 8.8115572362658601e-01 
-2.3236681441275658e-01 	 8.6164557493825022e-01 
-2.4847612010099407e-01 	 8.4065151902648405e-01 
-2.6269437248127964e-01 	 8.1833333333333336e-01 
-2.7491336206778372e-01 	 7.9486087272801220e-01 
-2.8504009497172544e-01 	 7.7041277680878628e-01 
-2.9299750064101737e-01 	 7.4517511034776451e-01 
-2.9872501841370308e-01 	 7.1933994722563543e-01 
-3.0217905842116277e-01 	 6.9310390863345628e-01 
-3.0499999999999999e-01 	 6.6666666666666663e-01 
-3.0383938291798240e-01 	 6.4008416512863087e-01 
-3.0036636466872346e-01 	 6.1370397247825292e-01 
-2.9460737701816581e-01 	 5.8772685791039769e-01 
-2.8660624933970202e-01 	 5.6235052295233756e-01 
-2.7642387504617821e-01 	 5.3776809683575322e-01 
-2.6413774815425378e-01 	 5.1416666666666666e-01 
-2.4984137350814242e-01 	 4.9172585357959753e-01 
-2.3364355515128826e-01 	 4.7061644571227212e-01 
-2.1566756826189698e-01 	 4.5099909840476959e-01 
-1.9605022095439451e-01 	 4.3302311151537831e-01 
-1.7494081308706907e-01 	 4.1682529315852418e-01 
-1.5250000000000005e-01 	 4.0252891851241290e-01 
-1.2889856983091330e-01 	 3.9024279162048836e-01 
-1.0431614371432896e-01 	 3.8006041732696455e-01 
-7.8939808756268784e-02 	 3.7205928964850082e-01 
-5.2962694188413741e-02 	 3.6630030199794317e-01 
-2.6582501538035760e-02 	 3.6282728374868423e-01 
1.8675863686997135e-17 	 3.6166666666666664e-01 
2.6582501538035732e-02 	 3.6282728374868423e-01 
5.2962694188413775e-02 	 3.6630030199794317e-01 
7.8939808756268826e-02 	 3.7205928964850082e-01 
1.0431614371432898e-01 	 3.8006041732696461e-01 
1.2889856983091333e-01 	 3.9024279162048842e-01 
1.5249999999999997e-01 	 4.0252891851241285e-01 
1.7494081308706902e-01 	 4.1682529315852412e-01 
1.9605022095439453e-01 	 4.3302311151537837e-01 
2.1566756826189701e-01 	 4.5099909840476965e-01 
2.3364355515128829e-01 	 4.7061644571227212e-01 
2.4984137350814245e-01 	 4.9172585357959753e-01 
2.6413774815425378e-01 	 5.1416666666666666e-01 
2.7642387504617821e-01 	 5.3776809683575333e-01 
2.8660624933970202e-01 	 5.6235052295233767e-01 
2.9460737701816581e-01 	 5.8772685791039780e-01 
3.0036636466872346e-01 	 6.1370397247825281e-01 
3.0383938291798240e-01 	 6.4008416512863087e-01 
3.0499999999999999e-01 	 6.6666666666666663e-01 
3.0383938291798240e-01 	 6.9324916820470239e-01 
3.0036636466872346e-01 	 7.1962936085508034e-01 
2.9460737701816581e-01 	 7.4560647542293546e-01 
2.8660624933970202e-01 	 7.7098281038099559e-01 
2.7642387504617821e-01 	 7.9556523649757993e-01 
2.6413774815425378e-01 	 8.1916666666666660e-01 
2.4984137350814253e-01 	 8.4160747975373562e-01 
2.3364355515128829e-01 	 8.6271688762106113e-01 
2.1566756826189701e-01 	 8.8233423492856367e-01 
1.9605022095439453e-01 	 9.0031022181795484e-01 
1.7494081308706910e-01 	 9.1650804017480914e-01 
1.5250000000000011e-01 	 9.3080441482092036e-01 
1.2889856983091344e-01 	 9.4309054171284479e-01 
1.0431614371432912e-01 	 9.5327291600636865e-01 
7.8939808756268756e-02 	 9.6127404368483238e-01 
5.2962694188413713e-02 	 9.6703303133539009e-01 
2.6582501538035732e-02 	 9.7050604958464903e-01 
1.8675863686997135e-17 	 9.7166666666666668e-01 
-2.6582501538035694e-02 	 9.7050604958464903e-01 
-5.2962694188413671e-02 	 9.6703303133539009e-01 
-7.8939808756268728e-02 	 9.6127404368483249e-01 
-1.0431614371432882e-01 	 9.5327291600636865e-01 
-1.2889856983091316e-01 	 9.4309054171284490e-01 
-1.5250000000000005e-01 	 9.3080441482092036e-01 
-1.7494081308706907e-01 	 9.1650804017480914e-01 
-1.9605022095439451e-01 	 9.0031022181795495e-01 
-2.1566756826189698e-01 	 8.8233423492856367e-01 
-2.3364355515128826e-01 	 8.6271688762106113e-01 
-2.4984137350814242e-01 	 8.4160747975373573e-01 
-2.6413774815425373e-01 	 8.1916666666666671e-01 
-2.7642387504617816e-01 	 7.9556523649758004e-01 
-2.8660624933970202e-01 	 7.7098281038099581e-01 
-2.9460737701816581e-01 	 7.4560647542293546e-01 
-3.0036636466872346e-01 	 7.1962936085508034e-01 
-3.0383938291798240e-01 	 6.9324916820470239e-01 
-3.0666666666666664e-01 	 6.6666666666666663e-01 
-3.0549970741480192e-01 	 6.3993890555738475e-01 
-3.0200771092374379e-01 	 6.1341455884880802e-01 
-2.9621725339531424e-01 	 5.8729549283522686e-01 
-2.8817240370767855e-01 	 5.6178048938012815e-01 
-2.7793438802457260e-01 	 5.3706373306618549e-01 
-2.6558112382722787e-01 	 5.1333333333333331e-01 
-2.5120662691529072e-01 	 4.9076989285234573e-01 
-2.3492029588981989e-01 	 4.6954513302946121e-01 
-2.1684607956387453e-01 	 4.4982058710279205e-01 
-1.9712153363720539e-01 	 4.3174637077684674e-01 
-1.7589677381432081e-01 	 4.1546003975137585e-01 
-1.5333333333333338e-01 	 4.0108554283943887e-01 
-1.2960293360048111e-01 	 3.8873227864209398e-01 
-1.0488617728653840e-01 	 3.7849426295898808e-01 
-7.9371173831439656e-02 	 3.7044941327135239e-01 
-5.3252107817858621e-02 	 3.6465895574292284e-01 
-2.6727761109281857e-02 	 3.6116695925186471e-01 
1.8777917586926080e-17 	 3.5999999999999999e-01 
2.6727761109281826e-02 	 3.6116695925186471e-01 
5.3252107817858656e-02 	 3.6465895574292284e-01 
7.9371173831439684e-02 	 3.7044941327135239e-01 
1.0488617728653843e-01 	 3.7849426295898808e-01 
1.2960293360048114e-01 	 3.8873227864209403e-01 
1.5333333333333329e-01 	 4.0108554283943876e-01 
1.7589677381432073e-01 	 4.1546003975137580e-01 
1.9712153363720541e-01 	 4.3174637077684674e-01 
2.1684607956387458e-01 	 4.4982058710279210e-01 
2.3492029588981991e-01 	 4.6954513302946121e-01 
2.5120662691529078e-01 	 4.9076989285234579e-01 
2.6558112382722787e-01 	 5.1333333333333342e-01 
2.7793438802457260e-01 	 5.3706373306618549e-01 
2.8817240370767855e-01 	 5.6178048938012826e-01 
2.9621725339531424e-01 	 5.8729549283522686e-01 
3.0200771092374379e-01 	 6.1341455884880791e-01 
3.0549970741480192e-01 	 6.3993890555738486e-01 
3.0666666666666664e-01 	 6.6666666666666663e-01 
3.0549970741480192e-01 	 6.9339442777594840e-01 
3.0200771092374379e-01 	 7.1991877448452524e-01 
2.9621725339531424e-01 	 7.4603784049810640e-01 
2.8817240370767855e-01 	 7.7155284395320500e-01 
2.7793438802457260e-01 	 7.9626960026714777e-01 
2.6558112382722787e-01 	 8.1999999999999984e-01 
2.5120662691529083e-01 	 8.4256344048098730e-01 
2.3492029588981991e-01 	 8.6378820030387204e-01 
2.1684607956387458e-01 	 8.8351274623054121e-01 
1.9712153363720541e-01 	 9.0158696255648652e-01 
1.7589677381432084e-01 	 9.1787329358195735e-01 
1.5333333333333343e-01 	 9.3224779049389439e-01 
1.2960293360048128e-01 	 9.4460105469123923e-01 
1.0488617728653857e-01 	 9.5483907037434512e-01 
7.9371173831439615e-02 	 9.6288392006198087e-01 
5.3252107817858600e-02 	 9.6867437759041042e-01 
2.6727761109281826e-02 	 9.7216637408146855e-01 
1.8777917586926080e-17 	 9.7333333333333327e-01 
-2.6727761109281788e-02 	 9.7216637408146855e-01 
-5.3252107817858552e-02 	 9.6867437759041042e-01 
-7.9371173831439587e-02 	 9.6288392006198098e-01 
-1.0488617728653826e-01 	 9.5483907037434523e-01 
-1.2960293360048100e-01 	 9.4460105469123934e-01 
-1.5333333333333338e-01 	 9.3224779049389439e-01 
-1.7589677381432081e-01 	 9.1787329358195735e-01 
-1.9712153363720539e-01 	 9.0158696255648652e-01 
-2.1684607956387453e-01 	 8.8351274623054121e-01 
-2.3492029588981989e-01 	 8.6378820030387204e-01 
-2.5120662691529072e-01 	 8.4256344048098752e-01 
-2.6558112382722776e-01 	 8.2000000000000006e-01 
-2.7793438802457254e-01 	 7.9626960026714788e-01 
-2.8817240370767849e-01 	 7.7155284395320523e-01 
-2.9621725339531424e-01 	 7.4603784049810629e-01 
-3.0200771092374379e-01 	 7.1991877448452524e-01 
-3.0549970741480192e-01 	 6.9339442777594851e-01 
-3.0833333333333329e-01 	 6.6666666666666663e-01 
-3.0716003191162150e-01 	 6.3979364598613864e-01 
-3.0364905717876411e-01 	 6.1312514521936312e-01 
-2.9782712977246267e-01 	 5.8686412776005603e-01 
-2.8973855807565502e-01 	 5.6121045580791873e-01 
-2.7944490100296704e-01 	 5.3635936929661765e-01 
-2.6702449950020191e-01 	 5.1249999999999996e-01 
-2.5257188032243905e-01 	 4.8981393212509405e-01 
-2.3619703662835148e-01 	 4.6847382034665030e-01 
-2.1802459086585210e-01 	 4.4864207580081450e-01 
-1.9819284632001627e-01 	 4.3046963003831507e-01 
-1.7685273454157255e-01 	 4.1409478634422758e-01 
-1.5416666666666670e-01 	 3.9964216716646478e-01 
-1.3030729737004895e-01 	 3.8722176566369959e-01 
-1.0545621085874785e-01 	 3.7692810859101156e-01 
-7.9802538906610515e-02 	 3.6883953689420396e-01 
-5.3541521447303501e-02 	 3.6301760948790252e-01 
-2.6873020680527951e-02 	 3.5950663475504513e-01 
1.8879971486855025e-17 	 3.5833333333333334e-01 
2.6873020680527923e-02 	 3.5950663475504513e-01 
5.3541521447303536e-02 	 3.6301760948790252e-01 
7.9802538906610557e-02 	 3.6883953689420396e-01 
1.0545621085874787e-01 	 3.7692810859101161e-01 
1.3030729737004898e-01 	 3.8722176566369959e-01 
1.5416666666666662e-01 	 3.9964216716646472e-01 
1.7685273454157246e-01 	 4.1409478634422747e-01 
1.9819284632001632e-01 	 4.3046963003831518e-01 
2.1802459086585213e-01 	 4.4864207580081450e-01 
2.3619703662835154e-01 	 4.6847382034665036e-01 
2.5257188032243905e-01 	 4.8981393212509405e-01 
2.6702449950020191e-01 	 5.1250000000000007e-01 
2.7944490100296704e-01 	 5.3635936929661765e-01 
2.8973855807565502e-01 	 5.6121045580791873e-01 
2.9782712977246267e-01 	 5.8686412776005603e-01 
3.0364905717876411e-01 	 6.1312514521936301e-01 
3.0716003191162150e-01 	 6.3979364598613875e-01 
3.0833333333333329e-01 	 6.6666666666666663e-01 
3.0716003191162150e-01 	 6.9353968734719451e-01 
3.0364905717876411e-01 	 7.2020818811397014e-01 
2.9782712977246267e-01 	 7.4646920557327723e-01 
2.8973855807565502e-01 	 7.7212287752541453e-01 
2.7944490100296704e-01 	 7.9697396403671561e-01 
2.6702449950020191e-01 	 8.2083333333333319e-01 
2.5257188032243916e-01 	 8.4351940120823909e-01 
2.3619703662835154e-01 	 8.6485951298668295e-01 
2.1802459086585213e-01 	 8.8469125753251876e-01 
1.9819284632001632e-01 	 9.0286370329501808e-01 
1.7685273454157258e-01 	 9.1923854698910568e-01 
1.5416666666666676e-01 	 9.3369116616686854e-01 
1.3030729737004909e-01 	 9.4611156766963367e-01 
1.0545621085874801e-01 	 9.5640522474232159e-01 
7.9802538906610487e-02 	 9.6449379643912936e-01 
5.3541521447303481e-02 	 9.7031572384543074e-01 
2.6873020680527923e-02 	 9.7382669857828819e-01 
1.8879971486855025e-17 	 9.7499999999999987e-01 
-2.6873020680527885e-02 	 9.7382669857828819e-01 
-5.3541521447303432e-02 	 9.7031572384543074e-01 
-7.9802538906610446e-02 	 9.6449379643912936e-01 
-1.0545621085874771e-01 	 9.5640522474232170e-01 
-1.3030729737004881e-01 	 9.4611156766963367e-01 
-1.5416666666666670e-01 	 9.3369116616686854e-01 
-1.7685273454157255e-01 	 9.1923854698910568e-01 
-1.9819284632001627e-01 	 9.0286370329501819e-01 
-2.1802459086585210e-01 	 8.8469125753251876e-01 
-2.3619703662835148e-01 	 8.6485951298668295e-01 
-2.5257188032243905e-01 	 8.4351940120823921e-01 
-2.6702449950020185e-01 	 8.2083333333333341e-01 
-2.7944490100296698e-01 	 7.9697396403671572e-01 
-2.8973855807565502e-01 	 7.7212287752541464e-01 
-2.9782712977246267e-01 	 7.4646920557327712e-01 
-3.0364905717876411e-01 	 7.2020818811397014e-01 
-3.0716003191162150e-01 	 6.9353968734719462e-01 
-3.1000000000000000e-01 	 6.6666666666666663e-01 
-3.0882035640844113e-01 	 6.3964838641489263e-01 
-3.0529040343378450e-01 	 6.1283573158991822e-01 
-2.9943700614961116e-01 	 5.8643276268488509e-01 
-2.9130471244363160e-01 	 5.6064042223570931e-01 
-2.8095541398136148e-01 	 5.3565500552704981e-01 
-2.6846787517317600e-01 	 5.1166666666666671e-01 
-2.5393713372958737e-01 	 4.8885797139784226e-01 
-2.3747377736688316e-01 	 4.6740250766383939e-01 
-2.1920310216782971e-01 	 4.4746356449883690e-01 
-1.9926415900282721e-01 	 4.2919288929978344e-01 
-1.7780869526882431e-01 	 4.1272953293707920e-01 
-1.5500000000000005e-01 	 3.9819879149349069e-01 
-1.3101166113961679e-01 	 3.8571125268530509e-01 
-1.0602624443095730e-01 	 3.7536195422303503e-01 
-8.0233903981781388e-02 	 3.6722966051705547e-01 
-5.3830935076748396e-02 	 3.6137626323288213e-01 
-2.7018280251774052e-02 	 3.5784631025822550e-01 
1.8982025386783976e-17 	 3.5666666666666663e-01 
2.7018280251774024e-02 	 3.5784631025822550e-01 
5.3830935076748430e-02 	 3.6137626323288213e-01 
8.0233903981781429e-02 	 3.6722966051705547e-01 
1.0602624443095733e-01 	 3.7536195422303503e-01 
1.3101166113961682e-01 	 3.8571125268530515e-01 
1.5499999999999997e-01 	 3.9819879149349063e-01 
1.7780869526882423e-01 	 4.1272953293707915e-01 
1.9926415900282723e-01 	 4.2919288929978350e-01 
2.1920310216782973e-01 	 4.4746356449883695e-01 
2.3747377736688319e-01 	 4.6740250766383939e-01 
2.5393713372958743e-01 	 4.8885797139784226e-01 
2.6846787517317600e-01 	 5.1166666666666671e-01 
2.8095541398136148e-01 	 5.3565500552704981e-01 
2.9130471244363160e-01 	 5.6064042223570931e-01 
2.9943700614961116e-01 	 5.8643276268488509e-01 
3.0529040343378450e-01 	 6.1283573158991811e-01 
3.0882035640844113e-01 	 6.3964838641489263e-01 
3.1000000000000000e-01 	 6.6666666666666663e-01 
3.0882035640844113e-01 	 6.9368494691844063e-01 
3.0529040343378450e-01 	 7.2049760174341493e-01 
2.9943700614961116e-01 	 7.4690057064844817e-01 
2.9130471244363160e-01 	 7.7269291109762395e-01 
2.8095541398136148e-01 	 7.9767832780628345e-01 
2.6846787517317600e-01 	 8.2166666666666655e-01 
2.5393713372958748e-01 	 8.4447536193549078e-01 
2.3747377736688319e-01 	 8.6593082566949386e-01 
2.1920310216782973e-01 	 8.8586976883449631e-01 
1.9926415900282723e-01 	 9.0414044403354976e-01 
1.7780869526882434e-01 	 9.2060380039625400e-01 
1.5500000000000011e-01 	 9.3513454183984257e-01 
1.3101166113961696e-01 	 9.4762208064802800e-01 
1.0602624443095747e-01 	 9.5797137911029817e-01 
8.0233903981781360e-02 	 9.6610367281627774e-01 
5.3830935076748368e-02 	 9.7195707010045118e-01 
2.7018280251774024e-02 	 9.7548702307510782e-01 
1.8982025386783976e-17 	 9.7666666666666657e-01 
-2.7018280251773982e-02 	 9.7548702307510782e-01 
-5.3830935076748326e-02 	 9.7195707010045118e-01 
-8.0233903981781332e-02 	 9.6610367281627785e-01 
-1.0602624443095716e-01 	 9.5797137911029828e-01 
-1.3101166113961668e-01 	 9.4762208064802822e-01 
-1.5500000000000005e-01 	 9.3513454183984257e-01 
-1.7780869526882431e-01 	 9.2060380039625400e-01 
-1.9926415900282721e-01 	 9.0414044403354987e-01 
-2.1920310216782971e-01 	 8.8586976883449631e-01 
-2.3747377736688316e-01 	 8.6593082566949386e-01 
-2.5393713372958737e-01 	 8.4447536193549100e-01 
-2.6846787517317594e-01 	 8.2166666666666677e-01 
-2.8095541398136142e-01 	 7.9767832780628356e-01 
-2.9130471244363154e-01 	 7.7269291109762417e-01 
-2.9943700614961116e-01 	 7.4690057064844795e-01 
-3.0529040343378450e-01 	 7.2049760174341504e-01 
-3.0882035640844113e-01 	 6.9368494691844063e-01 
-3.1166666666666665e-01 	 6.6666666666666663e-01 
-3.1048068090526065e-01 	 6.3950312684364652e-01 
-3.0693174968880482e-01 	 6.1254631796047332e-01 
-3.0104688252675960e-01 	 5.8600139760971426e-01 
-2.9287086681160807e-01 	 5.6007038866349990e-01 
-2.8246592695975586e-01 	 5.3495064175748197e-01 
-2.6991125084615003e-01 	 5.1083333333333336e-01 
-2.5530238713673570e-01 	 4.8790201067059052e-01 
-2.3875051810541476e-01 	 4.6633119498102849e-01 
-2.2038161346980728e-01 	 4.4628505319685929e-01 
-2.0033547168563809e-01 	 4.2791614856125182e-01 
-1.7876465599607605e-01 	 4.1136427952993088e-01 
-1.5583333333333338e-01 	 3.9675541582051665e-01 
-1.3171602490918460e-01 	 3.8420073970691071e-01 
-1.0659627800316675e-01 	 3.7379579985505851e-01 
-8.0665269056952260e-02 	 3.6561978413990703e-01 
-5.4120348706193276e-02 	 3.5973491697786181e-01 
-2.7163539823020149e-02 	 3.5618598576140598e-01 
1.9084079286712921e-17 	 3.5499999999999998e-01 
2.7163539823020118e-02 	 3.5618598576140598e-01 
5.4120348706193311e-02 	 3.5973491697786181e-01 
8.0665269056952288e-02 	 3.6561978413990703e-01 
1.0659627800316678e-01 	 3.7379579985505856e-01 
1.3171602490918466e-01 	 3.8420073970691077e-01 
1.5583333333333330e-01 	 3.9675541582051660e-01 
1.7876465599607597e-01 	 4.1136427952993082e-01 
2.0033547168563812e-01 	 4.2791614856125187e-01 
2.2038161346980731e-01 	 4.4628505319685935e-01 
2.3875051810541481e-01 	 4.6633119498102854e-01 
2.5530238713673575e-01 	 4.8790201067059058e-01 
2.6991125084615003e-01 	 5.1083333333333336e-01 
2.8246592695975586e-01 	 5.3495064175748197e-01 
2.9287086681160807e-01 	 5.6007038866349990e-01 
3.0104688252675960e-01 	 5.8600139760971426e-01 
3.0693174968880482e-01 	 6.1254631796047332e-01 
3.1048068090526065e-01 	 6.3950312684364652e-01 
3.1166666666666665e-01 	 6.6666666666666663e-01 
3.1048068090526065e-01 	 6.9383020648968674e-01 
3.0693174968880482e-01 	 7.2078701537285983e-01 
3.0104688252675960e-01 	 7.4733193572361900e-01 
2.9287086681160807e-01 	 7.7326294466983336e-01 
2.8246592695975586e-01 	 7.9838269157585129e-01 
2.6991125084615003e-01 	 8.2249999999999990e-01 
2.5530238713673581e-01 	 8.4543132266274257e-01 
2.3875051810541481e-01 	 8.6700213835230477e-01 
2.2038161346980731e-01 	 8.8704828013647385e-01 
2.0033547168563812e-01 	 9.0541718477208133e-01 
1.7876465599607608e-01 	 9.2196905380340244e-01 
1.5583333333333343e-01 	 9.3657791751281660e-01 
1.3171602490918477e-01 	 9.4913259362642255e-01 
1.0659627800316691e-01 	 9.5953753347827475e-01 
8.0665269056952218e-02 	 9.6771354919342623e-01 
5.4120348706193248e-02 	 9.7359841635547140e-01 
2.7163539823020118e-02 	 9.7714734757192723e-01 
1.9084079286712921e-17 	 9.7833333333333328e-01 
-2.7163539823020080e-02 	 9.7714734757192723e-01 
-5.4120348706193207e-02 	 9.7359841635547140e-01 
-8.0665269056952191e-02 	 9.6771354919342634e-01 
-1.0659627800316661e-01 	 9.5953753347827475e-01 
-1.3171602490918449e-01 	 9.4913259362642255e-01 
-1.5583333333333338e-01 	 9.3657791751281660e-01 
-1.7876465599607605e-01 	 9.2196905380340244e-01 
-2.0033547168563809e-01 	 9.0541718477208144e-01 
-2.2038161346980728e-01 	 8.8704828013647397e-01 
-2.3875051810541476e-01 	 8.6700213835230477e-01 
-2.5530238713673570e-01 	 8.4543132266274279e-01 
-2.6991125084614997e-01 	 8.2250000000000001e-01 
-2.8246592695975581e-01 	 7.9838269157585140e-01 
-2.9287086681160807e-01 	 7.7326294466983359e-01 
-3.0104688252675960e-01 	 7.4733193572361889e-01 
-3.0693174968880482e-01 	 7.2078701537285994e-01 
-3.1048068090526065e-01 	 6.9383020648968674e-01 
-3.1333333333333330e-01 	 6.6666666666666663e-01 
-3.1214100540208023e-01 	 6.3935786727240040e-01 
-3.0857309594382515e-01 	 6.1225690433102853e-01 
-3.0265675890390797e-01 	 5.8557003253454343e-01 
-2.9443702117958459e-01 	 5.5950035509129037e-01 
-2.8397643993815030e-01 	 5.3424627798791413e-01 
-2.7135462651912412e-01 	 5.1000000000000001e-01 
-2.5666764054388402e-01 	 4.8694604994333879e-01 
-2.4002725884394638e-01 	 4.6525988229821763e-01 
-2.2156012477178486e-01 	 4.4510654189488175e-01 
-2.0140678436844897e-01 	 4.2663940782272025e-01 
-1.7972061672332779e-01 	 4.0999902612278261e-01 
-1.5666666666666673e-01 	 3.9531204014754262e-01 
-1.3242038867875244e-01 	 3.8269022672851633e-01 
-1.0716631157537618e-01 	 3.7222964548708204e-01 
-8.1096634132123119e-02 	 3.6400990776275860e-01 
-5.4409762335638157e-02 	 3.5809357072284148e-01 
-2.7308799394266243e-02 	 3.5452566126458640e-01 
1.9186133186641866e-17 	 3.5333333333333333e-01 
2.7308799394266215e-02 	 3.5452566126458640e-01 
5.4409762335638191e-02 	 3.5809357072284148e-01 
8.1096634132123160e-02 	 3.6400990776275860e-01 
1.0716631157537622e-01 	 3.7222964548708204e-01 
1.3242038867875247e-01 	 3.8269022672851633e-01 
1.5666666666666662e-01 	 3.9531204014754251e-01 
1.7972061672332770e-01 	 4.0999902612278255e-01 
2.0140678436844900e-01 	 4.2663940782272025e-01 
2.2156012477178488e-01 	 4.4510654189488175e-01 
2.4002725884394641e-01 	 4.6525988229821769e-01 
2.5666764054388402e-01 	 4.8694604994333879e-01 
2.7135462651912412e-01 	 5.1000000000000001e-01 
2.8397643993815030e-01 	 5.3424627798791413e-01 
2.9443702117958459e-01 	 5.5950035509129048e-01 
3.0265675890390797e-01 	 5.8557003253454343e-01 
3.0857309594382515e-01 	 6.1225690433102842e-01 
3.1214100540208023e-01 	 6.3935786727240040e-01 
3.1333333333333330e-01 	 6.6666666666666663e-01 
3.1214100540208023e-01 	 6.9397546606093286e-01 
3.0857309594382520e-01 	 7.2107642900230473e-01 
3.0265675890390797e-01 	 7.4776330079878983e-01 
2.9443702117958459e-01 	 7.7383297824204278e-01 
2.8397643993815030e-01 	 7.9908705534541913e-01 
2.7135462651912412e-01 	 8.2333333333333325e-01 
2.5666764054388408e-01 	 8.4638728338999436e-01 
2.4002725884394641e-01 	 8.6807345103511557e-01 
2.2156012477178488e-01 	 8.8822679143845151e-01 
2.0140678436844900e-01 	 9.0669392551061301e-01 
1.7972061672332781e-01 	 9.2333430721055065e-01 
1.5666666666666676e-01 	 9.3802129318579064e-01 
1.3242038867875261e-01 	 9.5064310660481688e-01 
1.0716631157537636e-01 	 9.6110368784625111e-01 
8.1096634132123091e-02 	 9.6932342557057471e-01 
5.4409762335638129e-02 	 9.7523976261049183e-01 
2.7308799394266215e-02 	 9.7880767206874686e-01 
1.9186133186641866e-17 	 9.7999999999999998e-01 
-2.7308799394266173e-02 	 9.7880767206874686e-01 
-5.4409762335638087e-02 	 9.7523976261049183e-01 
-8.1096634132123049e-02 	 9.6932342557057471e-01 
-1.0716631157537604e-01 	 9.6110368784625133e-01 
-1.3242038867875233e-01 	 9.5064310660481699e-01 
-1.5666666666666673e-01 	 9.3802129318579064e-01 
-1.7972061672332779e-01 	 9.2333430721055065e-01 
-2.0140678436844897e-01 	 9.0669392551061301e-01 
-2.2156012477178486e-01 	 8.8822679143845151e-01 
-2.4002725884394638e-01 	 8.6807345103511557e-01 
-2.5666764054388402e-01 	 8.4638728338999447e-01 
-2.7135462651912401e-01 	 8.2333333333333336e-01 
-2.8397643993815019e-01 	 7.9908705534541924e-01 
-2.9443702117958453e-01 	 7.7383297824204300e-01 
-3.0265675890390803e-01 	 7.4776330079878972e-01 
-3.0857309594382515e-01 	 7.2107642900230473e-01 
-3.1214100540208023e-01 	 6.9397546606093286e-01 
-3.1500000000000000e-01 	 6.6666666666666663e-01 
-3.1380132989889986e-01 	 6.3921260770115429e-01 
-3.1021444219884553e-01 	 6.1196749070158363e-01 
-3.0426663528105646e-01 	 5.8513866745937249e-01 
-2.9600317554756111e-01 	 5.5893032151908095e-01 
-2.8548695291654475e-01 	 5.3354191421834629e-01 
-2.7279800219209821e-01 	 5.0916666666666666e-01 
-2.5803289395103235e-01 	 4.8599008921608700e-01 
-2.4130399958247803e-01 	 4.6418856961540667e-01 
-2.2273863607376246e-01 	 4.4392803059290414e-01 
-2.0247809705125991e-01 	 4.2536266708418857e-01 
-1.8067657745057955e-01 	 4.0863377271563422e-01 
-1.5750000000000008e-01 	 3.9386866447456853e-01 
-1.3312475244832028e-01 	 3.8117971375012188e-01 
-1.0773634514758565e-01 	 3.7066349111910546e-01 
-8.1527999207294005e-02 	 3.6240003138561011e-01 
-5.4699175965083044e-02 	 3.5645222446782110e-01 
-2.7454058965512344e-02 	 3.5286533676776677e-01 
1.9288187086570813e-17 	 3.5166666666666663e-01 
2.7454058965512312e-02 	 3.5286533676776677e-01 
5.4699175965083079e-02 	 3.5645222446782110e-01 
8.1527999207294033e-02 	 3.6240003138561011e-01 
1.0773634514758568e-01 	 3.7066349111910551e-01 
1.3312475244832034e-01 	 3.8117971375012188e-01 
1.5749999999999997e-01 	 3.9386866447456842e-01 
1.8067657745057947e-01 	 4.0863377271563417e-01 
2.0247809705125994e-01 	 4.2536266708418857e-01 
2.2273863607376249e-01 	 4.4392803059290420e-01 
2.4130399958247808e-01 	 4.6418856961540672e-01 
2.5803289395103240e-01 	 4.8599008921608705e-01 
2.7279800219209821e-01 	 5.0916666666666666e-01 
2.8548695291654475e-01 	 5.3354191421834629e-01 
2.9600317554756111e-01 	 5.5893032151908095e-01 
3.0426663528105646e-01 	 5.8513866745937260e-01 
3.1021444219884553e-01 	 6.1196749070158352e-01 
3.1380132989889986e-01 	 6.3921260770115429e-01 
3.1500000000000000e-01 	 6.6666666666666663e-01 
3.1380132989889986e-01 	 6.9412072563217897e-01 
3.1021444219884559e-01 	 7.2136584263174963e-01 
3.0426663528105646e-01 	 7.4819466587396066e-01 
2.9600317554756111e-01 	 7.7440301181425231e-01 
2.8548695291654475e-01 	 7.9979141911498697e-01 
2.7279800219209821e-01 	 8.2416666666666660e-01 
2.5803289395103246e-01 	 8.4734324411724604e-01 
2.4130399958247808e-01 	 8.6914476371792659e-01 
2.2273863607376249e-01 	 8.8940530274042906e-01 
2.0247809705125994e-01 	 9.0797066624914469e-01 
1.8067657745057958e-01 	 9.2469956061769909e-01 
1.5750000000000011e-01 	 9.3946466885876467e-01 
1.3312475244832045e-01 	 9.5215361958321132e-01 
1.0773634514758582e-01 	 9.6266984221422769e-01 
8.1527999207293964e-02 	 9.7093330194772309e-01 
5.4699175965083023e-02 	 9.7688110886551227e-01 
2.7454058965512312e-02 	 9.8046799656556649e-01 
1.9288187086570813e-17 	 9.8166666666666669e-01 
-2.7454058965512274e-02 	 9.8046799656556649e-01 
-5.4699175965082975e-02 	 9.7688110886551227e-01 
-8.1527999207293922e-02 	 9.7093330194772320e-01 
-1.0773634514758551e-01 	 9.6266984221422780e-01 
-1.3312475244832017e-01 	 9.5215361958321143e-01 
-1.5750000000000008e-01 	 9.3946466885876467e-01 
-1.8067657745057955e-01 	 9.2469956061769909e-01 
-2.0247809705125991e-01 	 9.0797066624914469e-01 
-2.2273863607376246e-01 	 8.8940530274042917e-01 
-2.4130399958247803e-01 	 8.6914476371792659e-01 
-2.5803289395103235e-01 	 8.4734324411724626e-01 
-2.7279800219209810e-01 	 8.2416666666666671e-01 
-2.8548695291654469e-01 	 7.9979141911498708e-01 
-2.9600317554756106e-01 	 7.7440301181425242e-01 
-3.0426663528105652e-01 	 7.4819466587396066e-01 
-3.1021444219884553e-01 	 7.2136584263174963e-01 
-3.1380132989889986e-01 	 6.9412072563217897e-01 
-3.1666666666666665e-01 	 6.6666666666666663e-01 
-3.1546165439571938e-01 	 6.3906734812990817e-01 
-3.1185578845386586e-01 	 6.1167807707213873e-01 
-3.0587651165820490e-01 	 5.8470730238420165e-01 
-2.9756932991553764e-01 	 5.5836028794687154e-01 
-2.8699746589493913e-01 	 5.3283755044877845e-01 
-2.7424137786507224e-01 	 5.0833333333333330e-01 
-2.5939814735818068e-01 	 4.8503412848883531e-01 
-2.4258074032100965e-01 	 4.6311725693259581e-01 
-2.2391714737574001e-01 	 4.4274951929092654e-01 
-2.0354940973407079e-01 	 4.2408592634565695e-01 
-1.8163253817783129e-01 	 4.0726851930848595e-01 
-1.5833333333333341e-01 	 3.9242528880159444e-01 
-1.3382911621788812e-01 	 3.7966920077172744e-01 
-1.0830637871979509e-01 	 3.6909733675112899e-01 
-8.1959364282464864e-02 	 3.6079015500846168e-01 
-5.4988589594527924e-02 	 3.5481087821280077e-01 
-2.7599318536758441e-02 	 3.5120501227094725e-01 
1.9390240986499758e-17 	 3.4999999999999998e-01 
2.7599318536758410e-02 	 3.5120501227094725e-01 
5.4988589594527959e-02 	 3.5481087821280077e-01 
8.1959364282464892e-02 	 3.6079015500846168e-01 
1.0830637871979512e-01 	 3.6909733675112899e-01 
1.3382911621788815e-01 	 3.7966920077172750e-01 
1.5833333333333330e-01 	 3.9242528880159439e-01 
1.8163253817783120e-01 	 4.0726851930848584e-01 
2.0354940973407082e-01 	 4.2408592634565700e-01 
2.2391714737574006e-01 	 4.4274951929092665e-01 
2.4258074032100968e-01 	 4.6311725693259587e-01 
2.5939814735818068e-01 	 4.8503412848883531e-01 
2.7424137786507224e-01 	 5.0833333333333330e-01 
2.8699746589493913e-01 	 5.3283755044877856e-01 
2.9756932991553764e-01 	 5.5836028794687154e-01 
3.0587651165820490e-01 	 5.8470730238420165e-01 
3.1185578845386586e-01 	 6.1167807707213862e-01 
3.1546165439571938e-01 	 6.3906734812990829e-01 
3.1666666666666665e-01 	 6.6666666666666663e-01 
3.1546165439571938e-01 	 6.9426598520342497e-01 
3.1185578845386591e-01 	 7.2165525626119453e-01 
3.0587651165820490e-01 	 7.4862603094913160e-01 
2.9756932991553764e-01 	 7.7497304538646172e-01 
2.8699746589493913e-01 	 8.0049578288455470e-01 
2.7424137786507224e-01 	 8.2499999999999996e-01 
2.5939814735818079e-01 	 8.4829920484449783e-01 
2.4258074032100968e-01 	 8.7021607640073739e-01 
2.2391714737574006e-01 	 8.9058381404240661e-01 
2.0354940973407082e-01 	 9.0924740698767625e-01 
1.8163253817783132e-01 	 9.2606481402484730e-01 
1.5833333333333344e-01 	 9.4090804453173882e-01 
1.3382911621788826e-01 	 9.5366413256160576e-01 
1.0830637871979526e-01 	 9.6423599658220427e-01 
8.1959364282464822e-02 	 9.7254317832487158e-01 
5.4988589594527904e-02 	 9.7852245512053249e-01 
2.7599318536758410e-02 	 9.8212832106238601e-01 
1.9390240986499758e-17 	 9.8333333333333328e-01 
-2.7599318536758368e-02 	 9.8212832106238601e-01 
-5.4988589594527855e-02 	 9.7852245512053249e-01 
-8.1959364282464794e-02 	 9.7254317832487169e-01 
-1.0830637871979494e-01 	 9.6423599658220427e-01 
-1.3382911621788798e-01 	 9.5366413256160576e-01 
-1.5833333333333341e-01 	 9.4090804453173882e-01 
-1.8163253817783129e-01 	 9.2606481402484730e-01 
-2.0354940973407079e-01 	 9.0924740698767637e-01 
-2.2391714737574001e-01 	 8.9058381404240672e-01 
-2.4258074032100965e-01 	 8.7021607640073739e-01 
-2.5939814735818068e-01 	 8.4829920484449794e-01 
-2.7424137786507219e-01 	 8.2500000000000007e-01 
-2.8699746589493907e-01 	 8.0049578288455492e-01 
-2.9756932991553758e-01 	 7.7497304538646195e-01 
-3.0587651165820495e-01 	 7.4862603094913149e-01 
-3.1185578845386586e-01 	 7.2165525626119453e-01 
-3.1546165439571938e-01 	 6.9426598520342508e-01 
-3.1833333333333330e-01 	 6.6666666666666663e-01 
-3.1712197889253896e-01 	 6.3892208855866206e-01 
-3.1349713470888618e-01 	 6.1138866344269382e-01 
-3.0748638803535333e-01 	 5.8427593730903082e-01 
-2.9913548428351411e-01 	 5.5779025437466201e-01 
-2.8850797887333351e-01 	 5.3213318667921061e-01 
-2.7568475353804628e-01 	 5.0750000000000006e-01 
-2.6076340076532895e-01 	 4.8407816776158352e-01 
-2.4385748105954128e-01 	 4.6204594424978496e-01 
-2.2509565867771758e-01 	 4.4157100798894899e-01 
-2.0462072241688167e-01 	 4.2280918560712533e-01 
-1.8258849890508300e-01 	 4.0590326590133763e-01 
-1.5916666666666673e-01 	 3.9098191312862041e-01 
-1.3453347998745593e-01 	 3.7815868779333306e-01 
-1.0887641229200452e-01 	 3.6753118238315247e-01 
-8.2390729357635722e-02 	 3.5918027863131324e-01 
-5.5278003223972805e-02 	 3.5316953195778045e-01 
-2.7744578108004535e-02 	 3.4954468777412767e-01 
1.9492294886428703e-17 	 3.4833333333333333e-01 
2.7744578108004504e-02 	 3.4954468777412767e-01 
5.5278003223972846e-02 	 3.5316953195778045e-01 
8.2390729357635764e-02 	 3.5918027863131324e-01 
1.0887641229200457e-01 	 3.6753118238315252e-01 
1.3453347998745596e-01 	 3.7815868779333311e-01 
1.5916666666666662e-01 	 3.9098191312862035e-01 
1.8258849890508294e-01 	 4.0590326590133757e-01 
2.0462072241688170e-01 	 4.2280918560712533e-01 
2.2509565867771761e-01 	 4.4157100798894905e-01 
2.4385748105954130e-01 	 4.6204594424978496e-01 
2.6076340076532900e-01 	 4.8407816776158358e-01 
2.7568475353804628e-01 	 5.0750000000000006e-01 
2.8850797887333351e-01 	 5.3213318667921072e-01 
2.9913548428351411e-01 	 5.5779025437466212e-01 
3.0748638803535333e-01 	 5.8427593730903082e-01 
3.1349713470888618e-01 	 6.1138866344269371e-01 
3.1712197889253896e-01 	 6.3892208855866217e-01 
3.1833333333333330e-01 	 6.6666666666666663e-01 
3.1712197889253896e-01 	 6.9441124477467109e-01 
3.1349713470888624e-01 	 7.2194466989063943e-01 
3.0748638803535333e-01 	 7.4905739602430244e-01 
2.9913548428351411e-01 	 7.7554307895867114e-01 
2.8850797887333351e-01 	 8.0120014665412254e-01 
2.7568475353804628e-01 	 8.2583333333333320e-01 
2.6076340076532906e-01 	 8.4925516557174952e-01 
2.4385748105954130e-01 	 8.7128738908354830e-01 
2.2509565867771761e-01 	 8.9176232534438427e-01 
2.0462072241688170e-01 	 9.1052414772620793e-01 
1.8258849890508305e-01 	 9.2743006743199563e-01 
1.5916666666666676e-01 	 9.4235142020471285e-01 
1.3453347998745610e-01 	 9.5517464554000009e-01 
1.0887641229200470e-01 	 9.6580215095018074e-01 
8.2390729357635695e-02 	 9.7415305470202007e-01 
5.5278003223972784e-02 	 9.8016380137555292e-01 
2.7744578108004504e-02 	 9.8378864555920553e-01 
1.9492294886428703e-17 	 9.8499999999999988e-01 
-2.7744578108004465e-02 	 9.8378864555920553e-01 
-5.5278003223972735e-02 	 9.8016380137555292e-01 
-8.2390729357635653e-02 	 9.7415305470202007e-01 
-1.0887641229200438e-01 	 9.6580215095018085e-01 
-1.3453347998745582e-01 	 9.5517464554000031e-01 
-1.5916666666666673e-01 	 9.4235142020471285e-01 
-1.8258849890508300e-01 	 9.2743006743199563e-01 
-2.0462072241688167e-01 	 9.1052414772620793e-01 
-2.2509565867771758e-01 	 8.9176232534438427e-01 
-2.4385748105954128e-01 	 8.7128738908354830e-01 
-2.6076340076532895e-01 	 8.4925516557174974e-01 
-2.7568475353804622e-01 	 8.2583333333333342e-01 
-2.8850797887333346e-01 	 8.0120014665412276e-01 
-2.9913548428351411e-01 	 7.7554307895867136e-01 
-3.0748638803535339e-01 	 7.4905739602430232e-01 
-3.1349713470888618e-01 	 7.2194466989063943e-01 
-3.1712197889253896e-01 	 6.9441124477467120e-01 
-3.1999999999999995e-01 	 6.6666666666666663e-01 
-3.1878230338935853e-01 	 6.3877682898741606e-01 
-3.1513848096390651e-01 	 6.1109924981324892e-01 
-3.0909626441250176e-01 	 5.8384457223385988e-01 
-3.0070163865149063e-01 	 5.5722022080245259e-01 
-2.9001849185172796e-01 	 5.3142882290964277e-01 
-2.7712812921102037e-01 	 5.0666666666666671e-01 
-2.6212865417247727e-01 	 4.8312220703433184e-01 
-2.4513422179807290e-01 	 4.6097463156697405e-01 
-2.2627416997969516e-01 	 4.4039249668697145e-01 
-2.0569203509969256e-01 	 4.2153244486859370e-01 
-1.8354445963233473e-01 	 4.0453801249418930e-01 
-1.6000000000000006e-01 	 3.8953853745564637e-01 
-1.3523784375702377e-01 	 3.7664817481493867e-01 
-1.0944644586421397e-01 	 3.6596502801517600e-01 
-8.2822094432806595e-02 	 3.5757040225416481e-01 
-5.5567416853417685e-02 	 3.5152818570276012e-01 
-2.7889837679250632e-02 	 3.4788436327730810e-01 
1.9594348786357648e-17 	 3.4666666666666668e-01 
2.7889837679250601e-02 	 3.4788436327730810e-01 
5.5567416853417727e-02 	 3.5152818570276012e-01 
8.2822094432806623e-02 	 3.5757040225416481e-01 
1.0944644586421401e-01 	 3.6596502801517600e-01 
1.3523784375702380e-01 	 3.7664817481493867e-01 
1.5999999999999995e-01 	 3.8953853745564626e-01 
1.8354445963233468e-01 	 4.0453801249418925e-01 
2.0569203509969261e-01 	 4.2153244486859376e-01 
2.2627416997969518e-01 	 4.4039249668697145e-01 
2.4513422179807293e-01 	 4.6097463156697405e-01 
2.6212865417247733e-01 	 4.8312220703433184e-01 
2.7712812921102037e-01 	 5.0666666666666671e-01 
2.9001849185172796e-01 	 5.3142882290964288e-01 
3.0070163865149063e-01 	 5.5722022080245259e-01 
3.0909626441250176e-01 	 5.8384457223385999e-01 
3.1513848096390651e-01 	 6.1109924981324881e-01 
3.1878230338935853e-01 	 6.3877682898741606e-01 
3.1999999999999995e-01 	 6.6666666666666663e-01 
3.1878230338935853e-01 	 6.9455650434591720e-01 
3.1513848096390656e-01 	 7.2223408352008422e-01 
3.0909626441250176e-01 	 7.4948876109947327e-01 
3.0070163865149063e-01 	 7.7611311253088067e-01 
2.9001849185172796e-01 	 8.0190451042369038e-01 
2.7712812921102037e-01 	 8.2666666666666655e-01 
2.6212865417247738e-01 	 8.5021112629900131e-01 
2.4513422179807293e-01 	 8.7235870176635921e-01 
2.2627416997969518e-01 	 8.9294083664636181e-01 
2.0569203509969261e-01 	 9.1180088846473950e-01 
1.8354445963233479e-01 	 9.2879532083914396e-01 
1.6000000000000009e-01 	 9.4379479587768689e-01 
1.3523784375702391e-01 	 9.5668515851839453e-01 
1.0944644586421415e-01 	 9.6736830531815721e-01 
8.2822094432806553e-02 	 9.7576293107916845e-01 
5.5567416853417664e-02 	 9.8180514763057314e-01 
2.7889837679250601e-02 	 9.8544897005602516e-01 
1.9594348786357648e-17 	 9.8666666666666658e-01 
-2.7889837679250559e-02 	 9.8544897005602516e-01 
-5.5567416853417616e-02 	 9.8180514763057314e-01 
-8.2822094432806512e-02 	 9.7576293107916845e-01 
-1.0944644586421383e-01 	 9.6736830531815732e-01 
-1.3523784375702363e-01 	 9.5668515851839464e-01 
-1.6000000000000006e-01 	 9.4379479587768689e-01 
-1.8354445963233473e-01 	 9.2879532083914396e-01 
-2.0569203509969256e-01 	 9.1180088846473950e-01 
-2.2627416997969516e-01 	 8.9294083664636181e-01 
-2.4513422179807290e-01 	 8.7235870176635921e-01 
-2.6212865417247727e-01 	 8.5021112629900142e-01 
-2.7712812921102026e-01 	 8.2666666666666666e-01 
-2.9001849185172784e-01 	 8.0190451042369060e-01 
-3.0070163865149058e-01 	 7.7611311253088078e-01 
-3.0909626441250182e-01 	 7.4948876109947316e-01 
-3.1513848096390651e-01 	 7.2223408352008434e-01 
-3.1878230338935853e-01 	 6.9455650434591720e-01 
-3.2166666666666666e-01 	 6.6666666666666663e-01 
-3.2044262788617817e-01 	 6.3863156941616994e-01 
-3.1677982721892689e-01 	 6.1080983618380402e-01 
-3.1070614078965025e-01 	 5.8341320715868905e-01 
-3.0226779301946716e-01 	 5.5665018723024318e-01 
-2.9152900483012240e-01 	 5.3072445914007493e-01 
-2.7857150488399446e-01 	 5.0583333333333336e-01 
-2.6349390757962560e-01 	 4.8216624630708005e-01 
-2.4641096253660455e-01 	 4.5990331888416314e-01 
-2.2745268128167276e-01 	 4.3921398538499384e-01 
-2.0676334778250349e-01 	 4.2025570413006208e-01 
-1.8450042035958650e-01 	 4.0317275908704098e-01 
-1.6083333333333341e-01 	 3.8809516178267228e-01 
-1.3594220752659161e-01 	 3.7513766183654423e-01 
-1.1001647943642343e-01 	 3.6439887364719942e-01 
-8.3253459507977468e-02 	 3.5596052587701632e-01 
-5.5856830482862579e-02 	 3.4988683944773974e-01 
-2.8035097250496733e-02 	 3.4622403878048846e-01 
1.9696402686286596e-17 	 3.4499999999999997e-01 
2.8035097250496702e-02 	 3.4622403878048846e-01 
5.5856830482862614e-02 	 3.4988683944773974e-01 
8.3253459507977495e-02 	 3.5596052587701632e-01 
1.1001647943642347e-01 	 3.6439887364719947e-01 
1.3594220752659164e-01 	 3.7513766183654423e-01 
1.6083333333333330e-01 	 3.8809516178267217e-01 
1.8450042035958644e-01 	 4.0317275908704092e-01 
2.0676334778250352e-01 	 4.2025570413006208e-01 
2.2745268128167279e-01 	 4.3921398538499390e-01 
2.4641096253660458e-01 	 4.5990331888416314e-01 
2.6349390757962565e-01 	 4.8216624630708005e-01 
2.7857150488399446e-01 	 5.0583333333333336e-01 
2.9152900483012240e-01 	 5.3072445914007504e-01 
3.0226779301946716e-01 	 5.5665018723024318e-01 
3.1070614078965025e-01 	 5.8341320715868905e-01 
3.1677982721892689e-01 	 6.1080983618380391e-01 
3.2044262788617817e-01 	 6.3863156941616994e-01 
3.2166666666666666e-01 	 6.6666666666666663e-01 
3.2044262788617817e-01 	 6.9470176391716332e-01 
3.1677982721892695e-01 	 7.2252349714952913e-01 
3.1070614078965025e-01 	 7.4992012617464421e-01 
3.0226779301946716e-01 	 7.7668314610309008e-01 
2.9152900483012240e-01 	 8.0260887419325821e-01 
2.7857150488399446e-01 	 8.2749999999999990e-01 
2.6349390757962571e-01 	 8.5116708702625310e-01 
2.4641096253660458e-01 	 8.7343001444917012e-01 
2.2745268128167279e-01 	 8.9411934794833936e-01 
2.0676334778250352e-01 	 9.1307762920327118e-01 
1.8450042035958655e-01 	 9.3016057424629228e-01 
1.6083333333333344e-01 	 9.4523817155066103e-01 
1.3594220752659178e-01 	 9.5819567149678897e-01 
1.1001647943642361e-01 	 9.6893445968613379e-01 
8.3253459507977426e-02 	 9.7737280745631694e-01 
5.5856830482862552e-02 	 9.8344649388559358e-01 
2.8035097250496702e-02 	 9.8710929455284480e-01 
1.9696402686286596e-17 	 9.8833333333333329e-01 
-2.8035097250496660e-02 	 9.8710929455284480e-01 
-5.5856830482862510e-02 	 9.8344649388559358e-01 
-8.3253459507977398e-02 	 9.7737280745631694e-01 
-1.1001647943642329e-01 	 9.6893445968613379e-01 
-1.3594220752659150e-01 	 9.5819567149678908e-01 
-1.6083333333333341e-01 	 9.4523817155066103e-01 
-1.8450042035958650e-01 	 9.3016057424629228e-01 
-2.0676334778250349e-01 	 9.1307762920327118e-01 
-2.2745268128167276e-01 	 8.9411934794833936e-01 
-2.4641096253660455e-01 	 8.7343001444917012e-01 
-2.6349390757962560e-01 	 8.5116708702625321e-01 
-2.7857150488399435e-01 	 8.2750000000000012e-01 
-2.9152900483012234e-01 	 8.0260887419325844e-01 
-3.0226779301946716e-01 	 7.7668314610309030e-01 
-3.1070614078965031e-01 	 7.4992012617464410e-01 
-3.1677982721892689e-01 	 7.2252349714952924e-01 
-3.2044262788617817e-01 	 6.9470176391716332e-01 
-3.2333333333333331e-01 	 6.6666666666666663e-01 
-3.2210295238299769e-01 	 6.3848630984492383e-01 
-3.1842117347394722e-01 	 6.1052042255435923e-01 
-3.1231601716679869e-01 	 5.8298184208351822e-01 
-3.0383394738744368e-01 	 5.5608015365803376e-01 
-2.9303951780851678e-01 	 5.3002009537050720e-01 
-2.8001488055696849e-01 	 5.0500000000000000e-01 
-2.6485916098677392e-01 	 4.8121028557982831e-01 
-2.4768770327513617e-01 	 4.5883200620135223e-01 
-2.2863119258365033e-01 	 4.3803547408301624e-01 
-2.0783466046531437e-01 	 4.1897896339153040e-01 
-1.8545638108683823e-01 	 4.0180750567989265e-01 
-1.6166666666666674e-01 	 3.8665178610969819e-01 
-1.3664657129615942e-01 	 3.7362714885814979e-01 
-1.1058651300863287e-01 	 3.6283271927922295e-01 
-8.3684824583148326e-02 	 3.5435064949986789e-01 
-5.6146244112307460e-02 	 3.4824549319271941e-01 
-2.8180356821742827e-02 	 3.4456371428366894e-01 
1.9798456586215541e-17 	 3.4333333333333332e-01 
2.8180356821742795e-02 	 3.4456371428366894e-01 
5.6146244112307495e-02 	 3.4824549319271941e-01 
8.3684824583148368e-02 	 3.5435064949986789e-01 
1.1058651300863291e-01 	 3.6283271927922295e-01 
1.3664657129615948e-01 	 3.7362714885814985e-01 
1.6166666666666663e-01 	 3.8665178610969814e-01 
1.8545638108683818e-01 	 4.0180750567989260e-01 
2.0783466046531440e-01 	 4.1897896339153046e-01 
2.2863119258365036e-01 	 4.3803547408301630e-01 
2.4768770327513620e-01 	 4.5883200620135223e-01 
2.6485916098677398e-01 	 4.8121028557982837e-01 
2.8001488055696849e-01 	 5.0500000000000000e-01 
2.9303951780851678e-01 	 5.3002009537050720e-01 
3.0383394738744368e-01 	 5.5608015365803376e-01 
3.1231601716679869e-01 	 5.8298184208351822e-01 
3.1842117347394722e-01 	 6.1052042255435912e-01 
3.2210295238299769e-01 	 6.3848630984492383e-01 
3.2333333333333331e-01 	 6.6666666666666663e-01 
3.2210295238299769e-01 	 6.9484702348840943e-01 
3.1842117347394727e-01 	 7.2281291077897403e-01 
3.1231601716679869e-01 	 7.5035149124981504e-01 
3.0383394738744368e-01 	 7.7725317967529950e-01 
2.9303951780851678e-01 	 8.0331323796282605e-01 
2.8001488055696849e-01 	 8.2833333333333325e-01 
2.6485916098677403e-01 	 8.5212304775350478e-01 
2.4768770327513620e-01 	 8.7450132713198103e-01 
2.2863119258365036e-01 	 8.9529785925031691e-01 
2.0783466046531440e-01 	 9.1435436994180286e-01 
1.8545638108683829e-01 	 9.3152582765344061e-01 
1.6166666666666676e-01 	 9.4668154722363507e-01 
1.3664657129615959e-01 	 9.5970618447518330e-01 
1.1058651300863305e-01 	 9.7050061405411026e-01 
8.3684824583148298e-02 	 9.7898268383346543e-01 
5.6146244112307432e-02 	 9.8508784014061390e-01 
2.8180356821742795e-02 	 9.8876961904966432e-01 
1.9798456586215541e-17 	 9.8999999999999999e-01 
-2.8180356821742754e-02 	 9.8876961904966432e-01 
-5.6146244112307390e-02 	 9.8508784014061390e-01 
-8.3684824583148257e-02 	 9.7898268383346543e-01 
-1.1058651300863273e-01 	 9.7050061405411037e-01 
-1.3664657129615931e-01 	 9.5970618447518352e-01 
-1.6166666666666674e-01 	 9.4668154722363507e-01 
-1.8545638108683823e-01 	 9.3152582765344061e-01 
-2.0783466046531437e-01 	 9.1435436994180286e-01 
-2.2863119258365033e-01 	 8.9529785925031702e-01 
-2.4768770327513617e-01 	 8.7450132713198103e-01 
-2.6485916098677392e-01 	 8.5212304775350489e-01 
-2.8001488055696844e-01 	 8.2833333333333337e-01 
-2.9303951780851673e-01 	 8.0331323796282628e-01 
-3.0383394738744363e-01 	 7.7725317967529972e-01 
-3.1231601716679874e-01 	 7.5035149124981493e-01 
-3.1842117347394722e-01 	 7.2281291077897403e-01 
-3.2210295238299769e-01 	 6.9484702348840943e-01 
-3.2499999999999996e-01 	 6.6666666666666663e-01 
-3.2376327687981726e-01 	 6.3834105027367771e-01 
-3.2006251972896754e-01 	 6.1023100892491433e-01 
-3.1392589354394712e-01 	 5.8255047700834728e-01 
-3.0540010175542015e-01 	 5.5551012008582423e-01 
-2.9455003078691117e-01 	 5.2931573160093937e-01 
-2.8145825622994253e-01 	 5.0416666666666665e-01 
-2.6622441439392225e-01 	 4.8025432485257658e-01 
-2.4896444401366780e-01 	 4.5776069351854132e-01 
-2.2980970388562788e-01 	 4.3685696278103869e-01 
-2.0890597314812526e-01 	 4.1770222265299883e-01 
-1.8641234181408997e-01 	 4.0044225227274438e-01 
-1.6250000000000006e-01 	 3.8520841043672416e-01 
-1.3735093506572726e-01 	 3.7211663587975541e-01 
-1.1115654658084231e-01 	 3.6126656491124642e-01 
-8.4116189658319199e-02 	 3.5274077312271945e-01 
-5.6435657741752340e-02 	 3.4660414693769909e-01 
-2.8325616392988924e-02 	 3.4290338978684937e-01 
1.9900510486144486e-17 	 3.4166666666666667e-01 
2.8325616392988889e-02 	 3.4290338978684937e-01 
5.6435657741752375e-02 	 3.4660414693769909e-01 
8.4116189658319226e-02 	 3.5274077312271945e-01 
1.1115654658084236e-01 	 3.6126656491124648e-01 
1.3735093506572729e-01 	 3.7211663587975546e-01 
1.6249999999999995e-01 	 3.8520841043672410e-01 
1.8641234181408992e-01 	 4.0044225227274427e-01 
2.0890597314812531e-01 	 4.1770222265299883e-01 
2.2980970388562794e-01 	 4.3685696278103875e-01 
2.4896444401366782e-01 	 4.5776069351854137e-01 
2.6622441439392225e-01 	 4.8025432485257663e-01 
2.8145825622994253e-01 	 5.0416666666666665e-01 
2.9455003078691117e-01 	 5.2931573160093937e-01 
3.0540010175542015e-01 	 5.5551012008582434e-01 
3.1392589354394712e-01 	 5.8255047700834739e-01 
3.2006251972896754e-01 	 6.1023100892491422e-01 
3.2376327687981726e-01 	 6.3834105027367771e-01 
3.2499999999999996e-01 	 6.6666666666666663e-01 
3.2376327687981726e-01 	 6.9499228305965555e-01 
3.2006251972896760e-01 	 7.2310232440841893e-01 
3.1392589354394712e-01 	 7.5078285632498587e-01 
3.0540010175542015e-01 	 7.7782321324750892e-01 
2.9455003078691117e-01 	 8.0401760173239389e-01 
2.8145825622994253e-01 	 8.2916666666666661e-01 
2.6622441439392236e-01 	 8.5307900848075646e-01 
2.4896444401366782e-01 	 8.7557263981479183e-01 
2.2980970388562794e-01 	 8.9647637055229445e-01 
2.0890597314812531e-01 	 9.1563111068033443e-01 
1.8641234181409000e-01 	 9.3289108106058882e-01 
1.6250000000000009e-01 	 9.4812492289660910e-01 
1.3735093506572743e-01 	 9.6121669745357785e-01 
1.1115654658084249e-01 	 9.7206676842208672e-01 
8.4116189658319157e-02 	 9.8059256021061381e-01 
5.6435657741752313e-02 	 9.8672918639563423e-01 
2.8325616392988889e-02 	 9.9042994354648384e-01 
1.9900510486144486e-17 	 9.9166666666666659e-01 
-2.8325616392988851e-02 	 9.9042994354648384e-01 
-5.6435657741752271e-02 	 9.8672918639563423e-01 
-8.4116189658319115e-02 	 9.8059256021061381e-01 
-1.1115654658084217e-01 	 9.7206676842208684e-01 
-1.3735093506572713e-01 	 9.6121669745357785e-01 
-1.6250000000000006e-01 	 9.4812492289660910e-01 
-1.8641234181408997e-01 	 9.3289108106058882e-01 
-2.0890597314812526e-01 	 9.1563111068033443e-01 
-2.2980970388562788e-01 	 8.9647637055229457e-01 
-2.4896444401366780e-01 	 8.7557263981479194e-01 
-2.6622441439392225e-01 	 8.5307900848075668e-01 
-2.8145825622994247e-01 	 8.2916666666666672e-01 
-2.9455003078691111e-01 	 8.0401760173239412e-01 
-3.0540010175542015e-01 	 7.7782321324750914e-01 
-3.1392589354394718e-01 	 7.5078285632498576e-01 
-3.2006251972896754e-01 	 7.2310232440841893e-01 
-3.2376327687981726e-01 	 6.9499228305965555e-01 
-3.2666666666666666e-01 	 6.6666666666666663e-01 
-3.2542360137663690e-01 	 6.3819579070243160e-01 
-3.2170386598398792e-01 	 6.0994159529546943e-01 
-3.1553576992109561e-01 	 5.8211911193317645e-01 
-3.0696625612339673e-01 	 5.5494008651361482e-01 
-2.9606054376530566e-01 	 5.2861136783137153e-01 
-2.8290163190291662e-01 	 5.0333333333333330e-01 
-2.6758966780107057e-01 	 4.7929836412532478e-01 
-2.5024118475219942e-01 	 4.5668938083573041e-01 
-2.3098821518760551e-01 	 4.3567845147906109e-01 
-2.0997728583093619e-01 	 4.1642548191446715e-01 
-1.8736830254134174e-01 	 3.9907699886559600e-01 
-1.6333333333333341e-01 	 3.8376503476375007e-01 
-1.3805529883529510e-01 	 3.7060612290136097e-01 
-1.1172658015305177e-01 	 3.5970041054326990e-01 
-8.4547554733490071e-02 	 3.5113089674557096e-01 
-5.6725071371197235e-02 	 3.4496280068267871e-01 
-2.8470875964235021e-02 	 3.4124306529002973e-01 
2.0002564386073437e-17 	 3.3999999999999997e-01 
2.8470875964234990e-02 	 3.4124306529002973e-01 
5.6725071371197269e-02 	 3.4496280068267871e-01 
8.4547554733490113e-02 	 3.5113089674557096e-01 
1.1172658015305181e-01 	 3.5970041054326990e-01 
1.3805529883529516e-01 	 3.7060612290136097e-01 
1.6333333333333330e-01 	 3.8376503476375001e-01 
1.8736830254134168e-01 	 3.9907699886559594e-01 
2.0997728583093622e-01 	 4.1642548191446721e-01 
2.3098821518760554e-01 	 4.3567845147906115e-01 
2.5024118475219947e-01 	 4.5668938083573041e-01 
2.6758966780107063e-01 	 4.7929836412532484e-01 
2.8290163190291662e-01 	 5.0333333333333341e-01 
2.9606054376530566e-01 	 5.2861136783137153e-01 
3.0696625612339673e-01 	 5.5494008651361482e-01 
3.1553576992109561e-01 	 5.8211911193317645e-01 
3.2170386598398792e-01 	 6.0994159529546932e-01 
3.2542360137663690e-01 	 6.3819579070243171e-01 
3.2666666666666666e-01 	 6.6666666666666663e-01 
3.2542360137663690e-01 	 6.9513754263090155e-01 
3.2170386598398798e-01 	 7.2339173803786383e-01 
3.1553576992109561e-01 	 7.5121422140015681e-01 
3.0696625612339673e-01 	 7.7839324681971844e-01 
2.9606054376530566e-01 	 8.0472196550196173e-01 
2.8290163190291662e-01 	 8.2999999999999985e-01 
2.6758966780107069e-01 	 8.5403496920800825e-01 
2.5024118475219947e-01 	 8.7664395249760285e-01 
2.3098821518760554e-01 	 8.9765488185427211e-01 
2.0997728583093622e-01 	 9.1690785141886599e-01 
1.8736830254134179e-01 	 9.3425633446773726e-01 
1.6333333333333344e-01 	 9.4956829856958325e-01 
1.3805529883529527e-01 	 9.6272721043197218e-01 
1.1172658015305195e-01 	 9.7363292279006330e-01 
8.4547554733490030e-02 	 9.8220243658776230e-01 
5.6725071371197207e-02 	 9.8837053265065467e-01 
2.8470875964234990e-02 	 9.9209026804330347e-01 
2.0002564386073437e-17 	 9.9333333333333329e-01 
-2.8470875964234952e-02 	 9.9209026804330347e-01 
-5.6725071371197158e-02 	 9.8837053265065467e-01 
-8.4547554733490002e-02 	 9.8220243658776230e-01 
-1.1172658015305163e-01 	 9.7363292279006342e-01 
-1.3805529883529499e-01 	 9.6272721043197240e-01 
-1.6333333333333341e-01 	 9.4956829856958325e-01 
-1.8736830254134174e-01 	 9.3425633446773726e-01 
-2.0997728583093619e-01 	 9.1690785141886610e-01 
-2.3098821518760551e-01 	 8.9765488185427222e-01 
-2.5024118475219942e-01 	 8.7664395249760285e-01 
-2.6758966780107057e-01 	 8.5403496920800848e-01 
-2.8290163190291656e-01 	 8.3000000000000007e-01 
-2.9606054376530555e-01 	 8.0472196550196196e-01 
-3.0696625612339667e-01 	 7.7839324681971855e-01 
-3.1553576992109567e-01 	 7.5121422140015670e-01 
-3.2170386598398792e-01 	 7.2339173803786383e-01 
-3.2542360137663690e-01 	 6.9513754263090166e-01 
-3.2833333333333331e-01 	 6.6666666666666663e-01 
-3.2708392587345642e-01 	 6.3805053113118548e-01 
-3.2334521223900825e-01 	 6.0965218166602453e-01 
-3.1714564629824404e-01 	 5.8168774685800562e-01 
-3.0853241049137320e-01 	 5.5437005294140540e-01 
-2.9757105674370005e-01 	 5.2790700406180369e-01 
-2.8434500757589071e-01 	 5.0249999999999995e-01 
-2.6895492120821890e-01 	 4.7834240339807310e-01 
-2.5151792549073104e-01 	 4.5561806815291950e-01 
-2.3216672648958306e-01 	 4.3449994017708349e-01 
-2.1104859851374708e-01 	 4.1514874117593553e-01 
-1.8832426326859347e-01 	 3.9771174545844773e-01 
-1.6416666666666674e-01 	 3.8232165909077603e-01 
-1.3875966260486294e-01 	 3.6909560992296653e-01 
-1.1229661372526122e-01 	 3.5813425617529338e-01 
-8.4978919808660930e-02 	 3.4952102036842253e-01 
-5.7014485000642115e-02 	 3.4332145442765838e-01 
-2.8616135535481119e-02 	 3.3958274079321021e-01 
2.0104618286002381e-17 	 3.3833333333333332e-01 
2.8616135535481087e-02 	 3.3958274079321021e-01 
5.7014485000642150e-02 	 3.4332145442765838e-01 
8.4978919808660972e-02 	 3.4952102036842253e-01 
1.1229661372526126e-01 	 3.5813425617529343e-01 
1.3875966260486297e-01 	 3.6909560992296658e-01 
1.6416666666666663e-01 	 3.8232165909077592e-01 
1.8832426326859339e-01 	 3.9771174545844762e-01 
2.1104859851374710e-01 	 4.1514874117593559e-01 
2.3216672648958311e-01 	 4.3449994017708360e-01 
2.5151792549073110e-01 	 4.5561806815291955e-01 
2.6895492120821890e-01 	 4.7834240339807310e-01 
2.8434500757589071e-01 	 5.0250000000000006e-01 
2.9757105674370005e-01 	 5.2790700406180369e-01 
3.0853241049137320e-01 	 5.5437005294140540e-01 
3.1714564629824404e-01 	 5.8168774685800562e-01 
3.2334521223900825e-01 	 6.0965218166602442e-01 
3.2708392587345642e-01 	 6.3805053113118559e-01 
3.2833333333333331e-01 	 6.6666666666666663e-01 
3.2708392587345642e-01 	 6.9528280220214767e-01 
3.2334521223900831e-01 	 7.2368115166730873e-01 
3.1714564629824404e-01 	 7.5164558647532764e-01 
3.0853241049137320e-01 	 7.7896328039192786e-01 
2.9757105674370005e-01 	 8.0542632927152957e-01 
2.8434500757589071e-01 	 8.3083333333333320e-01 
2.6895492120821901e-01 	 8.5499092993526005e-01 
2.5151792549073110e-01 	 8.7771526518041365e-01 
2.3216672648958311e-01 	 8.9883339315624966e-01 
2.1104859851374710e-01 	 9.1818459215739767e-01 
1.8832426326859350e-01 	 9.3562158787488547e-01 
1.6416666666666677e-01 	 9.5101167424255717e-01 
1.3875966260486311e-01 	 9.6423772341036662e-01 
1.1229661372526140e-01 	 9.7519907715803988e-01 
8.4978919808660902e-02 	 9.8381231296491078e-01 
5.7014485000642087e-02 	 9.9001187890567488e-01 
2.8616135535481087e-02 	 9.9375059254012310e-01 
2.0104618286002381e-17 	 9.9499999999999988e-01 
-2.8616135535481046e-02 	 9.9375059254012310e-01 
-5.7014485000642039e-02 	 9.9001187890567488e-01 
-8.4978919808660860e-02 	 9.8381231296491078e-01 
-1.1229661372526108e-01 	 9.7519907715803988e-01 
-1.3875966260486280e-01 	 9.6423772341036673e-01 
-1.6416666666666674e-01 	 9.5101167424255717e-01 
-1.8832426326859347e-01 	 9.3562158787488547e-01 
-2.1104859851374708e-01 	 9.1818459215739767e-01 
-2.3216672648958306e-01 	 8.9883339315624977e-01 
-2.5151792549073104e-01 	 8.7771526518041376e-01 
-2.6895492120821890e-01 	 8.5499092993526016e-01 
-2.8434500757589060e-01 	 8.3083333333333342e-01 
-2.9757105674369999e-01 	 8.0542632927152980e-01 
-3.0853241049137320e-01 	 7.7896328039192808e-01 
-3.1714564629824410e-01 	 7.5164558647532753e-01 
-3.2334521223900825e-01 	 7.2368115166730873e-01 
-3.2708392587345642e-01 	 6.9528280220214778e-01 
-3.2999999999999996e-01 	 6.6666666666666663e-01 
-3.2874425037027599e-01 	 6.3790527155993948e-01 
-3.2498655849402863e-01 	 6.0936276803657963e-01 
-3.1875552267539248e-01 	 5.8125638178283467e-01 
-3.1009856485934972e-01 	 5.5380001936919587e-01 
-2.9908156972209443e-01 	 5.2720264029223585e-01 
-2.8578838324886474e-01 	 5.0166666666666671e-01 
-2.7032017461536717e-01 	 4.7738644267082131e-01 
-2.5279466622926267e-01 	 4.5454675547010859e-01 
-2.3334523779156063e-01 	 4.3332142887510594e-01 
-2.1211991119655796e-01 	 4.1387200043740391e-01 
-1.8928022399584521e-01 	 3.9634649205129940e-01 
-1.6500000000000006e-01 	 3.8087828341780194e-01 
-1.3946402637443076e-01 	 3.6758509694457214e-01 
-1.1286664729747066e-01 	 3.5656810180731691e-01 
-8.5410284883831802e-02 	 3.4791114399127415e-01 
-5.7303898630086995e-02 	 3.4168010817263800e-01 
-2.8761395106727213e-02 	 3.3792241629639064e-01 
2.0206672185931326e-17 	 3.3666666666666667e-01 
2.8761395106727181e-02 	 3.3792241629639064e-01 
5.7303898630087030e-02 	 3.4168010817263800e-01 
8.5410284883831830e-02 	 3.4791114399127415e-01 
1.1286664729747070e-01 	 3.5656810180731691e-01 
1.3946402637443081e-01 	 3.6758509694457220e-01 
1.6499999999999995e-01 	 3.8087828341780189e-01 
1.8928022399584513e-01 	 3.9634649205129935e-01 
2.1211991119655801e-01 	 4.1387200043740396e-01 
2.3334523779156066e-01 	 4.3332142887510600e-01 
2.5279466622926272e-01 	 4.5454675547010870e-01 
2.7032017461536723e-01 	 4.7738644267082142e-01 
2.8578838324886474e-01 	 5.0166666666666671e-01 
2.9908156972209443e-01 	 5.2720264029223585e-01 
3.1009856485934972e-01 	 5.5380001936919598e-01 
3.1875552267539248e-01 	 5.8125638178283479e-01 
3.2498655849402863e-01 	 6.0936276803657952e-01 
3.2874425037027599e-01 	 6.3790527155993948e-01 
3.2999999999999996e-01 	 6.6666666666666663e-01 
3.2874425037027599e-01 	 6.9542806177339378e-01 
3.2498655849402863e-01 	 7.2397056529675352e-01 
3.1875552267539248e-01 	 7.5207695155049847e-01 
3.1009856485934972e-01 	 7.7953331396413728e-01 
2.9908156972209443e-01 	 8.0613069304109741e-01 
2.8578838324886474e-01 	 8.3166666666666655e-01 
2.7032017461536728e-01 	 8.5594689066251173e-01 
2.5279466622926272e-01 	 8.7878657786322456e-01 
2.3334523779156066e-01 	 9.0001190445822732e-01 
2.1211991119655801e-01 	 9.1946133289592935e-01 
1.8928022399584524e-01 	 9.3698684128203391e-01 
1.6500000000000009e-01 	 9.5245504991553132e-01 
1.3946402637443092e-01 	 9.6574823638876106e-01 
1.1286664729747084e-01 	 9.7676523152601624e-01 
8.5410284883831761e-02 	 9.8542218934205916e-01 
5.7303898630086968e-02 	 9.9165322516069532e-01 
2.8761395106727181e-02 	 9.9541091703694262e-01 
2.0206672185931326e-17 	 9.9666666666666659e-01 
-2.8761395106727140e-02 	 9.9541091703694262e-01 
-5.7303898630086919e-02 	 9.9165322516069532e-01 
-8.5410284883831719e-02 	 9.8542218934205916e-01 
-1.1286664729747052e-01 	 9.7676523152601646e-01 
-1.3946402637443064e-01 	 9.6574823638876117e-01 
-1.6500000000000006e-01 	 9.5245504991553132e-01 
-1.8928022399584521e-01 	 9.3698684128203391e-01 
-2.1211991119655796e-01 	 9.1946133289592935e-01 
-2.3334523779156063e-01 	 9.0001190445822732e-01 
-2.5279466622926267e-01 	 8.7878657786322467e-01 
-2.7032017461536717e-01 	 8.5594689066251195e-01 
-2.8578838324886469e-01 	 8.3166666666666678e-01 
-2.9908156972209438e-01 	 8.0613069304109763e-01 
-3.1009856485934967e-01 	 7.7953331396413750e-01 
-3.1875552267539248e-01 	 7.5207695155049836e-01 
-3.2498655849402863e-01 	 7.2397056529675363e-01 
-3.2874425037027599e-01 	 6.9542806177339378e-01 
-3.3166666666666667e-01 	 6.6666666666666663e-01 
-3.3040457486709562e-01 	 6.3776001198869336e-01 
-3.2662790474904901e-01 	 6.0907335440713473e-01 
-3.2036539905254097e-01 	 5.8082501670766384e-01 
-3.1166471922732625e-01 	 5.5322998579698646e-01 
-3.0059208270048887e-01 	 5.2649827652266801e-01 
-2.8723175892183883e-01 	 5.0083333333333335e-01 
-2.7168542802251555e-01 	 4.7643048194356957e-01 
-2.5407140696779434e-01 	 4.5347544278729768e-01 
-2.3452374909353824e-01 	 4.3214291757312839e-01 
-2.1319122387936890e-01 	 4.1259525969887223e-01 
-1.9023618472309697e-01 	 3.9498123864415108e-01 
-1.6583333333333342e-01 	 3.7943490774482785e-01 
-1.4016839014399862e-01 	 3.6607458396617770e-01 
-1.1343668086968012e-01 	 3.5500194743934033e-01 
-8.5841649959002675e-02 	 3.4630126761412566e-01 
-5.7593312259531883e-02 	 3.4003876191761762e-01 
-2.8906654677973313e-02 	 3.3626209179957101e-01 
2.0308726085860274e-17 	 3.3499999999999996e-01 
2.8906654677973282e-02 	 3.3626209179957101e-01 
5.7593312259531917e-02 	 3.4003876191761762e-01 
8.5841649959002717e-02 	 3.4630126761412566e-01 
1.1343668086968016e-01 	 3.5500194743934038e-01 
1.4016839014399865e-01 	 3.6607458396617776e-01 
1.6583333333333330e-01 	 3.7943490774482780e-01 
1.9023618472309689e-01 	 3.9498123864415097e-01 
2.1319122387936892e-01 	 4.1259525969887229e-01 
2.3452374909353826e-01 	 4.3214291757312839e-01 
2.5407140696779440e-01 	 4.5347544278729773e-01 
2.7168542802251555e-01 	 4.7643048194356963e-01 
2.8723175892183883e-01 	 5.0083333333333335e-01 
3.0059208270048887e-01 	 5.2649827652266801e-01 
3.1166471922732625e-01 	 5.5322998579698646e-01 
3.2036539905254097e-01 	 5.8082501670766384e-01 
3.2662790474904901e-01 	 6.0907335440713462e-01 
3.3040457486709562e-01 	 6.3776001198869336e-01 
3.3166666666666667e-01 	 6.6666666666666663e-01 
3.3040457486709562e-01 	 6.9557332134463989e-01 
3.2662790474904901e-01 	 7.2425997892619842e-01 
3.2036539905254097e-01 	 7.5250831662566942e-01 
3.1166471922732625e-01 	 7.8010334753634680e-01 
3.0059208270048887e-01 	 8.0683505681066525e-01 
2.8723175892183883e-01 	 8.3249999999999991e-01 
2.7168542802251566e-01 	 8.5690285138976352e-01 
2.5407140696779440e-01 	 8.7985789054603547e-01 
2.3452374909353826e-01 	 9.0119041576020487e-01 
2.1319122387936892e-01 	 9.2073807363446103e-01 
1.9023618472309700e-01 	 9.3835209468918213e-01 
1.6583333333333344e-01 	 9.5389842558850546e-01 
1.4016839014399879e-01 	 9.6725874936715550e-01 
1.1343668086968031e-01 	 9.7833138589399282e-01 
8.5841649959002633e-02 	 9.8703206571920754e-01 
5.7593312259531855e-02 	 9.9329457141571564e-01 
2.8906654677973282e-02 	 9.9707124153376225e-01 
2.0308726085860274e-17 	 9.9833333333333329e-01 
-2.8906654677973240e-02 	 9.9707124153376225e-01 
-5.7593312259531813e-02 	 9.9329457141571564e-01 
-8.5841649959002606e-02 	 9.8703206571920765e-01 
-1.1343668086967998e-01 	 9.7833138589399293e-01 
-1.4016839014399848e-01 	 9.6725874936715561e-01 
-1.6583333333333342e-01 	 9.5389842558850546e-01 
-1.9023618472309697e-01 	 9.3835209468918213e-01 
-2.1319122387936890e-01 	 9.2073807363446103e-01 
-2.3452374909353824e-01 	 9.0119041576020487e-01 
-2.5407140696779434e-01 	 8.7985789054603558e-01 
-2.7168542802251555e-01 	 8.5690285138976363e-01 
-2.8723175892183878e-01 	 8.3250000000000002e-01 
-3.0059208270048882e-01 	 8.0683505681066547e-01 
-3.1166471922732625e-01 	 7.8010334753634691e-01 
-3.2036539905254097e-01 	 7.5250831662566930e-01 
-3.2662790474904901e-01 	 7.2425997892619853e-01 
-3.3040457486709562e-01 	 6.9557332134463989e-01 
