 written on 26Jan2026 at 09:08:27 
   2.1304224930000002       -1.2300000000000000        0.0000000000000000     
   2.1304224930000002        1.2300000000000000        0.0000000000000000     
   0.0000000000000000        0.0000000000000000        15.000000000000000     
           4
         105
    1    2    2    1    1    1    1    2    1    1    1    1    1    1    1
    1    2    1    1    1    1    1    1    1    1    1    1    1    1    1
    1    1    1    1    1    1    1    1    1    1    1    1    1    1    1
    1    1    2    1    1    1    1    1    1    1    1    1    2    1    1
    1    1    1    1    1    1    1    1    1    1    1    1    1    1    1
    1    1    1    1    1    1    1    1    1    1    1    1    1    2    1
    1    1    1    1    1    1    1    2    1    1    1    1    2    2    1

   -6    3    0
    1    1   -0.59920829E-04 -0.41845444E-08
    2    1    0.17980967E-03 -0.15410420E-08
    3    1    0.15530310E-03  0.15508319E-08
    4    1    0.18443710E-04 -0.25256592E-09
    1    2   -0.12521374E-03 -0.23747172E-09
    2    2   -0.59927593E-04 -0.56969800E-09
    3    2    0.20362480E-03  0.31896498E-08
    4    2    0.15566570E-03  0.49548328E-09
    1    3    0.15566479E-03 -0.41587618E-08
    2    3    0.18444836E-04  0.17810713E-08
    3    3   -0.60697600E-04 -0.14729590E-08
    4    3    0.17988685E-03 -0.13720086E-08
    1    4    0.20361801E-03  0.33994612E-08
    2    4    0.15530569E-03  0.32566347E-08
    3    4   -0.12634705E-03 -0.37390745E-09
    4    4   -0.60704684E-04  0.27147551E-08

   -6    4    0
    1    1   -0.20707453E-03 -0.24895237E-09
    2    1    0.17980990E-03 -0.21380695E-08
    3    1   -0.28326465E-03 -0.59671535E-08
    4    1    0.18439578E-04 -0.24183039E-08
    1    2    0.70983205E-03  0.76740742E-08
    2    2   -0.20707488E-03 -0.13025325E-08
    3    2   -0.82424087E-04 -0.56722403E-08
    4    2   -0.28402001E-03  0.23992022E-08
    1    3   -0.28402087E-03 -0.17551832E-08
    2    3    0.18441998E-04  0.27437670E-08
    3    3   -0.20536467E-03  0.11135922E-08
    4    3    0.17988798E-03 -0.12632239E-08
    1    4   -0.82425882E-04  0.22318284E-08
    2    4   -0.28326699E-03  0.65536136E-08
    3    4    0.70959688E-03  0.46299909E-08
    4    4   -0.20536402E-03  0.25955712E-09

   -5    0    0
    1    1    0.21759043E-03  0.10329883E-15
    2    1   -0.30776791E-03  0.20077290E-08
    3    1    0.26578382E-03  0.19316851E-08
    4    1   -0.38016074E-04 -0.58209929E-08
    1    2   -0.30776791E-03 -0.20077297E-08
    2    2    0.21758532E-03  0.10641312E-15
    3    2   -0.38010712E-04  0.20992627E-08
    4    2    0.26577728E-03  0.88649264E-09
    1    3    0.26578382E-03 -0.19316851E-08
    2    3   -0.38010712E-04 -0.20992627E-08
    3    3    0.21722145E-03  0.10870793E-15
    4    3   -0.30816977E-03  0.99845662E-09
    1    4   -0.38016074E-04  0.58209929E-08
    2    4    0.26577728E-03 -0.88649262E-09
    3    4   -0.30816977E-03 -0.99845733E-09
    4    4    0.21722724E-03  0.10770714E-15

   -5    1    0
    1    1   -0.46291462E-04  0.40320572E-08
    2    1   -0.27216901E-03 -0.89796582E-08
    3    1   -0.81207291E-04 -0.20721603E-08
    4    1    0.23174734E-04  0.73545413E-08
    1    2   -0.14270468E-03  0.33505501E-08
    2    2   -0.46292356E-04 -0.34250743E-08
    3    2   -0.11929794E-03  0.15214804E-08
    4    2   -0.81105057E-04  0.51603026E-08
    1    3   -0.81103466E-04 -0.95408842E-08
    2    3    0.23175914E-04  0.23387311E-09
    3    3   -0.46708197E-04  0.75488065E-08
    4    3   -0.27120551E-03 -0.40007984E-08
    1    4   -0.11929449E-03  0.19245186E-08
    2    4   -0.81207554E-04  0.42439342E-08
    3    4   -0.14135020E-03  0.17691718E-09
    4    4   -0.46712509E-04 -0.98173635E-08

   -5    2    0
    1    1    0.38976738E-03 -0.40726834E-08
    2    1   -0.18051076E-04 -0.18379862E-08
    3    1    0.38082771E-04  0.53760658E-08
    4    1    0.89257405E-04 -0.41801047E-08
    1    2   -0.48241179E-03  0.62676291E-08
    2    2    0.38976511E-03  0.44638580E-08
    3    2    0.20584809E-03  0.11198954E-08
    4    2    0.38215371E-04 -0.79153901E-08
    1    3    0.38220264E-04  0.21695611E-09
    2    3    0.89263237E-04 -0.28108607E-08
    3    3    0.38974429E-03 -0.66685217E-08
    4    3   -0.18532564E-04  0.80107743E-09
    1    4    0.20584526E-03 -0.11041268E-08
    2    4    0.38081467E-04 -0.43516983E-08
    3    4   -0.48312807E-03  0.54871783E-08
    4    4    0.38974662E-03  0.11538446E-07

   -5    3    0
    1    1    0.38976182E-03  0.17964662E-08
    2    1   -0.40539120E-03 -0.17209238E-08
    3    1    0.38087354E-04 -0.43352015E-08
    4    1   -0.10136408E-03 -0.49348871E-08
    1    2   -0.14270381E-03  0.65257209E-08
    2    2    0.38976349E-03 -0.10586898E-08
    3    2   -0.11929028E-03 -0.86066026E-09
    4    2    0.38214824E-04  0.29787048E-08
    1    3    0.38219124E-04 -0.61058130E-08
    2    3   -0.10135759E-03 -0.14090677E-08
    3    3    0.38974226E-03  0.10008042E-08
    4    3   -0.40533292E-03  0.83167694E-09
    1    4   -0.11929692E-03  0.79727566E-08
    2    4    0.38086963E-04  0.59708089E-08
    3    4   -0.14134934E-03  0.25534168E-08
    4    4    0.38974615E-03 -0.34935733E-08

   -5    4    0
    1    1   -0.46292353E-04  0.89402888E-09
    2    1   -0.18058007E-04 -0.54133940E-08
    3    1   -0.81201357E-04 -0.39490468E-08
    4    1    0.89256373E-04  0.88858896E-09
    1    2   -0.30777125E-03 -0.12443842E-08
    2    2   -0.46291309E-04  0.45724813E-08
    3    2   -0.38006885E-04  0.87219070E-08
    4    2   -0.81104337E-04  0.29901738E-08
    1    3   -0.81116196E-04 -0.65331510E-08
    2    3    0.89258172E-04 -0.32028301E-08
    3    3   -0.46709196E-04  0.17688371E-08
    4    3   -0.18529977E-04 -0.51723472E-08
    1    4   -0.38008767E-04  0.73632268E-08
    2    4   -0.81204541E-04 -0.16398920E-09
    3    4   -0.30817381E-03 -0.15115037E-08
    4    4   -0.46707186E-04 -0.14539756E-08

   -5    5    0
    1    1    0.21758828E-03  0.31830367E-16
    2    1   -0.27216842E-03  0.23938344E-09
    3    1    0.26577732E-03  0.11996065E-08
    4    1    0.23175354E-04 -0.13009485E-08
    1    2   -0.27216842E-03 -0.23938362E-09
    2    2    0.21758509E-03  0.39600168E-16
    3    2    0.23171598E-04  0.66654272E-08
    4    2    0.26578518E-03  0.51922961E-08
    1    3    0.26577732E-03 -0.11996065E-08
    2    3    0.23171598E-04 -0.66654272E-08
    3    3    0.21722775E-03  0.38740367E-16
    4    3   -0.27120259E-03 -0.30628043E-08
    1    4    0.23175354E-04  0.13009485E-08
    2    4    0.26578518E-03 -0.51922961E-08
    3    4   -0.27120259E-03  0.30628041E-08
    4    4    0.21722825E-03  0.46246791E-16

   -4   -2    0
    1    1   -0.20707270E-03  0.27249045E-09
    2    1   -0.12521738E-03 -0.14503165E-08
    3    1   -0.28401163E-03 -0.38283372E-08
    4    1    0.20362216E-03 -0.40055514E-09
    1    2   -0.18048660E-04 -0.73638534E-09
    2    2   -0.20707437E-03  0.11221456E-08
    3    2    0.89252397E-04  0.27064642E-08
    4    2   -0.28327452E-03 -0.29236049E-09
    1    3   -0.28326883E-03 -0.46571435E-08
    2    3    0.20362389E-03 -0.56033365E-08
    3    3   -0.20536539E-03  0.26005144E-08
    4    3   -0.12635054E-03  0.40897563E-08
    1    4    0.89252202E-04  0.20345603E-08
    2    4   -0.28402136E-03  0.62686425E-09
    3    4   -0.18525877E-04  0.31853896E-08
    4    4   -0.20535862E-03 -0.60493196E-09

   -4   -1    0
    1    1   -0.46289642E-04  0.33341451E-08
    2    1    0.70983058E-03 -0.44702545E-08
    3    1   -0.81105564E-04 -0.42180558E-08
    4    1   -0.82427654E-04 -0.41588112E-09
    1    2    0.58861334E-03 -0.27564891E-08
    2    2   -0.46291585E-04 -0.97384229E-09
    3    2   -0.21515673E-04 -0.11425346E-08
    4    2   -0.81208823E-04  0.33706125E-08
    1    3   -0.81207778E-04 -0.26815792E-08
    2    3   -0.82425238E-04  0.32142152E-08
    3    3   -0.46708491E-04 -0.57245734E-09
    4    3    0.70959603E-03 -0.29868839E-08
    1    4   -0.21513034E-04  0.89797609E-09
    2    4   -0.81107270E-04  0.33257718E-08
    3    4    0.58856653E-03  0.22570832E-08
    4    4   -0.46709386E-04  0.80420046E-09

   -4    0    0
    1    1   -0.17591970E-03 -0.26922323E-08
    2    1   -0.30776690E-03 -0.34854296E-09
    3    1   -0.16896739E-03 -0.28896339E-08
    4    1   -0.38011376E-04  0.65977080E-09
    1    2    0.11067160E-02  0.20134194E-08
    2    2   -0.17593187E-03  0.10082411E-08
    3    2   -0.10019051E-03 -0.22961951E-08
    4    2   -0.16895992E-03  0.67459047E-08
    1    3   -0.16896348E-03 -0.23859648E-09
    2    3   -0.38004577E-04 -0.46077939E-08
    3    3   -0.17465553E-03  0.94275258E-09
    4    3   -0.30816993E-03 -0.54789858E-09
    1    4   -0.10018759E-03  0.10302950E-08
    2    4   -0.16896200E-03  0.69221248E-09
    3    4    0.11068411E-02 -0.78824910E-09
    4    4   -0.17465442E-03 -0.71307692E-08

   -4    1    0
    1    1   -0.79508305E-04 -0.22585625E-08
    2    1    0.58862283E-03  0.89518118E-09
    3    1    0.33360512E-03  0.39252149E-09
    4    1   -0.21508162E-04  0.20482579E-08
    1    2   -0.14886446E-02 -0.36123713E-08
    2    2   -0.79505171E-04  0.21809783E-08
    3    2    0.12973289E-03  0.35697449E-08
    4    2    0.33418243E-03 -0.46886723E-09
    1    3    0.33418389E-03  0.31536350E-08
    2    3   -0.21512107E-04 -0.65820552E-08
    3    3   -0.81076658E-04 -0.60250587E-08
    4    3    0.58857178E-03  0.99407277E-09
    1    4    0.12973934E-03 -0.14659736E-08
    2    4    0.33360282E-03 -0.73910483E-09
    3    4   -0.14890501E-02  0.85885195E-08
    4    4   -0.81071384E-04  0.25192491E-08

   -4    2    0
    1    1    0.79873284E-03  0.12593734E-07
    2    1   -0.33236522E-03 -0.23106015E-08
    3    1   -0.32314546E-03 -0.92415557E-08
    4    1   -0.73273459E-04 -0.44780577E-08
    1    2   -0.14886440E-02  0.10525688E-08
    2    2    0.79873172E-03 -0.18518278E-08
    3    2    0.12973654E-03  0.37988875E-08
    4    2   -0.32395285E-03  0.30496848E-08
    1    3   -0.32395870E-03 -0.54309525E-08
    2    3   -0.73269034E-04  0.24237484E-08
    3    3    0.80034568E-03  0.61670546E-08
    4    3   -0.33225453E-03 -0.27646189E-08
    1    4    0.12974223E-03  0.98755512E-08
    2    4   -0.32313058E-03  0.83465921E-08
    3    4   -0.14890569E-02 -0.22513578E-08
    4    4    0.80033946E-03 -0.59984585E-08

   -4    3    0
    1    1   -0.79516322E-04 -0.31562766E-08
    2    1   -0.33236448E-03 -0.15687904E-08
    3    1    0.33360914E-03  0.18430257E-08
    4    1   -0.73278766E-04 -0.65227534E-09
    1    2    0.11067208E-02  0.26854225E-08
    2    2   -0.79512914E-04  0.44492124E-08
    3    2   -0.10018210E-03 -0.11182481E-08
    4    2    0.33418106E-03 -0.31261524E-08
    1    3    0.33417698E-03 -0.40546408E-08
    2    3   -0.73274538E-04 -0.76497646E-08
    3    3   -0.81078696E-04  0.14871185E-08
    4    3   -0.33224598E-03 -0.54144491E-08
    1    4   -0.10019208E-03 -0.16343015E-08
    2    4    0.33361192E-03  0.85717332E-09
    3    4    0.11068413E-02  0.99107334E-08
    4    4   -0.81074122E-04  0.25827258E-09

   -4    4    0
    1    1   -0.17592333E-03  0.19541376E-08
    2    1    0.58861905E-03 -0.30121995E-08
    3    1   -0.16896214E-03  0.66134749E-09
    4    1   -0.21514362E-04 -0.23244845E-08
    1    2    0.58862218E-03  0.25157569E-08
    2    2   -0.17592776E-03  0.29462898E-08
    3    2   -0.21508986E-04  0.11571967E-09
    4    2   -0.16896103E-03 -0.20318405E-08
    1    3   -0.16897041E-03 -0.44700177E-09
    2    3   -0.21512670E-04 -0.98043273E-08
    3    3   -0.17465745E-03  0.18891893E-08
    4    3    0.58857521E-03  0.25384250E-08
    1    4   -0.21508104E-04 -0.31933094E-08
    2    4   -0.16895668E-03 -0.41772731E-08
    3    4    0.58856719E-03  0.42545078E-08
    4    4   -0.17465491E-03  0.17728469E-08

   -4    5    0
    1    1   -0.46295346E-04  0.71925549E-08
    2    1   -0.30777493E-03 -0.42228092E-08
    3    1   -0.81110029E-04 -0.31988656E-08
    4    1   -0.38005754E-04  0.42573676E-09
    1    2   -0.18050289E-04 -0.61425028E-08
    2    2   -0.46292197E-04 -0.70572285E-08
    3    2    0.89248278E-04  0.86090658E-08
    4    2   -0.81207499E-04  0.12167001E-08
    1    3   -0.81204619E-04 -0.32001530E-09
    2    3   -0.38006214E-04 -0.29663439E-08
    3    3   -0.46709075E-04  0.41515470E-08
    4    3   -0.30817582E-03 -0.58668161E-09
    1    4    0.89260769E-04  0.40863868E-08
    2    4   -0.81104974E-04  0.89285619E-09
    3    4   -0.18527598E-04 -0.31153622E-08
    4    4   -0.46712062E-04 -0.31729256E-08

   -4    6    0
    1    1   -0.20707453E-03  0.24895236E-09
    2    1    0.70983205E-03 -0.76740743E-08
    3    1   -0.28402087E-03  0.17551832E-08
    4    1   -0.82425882E-04 -0.22318284E-08
    1    2    0.17980990E-03  0.21380695E-08
    2    2   -0.20707488E-03  0.13025325E-08
    3    2    0.18441998E-04 -0.27437670E-08
    4    2   -0.28326699E-03 -0.65536136E-08
    1    3   -0.28326465E-03  0.59671535E-08
    2    3   -0.82424087E-04  0.56722404E-08
    3    3   -0.20536467E-03 -0.11135922E-08
    4    3    0.70959688E-03 -0.46299910E-08
    1    4    0.18439578E-04  0.24183039E-08
    2    4   -0.28402001E-03 -0.23992022E-08
    3    4    0.17988798E-03  0.12632239E-08
    4    4   -0.20536402E-03 -0.25955714E-09

   -3   -3    0
    1    1   -0.59924295E-04 -0.39419532E-08
    2    1    0.26110244E-03 -0.31826373E-08
    3    1    0.15566940E-03  0.57478765E-09
    4    1   -0.75819933E-03  0.19853031E-08
    1    2   -0.40539125E-03 -0.22010957E-08
    2    2   -0.59924369E-04  0.75262055E-09
    3    2   -0.10135906E-03  0.22545343E-08
    4    2    0.15529890E-03 -0.15085465E-08
    1    3    0.15530559E-03  0.18302763E-08
    2    3   -0.75819877E-03  0.35700654E-08
    3    3   -0.60701478E-04 -0.25073042E-08
    4    3    0.26465318E-03 -0.35454248E-08
    1    4   -0.10135757E-03  0.33938857E-08
    2    4    0.15566487E-03 -0.10520030E-08
    3    4   -0.40533977E-03  0.39249590E-10
    4    4   -0.60698742E-04  0.59344175E-08

   -3   -2    0
    1    1    0.38976336E-03 -0.74306873E-08
    2    1   -0.12521810E-03 -0.31233899E-09
    3    1    0.38220233E-04 -0.40667284E-08
    4    1    0.20362059E-03  0.61051116E-09
    1    2   -0.33236553E-03  0.33803601E-08
    2    2    0.38975790E-03  0.42602884E-08
    3    2   -0.73278408E-04 -0.39208332E-08
    4    2    0.38084321E-04 -0.32040609E-08
    1    3    0.38079693E-04  0.16835716E-08
    2    3    0.20362298E-03 -0.98898257E-09
    3    3    0.38974412E-03 -0.65783629E-09
    4    3   -0.12634372E-03 -0.33653280E-08
    1    4   -0.73273243E-04  0.69197634E-08
    2    4    0.38227648E-04  0.44311567E-09
    3    4   -0.33225625E-03  0.47379401E-08
    4    4    0.38973633E-03  0.35497957E-08

   -3   -1    0
    1    1   -0.79521116E-04 -0.17257422E-09
    2    1   -0.14270307E-03 -0.34895584E-08
    3    1    0.33419064E-03 -0.40357676E-08
    4    1   -0.11928933E-03 -0.29468155E-08
    1    2   -0.72531322E-03  0.46803657E-08
    2    2   -0.79509544E-04  0.36060627E-08
    3    2    0.10255854E-03  0.28684690E-08
    4    2    0.33360344E-03  0.46310779E-08
    1    3    0.33360976E-03  0.39372709E-09
    2    3   -0.11929306E-03 -0.20157874E-08
    3    3   -0.81080958E-04 -0.18693590E-08
    4    3   -0.14134236E-03  0.18609538E-08
    1    4    0.10256595E-03 -0.64248348E-08
    2    4    0.33418809E-03 -0.19373686E-08
    3    4   -0.72649337E-03  0.41228151E-08
    4    4   -0.81073800E-04  0.45235595E-08

   -3    0    0
    1    1   -0.27626866E-02 -0.18491735E-09
    2    1    0.11067283E-02  0.11280115E-08
    3    1    0.14587085E-03 -0.45436814E-08
    4    1   -0.10019126E-03  0.50821701E-09
    1    2    0.65730756E-02 -0.62279892E-08
    2    2   -0.27626865E-02  0.65440472E-08
    3    2    0.13217156E-03  0.48183506E-08
    4    2    0.14588220E-03 -0.22497391E-08
    1    3    0.14586864E-03 -0.10345753E-08
    2    3   -0.10019542E-03  0.25992856E-09
    3    3   -0.27617337E-02  0.64138764E-09
    4    3    0.11068463E-02 -0.26781683E-08
    1    4    0.13218074E-03  0.80183719E-08
    2    4    0.14588054E-03 -0.11466604E-07
    3    4    0.65744387E-02 -0.72141567E-08
    4    4   -0.27617344E-02  0.11873743E-07

   -3    1    0
    1    1    0.34133089E-02 -0.96451435E-09
    2    1   -0.72532267E-03  0.24587526E-08
    3    1   -0.76760320E-04  0.11347829E-08
    4    1    0.10256523E-03 -0.54075949E-09
    1    2   -0.11471038E-01  0.86254394E-09
    2    2    0.34133087E-02 -0.34599572E-08
    3    2   -0.34585418E-03  0.15223208E-08
    4    2   -0.77014411E-04  0.40534704E-08
    1    3   -0.77017980E-04  0.13726498E-07
    2    3    0.10256012E-03  0.42860559E-08
    3    3    0.34156342E-02 -0.19912083E-08
    4    3   -0.72648262E-03 -0.10355832E-07
    1    4   -0.34583518E-03  0.15260353E-08
    2    4   -0.76746554E-04 -0.44818769E-09
    3    4   -0.11479576E-01  0.21462556E-08
    4    4    0.34156224E-02 -0.93157582E-08

   -3    2    0
    1    1    0.34133028E-02 -0.17731229E-07
    2    1   -0.26989489E-02 -0.24649280E-09
    3    1   -0.76767210E-04  0.19337805E-07
    4    1    0.13936449E-03 -0.50819860E-08
    1    2    0.65730717E-02  0.25825778E-09
    2    2    0.34133142E-02 -0.48326163E-08
    3    2    0.13217036E-03 -0.18100608E-08
    4    2   -0.77028028E-04 -0.96906090E-08
    1    3   -0.77022864E-04  0.11436083E-07
    2    3    0.13936557E-03 -0.54573851E-08
    3    3    0.34156352E-02 -0.51665991E-08
    4    3   -0.26996904E-02  0.37082044E-08
    1    4    0.13216931E-03  0.52463826E-08
    2    4   -0.76752965E-04 -0.10512732E-07
    3    4    0.65744454E-02  0.24738273E-08
    4    4    0.34156481E-02  0.92064310E-08

   -3    3    0
    1    1   -0.27626750E-02  0.17854794E-08
    2    1   -0.72531879E-03 -0.83178502E-08
    3    1    0.14587867E-03 -0.69035897E-09
    4    1    0.10255599E-03  0.55732775E-10
    1    2   -0.72531141E-03  0.57887085E-08
    2    2   -0.27626857E-02 -0.33530859E-08
    3    2    0.10256569E-03 -0.14504712E-08
    4    2    0.14587364E-03 -0.34815874E-08
    1    3    0.14586684E-03  0.23860329E-08
    2    3    0.10256592E-03 -0.90324736E-09
    3    3   -0.27617332E-02  0.59836009E-08
    4    3   -0.72648048E-03 -0.27737331E-09
    1    4    0.10255950E-03  0.33684259E-08
    2    4    0.14588256E-03 -0.15918680E-08
    3    4   -0.72648176E-03  0.64377404E-08
    4    4   -0.27617320E-02  0.41640917E-08

   -3    4    0
    1    1   -0.79510577E-04 -0.33582657E-09
    2    1    0.11067240E-02 -0.40053690E-08
    3    1    0.33418780E-03 -0.81995346E-09
    4    1   -0.10020227E-03 -0.19114572E-08
    1    2   -0.33236418E-03  0.62230890E-09
    2    2   -0.79509142E-04 -0.13420363E-08
    3    2   -0.73273770E-04 -0.45911127E-09
    4    2    0.33360775E-03 -0.16992120E-09
    1    3    0.33360899E-03  0.69912457E-08
    2    3   -0.10019981E-03  0.21501957E-08
    3    3   -0.81081648E-04  0.97161897E-09
    4    3    0.11068472E-02 -0.50593975E-08
    1    4   -0.73268294E-04 -0.41203912E-09
    2    4    0.33418652E-03 -0.66128077E-08
    3    4   -0.33225711E-03  0.25707230E-08
    4    4   -0.81075168E-04  0.36403197E-08

   -3    5    0
    1    1    0.38976631E-03 -0.47959920E-08
    2    1   -0.14270278E-03  0.48668678E-08
    3    1    0.38215660E-04  0.52430932E-08
    4    1   -0.11929135E-03 -0.71522398E-08
    1    2   -0.40539895E-03  0.28988839E-08
    2    2    0.38976436E-03  0.34306726E-08
    3    2   -0.10135481E-03 -0.60123217E-08
    4    2    0.38086573E-04 -0.67374676E-08
    1    3    0.38084387E-04  0.96903900E-08
    2    3   -0.11929641E-03 -0.21762265E-10
    3    3    0.38974524E-03 -0.79917116E-08
    4    3   -0.14134839E-03 -0.65075040E-09
    1    4   -0.10135349E-03 -0.37566488E-08
    2    4    0.38220646E-04 -0.94069918E-08
    3    4   -0.40534543E-03  0.27801454E-08
    4    4    0.38973526E-03  0.47698133E-08

   -3    6    0
    1    1   -0.59923982E-04  0.20695759E-08
    2    1   -0.12520998E-03  0.47778430E-08
    3    1    0.15566781E-03  0.11362890E-09
    4    1    0.20361889E-03 -0.20195072E-08
    1    2    0.17981794E-03 -0.53008820E-10
    2    2   -0.59921077E-04 -0.22160478E-08
    3    2    0.18436908E-04 -0.11512492E-08
    4    2    0.15529765E-03  0.24624864E-08
    1    3    0.15531190E-03  0.13316844E-09
    2    3    0.20362092E-03 -0.15294576E-08
    3    3   -0.60705814E-04  0.31852026E-08
    4    3   -0.12634300E-03 -0.54271698E-09
    1    4    0.18438792E-04 -0.10919638E-09
    2    4    0.15566061E-03  0.29328183E-08
    3    4    0.17989076E-03  0.76046416E-09
    4    4   -0.60699885E-04 -0.67200075E-08

   -2   -4    0
    1    1   -0.20707396E-03 -0.41344351E-08
    2    1   -0.12521800E-03 -0.10389627E-08
    3    1   -0.28401944E-03  0.15863619E-08
    4    1    0.20362824E-03 -0.28033154E-09
    1    2   -0.18060194E-04  0.73810915E-08
    2    2   -0.20707795E-03  0.84619065E-10
    3    2    0.89257037E-04 -0.15088899E-08
    4    2   -0.28325996E-03 -0.51715760E-09
    1    3   -0.28326547E-03  0.73575290E-09
    2    3    0.20362675E-03 -0.20397542E-08
    3    3   -0.20536460E-03 -0.21164601E-08
    4    3   -0.12635710E-03  0.28050795E-08
    1    4    0.89259821E-04 -0.12462167E-08
    2    4   -0.28401519E-03 -0.36376228E-10
    3    4   -0.18529523E-04  0.28439653E-08
    4    4   -0.20537252E-03  0.38902977E-08

   -2   -3    0
    1    1    0.38976374E-03  0.14571418E-08
    2    1   -0.12521607E-03  0.68638667E-09
    3    1    0.38216895E-04 -0.44593027E-08
    4    1    0.20362438E-03 -0.41969335E-08
    1    2   -0.33236083E-03  0.60795543E-08
    2    2    0.38976822E-03 -0.89334663E-09
    3    2   -0.73292996E-04 -0.37603960E-08
    4    2    0.38082573E-04  0.82197107E-09
    1    3    0.38087823E-04 -0.29895055E-08
    2    3    0.20362659E-03 -0.17094794E-08
    3    3    0.38973980E-03  0.35599234E-08
    4    3   -0.12635467E-03  0.14607276E-09
    1    4   -0.73286681E-04  0.77296396E-08
    2    4    0.38216499E-04  0.50054288E-08
    3    4   -0.33224169E-03  0.20558170E-08
    4    4    0.38974656E-03 -0.49060487E-09

   -2   -2    0
    1    1    0.79872918E-03  0.79447665E-09
    2    1   -0.48241191E-03 -0.43694838E-08
    3    1   -0.32395853E-03 -0.84555183E-08
    4    1    0.20585101E-03 -0.11244577E-08
    1    2   -0.26989525E-02  0.44064377E-08
    2    2    0.79873614E-03 -0.52778109E-08
    3    2    0.13936395E-03  0.11173320E-07
    4    2   -0.32313418E-03  0.56764489E-08
    1    3   -0.32313352E-03 -0.33983597E-08
    2    3    0.20585086E-03 -0.12373563E-08
    3    3    0.80033919E-03  0.69060994E-08
    4    3   -0.48312679E-03 -0.11469619E-08
    1    4    0.13936813E-03  0.72731141E-08
    2    4   -0.32395189E-03  0.12105494E-07
    3    4   -0.26996832E-02 -0.62377646E-08
    4    4    0.80034513E-03 -0.97695057E-08

   -2   -1    0
    1    1    0.34133226E-02 -0.73588277E-08
    2    1   -0.14886485E-02 -0.42773504E-08
    3    1   -0.77028937E-04  0.47974614E-08
    4    1    0.12973950E-03 -0.27549752E-08
    1    2   -0.13252740E-01  0.16181068E-07
    2    2    0.34133186E-02  0.18813865E-08
    3    2   -0.57153549E-03 -0.89141076E-08
    4    2   -0.76759776E-04 -0.32406210E-08
    1    3   -0.76774886E-04  0.40471627E-08
    2    3    0.12973694E-03 -0.24133526E-08
    3    3    0.34156408E-02 -0.50577213E-08
    4    3   -0.14890545E-02 -0.14256912E-08
    1    4   -0.57154322E-03 -0.12921071E-07
    2    4   -0.77019890E-04 -0.23022222E-08
    3    4   -0.13257012E-01  0.22583082E-07
    4    4    0.34156408E-02  0.12233858E-07

   -2    0    0
    1    1   -0.95452251E-02  0.14736646E-07
    2    1    0.65730600E-02  0.47687407E-08
    3    1   -0.24155395E-02  0.82565814E-09
    4    1    0.13217727E-03 -0.43989234E-08
    1    2   -0.71862378E-02  0.25088938E-07
    2    2   -0.95452190E-02 -0.12732744E-07
    3    2    0.96961984E-02  0.84887569E-08
    4    2   -0.24155229E-02  0.86978726E-08
    1    3   -0.24155366E-02 -0.65023851E-08
    2    3    0.13216431E-03 -0.30325740E-08
    3    3   -0.95524253E-02  0.16387779E-07
    4    3    0.65744347E-02  0.72903083E-08
    1    4    0.96962031E-02 -0.49562392E-08
    2    4   -0.24155402E-02  0.21636836E-08
    3    4   -0.71825189E-02 -0.23055871E-08
    4    4   -0.95524105E-02 -0.20599371E-07

   -2    1    0
    1    1    0.39032313E-01  0.14349891E-07
    2    1   -0.13252729E-01 -0.16757315E-07
    3    1    0.32421702E-02  0.10674858E-07
    4    1   -0.57155746E-03  0.11706010E-07
    1    2   -0.71861691E-02  0.85151604E-08
    2    2    0.39032384E-01 -0.14625251E-07
    3    2    0.96961856E-02 -0.74832247E-08
    4    2    0.32432056E-02 -0.69978857E-08
    1    3    0.32432203E-02  0.30315493E-08
    2    3   -0.57156463E-03  0.60124432E-08
    3    3    0.39047563E-01 -0.29911881E-08
    4    3   -0.13257003E-01 -0.11100152E-07
    1    4    0.96961963E-02 -0.45140122E-08
    2    4    0.32421675E-02  0.33513815E-08
    3    4   -0.71824093E-02  0.88172475E-08
    4    4    0.39047633E-01 -0.39233952E-08

   -2    2    0
    1    1   -0.95452229E-02  0.67418063E-09
    2    1   -0.13252717E-01 -0.11776601E-07
    3    1   -0.24155485E-02  0.21326721E-08
    4    1   -0.57156317E-03  0.39320672E-08
    1    2   -0.13252723E-01  0.60202986E-08
    2    2   -0.95452291E-02 -0.38189590E-08
    3    2   -0.57156396E-03 -0.75108188E-08
    4    2   -0.24155436E-02 -0.11942926E-07
    1    3   -0.24155370E-02  0.16842732E-07
    2    3   -0.57155887E-03  0.19437519E-07
    3    3   -0.95524006E-02 -0.34093731E-08
    4    3   -0.13257000E-01 -0.16418379E-07
    1    4   -0.57155949E-03  0.13465650E-07
    2    4   -0.24155450E-02  0.59832876E-08
    3    4   -0.13256997E-01  0.62836045E-08
    4    4   -0.95524196E-02 -0.83069298E-08

   -2    3    0
    1    1    0.34133072E-02  0.14496160E-08
    2    1    0.65730564E-02 -0.88192048E-08
    3    1   -0.77018181E-04 -0.18027461E-08
    4    1    0.13217631E-03  0.26414799E-08
    1    2   -0.26989486E-02  0.33918059E-08
    2    2    0.34133103E-02 -0.80813694E-08
    3    2    0.13936791E-03 -0.20343244E-08
    4    2   -0.76757274E-04  0.42998819E-08
    1    3   -0.76760701E-04  0.15283699E-08
    2    3    0.13217268E-03 -0.32414956E-08
    3    3    0.34156314E-02  0.75092833E-08
    4    3    0.65744370E-02 -0.56417919E-08
    1    4    0.13936738E-03 -0.19809546E-08
    2    4   -0.77023997E-04  0.59830170E-08
    3    4   -0.26996786E-02  0.86371592E-08
    4    4    0.34156369E-02 -0.13798401E-07

   -2    4    0
    1    1    0.79872679E-03  0.57749936E-09
    2    1   -0.14886467E-02 -0.70094670E-09
    3    1   -0.32394543E-03 -0.38881919E-08
    4    1    0.12974050E-03 -0.48104839E-08
    1    2   -0.33235639E-03  0.36433787E-08
    2    2    0.79873584E-03  0.29171100E-08
    3    2   -0.73285974E-04 -0.41405100E-08
    4    2   -0.32313617E-03 -0.13446474E-08
    1    3   -0.32313154E-03  0.99181471E-09
    2    3    0.12973744E-03 -0.25175880E-08
    3    3    0.80033367E-03 -0.62110438E-09
    4    3   -0.14890621E-02 -0.36945212E-09
    1    4   -0.73287370E-04 -0.14800792E-08
    2    4   -0.32396245E-03 -0.40526037E-08
    3    4   -0.33223801E-03  0.70540418E-09
    4    4    0.80033785E-03  0.75170032E-08

   -2    5    0
    1    1    0.38976750E-03  0.41255210E-08
    2    1   -0.48240672E-03 -0.23370261E-08
    3    1    0.38214324E-04 -0.55659189E-08
    4    1    0.20584795E-03  0.37663457E-08
    1    2   -0.18057065E-04 -0.22776527E-08
    2    2    0.38977186E-03 -0.45095480E-08
    3    2    0.89257785E-04  0.38331940E-08
    4    2    0.38080197E-04  0.44561114E-08
    1    3    0.38086939E-04 -0.46816215E-08
    2    3    0.20584281E-03  0.49778747E-08
    3    3    0.38974621E-03  0.73062820E-08
    4    3   -0.48312779E-03 -0.12199992E-08
    1    4    0.89261300E-04  0.61061525E-08
    2    4    0.38211319E-04  0.81237157E-08
    3    4   -0.18531402E-04 -0.56064278E-08
    4    4    0.38974636E-03 -0.64348277E-08

   -1   -4    0
    1    1   -0.46292241E-04  0.21222631E-08
    2    1    0.70983796E-03 -0.42587121E-08
    3    1   -0.81110862E-04  0.11822880E-08
    4    1   -0.82432607E-04  0.14628153E-08
    1    2    0.58861224E-03 -0.10741869E-08
    2    2   -0.46293669E-04 -0.20112551E-09
    3    2   -0.21507486E-04  0.63301267E-08
    4    2   -0.81203917E-04  0.15505960E-08
    1    3   -0.81206208E-04 -0.57999486E-10
    2    3   -0.82429112E-04  0.31043187E-08
    3    3   -0.46714557E-04 -0.61353886E-08
    4    3    0.70960054E-03 -0.42058031E-08
    1    4   -0.21511227E-04  0.83402505E-08
    2    4   -0.81108232E-04  0.32987950E-08
    3    4    0.58856369E-03  0.21847356E-09
    4    4   -0.46706582E-04 -0.37306730E-08

   -1   -3    0
    1    1   -0.79512854E-04 -0.84432504E-09
    2    1   -0.14270221E-03 -0.10873753E-08
    3    1    0.33417377E-03  0.40558188E-08
    4    1   -0.11928882E-03 -0.41941178E-08
    1    2   -0.72533384E-03 -0.55806096E-09
    2    2   -0.79519722E-04  0.56389790E-08
    3    2    0.10257998E-03  0.73136668E-08
    4    2    0.33362167E-03  0.46520300E-09
    1    3    0.33360631E-03  0.19365128E-08
    2    3   -0.11928782E-03 -0.40991637E-08
    3    3   -0.81075046E-04 -0.26568772E-08
    4    3   -0.14134561E-03 -0.25823299E-08
    1    4    0.10257459E-03  0.68294278E-08
    2    4    0.33419836E-03 -0.18522009E-08
    3    4   -0.72650029E-03  0.75032498E-08
    4    4   -0.81085391E-04 -0.27972121E-08

   -1   -2    0
    1    1    0.34133257E-02 -0.10099304E-07
    2    1   -0.14886447E-02 -0.10101931E-08
    3    1   -0.77033389E-04  0.40002344E-08
    4    1    0.12974793E-03 -0.14988277E-07
    1    2   -0.13252712E-01  0.16532264E-08
    2    2    0.34133174E-02  0.51295405E-08
    3    2   -0.57155899E-03  0.65997799E-09
    4    2   -0.76762577E-04 -0.11831073E-07
    1    3   -0.76773699E-04  0.91969430E-08
    2    3    0.12974371E-03 -0.11546191E-07
    3    3    0.34156427E-02 -0.60501570E-08
    4    3   -0.14890701E-02  0.83638414E-08
    1    4   -0.57157504E-03  0.40523677E-08
    2    4   -0.77026332E-04 -0.59855997E-08
    3    4   -0.13256993E-01  0.14746719E-07
    4    4    0.34156528E-02  0.14695109E-07

   -1   -1    0
    1    1    0.39032412E-01 -0.18926975E-07
    2    1   -0.11471032E-01 -0.16389483E-07
    3    1    0.32432009E-02  0.93072657E-08
    4    1   -0.34586253E-03  0.84372892E-08
    1    2   -0.20479229E+00  0.19597347E-07
    2    2    0.39032328E-01  0.44577785E-08
    3    2   -0.18713118E-01  0.20462363E-07
    4    2    0.32421524E-02  0.69482352E-08
    1    3    0.32421551E-02  0.58885460E-08
    2    3   -0.34585922E-03  0.11718635E-08
    3    3    0.39047659E-01  0.26744248E-08
    4    3   -0.11479572E-01 -0.15765117E-07
    1    4   -0.18713159E-01 -0.17237589E-07
    2    4    0.32431831E-02 -0.65444522E-08
    3    4   -0.20485155E+00  0.41530110E-08
    4    4    0.39047597E-01 -0.15876977E-07

   -1    0    0
    1    1    0.24766873E+00  0.84412379E-08
    2    1   -0.71861353E-02 -0.21955705E-07
    3    1   -0.18428592E-01  0.30602195E-07
    4    1    0.96961948E-02 -0.10346332E-07
    1    2   -0.28353946E+01 -0.23082281E-08
    2    2    0.24766822E+00 -0.77824652E-08
    3    2   -0.42123279E-02 -0.18345001E-07
    4    2   -0.18428568E-01 -0.48224664E-07
    1    3   -0.18428605E-01  0.31251570E-07
    2    3    0.96961889E-02  0.11470790E-09
    3    3    0.24771500E+00 -0.36000685E-07
    4    3   -0.71823705E-02  0.16614314E-08
    1    4   -0.42123250E-02 -0.21519938E-07
    2    4   -0.18428571E-01 -0.37354824E-07
    3    4   -0.28355574E+01 -0.70656235E-08
    4    4    0.24771450E+00  0.52796730E-07

   -1    1    0
    1    1    0.24766789E+00 -0.24561622E-08
    2    1   -0.20479207E+00 -0.51869772E-08
    3    1   -0.18428581E-01  0.20137732E-07
    4    1   -0.18713172E-01 -0.15625612E-07
    1    2   -0.20479216E+00  0.79856827E-08
    2    2    0.24766882E+00  0.10535953E-07
    3    2   -0.18713163E-01 -0.19666501E-07
    4    2   -0.18428597E-01 -0.27957868E-07
    1    3   -0.18428539E-01  0.26170493E-07
    2    3   -0.18713177E-01  0.54960889E-08
    3    3    0.24771419E+00 -0.19084091E-07
    4    3   -0.20485141E+00  0.68396961E-08
    1    4   -0.18713167E-01 -0.79873548E-08
    2    4   -0.18428608E-01 -0.16532496E-07
    3    4   -0.20485138E+00  0.13676558E-07
    4    4    0.24771509E+00  0.72463197E-08

   -1    2    0
    1    1    0.39032326E-01  0.55721356E-08
    2    1   -0.71861737E-02  0.19598260E-07
    3    1    0.32431988E-02 -0.10337409E-07
    4    1    0.96962073E-02 -0.37263943E-08
    1    2   -0.13252723E-01 -0.68721989E-08
    2    2    0.39032395E-01  0.58060717E-08
    3    2   -0.57156391E-03  0.13691379E-07
    4    2    0.32421552E-02 -0.11518161E-08
    1    3    0.32421750E-02 -0.69507135E-08
    2    3    0.96962181E-02 -0.11283603E-07
    3    3    0.39047602E-01  0.49864716E-08
    4    3   -0.71824329E-02 -0.10633065E-07
    1    4   -0.57156707E-03  0.22783201E-07
    2    4    0.32431786E-02  0.95526177E-08
    3    4   -0.13257005E-01 -0.39313388E-08
    4    4    0.39047652E-01 -0.10063477E-07

   -1    3    0
    1    1    0.34133128E-02 -0.53917302E-08
    2    1   -0.11471030E-01 -0.12809549E-07
    3    1   -0.77015644E-04  0.23829854E-08
    4    1   -0.34585167E-03 -0.36105229E-09
    1    2   -0.72532715E-03 -0.36804448E-08
    2    2    0.34133214E-02  0.32483671E-08
    3    2    0.10257671E-03  0.86895041E-08
    4    2   -0.76769029E-04 -0.39476821E-08
    1    3   -0.76766752E-04  0.20703144E-08
    2    3   -0.34585673E-03  0.23545549E-08
    3    3    0.34156416E-02 -0.11726701E-07
    4    3   -0.11479570E-01 -0.11553308E-07
    1    4    0.10257475E-03  0.99710922E-08
    2    4   -0.77032723E-04 -0.38194011E-08
    3    4   -0.72650372E-03 -0.11167236E-08
    4    4    0.34156421E-02  0.10320831E-07

   -1    4    0
    1    1   -0.79509691E-04 -0.10219614E-08
    2    1   -0.14886456E-02 -0.48134336E-08
    3    1    0.33417964E-03 -0.17500054E-08
    4    1    0.12974001E-03  0.11333483E-08
    1    2    0.58861794E-03  0.46000512E-08
    2    2   -0.79515973E-04 -0.10158887E-08
    3    2   -0.21502110E-04 -0.12937545E-08
    4    2    0.33360802E-03  0.50316998E-08
    1    3    0.33360398E-03 -0.36423621E-08
    2    3    0.12973677E-03  0.27749861E-09
    3    3   -0.81071439E-04  0.92839329E-09
    4    3   -0.14890551E-02 -0.54892795E-08
    1    4   -0.21504600E-04  0.14033578E-08
    2    4    0.33418996E-03  0.69613185E-08
    3    4    0.58856386E-03  0.30062318E-08
    4    4   -0.81078312E-04 -0.48718487E-08

   -1    5    0
    1    1   -0.46291838E-04  0.97506753E-09
    2    1   -0.14270584E-03  0.21490908E-08
    3    1   -0.81107958E-04 -0.26667889E-08
    4    1   -0.11929156E-03 -0.29838373E-08
    1    2   -0.27215979E-03  0.20778126E-08
    2    2   -0.46288516E-04  0.54109829E-08
    3    2    0.23169010E-04  0.57656068E-08
    4    2   -0.81209533E-04 -0.19088683E-08
    1    3   -0.81210435E-04 -0.56870213E-08
    2    3   -0.11929218E-03 -0.93818868E-08
    3    3   -0.46707354E-04  0.31356866E-09
    4    3   -0.14134991E-03  0.92721342E-08
    1    4    0.23164297E-04  0.92588250E-09
    2    4   -0.81109754E-04 -0.25854467E-08
    3    4   -0.27119741E-03  0.22511349E-09
    4    4   -0.46703075E-04  0.56772903E-08

    0   -5    0
    1    1    0.21758562E-03  0.11271522E-15
    2    1   -0.30777867E-03 -0.67764675E-09
    3    1    0.26577736E-03  0.22404018E-08
    4    1   -0.38008211E-04 -0.72307608E-09
    1    2   -0.30777867E-03  0.67764604E-09
    2    2    0.21758423E-03  0.11630759E-15
    3    2   -0.38004174E-04  0.13833089E-08
    4    2    0.26579137E-03 -0.29250159E-09
    1    3    0.26577736E-03 -0.22404018E-08
    2    3   -0.38004174E-04 -0.13833089E-08
    3    3    0.21722326E-03  0.10756452E-15
    4    3   -0.30817779E-03 -0.57140783E-08
    1    4   -0.38008211E-04  0.72307608E-09
    2    4    0.26579137E-03  0.29250161E-09
    3    4   -0.30817779E-03  0.57140776E-08
    4    4    0.21721645E-03  0.11912399E-15

    0   -4    0
    1    1   -0.17593146E-03  0.48279362E-08
    2    1   -0.30776954E-03  0.14299683E-08
    3    1   -0.16896297E-03 -0.30548455E-08
    4    1   -0.38006597E-04 -0.54593821E-08
    1    2    0.11067248E-02  0.61822651E-08
    2    2   -0.17592362E-03 -0.21947997E-08
    3    2   -0.10020426E-03 -0.11010784E-08
    4    2   -0.16895683E-03  0.16241306E-08
    1    3   -0.16896018E-03  0.20200246E-08
    2    3   -0.38002247E-04 -0.54421462E-08
    3    3   -0.17465967E-03  0.67640884E-08
    4    3   -0.30817139E-03  0.75448529E-10
    1    4   -0.10020399E-03  0.21242557E-08
    2    4   -0.16896607E-03 -0.17496951E-08
    3    4    0.11068527E-02  0.50532934E-08
    4    4   -0.17464889E-03 -0.46276691E-08

    0   -3    0
    1    1   -0.27626880E-02 -0.12974709E-07
    2    1    0.11067336E-02 -0.25985114E-08
    3    1    0.14587763E-03  0.67331970E-08
    4    1   -0.10019939E-03 -0.15782930E-08
    1    2    0.65730671E-02 -0.47770439E-08
    2    2   -0.27626721E-02  0.56298632E-08
    3    2    0.13217668E-03  0.44429364E-08
    4    2    0.14587755E-03 -0.12389234E-07
    1    3    0.14588108E-03  0.14274980E-07
    2    3   -0.10020306E-03 -0.30664213E-08
    3    3   -0.27617402E-02 -0.50517031E-08
    4    3    0.11068553E-02 -0.79484924E-08
    1    4    0.13217258E-03  0.18008903E-07
    2    4    0.14586744E-03 -0.86038706E-08
    3    4    0.65744489E-02 -0.14289937E-08
    4    4   -0.27617281E-02  0.34145753E-08

    0   -2    0
    1    1   -0.95452331E-02  0.54307721E-08
    2    1    0.65730688E-02 -0.11189413E-07
    3    1   -0.24155372E-02  0.18967967E-08
    4    1    0.13216626E-03  0.48083930E-08
    1    2   -0.71862660E-02 -0.68686909E-09
    2    2   -0.95452457E-02 -0.19091727E-08
    3    2    0.96962253E-02  0.15137288E-07
    4    2   -0.24155170E-02  0.36705214E-08
    1    3   -0.24155378E-02  0.28055444E-08
    2    3    0.13217653E-03  0.58669154E-08
    3    3   -0.95524329E-02  0.90122040E-08
    4    3    0.65744329E-02 -0.20688131E-07
    1    4    0.96962179E-02 -0.15219394E-08
    2    4   -0.24155185E-02 -0.29994080E-08
    3    4   -0.71825038E-02  0.91022668E-08
    4    4   -0.95524320E-02 -0.18732201E-07

    0   -1    0
    1    1    0.24766863E+00  0.29052435E-07
    2    1   -0.71861350E-02 -0.15322061E-07
    3    1   -0.18428516E-01 -0.51643193E-08
    4    1    0.96961789E-02 -0.44265401E-08
    1    2   -0.28353944E+01  0.48827991E-07
    2    2    0.24766818E+00 -0.83950998E-08
    3    2   -0.42124100E-02 -0.58074739E-07
    4    2   -0.18428575E-01 -0.17571276E-07
    1    3   -0.18428541E-01 -0.12258581E-07
    2    3    0.96961935E-02 -0.44403226E-08
    3    3    0.24771499E+00 -0.14934972E-08
    4    3   -0.71823787E-02 -0.46648858E-08
    1    4   -0.42124440E-02 -0.79730838E-07
    2    4   -0.18428587E-01 -0.19691425E-07
    3    4   -0.28355573E+01  0.56037792E-07
    4    4    0.24771455E+00  0.42972615E-07

    0    0    0
    1    1    0.13446295E+01  0.80564431E-17
    2    1   -0.28353949E+01 -0.11199269E-07
    3    1    0.15842453E+00 -0.18875807E-07
    4    1   -0.42124557E-02 -0.16958218E-07
    1    2   -0.28353949E+01  0.11199269E-07
    2    2    0.13446304E+01 -0.37748484E-17
    3    2   -0.42124638E-02 -0.46045451E-07
    4    2    0.15842452E+00 -0.84542286E-09
    1    3    0.15842453E+00  0.18875807E-07
    2    3   -0.42124638E-02  0.46045451E-07
    3    3    0.13448323E+01  0.11830720E-16
    4    3   -0.28355577E+01  0.36719639E-08
    1    4   -0.42124557E-02  0.16958218E-07
    2    4    0.15842452E+00  0.84542286E-09
    3    4   -0.28355577E+01 -0.36719639E-08
    4    4    0.13448331E+01  0.12436529E-16

    0    1    0
    1    1    0.24766863E+00 -0.29052435E-07
    2    1   -0.28353944E+01 -0.48827991E-07
    3    1   -0.18428541E-01  0.12258581E-07
    4    1   -0.42124440E-02  0.79730838E-07
    1    2   -0.71861350E-02  0.15322061E-07
    2    2    0.24766818E+00  0.83950998E-08
    3    2    0.96961935E-02  0.44403226E-08
    4    2   -0.18428587E-01  0.19691425E-07
    1    3   -0.18428516E-01  0.51643193E-08
    2    3   -0.42124100E-02  0.58074739E-07
    3    3    0.24771499E+00  0.14934972E-08
    4    3   -0.28355573E+01 -0.56037792E-07
    1    4    0.96961789E-02  0.44265401E-08
    2    4   -0.18428575E-01  0.17571276E-07
    3    4   -0.71823787E-02  0.46648858E-08
    4    4    0.24771455E+00 -0.42972615E-07

    0    2    0
    1    1   -0.95452331E-02 -0.54307721E-08
    2    1   -0.71862660E-02  0.68686909E-09
    3    1   -0.24155378E-02 -0.28055444E-08
    4    1    0.96962179E-02  0.15219394E-08
    1    2    0.65730688E-02  0.11189413E-07
    2    2   -0.95452457E-02  0.19091728E-08
    3    2    0.13217653E-03 -0.58669154E-08
    4    2   -0.24155185E-02  0.29994080E-08
    1    3   -0.24155372E-02 -0.18967967E-08
    2    3    0.96962253E-02 -0.15137288E-07
    3    3   -0.95524329E-02 -0.90122040E-08
    4    3   -0.71825038E-02 -0.91022668E-08
    1    4    0.13216626E-03 -0.48083930E-08
    2    4   -0.24155170E-02 -0.36705214E-08
    3    4    0.65744329E-02  0.20688131E-07
    4    4   -0.95524320E-02  0.18732201E-07

    0    3    0
    1    1   -0.27626880E-02  0.12974709E-07
    2    1    0.65730671E-02  0.47770439E-08
    3    1    0.14588108E-03 -0.14274980E-07
    4    1    0.13217258E-03 -0.18008903E-07
    1    2    0.11067336E-02  0.25985114E-08
    2    2   -0.27626721E-02 -0.56298632E-08
    3    2   -0.10020306E-03  0.30664213E-08
    4    2    0.14586744E-03  0.86038706E-08
    1    3    0.14587763E-03 -0.67331970E-08
    2    3    0.13217668E-03 -0.44429364E-08
    3    3   -0.27617402E-02  0.50517031E-08
    4    3    0.65744489E-02  0.14289937E-08
    1    4   -0.10019939E-03  0.15782930E-08
    2    4    0.14587755E-03  0.12389234E-07
    3    4    0.11068553E-02  0.79484924E-08
    4    4   -0.27617281E-02 -0.34145754E-08

    0    4    0
    1    1   -0.17593146E-03 -0.48279362E-08
    2    1    0.11067248E-02 -0.61822651E-08
    3    1   -0.16896018E-03 -0.20200246E-08
    4    1   -0.10020399E-03 -0.21242557E-08
    1    2   -0.30776954E-03 -0.14299683E-08
    2    2   -0.17592362E-03  0.21947997E-08
    3    2   -0.38002247E-04  0.54421462E-08
    4    2   -0.16896607E-03  0.17496951E-08
    1    3   -0.16896297E-03  0.30548455E-08
    2    3   -0.10020426E-03  0.11010784E-08
    3    3   -0.17465967E-03 -0.67640884E-08
    4    3    0.11068527E-02 -0.50532934E-08
    1    4   -0.38006597E-04  0.54593821E-08
    2    4   -0.16895683E-03 -0.16241306E-08
    3    4   -0.30817139E-03 -0.75448529E-10
    4    4   -0.17464889E-03  0.46276691E-08

    0    5    0
    1    1    0.21758562E-03 -0.10931824E-15
    2    1   -0.30777867E-03 -0.67764604E-09
    3    1    0.26577736E-03  0.22404018E-08
    4    1   -0.38008211E-04 -0.72307608E-09
    1    2   -0.30777867E-03  0.67764675E-09
    2    2    0.21758423E-03 -0.10572587E-15
    3    2   -0.38004174E-04  0.13833089E-08
    4    2    0.26579137E-03 -0.29250161E-09
    1    3    0.26577736E-03 -0.22404018E-08
    2    3   -0.38004174E-04 -0.13833089E-08
    3    3    0.21722326E-03 -0.11450431E-15
    4    3   -0.30817779E-03 -0.57140776E-08
    1    4   -0.38008211E-04  0.72307608E-09
    2    4    0.26579137E-03  0.29250159E-09
    3    4   -0.30817779E-03  0.57140783E-08
    4    4    0.21721645E-03 -0.10294485E-15

    1   -5    0
    1    1   -0.46291838E-04 -0.97506751E-09
    2    1   -0.27215979E-03 -0.20778126E-08
    3    1   -0.81210435E-04  0.56870213E-08
    4    1    0.23164297E-04 -0.92588250E-09
    1    2   -0.14270584E-03 -0.21490908E-08
    2    2   -0.46288516E-04 -0.54109829E-08
    3    2   -0.11929218E-03  0.93818868E-08
    4    2   -0.81109754E-04  0.25854467E-08
    1    3   -0.81107958E-04  0.26667889E-08
    2    3    0.23169010E-04 -0.57656068E-08
    3    3   -0.46707354E-04 -0.31356867E-09
    4    3   -0.27119741E-03 -0.22511349E-09
    1    4   -0.11929156E-03  0.29838373E-08
    2    4   -0.81209533E-04  0.19088683E-08
    3    4   -0.14134991E-03 -0.92721342E-08
    4    4   -0.46703075E-04 -0.56772903E-08

    1   -4    0
    1    1   -0.79509691E-04  0.10219614E-08
    2    1    0.58861794E-03 -0.46000512E-08
    3    1    0.33360398E-03  0.36423621E-08
    4    1   -0.21504600E-04 -0.14033578E-08
    1    2   -0.14886456E-02  0.48134336E-08
    2    2   -0.79515973E-04  0.10158887E-08
    3    2    0.12973677E-03 -0.27749861E-09
    4    2    0.33418996E-03 -0.69613185E-08
    1    3    0.33417964E-03  0.17500054E-08
    2    3   -0.21502110E-04  0.12937545E-08
    3    3   -0.81071439E-04 -0.92839331E-09
    4    3    0.58856386E-03 -0.30062318E-08
    1    4    0.12974001E-03 -0.11333483E-08
    2    4    0.33360802E-03 -0.50316998E-08
    3    4   -0.14890551E-02  0.54892795E-08
    4    4   -0.81078312E-04  0.48718487E-08

    1   -3    0
    1    1    0.34133128E-02  0.53917303E-08
    2    1   -0.72532715E-03  0.36804448E-08
    3    1   -0.76766752E-04 -0.20703144E-08
    4    1    0.10257475E-03 -0.99710922E-08
    1    2   -0.11471030E-01  0.12809549E-07
    2    2    0.34133214E-02 -0.32483671E-08
    3    2   -0.34585673E-03 -0.23545549E-08
    4    2   -0.77032723E-04  0.38194011E-08
    1    3   -0.77015644E-04 -0.23829854E-08
    2    3    0.10257671E-03 -0.86895041E-08
    3    3    0.34156416E-02  0.11726701E-07
    4    3   -0.72650372E-03  0.11167236E-08
    1    4   -0.34585167E-03  0.36105229E-09
    2    4   -0.76769029E-04  0.39476821E-08
    3    4   -0.11479570E-01  0.11553308E-07
    4    4    0.34156421E-02 -0.10320831E-07

    1   -2    0
    1    1    0.39032326E-01 -0.55721356E-08
    2    1   -0.13252723E-01  0.68721989E-08
    3    1    0.32421750E-02  0.69507135E-08
    4    1   -0.57156707E-03 -0.22783201E-07
    1    2   -0.71861737E-02 -0.19598260E-07
    2    2    0.39032395E-01 -0.58060717E-08
    3    2    0.96962181E-02  0.11283603E-07
    4    2    0.32431786E-02 -0.95526177E-08
    1    3    0.32431988E-02  0.10337409E-07
    2    3   -0.57156391E-03 -0.13691379E-07
    3    3    0.39047602E-01 -0.49864716E-08
    4    3   -0.13257005E-01  0.39313388E-08
    1    4    0.96962073E-02  0.37263943E-08
    2    4    0.32421552E-02  0.11518161E-08
    3    4   -0.71824329E-02  0.10633065E-07
    4    4    0.39047652E-01  0.10063477E-07

    1   -1    0
    1    1    0.24766789E+00  0.24561623E-08
    2    1   -0.20479216E+00 -0.79856827E-08
    3    1   -0.18428539E-01 -0.26170493E-07
    4    1   -0.18713167E-01  0.79873548E-08
    1    2   -0.20479207E+00  0.51869772E-08
    2    2    0.24766882E+00 -0.10535953E-07
    3    2   -0.18713177E-01 -0.54960889E-08
    4    2   -0.18428608E-01  0.16532496E-07
    1    3   -0.18428581E-01 -0.20137732E-07
    2    3   -0.18713163E-01  0.19666501E-07
    3    3    0.24771419E+00  0.19084091E-07
    4    3   -0.20485138E+00 -0.13676558E-07
    1    4   -0.18713172E-01  0.15625612E-07
    2    4   -0.18428597E-01  0.27957868E-07
    3    4   -0.20485141E+00 -0.68396961E-08
    4    4    0.24771509E+00 -0.72463196E-08

    1    0    0
    1    1    0.24766873E+00 -0.84412379E-08
    2    1   -0.28353946E+01  0.23082281E-08
    3    1   -0.18428605E-01 -0.31251570E-07
    4    1   -0.42123250E-02  0.21519938E-07
    1    2   -0.71861353E-02  0.21955705E-07
    2    2    0.24766822E+00  0.77824652E-08
    3    2    0.96961889E-02 -0.11470790E-09
    4    2   -0.18428571E-01  0.37354824E-07
    1    3   -0.18428592E-01 -0.30602195E-07
    2    3   -0.42123279E-02  0.18345001E-07
    3    3    0.24771500E+00  0.36000685E-07
    4    3   -0.28355574E+01  0.70656235E-08
    1    4    0.96961948E-02  0.10346332E-07
    2    4   -0.18428568E-01  0.48224664E-07
    3    4   -0.71823705E-02 -0.16614314E-08
    4    4    0.24771450E+00 -0.52796730E-07

    1    1    0
    1    1    0.39032412E-01  0.18926975E-07
    2    1   -0.20479229E+00 -0.19597347E-07
    3    1    0.32421551E-02 -0.58885460E-08
    4    1   -0.18713159E-01  0.17237589E-07
    1    2   -0.11471032E-01  0.16389483E-07
    2    2    0.39032328E-01 -0.44577785E-08
    3    2   -0.34585922E-03 -0.11718635E-08
    4    2    0.32431831E-02  0.65444522E-08
    1    3    0.32432009E-02 -0.93072657E-08
    2    3   -0.18713118E-01 -0.20462363E-07
    3    3    0.39047659E-01 -0.26744249E-08
    4    3   -0.20485155E+00 -0.41530110E-08
    1    4   -0.34586253E-03 -0.84372892E-08
    2    4    0.32421524E-02 -0.69482352E-08
    3    4   -0.11479572E-01  0.15765117E-07
    4    4    0.39047597E-01  0.15876977E-07

    1    2    0
    1    1    0.34133257E-02  0.10099304E-07
    2    1   -0.13252712E-01 -0.16532264E-08
    3    1   -0.76773699E-04 -0.91969430E-08
    4    1   -0.57157504E-03 -0.40523677E-08
    1    2   -0.14886447E-02  0.10101931E-08
    2    2    0.34133174E-02 -0.51295405E-08
    3    2    0.12974371E-03  0.11546191E-07
    4    2   -0.77026332E-04  0.59855997E-08
    1    3   -0.77033389E-04 -0.40002344E-08
    2    3   -0.57155899E-03 -0.65997799E-09
    3    3    0.34156427E-02  0.60501570E-08
    4    3   -0.13256993E-01 -0.14746719E-07
    1    4    0.12974793E-03  0.14988277E-07
    2    4   -0.76762577E-04  0.11831073E-07
    3    4   -0.14890701E-02 -0.83638414E-08
    4    4    0.34156528E-02 -0.14695109E-07

    1    3    0
    1    1   -0.79512854E-04  0.84432506E-09
    2    1   -0.72533384E-03  0.55806096E-09
    3    1    0.33360631E-03 -0.19365128E-08
    4    1    0.10257459E-03 -0.68294278E-08
    1    2   -0.14270221E-03  0.10873753E-08
    2    2   -0.79519722E-04 -0.56389790E-08
    3    2   -0.11928782E-03  0.40991637E-08
    4    2    0.33419836E-03  0.18522009E-08
    1    3    0.33417377E-03 -0.40558188E-08
    2    3    0.10257998E-03 -0.73136668E-08
    3    3   -0.81075046E-04  0.26568772E-08
    4    3   -0.72650029E-03 -0.75032498E-08
    1    4   -0.11928882E-03  0.41941178E-08
    2    4    0.33362167E-03 -0.46520300E-09
    3    4   -0.14134561E-03  0.25823299E-08
    4    4   -0.81085391E-04  0.27972122E-08

    1    4    0
    1    1   -0.46292241E-04 -0.21222631E-08
    2    1    0.58861224E-03  0.10741869E-08
    3    1   -0.81206208E-04  0.57999486E-10
    4    1   -0.21511227E-04 -0.83402505E-08
    1    2    0.70983796E-03  0.42587121E-08
    2    2   -0.46293669E-04  0.20112550E-09
    3    2   -0.82429112E-04 -0.31043187E-08
    4    2   -0.81108232E-04 -0.32987950E-08
    1    3   -0.81110862E-04 -0.11822880E-08
    2    3   -0.21507486E-04 -0.63301267E-08
    3    3   -0.46714557E-04  0.61353886E-08
    4    3    0.58856369E-03 -0.21847356E-09
    1    4   -0.82432607E-04 -0.14628153E-08
    2    4   -0.81203917E-04 -0.15505960E-08
    3    4    0.70960054E-03  0.42058031E-08
    4    4   -0.46706582E-04  0.37306730E-08

    2   -5    0
    1    1    0.38976750E-03 -0.41255210E-08
    2    1   -0.18057065E-04  0.22776527E-08
    3    1    0.38086939E-04  0.46816215E-08
    4    1    0.89261300E-04 -0.61061525E-08
    1    2   -0.48240672E-03  0.23370261E-08
    2    2    0.38977186E-03  0.45095480E-08
    3    2    0.20584281E-03 -0.49778747E-08
    4    2    0.38211319E-04 -0.81237157E-08
    1    3    0.38214324E-04  0.55659189E-08
    2    3    0.89257785E-04 -0.38331940E-08
    3    3    0.38974621E-03 -0.73062820E-08
    4    3   -0.18531402E-04  0.56064278E-08
    1    4    0.20584795E-03 -0.37663457E-08
    2    4    0.38080197E-04 -0.44561114E-08
    3    4   -0.48312779E-03  0.12199992E-08
    4    4    0.38974636E-03  0.64348277E-08

    2   -4    0
    1    1    0.79872679E-03 -0.57749935E-09
    2    1   -0.33235639E-03 -0.36433787E-08
    3    1   -0.32313154E-03 -0.99181471E-09
    4    1   -0.73287370E-04  0.14800792E-08
    1    2   -0.14886467E-02  0.70094670E-09
    2    2    0.79873584E-03 -0.29171100E-08
    3    2    0.12973744E-03  0.25175880E-08
    4    2   -0.32396245E-03  0.40526037E-08
    1    3   -0.32394543E-03  0.38881919E-08
    2    3   -0.73285974E-04  0.41405100E-08
    3    3    0.80033367E-03  0.62110436E-09
    4    3   -0.33223801E-03 -0.70540418E-09
    1    4    0.12974050E-03  0.48104839E-08
    2    4   -0.32313617E-03  0.13446474E-08
    3    4   -0.14890621E-02  0.36945212E-09
    4    4    0.80033785E-03 -0.75170032E-08

    2   -3    0
    1    1    0.34133072E-02 -0.14496160E-08
    2    1   -0.26989486E-02 -0.33918059E-08
    3    1   -0.76760701E-04 -0.15283699E-08
    4    1    0.13936738E-03  0.19809546E-08
    1    2    0.65730564E-02  0.88192048E-08
    2    2    0.34133103E-02  0.80813695E-08
    3    2    0.13217268E-03  0.32414956E-08
    4    2   -0.77023997E-04 -0.59830170E-08
    1    3   -0.77018181E-04  0.18027461E-08
    2    3    0.13936791E-03  0.20343244E-08
    3    3    0.34156314E-02 -0.75092833E-08
    4    3   -0.26996786E-02 -0.86371592E-08
    1    4    0.13217631E-03 -0.26414799E-08
    2    4   -0.76757274E-04 -0.42998819E-08
    3    4    0.65744370E-02  0.56417919E-08
    4    4    0.34156369E-02  0.13798401E-07

    2   -2    0
    1    1   -0.95452229E-02 -0.67418065E-09
    2    1   -0.13252723E-01 -0.60202986E-08
    3    1   -0.24155370E-02 -0.16842732E-07
    4    1   -0.57155949E-03 -0.13465650E-07
    1    2   -0.13252717E-01  0.11776601E-07
    2    2   -0.95452291E-02  0.38189590E-08
    3    2   -0.57155887E-03 -0.19437519E-07
    4    2   -0.24155450E-02 -0.59832876E-08
    1    3   -0.24155485E-02 -0.21326721E-08
    2    3   -0.57156396E-03  0.75108188E-08
    3    3   -0.95524006E-02  0.34093731E-08
    4    3   -0.13256997E-01 -0.62836045E-08
    1    4   -0.57156317E-03 -0.39320672E-08
    2    4   -0.24155436E-02  0.11942926E-07
    3    4   -0.13257000E-01  0.16418379E-07
    4    4   -0.95524196E-02  0.83069298E-08

    2   -1    0
    1    1    0.39032313E-01 -0.14349891E-07
    2    1   -0.71861691E-02 -0.85151604E-08
    3    1    0.32432203E-02 -0.30315493E-08
    4    1    0.96961963E-02  0.45140122E-08
    1    2   -0.13252729E-01  0.16757315E-07
    2    2    0.39032384E-01  0.14625251E-07
    3    2   -0.57156463E-03 -0.60124432E-08
    4    2    0.32421675E-02 -0.33513815E-08
    1    3    0.32421702E-02 -0.10674858E-07
    2    3    0.96961856E-02  0.74832247E-08
    3    3    0.39047563E-01  0.29911881E-08
    4    3   -0.71824093E-02 -0.88172475E-08
    1    4   -0.57155746E-03 -0.11706010E-07
    2    4    0.32432056E-02  0.69978857E-08
    3    4   -0.13257003E-01  0.11100152E-07
    4    4    0.39047633E-01  0.39233952E-08

    2    0    0
    1    1   -0.95452251E-02 -0.14736646E-07
    2    1   -0.71862378E-02 -0.25088938E-07
    3    1   -0.24155366E-02  0.65023851E-08
    4    1    0.96962031E-02  0.49562392E-08
    1    2    0.65730600E-02 -0.47687407E-08
    2    2   -0.95452190E-02  0.12732744E-07
    3    2    0.13216431E-03  0.30325740E-08
    4    2   -0.24155402E-02 -0.21636836E-08
    1    3   -0.24155395E-02 -0.82565814E-09
    2    3    0.96961984E-02 -0.84887569E-08
    3    3   -0.95524253E-02 -0.16387779E-07
    4    3   -0.71825189E-02  0.23055871E-08
    1    4    0.13217727E-03  0.43989234E-08
    2    4   -0.24155229E-02 -0.86978726E-08
    3    4    0.65744347E-02 -0.72903083E-08
    4    4   -0.95524105E-02  0.20599371E-07

    2    1    0
    1    1    0.34133226E-02  0.73588277E-08
    2    1   -0.13252740E-01 -0.16181068E-07
    3    1   -0.76774886E-04 -0.40471627E-08
    4    1   -0.57154322E-03  0.12921071E-07
    1    2   -0.14886485E-02  0.42773504E-08
    2    2    0.34133186E-02 -0.18813865E-08
    3    2    0.12973694E-03  0.24133526E-08
    4    2   -0.77019890E-04  0.23022222E-08
    1    3   -0.77028937E-04 -0.47974614E-08
    2    3   -0.57153549E-03  0.89141076E-08
    3    3    0.34156408E-02  0.50577213E-08
    4    3   -0.13257012E-01 -0.22583082E-07
    1    4    0.12973950E-03  0.27549752E-08
    2    4   -0.76759776E-04  0.32406210E-08
    3    4   -0.14890545E-02  0.14256912E-08
    4    4    0.34156408E-02 -0.12233858E-07

    2    2    0
    1    1    0.79872918E-03 -0.79447665E-09
    2    1   -0.26989525E-02 -0.44064377E-08
    3    1   -0.32313352E-03  0.33983597E-08
    4    1    0.13936813E-03 -0.72731141E-08
    1    2   -0.48241191E-03  0.43694838E-08
    2    2    0.79873614E-03  0.52778108E-08
    3    2    0.20585086E-03  0.12373563E-08
    4    2   -0.32395189E-03 -0.12105494E-07
    1    3   -0.32395853E-03  0.84555183E-08
    2    3    0.13936395E-03 -0.11173320E-07
    3    3    0.80033919E-03 -0.69060994E-08
    4    3   -0.26996832E-02  0.62377646E-08
    1    4    0.20585101E-03  0.11244577E-08
    2    4   -0.32313418E-03 -0.56764489E-08
    3    4   -0.48312679E-03  0.11469619E-08
    4    4    0.80034513E-03  0.97695057E-08

    2    3    0
    1    1    0.38976374E-03 -0.14571418E-08
    2    1   -0.33236083E-03 -0.60795543E-08
    3    1    0.38087823E-04  0.29895055E-08
    4    1   -0.73286681E-04 -0.77296396E-08
    1    2   -0.12521607E-03 -0.68638667E-09
    2    2    0.38976822E-03  0.89334663E-09
    3    2    0.20362659E-03  0.17094794E-08
    4    2    0.38216499E-04 -0.50054288E-08
    1    3    0.38216895E-04  0.44593027E-08
    2    3   -0.73292996E-04  0.37603960E-08
    3    3    0.38973980E-03 -0.35599234E-08
    4    3   -0.33224169E-03 -0.20558170E-08
    1    4    0.20362438E-03  0.41969335E-08
    2    4    0.38082573E-04 -0.82197107E-09
    3    4   -0.12635467E-03 -0.14607276E-09
    4    4    0.38974656E-03  0.49060486E-09

    2    4    0
    1    1   -0.20707396E-03  0.41344351E-08
    2    1   -0.18060194E-04 -0.73810915E-08
    3    1   -0.28326547E-03 -0.73575290E-09
    4    1    0.89259821E-04  0.12462167E-08
    1    2   -0.12521800E-03  0.10389627E-08
    2    2   -0.20707795E-03 -0.84619076E-10
    3    2    0.20362675E-03  0.20397542E-08
    4    2   -0.28401519E-03  0.36376228E-10
    1    3   -0.28401944E-03 -0.15863619E-08
    2    3    0.89257037E-04  0.15088899E-08
    3    3   -0.20536460E-03  0.21164601E-08
    4    3   -0.18529523E-04 -0.28439653E-08
    1    4    0.20362824E-03  0.28033154E-09
    2    4   -0.28325996E-03  0.51715760E-09
    3    4   -0.12635710E-03 -0.28050795E-08
    4    4   -0.20537252E-03 -0.38902977E-08

    3   -6    0
    1    1   -0.59923982E-04 -0.20695759E-08
    2    1    0.17981794E-03  0.53008820E-10
    3    1    0.15531190E-03 -0.13316844E-09
    4    1    0.18438792E-04  0.10919638E-09
    1    2   -0.12520998E-03 -0.47778430E-08
    2    2   -0.59921077E-04  0.22160478E-08
    3    2    0.20362092E-03  0.15294576E-08
    4    2    0.15566061E-03 -0.29328183E-08
    1    3    0.15566781E-03 -0.11362890E-09
    2    3    0.18436908E-04  0.11512492E-08
    3    3   -0.60705814E-04 -0.31852026E-08
    4    3    0.17989076E-03 -0.76046416E-09
    1    4    0.20361889E-03  0.20195072E-08
    2    4    0.15529765E-03 -0.24624864E-08
    3    4   -0.12634300E-03  0.54271698E-09
    4    4   -0.60699885E-04  0.67200075E-08

    3   -5    0
    1    1    0.38976631E-03  0.47959920E-08
    2    1   -0.40539895E-03 -0.28988839E-08
    3    1    0.38084387E-04 -0.96903900E-08
    4    1   -0.10135349E-03  0.37566488E-08
    1    2   -0.14270278E-03 -0.48668678E-08
    2    2    0.38976436E-03 -0.34306726E-08
    3    2   -0.11929641E-03  0.21762265E-10
    4    2    0.38220646E-04  0.94069918E-08
    1    3    0.38215660E-04 -0.52430932E-08
    2    3   -0.10135481E-03  0.60123217E-08
    3    3    0.38974524E-03  0.79917116E-08
    4    3   -0.40534543E-03 -0.27801454E-08
    1    4   -0.11929135E-03  0.71522398E-08
    2    4    0.38086573E-04  0.67374676E-08
    3    4   -0.14134839E-03  0.65075040E-09
    4    4    0.38973526E-03 -0.47698133E-08

    3   -4    0
    1    1   -0.79510577E-04  0.33582658E-09
    2    1   -0.33236418E-03 -0.62230890E-09
    3    1    0.33360899E-03 -0.69912457E-08
    4    1   -0.73268294E-04  0.41203912E-09
    1    2    0.11067240E-02  0.40053690E-08
    2    2   -0.79509142E-04  0.13420363E-08
    3    2   -0.10019981E-03 -0.21501957E-08
    4    2    0.33418652E-03  0.66128077E-08
    1    3    0.33418780E-03  0.81995346E-09
    2    3   -0.73273770E-04  0.45911127E-09
    3    3   -0.81081648E-04 -0.97161898E-09
    4    3   -0.33225711E-03 -0.25707230E-08
    1    4   -0.10020227E-03  0.19114572E-08
    2    4    0.33360775E-03  0.16992120E-09
    3    4    0.11068472E-02  0.50593975E-08
    4    4   -0.81075168E-04 -0.36403197E-08

    3   -3    0
    1    1   -0.27626750E-02 -0.17854794E-08
    2    1   -0.72531141E-03 -0.57887085E-08
    3    1    0.14586684E-03 -0.23860329E-08
    4    1    0.10255950E-03 -0.33684259E-08
    1    2   -0.72531879E-03  0.83178502E-08
    2    2   -0.27626857E-02  0.33530859E-08
    3    2    0.10256592E-03  0.90324736E-09
    4    2    0.14588256E-03  0.15918680E-08
    1    3    0.14587867E-03  0.69035897E-09
    2    3    0.10256569E-03  0.14504712E-08
    3    3   -0.27617332E-02 -0.59836009E-08
    4    3   -0.72648176E-03 -0.64377404E-08
    1    4    0.10255599E-03 -0.55732775E-10
    2    4    0.14587364E-03  0.34815874E-08
    3    4   -0.72648048E-03  0.27737331E-09
    4    4   -0.27617320E-02 -0.41640917E-08

    3   -2    0
    1    1    0.34133028E-02  0.17731229E-07
    2    1    0.65730717E-02 -0.25825778E-09
    3    1   -0.77022864E-04 -0.11436083E-07
    4    1    0.13216931E-03 -0.52463826E-08
    1    2   -0.26989489E-02  0.24649280E-09
    2    2    0.34133142E-02  0.48326163E-08
    3    2    0.13936557E-03  0.54573851E-08
    4    2   -0.76752965E-04  0.10512732E-07
    1    3   -0.76767210E-04 -0.19337805E-07
    2    3    0.13217036E-03  0.18100608E-08
    3    3    0.34156352E-02  0.51665990E-08
    4    3    0.65744454E-02 -0.24738273E-08
    1    4    0.13936449E-03  0.50819860E-08
    2    4   -0.77028028E-04  0.96906090E-08
    3    4   -0.26996904E-02 -0.37082044E-08
    4    4    0.34156481E-02 -0.92064310E-08

    3   -1    0
    1    1    0.34133089E-02  0.96451435E-09
    2    1   -0.11471038E-01 -0.86254394E-09
    3    1   -0.77017980E-04 -0.13726498E-07
    4    1   -0.34583518E-03 -0.15260353E-08
    1    2   -0.72532267E-03 -0.24587526E-08
    2    2    0.34133087E-02  0.34599571E-08
    3    2    0.10256012E-03 -0.42860559E-08
    4    2   -0.76746554E-04  0.44818769E-09
    1    3   -0.76760320E-04 -0.11347829E-08
    2    3   -0.34585418E-03 -0.15223208E-08
    3    3    0.34156342E-02  0.19912083E-08
    4    3   -0.11479576E-01 -0.21462556E-08
    1    4    0.10256523E-03  0.54075949E-09
    2    4   -0.77014411E-04 -0.40534704E-08
    3    4   -0.72648262E-03  0.10355832E-07
    4    4    0.34156224E-02  0.93157582E-08

    3    0    0
    1    1   -0.27626866E-02  0.18491735E-09
    2    1    0.65730756E-02  0.62279892E-08
    3    1    0.14586864E-03  0.10345753E-08
    4    1    0.13218074E-03 -0.80183719E-08
    1    2    0.11067283E-02 -0.11280115E-08
    2    2   -0.27626865E-02 -0.65440472E-08
    3    2   -0.10019542E-03 -0.25992856E-09
    4    2    0.14588054E-03  0.11466604E-07
    1    3    0.14587085E-03  0.45436814E-08
    2    3    0.13217156E-03 -0.48183506E-08
    3    3   -0.27617337E-02 -0.64138762E-09
    4    3    0.65744387E-02  0.72141567E-08
    1    4   -0.10019126E-03 -0.50821701E-09
    2    4    0.14588220E-03  0.22497391E-08
    3    4    0.11068463E-02  0.26781683E-08
    4    4   -0.27617344E-02 -0.11873743E-07

    3    1    0
    1    1   -0.79521116E-04  0.17257423E-09
    2    1   -0.72531322E-03 -0.46803657E-08
    3    1    0.33360976E-03 -0.39372709E-09
    4    1    0.10256595E-03  0.64248348E-08
    1    2   -0.14270307E-03  0.34895584E-08
    2    2   -0.79509544E-04 -0.36060626E-08
    3    2   -0.11929306E-03  0.20157874E-08
    4    2    0.33418809E-03  0.19373686E-08
    1    3    0.33419064E-03  0.40357676E-08
    2    3    0.10255854E-03 -0.28684690E-08
    3    3   -0.81080958E-04  0.18693590E-08
    4    3   -0.72649337E-03 -0.41228151E-08
    1    4   -0.11928933E-03  0.29468155E-08
    2    4    0.33360344E-03 -0.46310779E-08
    3    4   -0.14134236E-03 -0.18609538E-08
    4    4   -0.81073800E-04 -0.45235595E-08

    3    2    0
    1    1    0.38976336E-03  0.74306873E-08
    2    1   -0.33236553E-03 -0.33803601E-08
    3    1    0.38079693E-04 -0.16835716E-08
    4    1   -0.73273243E-04 -0.69197634E-08
    1    2   -0.12521810E-03  0.31233899E-09
    2    2    0.38975790E-03 -0.42602884E-08
    3    2    0.20362298E-03  0.98898257E-09
    4    2    0.38227648E-04 -0.44311567E-09
    1    3    0.38220233E-04  0.40667284E-08
    2    3   -0.73278408E-04  0.39208332E-08
    3    3    0.38974412E-03  0.65783629E-09
    4    3   -0.33225625E-03 -0.47379401E-08
    1    4    0.20362059E-03 -0.61051116E-09
    2    4    0.38084321E-04  0.32040609E-08
    3    4   -0.12634372E-03  0.33653280E-08
    4    4    0.38973633E-03 -0.35497958E-08

    3    3    0
    1    1   -0.59924295E-04  0.39419532E-08
    2    1   -0.40539125E-03  0.22010957E-08
    3    1    0.15530559E-03 -0.18302763E-08
    4    1   -0.10135757E-03 -0.33938857E-08
    1    2    0.26110244E-03  0.31826373E-08
    2    2   -0.59924369E-04 -0.75262052E-09
    3    2   -0.75819877E-03 -0.35700654E-08
    4    2    0.15566487E-03  0.10520030E-08
    1    3    0.15566940E-03 -0.57478765E-09
    2    3   -0.10135906E-03 -0.22545343E-08
    3    3   -0.60701478E-04  0.25073042E-08
    4    3   -0.40533977E-03 -0.39249590E-10
    1    4   -0.75819933E-03 -0.19853031E-08
    2    4    0.15529890E-03  0.15085465E-08
    3    4    0.26465318E-03  0.35454248E-08
    4    4   -0.60698742E-04 -0.59344175E-08

    4   -6    0
    1    1   -0.20707453E-03 -0.24895237E-09
    2    1    0.17980990E-03 -0.21380695E-08
    3    1   -0.28326465E-03 -0.59671535E-08
    4    1    0.18439578E-04 -0.24183039E-08
    1    2    0.70983205E-03  0.76740743E-08
    2    2   -0.20707488E-03 -0.13025324E-08
    3    2   -0.82424087E-04 -0.56722404E-08
    4    2   -0.28402001E-03  0.23992022E-08
    1    3   -0.28402087E-03 -0.17551832E-08
    2    3    0.18441998E-04  0.27437670E-08
    3    3   -0.20536467E-03  0.11135922E-08
    4    3    0.17988798E-03 -0.12632239E-08
    1    4   -0.82425882E-04  0.22318284E-08
    2    4   -0.28326699E-03  0.65536136E-08
    3    4    0.70959688E-03  0.46299910E-08
    4    4   -0.20536402E-03  0.25955712E-09

    4   -5    0
    1    1   -0.46295346E-04 -0.71925549E-08
    2    1   -0.18050289E-04  0.61425028E-08
    3    1   -0.81204619E-04  0.32001530E-09
    4    1    0.89260769E-04 -0.40863868E-08
    1    2   -0.30777493E-03  0.42228092E-08
    2    2   -0.46292197E-04  0.70572285E-08
    3    2   -0.38006214E-04  0.29663439E-08
    4    2   -0.81104974E-04 -0.89285619E-09
    1    3   -0.81110029E-04  0.31988656E-08
    2    3    0.89248278E-04 -0.86090658E-08
    3    3   -0.46709075E-04 -0.41515470E-08
    4    3   -0.18527598E-04  0.31153622E-08
    1    4   -0.38005754E-04 -0.42573676E-09
    2    4   -0.81207499E-04 -0.12167001E-08
    3    4   -0.30817582E-03  0.58668161E-09
    4    4   -0.46712062E-04  0.31729256E-08

    4   -4    0
    1    1   -0.17592333E-03 -0.19541376E-08
    2    1    0.58862218E-03 -0.25157569E-08
    3    1   -0.16897041E-03  0.44700177E-09
    4    1   -0.21508104E-04  0.31933094E-08
    1    2    0.58861905E-03  0.30121995E-08
    2    2   -0.17592776E-03 -0.29462898E-08
    3    2   -0.21512670E-04  0.98043273E-08
    4    2   -0.16895668E-03  0.41772731E-08
    1    3   -0.16896214E-03 -0.66134749E-09
    2    3   -0.21508986E-04 -0.11571967E-09
    3    3   -0.17465745E-03 -0.18891893E-08
    4    3    0.58856719E-03 -0.42545078E-08
    1    4   -0.21514362E-04  0.23244845E-08
    2    4   -0.16896103E-03  0.20318405E-08
    3    4    0.58857521E-03 -0.25384250E-08
    4    4   -0.17465491E-03 -0.17728469E-08

    4   -3    0
    1    1   -0.79516322E-04  0.31562766E-08
    2    1    0.11067208E-02 -0.26854225E-08
    3    1    0.33417698E-03  0.40546408E-08
    4    1   -0.10019208E-03  0.16343015E-08
    1    2   -0.33236448E-03  0.15687904E-08
    2    2   -0.79512914E-04 -0.44492124E-08
    3    2   -0.73274538E-04  0.76497646E-08
    4    2    0.33361192E-03 -0.85717332E-09
    1    3    0.33360914E-03 -0.18430257E-08
    2    3   -0.10018210E-03  0.11182481E-08
    3    3   -0.81078696E-04 -0.14871185E-08
    4    3    0.11068413E-02 -0.99107334E-08
    1    4   -0.73278766E-04  0.65227534E-09
    2    4    0.33418106E-03  0.31261524E-08
    3    4   -0.33224598E-03  0.54144491E-08
    4    4   -0.81074122E-04 -0.25827259E-09

    4   -2    0
    1    1    0.79873284E-03 -0.12593734E-07
    2    1   -0.14886440E-02 -0.10525688E-08
    3    1   -0.32395870E-03  0.54309525E-08
    4    1    0.12974223E-03 -0.98755512E-08
    1    2   -0.33236522E-03  0.23106015E-08
    2    2    0.79873172E-03  0.18518278E-08
    3    2   -0.73269034E-04 -0.24237484E-08
    4    2   -0.32313058E-03 -0.83465921E-08
    1    3   -0.32314546E-03  0.92415557E-08
    2    3    0.12973654E-03 -0.37988875E-08
    3    3    0.80034568E-03 -0.61670546E-08
    4    3   -0.14890569E-02  0.22513578E-08
    1    4   -0.73273459E-04  0.44780577E-08
    2    4   -0.32395285E-03 -0.30496848E-08
    3    4   -0.33225453E-03  0.27646189E-08
    4    4    0.80033946E-03  0.59984585E-08

    4   -1    0
    1    1   -0.79508305E-04  0.22585624E-08
    2    1   -0.14886446E-02  0.36123713E-08
    3    1    0.33418389E-03 -0.31536350E-08
    4    1    0.12973934E-03  0.14659736E-08
    1    2    0.58862283E-03 -0.89518118E-09
    2    2   -0.79505171E-04 -0.21809783E-08
    3    2   -0.21512107E-04  0.65820552E-08
    4    2    0.33360282E-03  0.73910483E-09
    1    3    0.33360512E-03 -0.39252149E-09
    2    3    0.12973289E-03 -0.35697449E-08
    3    3   -0.81076658E-04  0.60250587E-08
    4    3   -0.14890501E-02 -0.85885195E-08
    1    4   -0.21508162E-04 -0.20482579E-08
    2    4    0.33418243E-03  0.46886723E-09
    3    4    0.58857178E-03 -0.99407277E-09
    4    4   -0.81071384E-04 -0.25192491E-08

    4    0    0
    1    1   -0.17591970E-03  0.26922323E-08
    2    1    0.11067160E-02 -0.20134194E-08
    3    1   -0.16896348E-03  0.23859648E-09
    4    1   -0.10018759E-03 -0.10302950E-08
    1    2   -0.30776690E-03  0.34854296E-09
    2    2   -0.17593187E-03 -0.10082412E-08
    3    2   -0.38004577E-04  0.46077939E-08
    4    2   -0.16896200E-03 -0.69221248E-09
    1    3   -0.16896739E-03  0.28896339E-08
    2    3   -0.10019051E-03  0.22961951E-08
    3    3   -0.17465553E-03 -0.94275259E-09
    4    3    0.11068411E-02  0.78824910E-09
    1    4   -0.38011376E-04 -0.65977080E-09
    2    4   -0.16895992E-03 -0.67459047E-08
    3    4   -0.30816993E-03  0.54789858E-09
    4    4   -0.17465442E-03  0.71307692E-08

    4    1    0
    1    1   -0.46289642E-04 -0.33341451E-08
    2    1    0.58861334E-03  0.27564891E-08
    3    1   -0.81207778E-04  0.26815792E-08
    4    1   -0.21513034E-04 -0.89797609E-09
    1    2    0.70983058E-03  0.44702545E-08
    2    2   -0.46291585E-04  0.97384231E-09
    3    2   -0.82425238E-04 -0.32142152E-08
    4    2   -0.81107270E-04 -0.33257718E-08
    1    3   -0.81105564E-04  0.42180558E-08
    2    3   -0.21515673E-04  0.11425346E-08
    3    3   -0.46708491E-04  0.57245733E-09
    4    3    0.58856653E-03 -0.22570832E-08
    1    4   -0.82427654E-04  0.41588112E-09
    2    4   -0.81208823E-04 -0.33706125E-08
    3    4    0.70959603E-03  0.29868839E-08
    4    4   -0.46709386E-04 -0.80420043E-09

    4    2    0
    1    1   -0.20707270E-03 -0.27249046E-09
    2    1   -0.18048660E-04  0.73638534E-09
    3    1   -0.28326883E-03  0.46571435E-08
    4    1    0.89252202E-04 -0.20345603E-08
    1    2   -0.12521738E-03  0.14503165E-08
    2    2   -0.20707437E-03 -0.11221456E-08
    3    2    0.20362389E-03  0.56033365E-08
    4    2   -0.28402136E-03 -0.62686425E-09
    1    3   -0.28401163E-03  0.38283372E-08
    2    3    0.89252397E-04 -0.27064642E-08
    3    3   -0.20536539E-03 -0.26005145E-08
    4    3   -0.18525877E-04 -0.31853896E-08
    1    4    0.20362216E-03  0.40055514E-09
    2    4   -0.28327452E-03  0.29236049E-09
    3    4   -0.12635054E-03 -0.40897563E-08
    4    4   -0.20535862E-03  0.60493194E-09

    5   -5    0
    1    1    0.21758828E-03 -0.50631772E-16
    2    1   -0.27216842E-03  0.23938362E-09
    3    1    0.26577732E-03  0.11996065E-08
    4    1    0.23175354E-04 -0.13009485E-08
    1    2   -0.27216842E-03 -0.23938344E-09
    2    2    0.21758509E-03 -0.42862012E-16
    3    2    0.23171598E-04  0.66654272E-08
    4    2    0.26578518E-03  0.51922961E-08
    1    3    0.26577732E-03 -0.11996065E-08
    2    3    0.23171598E-04 -0.66654272E-08
    3    3    0.21722775E-03 -0.43734224E-16
    4    3   -0.27120259E-03 -0.30628041E-08
    1    4    0.23175354E-04  0.13009485E-08
    2    4    0.26578518E-03 -0.51922961E-08
    3    4   -0.27120259E-03  0.30628043E-08
    4    4    0.21722825E-03 -0.36227840E-16

    5   -4    0
    1    1   -0.46292353E-04 -0.89402889E-09
    2    1   -0.30777125E-03  0.12443842E-08
    3    1   -0.81116196E-04  0.65331510E-08
    4    1   -0.38008767E-04 -0.73632268E-08
    1    2   -0.18058007E-04  0.54133940E-08
    2    2   -0.46291309E-04 -0.45724813E-08
    3    2    0.89258172E-04  0.32028301E-08
    4    2   -0.81204541E-04  0.16398920E-09
    1    3   -0.81201357E-04  0.39490468E-08
    2    3   -0.38006885E-04 -0.87219070E-08
    3    3   -0.46709196E-04 -0.17688371E-08
    4    3   -0.30817381E-03  0.15115037E-08
    1    4    0.89256373E-04 -0.88858896E-09
    2    4   -0.81104337E-04 -0.29901738E-08
    3    4   -0.18529977E-04  0.51723472E-08
    4    4   -0.46707186E-04  0.14539756E-08

    5   -3    0
    1    1    0.38976182E-03 -0.17964662E-08
    2    1   -0.14270381E-03 -0.65257209E-08
    3    1    0.38219124E-04  0.61058130E-08
    4    1   -0.11929692E-03 -0.79727566E-08
    1    2   -0.40539120E-03  0.17209238E-08
    2    2    0.38976349E-03  0.10586898E-08
    3    2   -0.10135759E-03  0.14090677E-08
    4    2    0.38086963E-04 -0.59708089E-08
    1    3    0.38087354E-04  0.43352015E-08
    2    3   -0.11929028E-03  0.86066026E-09
    3    3    0.38974226E-03 -0.10008042E-08
    4    3   -0.14134934E-03 -0.25534168E-08
    1    4   -0.10136408E-03  0.49348871E-08
    2    4    0.38214824E-04 -0.29787048E-08
    3    4   -0.40533292E-03 -0.83167694E-09
    4    4    0.38974615E-03  0.34935733E-08

    5   -2    0
    1    1    0.38976738E-03  0.40726834E-08
    2    1   -0.48241179E-03 -0.62676291E-08
    3    1    0.38220264E-04 -0.21695611E-09
    4    1    0.20584526E-03  0.11041268E-08
    1    2   -0.18051076E-04  0.18379862E-08
    2    2    0.38976511E-03 -0.44638580E-08
    3    2    0.89263237E-04  0.28108607E-08
    4    2    0.38081467E-04  0.43516983E-08
    1    3    0.38082771E-04 -0.53760658E-08
    2    3    0.20584809E-03 -0.11198954E-08
    3    3    0.38974429E-03  0.66685218E-08
    4    3   -0.48312807E-03 -0.54871783E-08
    1    4    0.89257405E-04  0.41801047E-08
    2    4    0.38215371E-04  0.79153901E-08
    3    4   -0.18532564E-04 -0.80107743E-09
    4    4    0.38974662E-03 -0.11538446E-07

    5   -1    0
    1    1   -0.46291462E-04 -0.40320572E-08
    2    1   -0.14270468E-03 -0.33505501E-08
    3    1   -0.81103466E-04  0.95408842E-08
    4    1   -0.11929449E-03 -0.19245186E-08
    1    2   -0.27216901E-03  0.89796582E-08
    2    2   -0.46292356E-04  0.34250743E-08
    3    2    0.23175914E-04 -0.23387311E-09
    4    2   -0.81207554E-04 -0.42439342E-08
    1    3   -0.81207291E-04  0.20721603E-08
    2    3   -0.11929794E-03 -0.15214804E-08
    3    3   -0.46708197E-04 -0.75488065E-08
    4    3   -0.14135020E-03 -0.17691718E-09
    1    4    0.23174734E-04 -0.73545413E-08
    2    4   -0.81105057E-04 -0.51603026E-08
    3    4   -0.27120551E-03  0.40007984E-08
    4    4   -0.46712509E-04  0.98173635E-08

    5    0    0
    1    1    0.21759043E-03 -0.11873466E-15
    2    1   -0.30776791E-03  0.20077297E-08
    3    1    0.26578382E-03  0.19316851E-08
    4    1   -0.38016074E-04 -0.58209929E-08
    1    2   -0.30776791E-03 -0.20077290E-08
    2    2    0.21758532E-03 -0.11562035E-15
    3    2   -0.38010712E-04  0.20992627E-08
    4    2    0.26577728E-03  0.88649262E-09
    1    3    0.26578382E-03 -0.19316851E-08
    2    3   -0.38010712E-04 -0.20992627E-08
    3    3    0.21722145E-03 -0.11336091E-15
    4    3   -0.30816977E-03  0.99845733E-09
    1    4   -0.38016074E-04  0.58209929E-08
    2    4    0.26577728E-03 -0.88649264E-09
    3    4   -0.30816977E-03 -0.99845662E-09
    4    4    0.21722724E-03 -0.11436168E-15

    6   -4    0
    1    1   -0.20707453E-03  0.24895236E-09
    2    1    0.70983205E-03 -0.76740742E-08
    3    1   -0.28402087E-03  0.17551832E-08
    4    1   -0.82425882E-04 -0.22318284E-08
    1    2    0.17980990E-03  0.21380695E-08
    2    2   -0.20707488E-03  0.13025325E-08
    3    2    0.18441998E-04 -0.27437670E-08
    4    2   -0.28326699E-03 -0.65536136E-08
    1    3   -0.28326465E-03  0.59671535E-08
    2    3   -0.82424087E-04  0.56722403E-08
    3    3   -0.20536467E-03 -0.11135922E-08
    4    3    0.70959688E-03 -0.46299909E-08
    1    4    0.18439578E-04  0.24183039E-08
    2    4   -0.28402001E-03 -0.23992022E-08
    3    4    0.17988798E-03  0.12632239E-08
    4    4   -0.20536402E-03 -0.25955713E-09

    6   -3    0
    1    1   -0.59920829E-04  0.41845444E-08
    2    1   -0.12521374E-03  0.23747172E-09
    3    1    0.15566479E-03  0.41587618E-08
    4    1    0.20361801E-03 -0.33994612E-08
    1    2    0.17980967E-03  0.15410420E-08
    2    2   -0.59927593E-04  0.56969801E-09
    3    2    0.18444836E-04 -0.17810713E-08
    4    2    0.15530569E-03 -0.32566347E-08
    1    3    0.15530310E-03 -0.15508319E-08
    2    3    0.20362480E-03 -0.31896498E-08
    3    3   -0.60697600E-04  0.14729591E-08
    4    3   -0.12634705E-03  0.37390745E-09
    1    4    0.18443710E-04  0.25256592E-09
    2    4    0.15566570E-03 -0.49548328E-09
    3    4    0.17988685E-03  0.13720086E-08
    4    4   -0.60704684E-04 -0.27147551E-08

   -6    3    0
    1    1   -0.72435256E-05  0.97324373E-09  0.12544351E-04  0.89278841E-09  0.97885368E-05  0.68926170E-08
    2    1   -0.20942326E-04  0.13272320E-08 -0.36268687E-04 -0.16816103E-08  0.60818148E-04  0.13699096E-08
    3    1   -0.31983745E-04 -0.24223941E-09  0.55398478E-04 -0.21555204E-08  0.85362940E-04 -0.94921938E-09
    4    1    0.25209219E-05 -0.14568737E-08  0.43712725E-05  0.15169576E-08  0.12058882E-03 -0.26487441E-08
    1    2   -0.10642720E-03 -0.19833849E-08  0.32419984E-04  0.22811881E-08 -0.63893093E-04 -0.20460753E-08
    2    2    0.72434380E-05 -0.29205595E-09 -0.12545033E-04 -0.42568605E-09  0.97914132E-05 -0.10009157E-07
    3    2    0.74685259E-04  0.67106277E-09  0.20909312E-03  0.55022975E-09  0.95580596E-04  0.27819053E-08
    4    2   -0.26098495E-04  0.12743310E-08  0.24005216E-04  0.36954090E-08 -0.58107735E-04  0.53376293E-08
    1    3   -0.31966854E-04 -0.16863061E-08  0.55369005E-04  0.47630798E-09 -0.58104913E-04 -0.33069299E-08
    2    3    0.25634865E-05  0.22288700E-08  0.44454175E-05  0.30217016E-08  0.12058133E-03  0.87548677E-08
    3    3   -0.72298350E-05  0.15517666E-08  0.12521926E-04  0.35468881E-09 -0.89403539E-05 -0.73040041E-08
    4    3   -0.20964929E-04 -0.68247560E-09 -0.36315158E-04 -0.24376748E-08  0.74066110E-04 -0.10105858E-08
    1    4    0.74716986E-04  0.15195996E-08  0.20915165E-03 -0.17271095E-08  0.95575331E-04 -0.39528430E-08
    2    4   -0.26159628E-04 -0.35455890E-09  0.24123704E-04  0.18544496E-09  0.85365103E-04  0.72478910E-09
    3    4   -0.10667715E-03 -0.14644425E-09  0.31563050E-04  0.35971318E-09 -0.43586666E-04  0.18827516E-09
    4    4    0.72290246E-05  0.18221678E-08 -0.12522930E-04  0.15294551E-08 -0.89574964E-05  0.52454451E-08

   -6    4    0
    1    1   -0.18423283E-04 -0.10638216E-08 -0.77297940E-10  0.73167214E-09 -0.70111731E-04  0.34235143E-08
    2    1    0.41879160E-04  0.22069585E-08 -0.52495063E-09  0.18891412E-09  0.60812035E-04  0.57650319E-08
    3    1   -0.19643212E-03  0.29766844E-08  0.88494412E-09 -0.24082815E-08 -0.41721035E-03 -0.71073048E-08
    4    1   -0.50454871E-05 -0.26374122E-08 -0.35509406E-08 -0.16887811E-08  0.12058895E-03 -0.65513753E-08
    1    2    0.71591734E-04  0.42216566E-08  0.72866937E-09  0.40207519E-08 -0.21586418E-04 -0.91532262E-08
    2    2    0.18422989E-04 -0.15733553E-08  0.62011406E-10  0.28995980E-09 -0.70114382E-04 -0.59212336E-08
    3    2    0.14206023E-03 -0.35757000E-08 -0.65459186E-09 -0.31715003E-08 -0.63021846E-04  0.59204019E-09
    4    2   -0.32672399E-05  0.42311822E-08 -0.16766788E-09 -0.14055980E-08 -0.11213315E-03  0.58052625E-08
    1    3   -0.19657468E-03 -0.30183170E-09 -0.16762883E-08  0.46729115E-09 -0.11213796E-03  0.44138312E-09
    2    3   -0.51352857E-05 -0.12543478E-08 -0.99269721E-09  0.56822390E-09  0.12058175E-03  0.10106583E-07
    3    3   -0.18203403E-04  0.73367312E-10  0.10474584E-09  0.13978269E-09  0.69369132E-04 -0.15079182E-07
    4    3    0.41936128E-04 -0.31216001E-09  0.15117509E-08 -0.10255757E-08  0.74066623E-04 -0.87349051E-09
    1    4    0.14225815E-03  0.12717188E-08  0.77301187E-09  0.59518191E-09 -0.63024655E-04  0.29432441E-08
    2    4   -0.30842694E-05  0.26545022E-08  0.29091564E-08 -0.52075930E-09 -0.41721214E-03 -0.91717743E-09
    3    4    0.71562071E-04 -0.75258263E-09  0.68043309E-09 -0.97413400E-09  0.19004655E-03  0.33290990E-08
    4    4    0.18200737E-04 -0.12828678E-08 -0.19993581E-09 -0.15934704E-10  0.69359918E-04  0.13494412E-07

   -5    0    0
    1    1    0.10723957E-04 -0.14942144E-17  0.18574438E-04 -0.25880333E-17  0.20902384E-03 -0.23176146E-18
    2    1   -0.41026365E-04 -0.32962303E-09 -0.10202123E-03  0.10312016E-08  0.36379461E-04  0.12328924E-08
    3    1    0.43206640E-04  0.28582901E-09  0.74836385E-04 -0.36063001E-08 -0.11878377E-04 -0.15327521E-09
    4    1    0.13812754E-03 -0.10206655E-08 -0.34093454E-04  0.34569355E-09  0.73704025E-04 -0.33789295E-08
    1    2    0.32516540E-04  0.94694685E-10  0.87281780E-04  0.17661507E-08  0.36379461E-04 -0.12328927E-08
    2    2   -0.10720485E-04  0.88461365E-16 -0.18568425E-04  0.25880392E-17  0.20902567E-03 -0.23176253E-18
    3    2   -0.13472575E-03  0.61330236E-09  0.39993633E-04 -0.32696462E-08  0.73704112E-04 -0.43546026E-08
    4    2   -0.39503809E-04  0.12548171E-09 -0.68432714E-04  0.18655195E-08 -0.11881684E-04  0.52757239E-08
    1    3    0.43227967E-04  0.30519483E-08  0.74872746E-04  0.11847610E-08 -0.11878377E-04  0.15327598E-09
    2    3    0.13814330E-03  0.25579426E-08 -0.34074272E-04  0.98570140E-10  0.73704112E-04  0.43546030E-08
    3    3    0.11031916E-04 -0.14946946E-17  0.19107839E-04 -0.25888681E-17 -0.20772544E-03  0.21760904E-15
    4    3   -0.40450834E-04  0.94918451E-09 -0.10258572E-03 -0.31384559E-08 -0.86624659E-04 -0.21741149E-09
    1    4   -0.13473254E-03 -0.21737472E-08  0.39973758E-04 -0.16515032E-08  0.73704025E-04  0.33789297E-08
    2    4   -0.39533309E-04  0.77528274E-10 -0.68463591E-04  0.17824593E-08 -0.11881684E-04 -0.52757239E-08
    3    4    0.31918074E-04  0.37264656E-08  0.87806547E-04  0.16719259E-08 -0.86624659E-04  0.21741119E-09
    4    4   -0.11032171E-04  0.88461847E-16 -0.19108281E-04  0.25888759E-17 -0.20773980E-03  0.21760905E-15

   -5    1    0
    1    1   -0.63225552E-04 -0.93345327E-09 -0.92826396E-04 -0.11014763E-08  0.87378459E-04  0.13637929E-08
    2    1    0.40975640E-04 -0.12504817E-08  0.70971081E-04  0.18140990E-08 -0.15160339E-03  0.71828189E-09
    3    1   -0.77059950E-04  0.37594615E-08  0.10220665E-03 -0.91959397E-09  0.79979635E-04  0.96395552E-09
    4    1    0.25020270E-04  0.12134936E-08  0.43334787E-04 -0.21628932E-08 -0.10017650E-03  0.39768279E-08
    1    2    0.33840354E-03  0.52992735E-08 -0.34646908E-03 -0.12276937E-08 -0.38412960E-04 -0.15383710E-08
    2    2    0.63226411E-04  0.62151996E-10  0.92827541E-04  0.17382414E-09  0.87376618E-04  0.79710835E-09
    3    2   -0.53553805E-05 -0.45079388E-08  0.91986622E-04  0.37169473E-10 -0.38090904E-04 -0.20221128E-08
    4    2   -0.11674098E-03  0.25870631E-08  0.33876664E-04  0.65357238E-09  0.66038997E-04  0.50616153E-08
    1    3   -0.76987277E-04 -0.12577345E-08  0.10225068E-03  0.32872342E-08  0.66041237E-04 -0.77798735E-08
    2    3    0.25022808E-04  0.51920244E-09  0.43336572E-04 -0.31354115E-08 -0.10018261E-03  0.72486082E-09
    3    3   -0.63386014E-04 -0.11397404E-08 -0.93057539E-04 -0.16107108E-08 -0.86281114E-04 -0.15501503E-08
    4    3    0.41026140E-04 -0.19439015E-08  0.71064426E-04  0.12547644E-08 -0.11250685E-03 -0.22524111E-08
    1    4   -0.52236438E-05 -0.45273884E-09  0.92200328E-04 -0.22576552E-08 -0.38089637E-04  0.24860697E-08
    2    4   -0.11674057E-03 -0.45406545E-09  0.33954662E-04 -0.30403808E-08  0.79979758E-04 -0.62077007E-08
    3    4    0.33882847E-03  0.76075042E-09 -0.34704388E-03 -0.79545154E-09 -0.25777250E-04  0.68562842E-09
    4    4    0.63387491E-04  0.91010197E-09  0.93059774E-04  0.13210163E-08 -0.86294887E-04  0.10496378E-09

   -5    2    0
    1    1    0.14717117E-04  0.57446102E-09  0.56514154E-05  0.12925636E-09  0.11323940E-03  0.73005131E-09
    2    1   -0.13305766E-03  0.17716801E-08  0.65401491E-04  0.16136091E-08 -0.53964550E-05  0.35312785E-08
    3    1   -0.19562170E-04 -0.77731378E-09 -0.13917210E-03  0.19794890E-08  0.11266434E-03 -0.30270462E-09
    4    1   -0.41927833E-04 -0.22035752E-08  0.10765465E-04 -0.19885725E-08  0.67951808E-04 -0.44315868E-08
    1    2    0.45790678E-04  0.35140627E-09 -0.87445727E-04 -0.26435662E-09 -0.26162038E-03 -0.71893783E-09
    2    2   -0.14716249E-04  0.36914492E-09 -0.56504981E-05  0.51648703E-09  0.11323278E-03 -0.97058121E-08
    3    2   -0.78670019E-04  0.17912349E-08  0.12611682E-03 -0.34967829E-08 -0.40715959E-04  0.47940954E-09
    4    2    0.12132842E-03 -0.27716556E-09  0.20163045E-04  0.96944267E-09  0.80765402E-04  0.35749957E-08
    1    3   -0.19666285E-04  0.28377190E-08 -0.13938235E-03  0.11980874E-08  0.80769206E-04 -0.98129028E-09
    2    3   -0.41956816E-04  0.11729036E-08  0.10756095E-04  0.15933676E-08  0.67947196E-04  0.69108939E-08
    3    3    0.15066363E-04  0.59151971E-09  0.59645824E-05  0.39813426E-09 -0.11224820E-03 -0.69492172E-08
    4    3   -0.13305405E-03 -0.24174938E-08  0.65441233E-04 -0.23584603E-08  0.32182561E-04  0.55804044E-09
    1    4   -0.78672984E-04 -0.33754562E-08  0.12607296E-03  0.53265266E-08 -0.40720030E-04 -0.21515547E-09
    2    4    0.12127657E-03 -0.14225507E-08  0.20086900E-04  0.10126419E-09  0.11267122E-03 -0.47615832E-08
    3    4    0.45068028E-04 -0.10117672E-08 -0.86473277E-04  0.32095733E-09 -0.13127737E-04  0.39770560E-08
    4    4   -0.15065526E-04  0.41455708E-09 -0.59637304E-05  0.82080397E-09 -0.11225741E-03  0.18862107E-09

   -5    3    0
    1    1   -0.12250529E-04 -0.47403333E-09 -0.99188552E-05 -0.37404401E-09  0.11324452E-03  0.28083325E-08
    2    1    0.10515443E-04 -0.15253270E-08 -0.18210214E-04 -0.68425315E-10 -0.22334662E-03  0.82386107E-08
    3    1    0.13030587E-03  0.21550742E-08 -0.52647383E-04  0.16844032E-08  0.11266263E-03 -0.48472904E-08
    4    1    0.30871184E-04  0.27228085E-08 -0.53469553E-04  0.48046469E-09 -0.13518652E-03 -0.74136401E-08
    1    2    0.18328624E-03 -0.67272502E-09 -0.43317704E-03  0.22045157E-09 -0.38419911E-04 -0.41841437E-08
    2    2    0.12250155E-04 -0.14169159E-08  0.99185261E-05  0.46730546E-10  0.11323196E-03 -0.10852826E-07
    3    2   -0.12714660E-03 -0.23327227E-08  0.56561856E-04  0.50131926E-08 -0.38080577E-04  0.56556967E-09
    4    2   -0.35837691E-04 -0.21935932E-08 -0.11269398E-03 -0.15185755E-08  0.80768998E-04  0.78739407E-08
    1    3    0.13054134E-03 -0.39707580E-08 -0.52662307E-04 -0.29131690E-08  0.80767242E-04 -0.31156160E-09
    2    3    0.30841214E-04 -0.26210550E-09 -0.53420774E-04 -0.72562249E-09 -0.13518112E-03  0.52508467E-08
    3    3   -0.12695393E-04  0.20900735E-08 -0.10064418E-04  0.43579321E-09 -0.11225623E-03 -0.23385134E-08
    4    3    0.10570083E-04  0.11204314E-08 -0.18301792E-04 -0.27151479E-08 -0.11323746E-03 -0.11818439E-08
    1    4   -0.12732217E-03  0.45110192E-08  0.56552081E-04  0.53908073E-09 -0.38093298E-04  0.30175146E-08
    2    4   -0.35855224E-04  0.18265361E-08 -0.11269305E-03  0.86305212E-09  0.11266825E-03 -0.10780919E-09
    3    4    0.18383475E-03 -0.44186885E-08 -0.43379597E-03 -0.28642801E-08 -0.25775673E-04  0.16320669E-08
    4    4    0.12695867E-04 -0.15438867E-08  0.10064903E-04 -0.26930337E-09 -0.11226235E-03  0.99853462E-08

   -5    4    0
    1    1    0.11200227E-03  0.79618005E-09  0.83418723E-05  0.10918093E-10  0.87388838E-04  0.32665530E-08
    2    1    0.98905281E-05 -0.70864222E-09  0.14793562E-03 -0.15896240E-08 -0.54061075E-05  0.11740796E-07
    3    1   -0.49980583E-04 -0.19367755E-08  0.11783798E-03  0.25769539E-09  0.79977960E-04 -0.28549571E-08
    4    1    0.11637114E-04  0.12243651E-08  0.41687357E-04  0.31974482E-08  0.67951325E-04 -0.58300275E-08
    1    2   -0.13804863E-03 -0.19121658E-08  0.20715624E-04  0.58482478E-09  0.36374127E-04 -0.90947800E-08
    2    2   -0.11200375E-03  0.98432078E-09 -0.83419003E-05 -0.88576826E-11  0.87373671E-04 -0.41788382E-08
    3    2    0.48621863E-04  0.14830458E-08  0.13008237E-03 -0.22450566E-08  0.73706623E-04  0.46336806E-08
    4    2    0.11238617E-04 -0.14583097E-08  0.11212746E-03 -0.24788432E-08  0.66044310E-04  0.96188845E-08
    1    3   -0.50058710E-04 -0.69451920E-09  0.11780079E-03 -0.34806018E-08  0.66033218E-04 -0.20777843E-08
    2    3    0.11666452E-04 -0.11629844E-08  0.41712993E-04  0.93126185E-09  0.67949870E-04  0.69146843E-09
    3    3    0.11228347E-03  0.54926536E-09  0.83651540E-05  0.17709110E-09 -0.86289358E-04 -0.12055624E-07
    4    3    0.98506956E-05  0.19699534E-08  0.14795399E-03 -0.16264231E-08  0.32182462E-04 -0.33689346E-08
    1    4    0.48649443E-04 -0.29760611E-09  0.13008721E-03  0.51675881E-10  0.73700911E-04  0.39628781E-08
    2    4    0.11157053E-04  0.20306750E-08  0.11212139E-03 -0.35474199E-08  0.79980012E-04 -0.89655414E-08
    3    4   -0.13833037E-03  0.90139817E-10  0.21479317E-04  0.16429470E-08 -0.86624151E-04  0.29022199E-09
    4    4   -0.11228337E-03 -0.24870840E-08 -0.83650929E-05 -0.10123182E-09 -0.86281450E-04  0.12947122E-07

   -5    5    0
    1    1   -0.21447795E-04 -0.33328209E-18  0.16548923E-14 -0.13342659E-18  0.20902779E-03 -0.54537710E-19
    2    1   -0.81955333E-04 -0.10958574E-08  0.11948389E-08 -0.29715874E-08 -0.15160914E-03  0.10706308E-07
    3    1   -0.86413063E-04  0.93637994E-09 -0.19650693E-08  0.23516144E-08 -0.11879270E-04 -0.33336417E-08
    4    1   -0.50036905E-04  0.14978796E-08  0.47630962E-08  0.65111263E-09 -0.10017819E-03 -0.76520952E-08
    1    2    0.49762587E-04  0.13270204E-08 -0.11948416E-08 -0.29715993E-08 -0.15160914E-03 -0.10706308E-07
    2    2    0.21447842E-04  0.51022066E-16  0.15421692E-14  0.13342553E-18  0.20901601E-03 -0.54527770E-19
    3    2    0.35505962E-04 -0.19737644E-08 -0.14819274E-08  0.30858029E-08 -0.10018150E-03 -0.25053089E-08
    4    2    0.89729095E-04 -0.12986817E-08 -0.84591429E-09  0.16896469E-09 -0.11874568E-04  0.10027677E-07
    1    3   -0.86455908E-04 -0.71754671E-10  0.19650678E-08  0.23516133E-08 -0.11879270E-04  0.33336409E-08
    2    3   -0.50041702E-04  0.13000506E-08  0.14819262E-08  0.30858010E-08 -0.10018150E-03  0.25053084E-08
    3    3   -0.22062911E-04 -0.33335110E-18  0.64202319E-14 -0.13341866E-18 -0.20773162E-03  0.12675176E-15
    4    3   -0.82057613E-04 -0.25312262E-08 -0.11634250E-08  0.22421976E-08 -0.11250607E-03 -0.24245696E-08
    1    4    0.35554086E-04 -0.19015980E-08 -0.47630979E-08  0.65111453E-09 -0.10017819E-03  0.76520949E-08
    2    4    0.89764057E-04  0.27138605E-09  0.84591202E-09  0.16896597E-09 -0.11874568E-04 -0.10027676E-07
    3    4    0.49902160E-04  0.22516414E-08  0.11634223E-08  0.22421958E-08 -0.11250607E-03  0.24245699E-08
    4    4    0.22063917E-04  0.51022139E-16  0.62953115E-14  0.13341765E-18 -0.20771336E-03  0.12675176E-15

   -4   -2    0
    1    1    0.92110113E-05 -0.89838890E-09  0.15953734E-04 -0.16288603E-08 -0.70119835E-04  0.40544501E-08
    2    1   -0.18182586E-04 -0.25063883E-09 -0.97130548E-04  0.15927006E-08 -0.63885108E-04  0.15222246E-08
    3    1    0.21630551E-04 -0.26240023E-08  0.37462468E-04 -0.46081142E-09 -0.11213397E-03  0.42291636E-08
    4    1    0.23272445E-03 -0.17189036E-09 -0.64490457E-04 -0.14756185E-08  0.95575704E-04 -0.50367835E-09
    1    2   -0.11466215E-03 -0.87989064E-09  0.89833935E-04  0.13176370E-08 -0.53975143E-05 -0.55627163E-08
    2    2   -0.92112606E-05 -0.27160930E-09 -0.15953820E-04 -0.65101352E-09 -0.70113082E-04 -0.42593044E-08
    3    2   -0.24171354E-04  0.18517645E-08  0.37128131E-04 -0.17140556E-08  0.67947498E-04  0.44683697E-08
    4    2   -0.13400836E-03  0.20012088E-08 -0.15541257E-03 -0.62002513E-09 -0.41721228E-03  0.63130785E-08
    1    3    0.21704435E-04  0.87888218E-10  0.37595123E-04  0.90143242E-09 -0.41721241E-03 -0.54379023E-08
    2    3    0.23276478E-03  0.16144923E-08 -0.64532416E-04 -0.50135051E-08  0.95577160E-04  0.15340519E-08
    3    3    0.91004251E-05  0.51107957E-09  0.15762129E-04  0.36163587E-09  0.69376184E-04  0.34358522E-08
    4    3   -0.19101174E-04 -0.74704110E-09 -0.96812847E-04  0.37798177E-08 -0.43589205E-04  0.10867034E-08
    1    4   -0.24184738E-04 -0.14006680E-08  0.37147805E-04 -0.30678827E-08  0.67951925E-04 -0.49331070E-08
    2    4   -0.13410124E-03 -0.11020521E-09 -0.15555549E-03 -0.17474400E-08 -0.11213992E-03 -0.19698878E-08
    3    4   -0.11470288E-03  0.14448856E-09  0.89806575E-04  0.28325630E-08  0.32186631E-04 -0.27805468E-09
    4    4   -0.91012934E-05  0.56082832E-09 -0.15763555E-04  0.74521401E-09  0.69358132E-04  0.10261271E-07

   -4   -1    0
    1    1   -0.48777656E-04 -0.43911297E-09 -0.10116926E-03 -0.86012540E-09  0.87382746E-04  0.42379032E-08
    2    1    0.17972671E-04  0.23680001E-08  0.31129737E-04 -0.82250499E-11 -0.21581508E-04  0.59100092E-09
    3    1   -0.91079183E-04  0.11501089E-08  0.79513378E-04  0.16665340E-08  0.66044618E-04 -0.44494171E-08
    4    1    0.58899554E-04  0.19403325E-08  0.10200943E-03 -0.30146701E-08 -0.63020033E-04 -0.41301317E-08
    1    2    0.15438688E-03  0.18332680E-08 -0.10112002E-03  0.16536829E-08 -0.33562025E-04 -0.14011499E-07
    2    2    0.48776943E-04 -0.21135421E-09  0.10116761E-03 -0.39707896E-09  0.87382421E-04 -0.67094167E-08
    3    2   -0.92294308E-05  0.42957061E-09  0.24361920E-04 -0.28522413E-08  0.74781048E-04  0.55168700E-10
    4    2   -0.12266502E-03 -0.82335644E-10  0.19599731E-04  0.22961819E-09  0.79968062E-04  0.10925592E-07
    1    3   -0.91113602E-04  0.18733063E-08  0.79445987E-04  0.25696398E-08  0.79966093E-04  0.13707193E-08
    2    3    0.59011704E-04 -0.44713410E-08  0.10221626E-03  0.45401334E-08 -0.63021678E-04  0.71774843E-08
    3    3   -0.48897947E-04 -0.15566039E-08 -0.10142423E-03 -0.31253229E-08 -0.86284019E-04 -0.63155113E-08
    4    3    0.17970521E-04  0.22621092E-09  0.31130165E-04 -0.40168278E-08  0.19004608E-03 -0.29666641E-08
    1    4   -0.92450480E-05 -0.43295516E-09  0.24329321E-04  0.66727136E-09  0.74786641E-04  0.26113384E-08
    2    4   -0.12269981E-03  0.13537127E-08  0.19527912E-04 -0.42117229E-09  0.66042944E-04 -0.16724587E-08
    3    4    0.15461733E-03 -0.52071068E-09 -0.10121170E-03 -0.94166444E-09  0.17477270E-03 -0.46070193E-09
    4    4    0.48897300E-04 -0.49622503E-09  0.10142272E-03 -0.82196150E-09 -0.86298122E-04  0.11145214E-07

   -4    0    0
    1    1    0.10369352E-03 -0.45973178E-09  0.17960245E-03 -0.79628188E-09 -0.27141440E-03  0.54250869E-08
    2    1   -0.67842672E-04  0.16644398E-08 -0.86538219E-04  0.17072809E-08  0.36367159E-04  0.39282722E-08
    3    1   -0.15319929E-03  0.23975652E-08  0.15794962E-04  0.34102973E-08 -0.18292111E-03  0.10054342E-08
    4    1   -0.98581802E-04 -0.20760195E-08  0.10256936E-03 -0.14651051E-08  0.73713632E-04 -0.41806043E-08
    1    2   -0.85444479E-03 -0.89249986E-09  0.52089314E-03  0.46508629E-10 -0.22440238E-04 -0.22206018E-09
    2    2   -0.10369376E-03 -0.60488224E-09 -0.17960286E-03 -0.10476907E-08 -0.27141757E-03  0.98949245E-09
    3    2    0.10001330E-03 -0.87954243E-09  0.84782410E-04  0.92469205E-09  0.20768661E-03 -0.67634520E-08
    4    2   -0.10790335E-03  0.25873912E-08  0.11886355E-03 -0.21106970E-08 -0.18292629E-03  0.80929655E-08
    1    3   -0.15314964E-03 -0.15047194E-08  0.15728265E-04 -0.18069628E-09 -0.18292623E-03 -0.21817684E-08
    2    3   -0.98579859E-04  0.23733280E-08  0.10259586E-03 -0.16316121E-08  0.73710187E-04  0.32394448E-08
    3    3    0.10369314E-03 -0.21164876E-09  0.17960179E-03 -0.36657962E-09  0.27067613E-03  0.12747967E-08
    4    3   -0.68619723E-04  0.13288352E-08 -0.86319350E-04 -0.31099773E-09 -0.86623501E-04 -0.54287322E-09
    1    4    0.10009500E-03  0.26763840E-09  0.84960920E-04 -0.17922196E-08  0.20768890E-03  0.32262621E-08
    2    4   -0.10789025E-03 -0.27443673E-08  0.11887945E-03  0.12747992E-08 -0.18292080E-03 -0.94880946E-08
    3    4   -0.85503703E-03  0.47364887E-08  0.52095607E-03 -0.22476646E-08  0.19764455E-03 -0.85239064E-09
    4    4   -0.10369396E-03  0.48342276E-09 -0.17960321E-03  0.83731914E-09  0.27067770E-03  0.51008786E-08

   -4    1    0
    1    1    0.81075768E-05  0.22991888E-09  0.20295522E-04  0.30916837E-09  0.36592690E-04  0.20108958E-08
    2    1    0.16201720E-03 -0.45281872E-09 -0.71361931E-04  0.62936622E-09 -0.33563131E-04  0.70882731E-08
    3    1   -0.24362025E-03 -0.62541175E-09 -0.17534501E-03 -0.41562398E-09  0.40602089E-05  0.49765799E-08
    4    1   -0.24694175E-04  0.35370928E-08 -0.61691751E-05 -0.29486335E-08  0.74786619E-04 -0.56267929E-08
    1    2    0.37272099E-03  0.20299036E-08 -0.35548418E-03  0.13211221E-08  0.17116068E-03 -0.19717320E-08
    2    2   -0.81087151E-05  0.25219107E-08 -0.20296772E-04  0.28131481E-08  0.36585480E-04 -0.23773250E-08
    3    2    0.37847478E-03 -0.18417658E-08 -0.25322880E-03 -0.75681071E-09  0.32180391E-05  0.64435980E-10
    4    2    0.45940441E-04 -0.28738634E-08  0.17255122E-03 -0.36915671E-08 -0.14566044E-03  0.34287746E-08
    1    3   -0.24378466E-03  0.27877312E-09 -0.17547463E-03  0.39203856E-09 -0.14565814E-03 -0.53275941E-08
    2    3   -0.24668975E-04 -0.14975542E-08 -0.61418547E-05  0.29321401E-08  0.74784565E-04  0.11279088E-08
    3    3    0.81043133E-05  0.49454326E-09  0.20318282E-04  0.53978231E-09 -0.34960361E-04  0.83856956E-09
    4    3    0.16220598E-03  0.35869994E-08 -0.71513526E-04 -0.20324194E-08  0.17477443E-03  0.73604875E-09
    1    4    0.37839110E-03 -0.24665087E-09 -0.25319425E-03  0.15006389E-08  0.32195670E-05 -0.80150821E-10
    2    4    0.45842959E-04  0.85478971E-09  0.17246172E-03 -0.93715518E-10  0.40634995E-05 -0.29885282E-08
    3    4    0.37293332E-03  0.12028508E-08 -0.35550975E-03 -0.10529216E-08  0.21184052E-05  0.14657948E-08
    4    4   -0.81044951E-05  0.33052218E-09 -0.20318438E-04  0.33252293E-09 -0.34961840E-04  0.14278097E-08

   -4    2    0
    1    1    0.12958109E-05 -0.18806411E-08 -0.22460364E-05 -0.11149054E-08 -0.24510453E-03  0.27622939E-09
    2    1    0.16235160E-03 -0.11819365E-08 -0.11215562E-03 -0.41992657E-08  0.11844107E-03  0.10133611E-07
    3    1    0.79149357E-04  0.23056573E-08 -0.13709035E-03  0.33811751E-08 -0.10021440E-03 -0.46207626E-08
    4    1   -0.40562230E-04  0.28546647E-08  0.19884704E-04  0.18529328E-08 -0.50418832E-04 -0.56765307E-08
    1    2    0.19324319E-03  0.12912079E-08 -0.43013549E-03 -0.16006661E-08  0.17115738E-03 -0.10726399E-07
    2    2   -0.12973024E-05  0.11611460E-08  0.22451107E-05  0.59944257E-09 -0.24511988E-03 -0.11989578E-07
    3    2    0.74323293E-04 -0.10227214E-08 -0.36452918E-03  0.30247649E-08  0.32224937E-05  0.13484272E-08
    4    2    0.82230060E-04 -0.21888709E-08 -0.12296509E-03  0.41658964E-08 -0.73476054E-04  0.81677619E-08
    1    3    0.79190567E-04  0.20929353E-08 -0.13716590E-03 -0.39302478E-08 -0.73477096E-04  0.23300598E-08
    2    3   -0.40509830E-04  0.59665655E-09  0.19956810E-04  0.39036802E-10 -0.50415887E-04  0.52464033E-08
    3    3    0.13049020E-05 -0.18537942E-08 -0.22595395E-05 -0.96606069E-09  0.24558372E-03 -0.10737687E-08
    4    3    0.16237156E-03 -0.16470598E-08 -0.11224241E-03  0.20529716E-08 -0.26653627E-05 -0.19940284E-08
    1    4    0.74379740E-04 -0.49618042E-09 -0.36437044E-03  0.14548820E-10  0.32170425E-05  0.54397676E-08
    2    4    0.82297345E-04  0.71829002E-09 -0.12310838E-03 -0.72571708E-09 -0.10020382E-03 -0.10060262E-09
    3    4    0.19308590E-03  0.59650566E-09 -0.43027035E-03  0.12467347E-08  0.21169760E-05  0.24739051E-09
    4    4   -0.13059321E-05 -0.11664216E-08  0.22590391E-05 -0.65068090E-09  0.24558038E-03 -0.36055232E-08

   -4    3    0
    1    1   -0.21625860E-04  0.31639059E-08  0.31272865E-05  0.64036287E-09  0.36604366E-04 -0.35871727E-08
    2    1    0.15954041E-04  0.11470786E-08 -0.19668041E-03 -0.80504157E-09  0.11843209E-03  0.11890014E-07
    3    1    0.27366313E-03 -0.25185398E-08  0.12330874E-03 -0.21633224E-08  0.40578355E-05 -0.98565695E-09
    4    1    0.30597409E-05 -0.52383452E-09  0.45065596E-04 -0.12514030E-08 -0.50418859E-04 -0.60302783E-08
    1    2   -0.47040168E-04 -0.11238698E-08  0.87740213E-03 -0.62495720E-08 -0.22445167E-04 -0.82793134E-08
    2    2    0.21630565E-04  0.10551672E-08 -0.31263914E-05  0.23351952E-09  0.36584166E-04 -0.35055985E-08
    3    2   -0.15444797E-03  0.13077197E-08 -0.96582964E-05  0.46711462E-08  0.20769284E-03 -0.65631183E-09
    4    2   -0.11898890E-03  0.26897029E-09 -0.28702383E-04  0.19934492E-08 -0.14566086E-03  0.84568315E-08
    1    3    0.27385833E-03 -0.99903816E-09  0.12338084E-03 -0.13163506E-08 -0.14566668E-03  0.30554558E-08
    2    3    0.29749852E-05  0.35442442E-09  0.45062177E-04  0.17822212E-08 -0.50410828E-04  0.32208918E-09
    3    3   -0.21647367E-04  0.33468819E-08  0.31408757E-05  0.67202103E-09 -0.34974138E-04 -0.33488210E-08
    4    3    0.16017875E-04  0.19021612E-08 -0.19674256E-03 -0.15863852E-08 -0.26634046E-05 -0.39353121E-08
    1    4   -0.15462935E-03 -0.22346385E-09 -0.96572961E-05  0.13162085E-08  0.20768302E-03  0.40211946E-08
    2    4   -0.11891742E-03 -0.94986215E-09 -0.28607573E-04  0.13382408E-08  0.40668898E-05 -0.62987706E-08
    3    4   -0.46829460E-04  0.32399278E-09  0.87782124E-03 -0.29734501E-08  0.19764643E-03  0.19816380E-08
    4    4    0.21649021E-04  0.50471494E-09 -0.31404884E-05  0.25491220E-10 -0.34967818E-04  0.24369815E-08

   -4    4    0
    1    1   -0.20739007E-03  0.45892922E-08  0.21992973E-14 -0.46236349E-14 -0.27139908E-03 -0.59950238E-08
    2    1   -0.19206076E-04  0.10593925E-08 -0.17598944E-03  0.23589994E-08 -0.33570862E-04  0.14087679E-07
    3    1    0.62921043E-04 -0.41531587E-08  0.14056761E-03  0.74045206E-09 -0.18292584E-03  0.10135451E-08
    4    1    0.17685376E-04 -0.45652295E-09  0.18294858E-04 -0.47616987E-08  0.74782069E-04 -0.65803079E-08
    1    2    0.54683460E-04 -0.53042576E-09 -0.18035895E-03 -0.18429992E-08 -0.33571898E-04 -0.46020576E-08
    2    2    0.20738729E-03 -0.47162857E-08  0.23514177E-14 -0.54120931E-14 -0.27141541E-03 -0.29100523E-08
    3    2   -0.23240454E-04  0.47305547E-09  0.20715218E-04 -0.14004466E-08  0.74782598E-04 -0.55554220E-08
    4    2   -0.68834325E-04  0.40076192E-08  0.12629056E-03  0.32840491E-08 -0.18291627E-03  0.48197619E-08
    1    3    0.62955427E-04 -0.65608297E-09  0.14049806E-03  0.68687653E-09 -0.18292509E-03  0.38472627E-08
    2    3    0.17650886E-04 -0.12100389E-08  0.18288499E-04  0.35338111E-08  0.74788506E-04 -0.30892520E-08
    3    3   -0.20738978E-03  0.17918991E-08  0.21159764E-14  0.22312824E-15  0.27067260E-03  0.58806132E-08
    4    3   -0.19168968E-04 -0.12441616E-08 -0.17622823E-03  0.54317874E-09  0.17477506E-03 -0.99201691E-09
    1    4   -0.23207100E-04 -0.25875475E-08  0.20707883E-04  0.31739341E-08  0.74790250E-04  0.28321749E-08
    2    4   -0.68895094E-04  0.28018005E-08  0.12622604E-03  0.34114090E-09 -0.18292391E-03 -0.45680104E-08
    3    4    0.54658424E-04  0.22248374E-08 -0.18059681E-03 -0.84506079E-09  0.17477375E-03  0.57661919E-09
    4    4    0.20738744E-03 -0.25655515E-08  0.24689452E-14 -0.38464767E-15  0.27068118E-03 -0.18638440E-08

   -4    5    0
    1    1    0.11200194E-03  0.42568659E-09 -0.83418843E-05  0.26976642E-09  0.87388375E-04 -0.39434970E-08
    2    1    0.10886576E-03  0.18812570E-09  0.15483965E-04  0.64862198E-08  0.36368898E-04  0.13682751E-07
    3    1   -0.23318044E-04  0.19076603E-08  0.11863112E-03 -0.36623338E-08  0.66040680E-04  0.23193801E-08
    4    1   -0.39536986E-04 -0.15521660E-08  0.13666450E-03 -0.69680280E-08  0.73704075E-04 -0.17833690E-08
    1    2   -0.80082515E-05  0.37105585E-09  0.15338357E-03  0.45714245E-08 -0.54054596E-05 -0.70546491E-08
    2    2   -0.11200088E-03 -0.17369622E-08  0.83416653E-05  0.56647702E-10  0.87384328E-04 -0.25878338E-08
    3    2    0.13812195E-05 -0.17664723E-10  0.42830801E-04 -0.29584378E-08  0.67947536E-04 -0.26656184E-09
    4    2    0.45369675E-04  0.19373244E-08  0.11807795E-03 -0.24679813E-08  0.79970828E-04  0.91778365E-08
    1    3   -0.23245417E-04 -0.15229854E-08  0.11862974E-03  0.19645346E-08  0.79973525E-04  0.26799356E-09
    2    3   -0.39561339E-04  0.26967436E-09  0.13667005E-03 -0.38078808E-08  0.73707351E-04 -0.33596644E-08
    3    3    0.11228386E-03 -0.13218081E-08 -0.83652212E-05  0.11065108E-09 -0.86289824E-04  0.13052044E-07
    4    3    0.10906737E-03  0.27781733E-08  0.16262340E-04  0.35279137E-08 -0.86626106E-04 -0.15207481E-08
    1    4    0.13587754E-05  0.10291706E-08  0.42832105E-04 -0.27637484E-08  0.67956482E-04  0.40275214E-08
    2    4    0.45441304E-04  0.62403300E-09  0.11804230E-03 -0.58250460E-09  0.66044136E-04 -0.36127633E-08
    3    4   -0.80064305E-05 -0.13423118E-08  0.15339837E-03  0.58209296E-09  0.32184206E-04 -0.10324187E-08
    4    4   -0.11228369E-03 -0.20100954E-08  0.83651498E-05  0.30238848E-10 -0.86281056E-04 -0.99484482E-08

   -4    6    0
    1    1   -0.18423283E-04  0.10638216E-08 -0.77297938E-10 -0.73167213E-09 -0.70111731E-04 -0.34235143E-08
    2    1   -0.35946766E-04 -0.29033402E-10 -0.72610846E-09  0.35635243E-08 -0.21586418E-04  0.91532259E-08
    3    1   -0.43256613E-04  0.36965487E-09  0.11033357E-08  0.14152815E-08 -0.11213796E-03 -0.44138364E-09
    4    1   -0.11779270E-03  0.16938788E-08 -0.12530568E-08  0.97465027E-09 -0.63024655E-04 -0.29432439E-08
    1    2   -0.21077132E-04  0.20459344E-08  0.18192840E-08 -0.74498786E-09  0.60812035E-04 -0.57650311E-08
    2    2    0.18422989E-04  0.15733553E-08  0.62011405E-10 -0.28995981E-09 -0.70114382E-04  0.59212336E-08
    3    2    0.77029180E-05 -0.22183317E-08 -0.97037589E-10  0.11526227E-08  0.12058175E-03 -0.10106584E-07
    4    2    0.15998417E-03 -0.17261139E-08 -0.31782869E-08 -0.19014245E-09 -0.41721214E-03  0.91717746E-09
    1    3   -0.43407286E-04  0.13434792E-08 -0.80485036E-09 -0.16232478E-08 -0.41721035E-03  0.71073040E-08
    2    3   -0.11803016E-03 -0.23142336E-08  0.57403800E-09 -0.25235332E-08 -0.63021846E-04 -0.59203993E-09
    3    3   -0.18203403E-04 -0.73367313E-10  0.10474585E-09 -0.13978268E-09  0.69369132E-04  0.15079182E-07
    4    3   -0.35944519E-04  0.18131502E-08 -0.19461417E-09 -0.10370638E-08  0.19004655E-03 -0.33290991E-08
    1    4    0.77906880E-05 -0.23388954E-08  0.28623274E-08 -0.73194552E-09  0.12058895E-03  0.65513744E-08
    2    4    0.16005351E-03  0.49711779E-09  0.74618505E-10 -0.18619172E-08 -0.11213315E-03 -0.58052624E-08
    3    4   -0.21129034E-04  0.28549706E-09 -0.48129994E-09 -0.83386928E-09  0.74066623E-04  0.87349116E-09
    4    4    0.18200737E-04  0.12828678E-08 -0.19993581E-09  0.15934696E-10  0.69359918E-04 -0.13494412E-07

   -3   -3    0
    1    1    0.14485623E-04  0.22590839E-09 -0.22553119E-09  0.18772373E-09  0.97830628E-05  0.82979228E-08
    2    1   -0.10795114E-08  0.23817069E-08  0.11714088E-08  0.61069262E-10  0.33925160E-03 -0.49179539E-10
    3    1   -0.35247789E-04 -0.31572099E-09 -0.89906062E-09 -0.29145064E-09 -0.58102275E-04  0.50512576E-09
    4    1   -0.27428043E-08 -0.18229705E-08 -0.58551687E-09 -0.23526240E-08 -0.85482429E-04  0.18513978E-08
    1    2    0.91186196E-05  0.14000816E-08  0.68705500E-09  0.42514729E-09 -0.22334570E-03 -0.95400126E-08
    2    2   -0.14485130E-04  0.13879813E-09  0.50536671E-09  0.61513681E-09  0.97952328E-05  0.25456154E-08
    3    2    0.50789435E-04 -0.14606240E-08  0.43503486E-09 -0.99241364E-09 -0.13518479E-03  0.18142989E-08
    4    2   -0.45778242E-04  0.20521571E-08 -0.23639561E-08 -0.35565632E-08  0.85360155E-04  0.19415368E-08
    1    3   -0.35372671E-04  0.15242335E-08  0.19976845E-08  0.14401915E-08  0.85365708E-04 -0.45423416E-08
    2    3    0.27902434E-08  0.52092027E-08  0.28893007E-08 -0.61127027E-09 -0.85486038E-04  0.32395499E-08
    3    3    0.14459632E-04 -0.17052897E-10 -0.29972066E-09 -0.17200157E-09 -0.89465092E-05 -0.15629646E-08
    4    3   -0.48201792E-09 -0.37886585E-08 -0.24667800E-08  0.13153259E-08  0.16296589E-03 -0.15719542E-08
    1    4    0.50867449E-04 -0.28286524E-08 -0.80102502E-09  0.36872603E-09 -0.13518036E-03  0.45608948E-09
    2    4   -0.45770658E-04 -0.33757893E-08  0.29560589E-08  0.10812338E-08 -0.58108087E-04 -0.21808416E-08
    3    4    0.92217956E-05  0.24929980E-08 -0.12982056E-08  0.66139566E-09 -0.11323960E-03 -0.95458175E-10
    4    4   -0.14459345E-04  0.11948170E-08  0.53077447E-09 -0.63060464E-09 -0.89528023E-05  0.79208727E-08

   -3   -2    0
    1    1   -0.24645055E-05 -0.17922671E-09  0.15571401E-04 -0.13057329E-08  0.11324461E-03 -0.19965016E-09
    2    1   -0.75024627E-04 -0.72276426E-09 -0.64316597E-04 -0.63929356E-09 -0.63893619E-04  0.18355185E-08
    3    1    0.64238862E-04 -0.35346291E-09 -0.11658815E-03  0.81119574E-09  0.80766027E-04 -0.22234464E-08
    4    1   -0.17221935E-03  0.46147145E-08  0.16930369E-03  0.21288233E-08  0.95579586E-04 -0.75097666E-08
    1    2    0.18654372E-03 -0.31232731E-09 -0.98399838E-04 -0.46497725E-09  0.11844742E-03 -0.19449864E-07
    2    2    0.24646989E-05  0.25683204E-09 -0.15569471E-04  0.12733419E-08  0.11323971E-03 -0.11564968E-07
    3    2   -0.41205126E-04 -0.40923586E-08  0.28565763E-04  0.22489025E-10 -0.50419873E-04  0.21899950E-08
    4    2    0.11512849E-03 -0.25982289E-08  0.64472559E-04 -0.17323523E-08  0.11265993E-03  0.82437197E-08
    1    3    0.64281085E-04  0.19577242E-09 -0.11653249E-03  0.20563814E-08  0.11265872E-03  0.25804499E-08
    2    3   -0.17226903E-03 -0.11192876E-08  0.16931538E-03 -0.20105388E-09  0.95582282E-04  0.49931185E-08
    3    3   -0.23673272E-05  0.72074252E-10  0.16030309E-04  0.22210905E-09 -0.11226080E-03 -0.79988697E-08
    4    3   -0.74286687E-04  0.10636663E-08 -0.64953544E-04 -0.54493336E-09 -0.43584541E-04 -0.18945832E-08
    1    4   -0.41224397E-04  0.35344111E-08  0.28502493E-04  0.53946647E-09 -0.50419407E-04  0.79602133E-08
    2    4    0.11520670E-03 -0.15109198E-08  0.64663556E-04 -0.26804729E-08  0.80766890E-04  0.10743724E-08
    3    4    0.18662746E-03 -0.59156538E-09 -0.98367966E-04 -0.25803233E-08 -0.26682911E-05  0.28081006E-08
    4    4    0.23672698E-05  0.59185257E-09 -0.16030379E-04  0.29230183E-08 -0.11226051E-03  0.61340076E-08

   -3   -1    0
    1    1    0.13522936E-04  0.74856748E-10  0.17169961E-04  0.27806087E-09  0.36595215E-04 -0.33979658E-08
    2    1    0.46566649E-03 -0.12245235E-08 -0.92183604E-04 -0.72209502E-09 -0.38433664E-04  0.24317336E-08
    3    1   -0.81645078E-04  0.11056919E-08 -0.15419437E-03  0.39045551E-08 -0.14565535E-03  0.20693194E-08
    4    1   -0.94035162E-04  0.15956443E-08 -0.55557203E-04  0.19970697E-08 -0.38080628E-04 -0.34580436E-08
    1    2    0.16795738E-03  0.31828686E-08  0.91992159E-05 -0.41947467E-08 -0.32863417E-03 -0.92248553E-08
    2    2   -0.13523011E-04  0.19377436E-09 -0.17170529E-04  0.43341711E-09  0.36590756E-04  0.15558846E-08
    3    2    0.16961983E-03  0.22756729E-08 -0.13656937E-03  0.28294874E-08  0.19359411E-03 -0.26829087E-08
    4    2    0.41359067E-04 -0.47572882E-08  0.28508745E-03 -0.11230482E-08  0.40580762E-05  0.76678129E-08
    1    3   -0.81667573E-04 -0.68736414E-09 -0.15404798E-03 -0.20466185E-08  0.40557686E-05  0.42594499E-08
    2    3   -0.94157990E-04  0.14470403E-08 -0.55763787E-04  0.24729017E-08 -0.38078115E-04  0.21131431E-08
    3    3    0.13544068E-04 -0.17999393E-09  0.17177732E-04 -0.65686534E-09 -0.34968127E-04 -0.11372183E-07
    4    3    0.46641230E-03 -0.10791704E-08 -0.92167131E-04 -0.21335172E-08 -0.25773492E-04 -0.20648834E-10
    1    4    0.16948955E-03 -0.30132392E-08 -0.13660991E-03  0.46759179E-08  0.19359140E-03  0.46528740E-08
    2    4    0.41436443E-04  0.17208745E-08  0.28527928E-03  0.29770472E-08 -0.14565602E-03 -0.48594206E-08
    3    4    0.16837041E-03 -0.27772439E-08  0.90559477E-05 -0.28954485E-08 -0.49396968E-04  0.67718074E-09
    4    4   -0.13544811E-04  0.37533098E-09 -0.17179785E-04  0.12753889E-08 -0.34960322E-04  0.37765344E-08

   -3    0    0
    1    1    0.31959456E-04  0.71300376E-09  0.55355408E-04  0.12349577E-08  0.22915681E-03  0.73571142E-08
    2    1   -0.79456523E-03 -0.13900276E-08  0.43097664E-03 -0.14253105E-08 -0.22450616E-04  0.24759121E-08
    3    1    0.37488550E-03 -0.53212057E-08  0.20225053E-04 -0.29544963E-08 -0.30262702E-03 -0.86300174E-10
    4    1   -0.35372665E-04  0.89103551E-09 -0.12659758E-03  0.12626391E-08  0.20768771E-03 -0.52119155E-08
    1    2   -0.94445866E-03 -0.36112727E-08  0.25010721E-03 -0.30315778E-08  0.23511788E-03 -0.25340289E-08
    2    2   -0.31959549E-04  0.19716834E-08 -0.55355556E-04  0.34150570E-08  0.22915098E-03 -0.47327233E-08
    3    2   -0.38784571E-03  0.15664483E-08  0.17721447E-03  0.30851872E-08  0.30116985E-04 -0.32159232E-08
    4    2    0.24332598E-03 -0.24617435E-08 -0.33966573E-03 -0.15387827E-08 -0.30262710E-03  0.10819183E-07
    1    3    0.37512811E-03 -0.28789414E-08  0.20121780E-04 -0.97349767E-09 -0.30262713E-03 -0.49809603E-08
    2    3   -0.35490369E-04  0.10098647E-08 -0.12677247E-03 -0.34489716E-08  0.20769126E-03  0.80766965E-08
    3    3    0.31999779E-04  0.30681258E-08  0.55425250E-04  0.53141493E-08 -0.22837769E-03  0.67078433E-09
    4    3   -0.79486836E-03 -0.71674852E-09  0.43140747E-03  0.21447277E-08  0.19764708E-03 -0.14373586E-08
    1    4   -0.38808751E-03  0.19321497E-08  0.17702453E-03 -0.17568299E-08  0.30114514E-04  0.29705116E-08
    2    4    0.24341138E-03 -0.88024573E-09 -0.33978757E-03 -0.11805709E-08 -0.30262808E-03 -0.81726330E-08
    3    4   -0.94467139E-03 -0.58705337E-09  0.25032999E-03 -0.15994343E-09  0.32517369E-03 -0.39378913E-09
    4    4   -0.31998396E-04  0.95724367E-09 -0.55422841E-04  0.16579969E-08 -0.22836124E-03  0.44754780E-08

   -3    1    0
    1    1    0.86377259E-04  0.32624809E-08  0.82859304E-04  0.29151318E-08  0.37191523E-03 -0.16468837E-08
    2    1    0.68558843E-04  0.89426284E-09 -0.12650529E-03 -0.22106991E-08 -0.32864082E-03  0.11103600E-07
    3    1    0.12638905E-03 -0.30589990E-08  0.32450633E-03 -0.44203943E-08 -0.15388447E-03  0.86480392E-10
    4    1    0.17516991E-03  0.38897398E-08 -0.67990577E-04  0.20831559E-08  0.19359887E-03 -0.63384674E-08
    1    2   -0.36861704E-05 -0.29661169E-08 -0.76719706E-04 -0.31731091E-08 -0.54303856E-03 -0.11209608E-07
    2    2   -0.86375255E-04  0.10855100E-08 -0.82857488E-04  0.95675527E-09  0.37190446E-03 -0.28942595E-08
    3    2    0.23327938E-03  0.40100192E-08 -0.31527921E-03 -0.22857547E-08  0.25781625E-03 -0.62873800E-08
    4    2   -0.38367330E-03 -0.81999360E-09 -0.20912804E-04  0.30180030E-08  0.28215304E-04  0.53569654E-08
    1    3    0.12669689E-03  0.18620707E-09  0.32467031E-03 -0.74123796E-09  0.28216530E-04  0.16042870E-08
    2    3    0.17505625E-03 -0.79507640E-09 -0.67743413E-04  0.29206273E-09  0.19359447E-03  0.14158070E-08
    3    3    0.86029295E-04  0.62617587E-09  0.82547709E-04  0.59243537E-09 -0.36998358E-03  0.55529686E-08
    4    3    0.68830050E-04 -0.15230306E-08 -0.12677734E-03 -0.32494629E-08 -0.49394524E-04 -0.22414684E-08
    1    4    0.23317658E-03  0.85451154E-10 -0.31499463E-03 -0.21161796E-08  0.25782026E-03  0.11925028E-07
    2    4   -0.38344052E-03 -0.34477439E-09 -0.20858782E-04  0.22271855E-09 -0.15387642E-03 -0.73267897E-09
    3    4   -0.29789393E-05  0.13662928E-08 -0.77682269E-04 -0.17451694E-08  0.37152213E-04  0.15810387E-08
    4    4   -0.86029620E-04 -0.19932774E-09 -0.82548009E-04 -0.15094375E-09 -0.36996961E-03 -0.75797841E-08

   -3    2    0
    1    1   -0.11494719E-03  0.95901831E-09 -0.33375409E-04  0.44286058E-09  0.37191749E-03 -0.79022972E-08
    2    1    0.25659284E-03 -0.77923467E-09 -0.44442767E-03 -0.16099435E-09 -0.11059856E-03  0.83556206E-08
    3    1   -0.34422125E-03  0.48485495E-09  0.52798015E-04 -0.28416235E-08 -0.15388503E-03  0.31479769E-08
    4    1   -0.51055291E-04 -0.85156757E-09  0.88428607E-04 -0.15190309E-08  0.12590048E-03 -0.23757089E-08
    1    2    0.23216127E-03 -0.32674625E-09  0.61821124E-03 -0.83737449E-09  0.23512436E-03 -0.74435275E-08
    2    2    0.11494453E-03 -0.61091358E-09  0.33374566E-04 -0.19550485E-09  0.37190503E-03 -0.25182503E-08
    3    2   -0.81129675E-05 -0.10884740E-08  0.31129540E-03  0.47220034E-09  0.30113639E-04 -0.32399461E-08
    4    2    0.12787240E-03 -0.49626629E-09  0.34300742E-03  0.37024623E-08  0.28212423E-04  0.23974605E-08
    1    3   -0.34451976E-03  0.20140202E-08  0.52612162E-04 -0.24136971E-08  0.28217315E-04  0.46445204E-08
    2    3   -0.51073426E-04  0.16081465E-08  0.88462894E-04  0.11512709E-09  0.12591197E-03  0.32803156E-08
    3    3   -0.11450174E-03  0.17372110E-08 -0.33229250E-04  0.61978217E-09 -0.36998650E-03 -0.22789431E-08
    4    3    0.25638796E-03 -0.20570741E-08 -0.44408104E-03  0.76268887E-09 -0.14665215E-03  0.60403436E-09
    1    4   -0.77999826E-05 -0.96772151E-09  0.31151422E-03 -0.18223427E-08  0.30108361E-04  0.64658541E-08
    2    4    0.12772437E-03 -0.28685915E-08  0.34273414E-03 -0.11597514E-09 -0.15387198E-03 -0.69901842E-08
    3    4    0.23203060E-03  0.20771419E-08  0.61847689E-03  0.73708386E-09  0.32517338E-03  0.19273093E-08
    4    4    0.11450323E-03  0.10012574E-08  0.33229749E-04  0.39754889E-09 -0.36997869E-03 -0.14000357E-07

   -3    3    0
    1    1   -0.63918463E-04 -0.22237348E-08  0.29734482E-14 -0.17771141E-14  0.22916425E-03 -0.12411162E-07
    2    1    0.75276357E-04 -0.23433383E-08 -0.12262818E-03 -0.10067005E-09 -0.32865152E-03  0.29769249E-08
    3    1   -0.20495458E-03  0.11454317E-08 -0.31454763E-03 -0.14826637E-08 -0.30262863E-03  0.27335851E-08
    4    1   -0.28704055E-04  0.13867399E-08 -0.18569680E-03 -0.42926559E-09  0.19359683E-03 -0.87162108E-09
    1    2   -0.51543313E-04  0.78827219E-09 -0.10585449E-03  0.74832680E-09 -0.32865304E-03 -0.47378989E-08
    2    2    0.63918379E-04  0.30070049E-08  0.29286469E-14 -0.19355835E-14  0.22916189E-03 -0.48991194E-08
    3    2    0.47225488E-04  0.60518622E-09 -0.19577569E-03 -0.30596353E-08  0.19360098E-03 -0.62435500E-08
    4    2    0.21934176E-03 -0.15022356E-08 -0.28614276E-03 -0.63400705E-09 -0.30263016E-03  0.25964230E-08
    1    3   -0.20499486E-03  0.10571003E-08 -0.31480821E-03  0.28755648E-09 -0.30262702E-03  0.43702817E-08
    2    3   -0.28861000E-04  0.23577653E-08 -0.18547525E-03  0.24184889E-08  0.19360365E-03  0.39170813E-08
    3    3   -0.63998291E-04 -0.26622657E-08 -0.33956704E-14 -0.17358196E-14 -0.22838799E-03  0.20053984E-09
    4    3    0.75380216E-04 -0.37793657E-08 -0.12299697E-03 -0.13527267E-08 -0.49395448E-04 -0.11557819E-08
    1    4    0.47424570E-04 -0.15255471E-08 -0.19552802E-03  0.27588060E-08  0.19359345E-03  0.60427801E-08
    2    4    0.21933674E-03 -0.13147778E-08 -0.28640533E-03  0.98859002E-09 -0.30262517E-03 -0.33436681E-08
    3    4   -0.51689323E-04  0.22347468E-08 -0.10619120E-03 -0.21557712E-08 -0.49392464E-04  0.29614510E-09
    4    4    0.63998262E-04  0.23875882E-08 -0.31112266E-14 -0.14594019E-14 -0.22837615E-03 -0.14413003E-08

   -3    4    0
    1    1   -0.21631695E-04  0.31645814E-09 -0.31261426E-05 -0.29924327E-10  0.36605826E-04 -0.51239747E-08
    2    1    0.24045014E-04 -0.14204214E-08  0.90360747E-03 -0.13416706E-08 -0.22449297E-04  0.99611006E-08
    3    1    0.17436037E-03  0.31679107E-08 -0.63889828E-05  0.26199247E-08 -0.14566376E-03  0.23504796E-08
    4    1    0.12732040E-03 -0.93744664E-09 -0.32662252E-04  0.20810665E-08  0.20768456E-03 -0.24488822E-08
    1    2   -0.30517479E-05 -0.95132183E-09 -0.20338233E-03  0.25629774E-08  0.11843866E-03 -0.46756963E-08
    2    2    0.21629164E-04  0.13625978E-09  0.31265569E-05  0.22810378E-10  0.36605033E-04 -0.16038680E-09
    3    2   -0.10548136E-04  0.34475794E-09  0.48939936E-04 -0.47128458E-09 -0.50420372E-04 -0.21882614E-08
    4    2   -0.24042608E-03  0.55997651E-09  0.11226125E-03  0.29228968E-08  0.40636661E-05  0.56168372E-08
    1    3    0.17423910E-03  0.44110751E-10 -0.62988398E-05 -0.32223777E-08  0.40638696E-05  0.40932585E-08
    2    3    0.12753016E-03 -0.14531016E-08 -0.32655898E-04  0.75319002E-09  0.20768410E-03 -0.28438047E-08
    3    3   -0.21646642E-04 -0.14748148E-08 -0.31409331E-05  0.36027298E-09 -0.34958652E-04  0.45855464E-08
    4    3    0.23825301E-04  0.44871478E-09  0.90408358E-03 -0.11676621E-08  0.19764746E-03 -0.32284253E-08
    1    4   -0.10446228E-04 -0.36439621E-09  0.48935373E-04 -0.13289629E-08 -0.50415288E-04  0.46432228E-08
    2    4   -0.24056755E-03  0.25695684E-08  0.11232833E-03  0.76849642E-09 -0.14566446E-03 -0.46611241E-08
    3    4   -0.31009649E-05 -0.20027364E-08 -0.20343351E-03  0.22941927E-09 -0.26668955E-05 -0.50441009E-09
    4    4    0.21648733E-04 -0.66104562E-09  0.31406915E-05  0.47849012E-10 -0.34958016E-04 -0.29898430E-08

   -3    5    0
    1    1   -0.12249805E-04  0.10459702E-08  0.99183859E-05 -0.44680713E-09  0.11324125E-03 -0.32252573E-08
    2    1   -0.15300099E-03  0.21281226E-08 -0.44937132E-03  0.63422481E-09 -0.38426488E-04  0.73825435E-08
    3    1    0.68847849E-04 -0.64064764E-09 -0.11392285E-03  0.24322228E-08  0.80763995E-04  0.36234607E-08
    4    1    0.95131469E-04 -0.32927488E-08  0.53661791E-04  0.20499408E-08 -0.38086080E-04 -0.54970188E-08
    1    2   -0.27224284E-04  0.13600561E-08 -0.13741411E-04  0.15850165E-08 -0.22334795E-03  0.26151471E-09
    2    2    0.12251659E-04  0.10643418E-09 -0.99190446E-05 -0.89090813E-10  0.11325121E-03  0.38708436E-08
    3    2   -0.36200145E-04 -0.22572181E-08 -0.52069734E-04 -0.14215539E-08 -0.13518753E-03 -0.72113421E-08
    4    2   -0.12851410E-03  0.82972648E-09 -0.60813744E-04  0.13290219E-08  0.11266206E-03 -0.23392767E-08
    1    3    0.68778707E-04 -0.13698696E-08 -0.11393583E-03  0.13613997E-08  0.11266826E-03  0.21403163E-08
    2    3    0.95372386E-04 -0.14366813E-08  0.53656808E-04 -0.28480742E-08 -0.38087272E-04  0.16562626E-08
    3    3   -0.12697991E-04  0.22196703E-08  0.10065366E-04 -0.54904180E-09 -0.11225209E-03  0.47031365E-08
    4    3   -0.15338893E-03  0.18622583E-08 -0.45000848E-03  0.28505528E-08 -0.25776035E-04 -0.46321281E-09
    1    4   -0.36100173E-04 -0.16181308E-08 -0.51994002E-04 -0.32039391E-08 -0.13517740E-03  0.89885892E-09
    2    4   -0.12877218E-03  0.11420572E-08 -0.60831189E-04  0.27552389E-09  0.80764837E-04 -0.61538680E-08
    3    4   -0.27258948E-04  0.11323398E-08 -0.13837126E-04  0.26628947E-08 -0.11324224E-03  0.97673467E-09
    4    4    0.12699865E-04 -0.68082368E-09 -0.10065945E-04  0.21324510E-09 -0.11225005E-03 -0.58504542E-08

   -3    6    0
    1    1   -0.72422990E-05 -0.31287942E-09 -0.12545420E-04  0.53253450E-09  0.97863947E-05  0.71975607E-09
    2    1    0.93206477E-04  0.65019320E-09  0.32810504E-04 -0.58276994E-09 -0.63893867E-04 -0.31057894E-08
    3    1    0.17621176E-04  0.18324447E-08  0.30523263E-04 -0.10372138E-08 -0.58103916E-04  0.41828898E-08
    4    1   -0.60509816E-04 -0.77882876E-09  0.23379552E-03 -0.25425651E-08  0.95580015E-04  0.33835391E-08
    1    2    0.25758660E-04  0.25047191E-09 -0.42555983E-04  0.37123241E-09  0.60815066E-04 -0.51489850E-09
    2    2    0.72430912E-05 -0.39164635E-09  0.12544594E-04  0.57338487E-10  0.97994666E-05  0.75609108E-08
    3    2    0.72604548E-06  0.36519250E-09  0.43353650E-05  0.34792164E-09  0.12058094E-03 -0.95988379E-08
    4    2    0.45048832E-04  0.17415532E-08  0.53529917E-04  0.18834463E-08  0.85359235E-04 -0.35262996E-09
    1    3    0.17688753E-04  0.60531692E-09  0.30631730E-04 -0.20364978E-08  0.85367998E-04 -0.44370435E-08
    2    3   -0.60494186E-04 -0.20641335E-08  0.23384938E-03  0.16906195E-08  0.95576462E-04 -0.70086746E-09
    3    3   -0.72307518E-05  0.29156584E-09 -0.12522431E-04 -0.13229735E-09 -0.89370604E-05  0.64154210E-08
    4    3    0.93392897E-04  0.52862158E-09  0.31861397E-04  0.21861652E-08 -0.43585219E-04  0.42152206E-09
    1    4    0.65060005E-06  0.10629041E-08  0.43838495E-05 -0.14987007E-08  0.12058753E-03 -0.41830690E-09
    2    4    0.45056337E-04  0.30537768E-08  0.53472763E-04 -0.84693412E-09 -0.58107333E-04  0.58415142E-09
    3    4    0.25778701E-04 -0.16714345E-08 -0.42607136E-04  0.79753961E-09  0.74068130E-04  0.52008429E-09
    4    4    0.72303463E-05 -0.10657487E-08  0.12522949E-04  0.10101360E-08 -0.89502985E-05 -0.40445908E-08

   -2   -4    0
    1    1    0.92114301E-05  0.13197511E-08 -0.15954450E-04 -0.18601389E-08 -0.70116353E-04  0.71022128E-08
    2    1   -0.18185870E-04  0.47973755E-09  0.97126844E-04  0.11888581E-08 -0.63889574E-04 -0.22479128E-08
    3    1    0.21624993E-04 -0.20380162E-08 -0.37462071E-04 -0.11175133E-08 -0.11213568E-03  0.84582361E-09
    4    1    0.23272654E-03  0.14298313E-08  0.64494073E-04  0.56518011E-10  0.95579505E-04 -0.13998049E-08
    1    2   -0.11466422E-03 -0.19362652E-10 -0.89834492E-04  0.20056135E-08 -0.54083470E-05 -0.39883171E-08
    2    2   -0.92097860E-05  0.80073818E-09  0.15951427E-04 -0.12468869E-08 -0.70112818E-04  0.62551667E-08
    3    2   -0.24168020E-04  0.44225777E-09 -0.37130261E-04 -0.16195421E-08  0.67951161E-04 -0.48303349E-09
    4    2   -0.13400910E-03 -0.16638477E-08  0.15541581E-03 -0.17414009E-08 -0.41720693E-03  0.29147869E-08
    1    3    0.21705780E-04 -0.44662310E-09 -0.37596137E-04  0.21220622E-08 -0.41720605E-03 -0.32501748E-08
    2    3    0.23276399E-03 -0.92120230E-09  0.64534124E-04  0.22886401E-08  0.95575095E-04  0.35290581E-08
    3    3    0.90999787E-05  0.15156643E-08 -0.15762262E-04 -0.35242197E-08  0.69370233E-04 -0.39809481E-08
    4    3   -0.19105338E-04  0.32508292E-09  0.96810853E-04 -0.21195237E-08 -0.43591143E-04  0.11873784E-08
    1    4   -0.24184700E-04  0.15016821E-08 -0.37150064E-04  0.27982582E-08  0.67953506E-04 -0.35165666E-08
    2    4   -0.13410084E-03 -0.11596518E-08  0.15555448E-03 -0.61339612E-10 -0.11213706E-03 -0.62554865E-08
    3    4   -0.11470159E-03  0.29105861E-10 -0.89801279E-04 -0.41146220E-08  0.32182946E-04  0.30979446E-08
    4    4   -0.91005680E-05  0.45329979E-09  0.15763366E-04 -0.55270356E-09  0.69372702E-04  0.51474374E-08

   -2   -3    0
    1    1   -0.24642251E-05  0.70386786E-10 -0.15570247E-04 -0.19050485E-08  0.11324337E-03  0.66385434E-08
    2    1   -0.75016650E-04 -0.29144551E-10  0.64313498E-04 -0.84839424E-09 -0.63895961E-04  0.32289791E-09
    3    1    0.64233306E-04  0.15313792E-08  0.11658446E-03  0.23631787E-08  0.80769247E-04 -0.64477828E-08
    4    1   -0.17222067E-03  0.17311557E-08 -0.16929995E-03  0.37834290E-08  0.95579141E-04 -0.69535485E-08
    1    2    0.18654155E-03  0.22613659E-08  0.98399084E-04  0.10088878E-08  0.11844513E-03 -0.17151165E-07
    2    2    0.24638768E-05  0.10791403E-09  0.15571474E-04 -0.90350459E-09  0.11324421E-03 -0.62884310E-09
    3    2   -0.41204954E-04 -0.14697668E-08 -0.28566491E-04  0.41124373E-10 -0.50423626E-04  0.22089289E-08
    4    2    0.11513332E-03 -0.14918071E-08 -0.64474211E-04 -0.23619879E-09  0.11265702E-03  0.32007337E-08
    1    3    0.64282699E-04  0.38409802E-09  0.11653340E-03 -0.11132546E-08  0.11266388E-03  0.17672404E-08
    2    3   -0.17226641E-03  0.71217998E-09 -0.16931678E-03 -0.30996313E-08  0.95581654E-04  0.60856145E-08
    3    3   -0.23682618E-05  0.19761348E-09 -0.16029151E-04 -0.27294158E-09 -0.11226490E-03 -0.87675457E-08
    4    3   -0.74294712E-04 -0.14543656E-08  0.64948858E-04  0.24380659E-08 -0.43588127E-04  0.55926762E-09
    1    4   -0.41225244E-04 -0.74586722E-09 -0.28499208E-04 -0.14205991E-08 -0.50423542E-04  0.49973026E-08
    2    4    0.11520285E-03 -0.21410294E-09 -0.64660704E-04  0.53409356E-09  0.80768761E-04  0.37937151E-09
    3    4    0.18663053E-03 -0.26761168E-08  0.98367159E-04  0.28435920E-08 -0.26624008E-05  0.30518938E-08
    4    4    0.23688440E-05 -0.52233140E-12  0.16027553E-04 -0.10627859E-08 -0.11225709E-03  0.19308009E-08

   -2   -2    0
    1    1   -0.25928956E-05 -0.10317505E-09 -0.45958272E-10 -0.11587395E-08 -0.24510736E-03 -0.43034672E-08
    2    1    0.99052001E-04 -0.16359740E-08  0.18238595E-08  0.36583851E-09 -0.26163400E-03  0.36964782E-08
    3    1    0.14087445E-03 -0.25577683E-08 -0.45787097E-09 -0.13494159E-08 -0.73468885E-04 -0.33997077E-08
    4    1   -0.14802076E-03  0.23495143E-08 -0.43152787E-09  0.93768689E-09 -0.40714203E-04 -0.42545149E-08
    1    2    0.59949453E-03  0.62751914E-09 -0.87737053E-09 -0.16568306E-08 -0.11058158E-03 -0.13613816E-07
    2    2    0.25929690E-05  0.41530353E-10  0.96231786E-09  0.38992313E-09 -0.24511744E-03 -0.19340019E-08
    3    2   -0.11530404E-03  0.28396040E-08 -0.93622107E-09  0.22846721E-08  0.12590377E-03 -0.64238218E-09
    4    2    0.16842738E-03 -0.14705438E-08 -0.16169068E-09  0.13323810E-08 -0.10021212E-03  0.65523263E-08
    1    3    0.14107990E-03  0.11172841E-08 -0.14528864E-08  0.65388988E-09 -0.10021639E-03  0.61546077E-08
    2    3   -0.14798119E-03 -0.90963413E-09 -0.99493715E-09  0.76388283E-09 -0.40712411E-04  0.37661786E-08
    3    3   -0.26093584E-05 -0.12661150E-09  0.15570359E-08  0.11469525E-08  0.24557647E-03 -0.12372593E-07
    4    3    0.97858941E-04 -0.14230009E-09  0.15632988E-08 -0.12472320E-08 -0.13124940E-04 -0.21787380E-08
    1    4   -0.11532743E-03  0.14828184E-08 -0.14091526E-09  0.82672728E-09  0.12589713E-03  0.10658131E-07
    2    4    0.16840753E-03  0.15940298E-08 -0.23283153E-08  0.19865166E-08 -0.73464899E-04 -0.24766547E-08
    3    4    0.59902297E-03 -0.25277580E-08 -0.15304667E-08 -0.73517116E-09 -0.14665174E-03 -0.26479340E-11
    4    4    0.26094740E-05 -0.26806450E-09  0.15372956E-08 -0.38460965E-08  0.24559188E-03 -0.38061680E-09

   -2   -1    0
    1    1    0.28569592E-04  0.57971593E-09  0.11623454E-03  0.29306461E-08  0.37190559E-03 -0.18743861E-08
    2    1    0.44966250E-03 -0.12325784E-08 -0.93431245E-04  0.49478311E-09  0.17115416E-03 -0.17137072E-08
    3    1   -0.18281132E-03  0.96380669E-09  0.34416357E-03 -0.39507713E-08  0.28212907E-04 -0.28798027E-11
    4    1    0.35698439E-03 -0.17125382E-08 -0.15050642E-03 -0.64698311E-09  0.32142528E-05 -0.66440049E-08
    1    2    0.81281826E-03  0.65427213E-09  0.14222157E-04  0.28471300E-08 -0.22977703E-04 -0.28122761E-08
    2    2   -0.28569418E-04 -0.72453304E-09 -0.11623414E-03 -0.36397428E-08  0.37189797E-03  0.21854629E-09
    3    2    0.11477855E-03  0.10900387E-09 -0.63042604E-04 -0.31429541E-08  0.11478000E-03 -0.93642132E-09
    4    2   -0.27950192E-03 -0.35525200E-08 -0.23068441E-03  0.20401878E-08 -0.15386795E-03  0.95644654E-08
    1    3   -0.18267891E-03  0.19299380E-08  0.34387799E-03 -0.20491785E-08 -0.15387367E-03  0.84784705E-09
    2    3    0.35684602E-03  0.51146614E-08 -0.15039680E-03 -0.31689727E-08  0.32203208E-05  0.72558028E-08
    3    3    0.28474699E-04 -0.89636606E-10  0.11578190E-03 -0.67801299E-09 -0.36998175E-03 -0.10533382E-07
    4    3    0.44974795E-03  0.30469910E-08 -0.93606413E-04  0.31839761E-08  0.21163693E-05 -0.25214126E-08
    1    4    0.11458813E-03 -0.32210124E-08 -0.62981984E-04 -0.13422572E-08  0.11477573E-03 -0.19456012E-08
    2    4   -0.27955321E-03 -0.18211820E-08 -0.23100848E-03  0.26672191E-08  0.28210906E-04 -0.10518030E-07
    3    4    0.81348077E-03  0.16981888E-08  0.14188509E-04  0.56177426E-09 -0.21276344E-03  0.34947346E-08
    4    4   -0.28474288E-04 -0.50247290E-09 -0.11578003E-03 -0.28526238E-08 -0.36995606E-03 -0.21812529E-08

   -2    0    0
    1    1   -0.15068308E-02 -0.11123325E-08 -0.26099074E-02 -0.19266118E-08 -0.81951500E-03  0.13339847E-08
    2    1   -0.51269380E-03  0.14494413E-08  0.55004697E-03 -0.42313148E-09  0.23512950E-03  0.57605954E-08
    3    1    0.94991691E-03  0.31126631E-08  0.63896159E-03  0.15952877E-08  0.48722993E-03  0.12529371E-09
    4    1   -0.27725107E-03  0.33447778E-08  0.18539459E-03 -0.47218181E-09  0.30108267E-04 -0.41486236E-08
    1    2    0.99305234E-03  0.33015715E-08 -0.13045689E-02  0.27585062E-08 -0.19713978E-03  0.29744417E-08
    2    2    0.15068324E-02 -0.23435914E-08  0.26099102E-02 -0.40592164E-08 -0.81952253E-03  0.41914247E-09
    3    2   -0.80447454E-03  0.30570405E-08  0.48717081E-03 -0.35528358E-08 -0.74342428E-03 -0.53963536E-08
    4    2    0.18362970E-03  0.22368882E-08 -0.11642522E-02  0.65414033E-08  0.48723967E-03  0.63612847E-08
    1    3    0.95030829E-03 -0.15561990E-08  0.63869068E-03  0.36193612E-08  0.48723608E-03 -0.13408674E-08
    2    3   -0.27725859E-03 -0.17043431E-08  0.18577160E-03 -0.15873569E-08  0.30110733E-04  0.40982136E-08
    3    3   -0.15068251E-02 -0.70913802E-09 -0.26098976E-02 -0.12282708E-08  0.82432192E-03  0.12687968E-07
    4    3   -0.51294930E-03  0.40476434E-09  0.55009931E-03  0.19510366E-08  0.32517008E-03  0.28583691E-08
    1    4   -0.80465671E-03  0.13308457E-08  0.48774807E-03 -0.43113881E-08 -0.74342490E-03  0.39740325E-08
    2    4    0.18394205E-03  0.25217729E-08 -0.11644038E-02  0.35888222E-08  0.48723073E-03 -0.77423884E-08
    3    4    0.99277472E-03 -0.44278898E-09 -0.13048029E-02  0.36728048E-08 -0.95600208E-03  0.70749693E-09
    4    4    0.15068263E-02 -0.28450919E-08  0.26098997E-02 -0.49278551E-08  0.82433723E-03 -0.32267332E-08

   -2    1    0
    1    1   -0.37599187E-06  0.13459062E-08  0.64957883E-06  0.76386472E-09  0.23233691E-03 -0.96660042E-08
    2    1    0.28141455E-03  0.32917681E-08 -0.53148620E-03  0.31801731E-08 -0.22977527E-04  0.10009197E-07
    3    1    0.30451305E-03 -0.22209789E-08 -0.52742869E-03  0.18095734E-08 -0.14940226E-02  0.59207361E-08
    4    1    0.85905967E-04 -0.18288902E-08 -0.45565574E-04 -0.40547398E-08  0.11477234E-03 -0.23503393E-08
    1    2    0.87379936E-03 -0.28988476E-08 -0.13804142E-02  0.77158796E-09 -0.19712730E-03 -0.28078811E-09
    2    2    0.37602224E-06 -0.46020238E-08 -0.64953176E-06 -0.26661499E-08  0.23233831E-03  0.13239678E-07
    3    2   -0.15492196E-03  0.23414089E-08  0.60784524E-03 -0.47311582E-08 -0.74342922E-03 -0.48026408E-08
    4    2   -0.67388386E-03  0.16004319E-09  0.11963419E-02  0.92321547E-09  0.74257317E-03 -0.29607470E-08
    1    3    0.30476918E-03  0.22384893E-08 -0.52786827E-03  0.19221931E-08  0.74257827E-03 -0.17414691E-08
    2    3    0.85697200E-04 -0.11183349E-08 -0.45357007E-04  0.97083797E-09  0.11477084E-03  0.43186916E-09
    3    3   -0.37972449E-06 -0.46687699E-08  0.65403234E-06 -0.26931789E-08 -0.22889438E-03  0.56111293E-08
    4    3    0.28168836E-03  0.82805226E-12 -0.53188775E-03  0.18430627E-08 -0.21276372E-03 -0.14576477E-08
    1    4   -0.15526527E-03 -0.19488926E-08  0.60834635E-03 -0.39305773E-09 -0.74342900E-03  0.66754951E-08
    2    4   -0.67388665E-03 -0.31193011E-08  0.11961802E-02 -0.13520013E-08 -0.14940192E-02 -0.76225008E-08
    3    4    0.87410846E-03  0.20577013E-08 -0.13805657E-02  0.15318162E-09 -0.95600106E-03  0.55367850E-10
    4    4    0.38337604E-06  0.41603269E-08 -0.65193568E-06  0.23951074E-08 -0.22888162E-03 -0.19696377E-07

   -2    2    0
    1    1    0.30136601E-02 -0.10551644E-08  0.24896026E-14  0.21950774E-14 -0.81952691E-03 -0.94229438E-08
    2    1    0.31957005E-03 -0.18123431E-08 -0.50945953E-03  0.20393884E-08 -0.22979070E-04  0.25749125E-08
    3    1   -0.10283167E-02  0.36196311E-08 -0.50316914E-03  0.39726816E-09  0.48723309E-03  0.18508332E-08
    4    1   -0.34905012E-05  0.11014109E-09 -0.97177168E-04 -0.22836679E-08  0.11476984E-03 -0.10653146E-08
    1    2   -0.30456361E-03  0.10314300E-08 -0.35307025E-03  0.68205718E-09 -0.22993158E-04 -0.27978166E-08
    2    2   -0.30136553E-02  0.39218316E-08  0.21952926E-14  0.25742639E-14 -0.81952569E-03  0.28830599E-08
    3    2    0.43121309E-04 -0.39379160E-08 -0.10888285E-03 -0.20452338E-08  0.11477708E-03 -0.74215862E-08
    4    2    0.10123906E-02 -0.11137345E-08 -0.41668169E-03  0.25318604E-08  0.48723494E-03 -0.25924119E-08
    1    3   -0.10282813E-02 -0.23430873E-08 -0.50364609E-03 -0.27319629E-08  0.48724122E-03  0.32706726E-08
    2    3   -0.35659522E-05  0.17317230E-08 -0.96893938E-04  0.11929580E-08  0.11477261E-03  0.75338600E-08
    3    3    0.30136507E-02  0.13590665E-09  0.13187761E-14 -0.49452477E-14  0.82431909E-03 -0.47054732E-08
    4    3    0.31978437E-03 -0.43009322E-09 -0.50989346E-03 -0.13563042E-08 -0.21276126E-03 -0.14169608E-08
    1    4    0.43227697E-04 -0.20362907E-08 -0.10859624E-03 -0.18058426E-08  0.11477551E-03  0.91011835E-08
    2    4    0.10123106E-02  0.93820048E-09 -0.41712542E-03  0.30821562E-08  0.48723722E-03 -0.58581043E-08
    3    4   -0.30465257E-03 -0.65680329E-09 -0.35343109E-03  0.24347554E-09 -0.21276386E-03  0.11355600E-08
    4    4   -0.30136536E-02  0.28187265E-08  0.21475877E-14 -0.43832783E-14  0.82432436E-03 -0.10108744E-07

   -2    3    0
    1    1   -0.11494650E-03  0.21223884E-08  0.33375192E-04 -0.76975289E-09  0.37190499E-03 -0.12717568E-07
    2    1   -0.22001126E-03  0.44432346E-09  0.71902993E-03  0.17369094E-08  0.23512288E-03  0.91605518E-08
    3    1   -0.20665080E-03 -0.40359195E-08  0.33040064E-03  0.29070340E-08  0.28213135E-04  0.33762235E-08
    4    1   -0.21929528E-04 -0.26124541E-10  0.33280387E-03  0.12890022E-10  0.30112179E-04 -0.25209315E-09
    1    2   -0.17256609E-03 -0.32843023E-08 -0.40363826E-03  0.17403590E-08 -0.11059863E-03 -0.52308943E-08
    2    2    0.11494963E-03  0.32500662E-09 -0.33376275E-04 -0.28894669E-10  0.37192184E-03 -0.37688038E-08
    3    2    0.53017574E-04  0.46613107E-08  0.71569217E-04 -0.32045625E-08  0.12590581E-03  0.63280263E-09
    4    2    0.28937710E-03  0.24537538E-08  0.60979465E-04  0.27109238E-08 -0.15387457E-03  0.74241134E-08
    1    3   -0.20646997E-03  0.24306931E-09  0.33014136E-03 -0.44106045E-08 -0.15386866E-03  0.28217376E-08
    2    3   -0.22252297E-04 -0.18980072E-08  0.33299822E-03 -0.14003313E-08  0.30111386E-04 -0.61607015E-09
    3    3   -0.11450437E-03 -0.26518716E-09  0.33230171E-04  0.64399504E-10 -0.36998364E-03  0.51441534E-09
    4    3   -0.21992853E-03  0.85948898E-09  0.71927846E-03  0.19673655E-08  0.32517081E-03  0.21044659E-09
    1    4    0.53044364E-04  0.17809861E-08  0.71604624E-04  0.97981562E-09  0.12590432E-03  0.22884908E-08
    2    4    0.28963255E-03  0.10842935E-08  0.60794658E-04  0.15626493E-08  0.28209112E-04 -0.64504682E-08
    3    4   -0.17242874E-03 -0.91051043E-09 -0.40332155E-03 -0.48653168E-09 -0.14665145E-03  0.25633078E-08
    4    4    0.11450665E-03 -0.67116825E-09 -0.33230911E-04  0.25865936E-09 -0.36997681E-03 -0.21204071E-08

   -2    4    0
    1    1    0.12955656E-05  0.20767238E-08  0.22457562E-05 -0.12528254E-08 -0.24510522E-03  0.84931361E-09
    2    1   -0.14391648E-03  0.59834644E-09 -0.43613289E-03 -0.10259545E-08  0.17116029E-03  0.62968928E-08
    3    1   -0.70438193E-04 -0.80728949E-09 -0.12200541E-03  0.21268791E-08 -0.73468835E-04 -0.51195339E-09
    4    1   -0.48147530E-04 -0.98944487E-09 -0.38440792E-03 -0.18433114E-08  0.32188731E-05 -0.59530835E-08
    1    2   -0.11350398E-03 -0.20879552E-08 -0.10498459E-03 -0.20065909E-08  0.11843968E-03 -0.85184166E-09
    2    2   -0.12973252E-05  0.27734954E-09 -0.22448637E-05 -0.18220967E-09 -0.24510639E-03  0.12599630E-08
    3    2    0.23630463E-04  0.35713855E-09  0.20377853E-04  0.16833473E-09 -0.50421190E-04  0.38209398E-09
    4    2   -0.69908027E-04 -0.24865548E-08 -0.12440620E-03  0.11830406E-08 -0.10021401E-03 -0.79815544E-09
    1    3   -0.70541290E-04 -0.28291290E-08 -0.12217824E-03 -0.95959127E-09 -0.10021400E-03  0.39272709E-09
    2    3   -0.48176902E-04  0.12016299E-08 -0.38423447E-03  0.18279920E-08  0.32136015E-05  0.50237099E-08
    3    3    0.13074396E-05  0.86445354E-09  0.22581574E-05 -0.56233681E-09  0.24559664E-03 -0.70407052E-08
    4    3   -0.14380849E-03  0.70981649E-09 -0.43629448E-03  0.17849713E-08  0.21139560E-05  0.31363819E-09
    1    4    0.23582935E-04  0.93812240E-09  0.20436174E-04 -0.30665348E-08 -0.50421189E-04 -0.28564581E-08
    2    4   -0.70022710E-04 -0.23876848E-08 -0.12448743E-03  0.12964532E-08 -0.73474503E-04 -0.38949494E-08
    3    4   -0.11352680E-03 -0.15883987E-09 -0.10506851E-03  0.41337722E-08 -0.26610214E-05  0.51983132E-09
    4    4   -0.13070736E-05  0.18949922E-08 -0.22586104E-05 -0.12247257E-08  0.24559027E-03 -0.18244362E-08

   -2    5    0
    1    1    0.14716493E-04 -0.12147318E-08 -0.56506353E-05  0.14979739E-08  0.11323628E-03  0.22428323E-08
    2    1   -0.49529524E-04 -0.19887531E-08 -0.85786325E-04  0.14583901E-08 -0.26161468E-03 -0.26378359E-08
    3    1   -0.13308335E-03  0.65298589E-09  0.26592374E-05 -0.47815753E-09  0.80771463E-04 -0.85992237E-09
    4    1    0.74013217E-04 -0.55304907E-10  0.12819323E-03 -0.94912477E-09 -0.40719878E-04  0.29508628E-08
    1    2    0.11033047E-03 -0.32881261E-08  0.63545191E-04  0.75367572E-09 -0.54076593E-05  0.23127859E-08
    2    2   -0.14716736E-04 -0.98489497E-09  0.56507428E-05  0.86048431E-09  0.11325024E-03 -0.15805369E-08
    3    2    0.39911482E-04  0.29703195E-09  0.56988410E-05 -0.15297904E-08  0.67950326E-04 -0.51981631E-08
    4    2    0.45524190E-04  0.11243121E-08 -0.12528342E-03  0.13591704E-08  0.11266210E-03  0.13680265E-08
    1    3   -0.13306323E-03  0.32532274E-08  0.25989234E-05  0.23433327E-08  0.11266708E-03 -0.47210908E-08
    2    3    0.73993174E-04 -0.90808271E-09  0.12815711E-03  0.62078276E-09 -0.40725867E-04  0.72126161E-08
    3    3    0.15065932E-04 -0.10033522E-08 -0.59639521E-05  0.43812031E-09 -0.11224268E-03 -0.69635664E-08
    4    3   -0.48932621E-04  0.69241219E-09 -0.84748060E-04 -0.49608960E-09 -0.13126529E-04 -0.46425153E-09
    1    4    0.39958956E-04 -0.13440569E-09  0.56869919E-05  0.75177974E-09  0.67952505E-04  0.43969670E-08
    2    4    0.45591591E-04  0.26332499E-08 -0.12549512E-03 -0.35229264E-08  0.80765054E-04 -0.10260273E-08
    3    4    0.11031977E-03  0.13799470E-08  0.63595651E-04  0.18109301E-08  0.32181264E-04 -0.10635832E-08
    4    4   -0.15064614E-04 -0.23435826E-08  0.59627104E-05  0.20673779E-08 -0.11224469E-03  0.83062310E-09

   -1   -4    0
    1    1   -0.48775976E-04  0.74853918E-09  0.10116592E-03 -0.13765640E-08  0.87396323E-04  0.89858459E-08
    2    1    0.17971821E-04 -0.22920307E-08 -0.31126435E-04  0.16553339E-08 -0.21582332E-04  0.15809182E-08
    3    1   -0.91079699E-04  0.12142503E-08 -0.79507301E-04  0.90356502E-09  0.66038977E-04 -0.89465636E-08
    4    1    0.58899867E-04  0.43655093E-09 -0.10201418E-03  0.80401366E-09 -0.63025041E-04 -0.25759240E-08
    1    2    0.15438237E-03 -0.23692963E-08  0.10111876E-03 -0.27975681E-08 -0.33565206E-04 -0.65822391E-08
    2    2    0.48777742E-04 -0.94998637E-10 -0.10116970E-03  0.16047579E-09  0.87380248E-04  0.74249256E-08
    3    2   -0.92238267E-05 -0.18304783E-10 -0.24358754E-04  0.30594521E-08  0.74788914E-04 -0.32929521E-08
    4    2   -0.12266661E-03 -0.56160434E-09 -0.19601073E-04 -0.89003065E-09  0.79972594E-04  0.15740807E-08
    1    3   -0.91116021E-04  0.13014361E-08 -0.79443507E-04 -0.17869424E-08  0.79967190E-04  0.14668456E-08
    2    3    0.59011198E-04 -0.93202490E-09 -0.10221684E-03 -0.12715022E-08 -0.63022863E-04  0.53063722E-08
    3    3   -0.48896132E-04 -0.13128336E-08  0.10142069E-03  0.28559915E-08 -0.86292785E-04  0.22650939E-08
    4    3    0.17973603E-04  0.11809828E-08 -0.31129137E-04  0.17510313E-08  0.19004903E-03 -0.26338757E-08
    1    4   -0.92410133E-05 -0.82584188E-09 -0.24328723E-04  0.36993827E-09  0.74780206E-04  0.56722174E-08
    2    4   -0.12270186E-03  0.10016942E-08 -0.19528727E-04  0.14672107E-08  0.66043459E-04 -0.37906234E-08
    3    4    0.15461389E-03  0.18687914E-08  0.10120866E-03  0.83077865E-09  0.17477114E-03  0.24129067E-08
    4    4    0.48896585E-04  0.31472841E-09 -0.10142207E-03 -0.71478668E-09 -0.86284508E-04  0.51227861E-08

   -1   -3    0
    1    1    0.13523096E-04 -0.74520317E-10 -0.17170172E-04  0.13900195E-09  0.36604581E-04  0.49049506E-08
    2    1    0.46566835E-03 -0.67235915E-09  0.92180289E-04 -0.12014950E-08 -0.38430416E-04  0.13835077E-07
    3    1   -0.81647066E-04  0.31047107E-08  0.15419189E-03 -0.21353193E-08 -0.14566206E-03 -0.57216851E-08
    4    1   -0.94039146E-04 -0.53435385E-09  0.55561031E-04  0.66019074E-10 -0.38083146E-04 -0.39202220E-08
    1    2    0.16795641E-03 -0.18069284E-08 -0.91977726E-05 -0.24358184E-09 -0.32863790E-03 -0.14540764E-07
    2    2   -0.13522174E-04  0.50438262E-10  0.17167328E-04 -0.37257635E-10  0.36591623E-04  0.10790252E-07
    3    2    0.16962247E-03  0.30398827E-08  0.13657040E-03  0.25978122E-08  0.19360153E-03 -0.32503398E-08
    4    2    0.41361528E-04 -0.12227461E-08 -0.28508637E-03  0.12531440E-08  0.40613026E-05  0.51622999E-08
    1    3   -0.81665909E-04  0.28280396E-08  0.15404620E-03  0.20760868E-08  0.40549475E-05  0.42883565E-08
    2    3   -0.94152542E-04 -0.45959171E-08  0.55761343E-04 -0.25877931E-08 -0.38078287E-04 -0.38106815E-08
    3    3    0.13543083E-04  0.20434414E-09 -0.17174722E-04 -0.55087086E-09 -0.34974583E-04  0.50766670E-08
    4    3    0.46640718E-03  0.39026751E-08  0.92169442E-04  0.14409426E-08 -0.25773126E-04 -0.14454359E-08
    1    4    0.16948616E-03  0.17326362E-09  0.13660539E-03 -0.62477506E-09  0.19359287E-03  0.11804865E-07
    2    4    0.41433374E-04  0.16997507E-08 -0.28527605E-03 -0.38094150E-08 -0.14565555E-03 -0.10012251E-07
    3    4    0.16837082E-03  0.95878740E-10 -0.90538958E-05  0.35594662E-08 -0.49400859E-04  0.23429504E-08
    4    4   -0.13542868E-04 -0.16761093E-09  0.17174266E-04  0.36978604E-09 -0.34959293E-04 -0.27847242E-08

   -1   -2    0
    1    1    0.28569466E-04 -0.48948771E-09 -0.11623440E-03  0.26168605E-08  0.37191394E-03 -0.65375927E-08
    2    1    0.44966606E-03 -0.22827259E-09  0.93433025E-04  0.16801081E-08  0.17115501E-03  0.44246528E-08
    3    1   -0.18281059E-03  0.74850763E-09 -0.34416610E-03 -0.18013422E-08  0.28210688E-04  0.11457710E-08
    4    1    0.35698109E-03 -0.79120491E-09  0.15050708E-03  0.11432697E-08  0.32165218E-05 -0.85334542E-08
    1    2    0.81282232E-03 -0.11608316E-09 -0.14224015E-04 -0.16688434E-09 -0.22992174E-04 -0.10701906E-07
    2    2   -0.28569093E-04 -0.84123022E-10  0.11623263E-03  0.31679996E-09  0.37189914E-03  0.36486659E-08
    3    2    0.11477559E-03 -0.29158715E-08  0.63043608E-04  0.29569092E-08  0.11478140E-03 -0.88985783E-09
    4    2   -0.27949630E-03 -0.25431135E-08  0.23068865E-03 -0.67560978E-10 -0.15387390E-03  0.45379395E-08
    1    3   -0.18267780E-03  0.43743416E-08 -0.34387493E-03 -0.24927972E-09 -0.15387608E-03  0.59176005E-08
    2    3    0.35684320E-03  0.28149872E-08  0.15040026E-03  0.15371524E-08  0.32228823E-05  0.25206318E-08
    3    3    0.28473835E-04  0.42148811E-09 -0.11577824E-03 -0.18992285E-08 -0.36998522E-03 -0.36427171E-08
    4    3    0.44974936E-03  0.13642955E-08  0.93600542E-04 -0.11988780E-08  0.21132231E-05  0.58004460E-09
    1    4    0.11458280E-03 -0.18521242E-08  0.62983812E-04  0.48158106E-09  0.11477260E-03  0.75096524E-09
    2    4   -0.27954757E-03 -0.30704820E-08  0.23100763E-03  0.52528989E-09  0.28214982E-04 -0.50153742E-08
    3    4    0.81348816E-03  0.36855100E-08 -0.14185243E-04 -0.20220311E-08 -0.21275816E-03  0.22407245E-08
    4    4   -0.28474034E-04 -0.19942298E-09  0.11577890E-03  0.12697929E-08 -0.36996823E-03  0.23273218E-08

   -1   -1    0
    1    1    0.75053185E-06 -0.24905632E-10 -0.24723955E-08 -0.22105690E-08  0.23234658E-03 -0.30734102E-08
    2    1    0.55550768E-04 -0.24074195E-08  0.49638315E-08  0.15437849E-08 -0.54301988E-03  0.19039544E-08
    3    1   -0.14106939E-02  0.38635648E-08  0.27832126E-08 -0.35492696E-08  0.74257099E-03 -0.33793277E-09
    4    1    0.33431834E-03 -0.69691573E-09 -0.33933731E-08 -0.22487971E-08  0.25781161E-03 -0.14823542E-09
    1    2    0.15600608E-02 -0.42959801E-09  0.36846881E-09 -0.13871455E-08 -0.23232247E-03 -0.69205608E-08
    2    2   -0.75054822E-06 -0.10639213E-10  0.54867601E-08 -0.93675059E-09  0.23233473E-03 -0.33908585E-10
    3    2    0.66039414E-03  0.42204711E-08 -0.14091382E-08 -0.23258052E-08  0.16213772E-02 -0.35664324E-08
    4    2    0.13432003E-03  0.12356696E-08 -0.43435102E-08 -0.28533308E-08 -0.14940205E-02  0.44490256E-08
    1    3   -0.14104708E-02  0.24927509E-08  0.43228317E-08  0.85475971E-09 -0.14940264E-02  0.86994061E-09
    2    3    0.33395518E-03  0.72288173E-09 -0.29998032E-08 -0.71979216E-09  0.25781396E-03  0.10903910E-08
    3    3    0.75629703E-06 -0.39322330E-11 -0.70449907E-08  0.54736141E-08 -0.22888894E-03  0.11894716E-07
    4    3    0.56569878E-04 -0.14457651E-09  0.14267891E-08  0.19354232E-08  0.37154974E-04 -0.21204342E-08
    1    4    0.66046619E-03  0.35628338E-08  0.75888766E-09 -0.35507105E-09  0.16213714E-02  0.48067277E-09
    2    4    0.13479945E-03 -0.11519222E-08  0.10830891E-09 -0.66269636E-09  0.74257074E-03 -0.44156735E-08
    3    4    0.15605891E-02  0.17324566E-08 -0.15945737E-08  0.18889514E-09 -0.63125449E-03 -0.12967507E-08
    4    4   -0.75629203E-06 -0.19738040E-10  0.61112650E-09  0.34602301E-08 -0.22887335E-03  0.81961073E-10

   -1    0    0
    1    1   -0.10781747E-01  0.21815585E-08 -0.18674365E-01  0.35543668E-08  0.45288020E-03  0.18032903E-08
    2    1    0.12189430E-02  0.62616491E-09 -0.75608125E-04  0.34535651E-08 -0.19711536E-03  0.70793421E-08
    3    1   -0.13641788E-02  0.39087891E-08 -0.28308857E-02 -0.37613589E-08 -0.30972460E-03  0.17194583E-08
    4    1   -0.55387202E-03  0.64746565E-09  0.26114135E-03  0.30839965E-09 -0.74343152E-03 -0.27565684E-08
    1    2    0.61716304E-02 -0.17194902E-09 -0.54365697E-02 -0.56012810E-09 -0.14054074E-02  0.10017437E-07
    2    2    0.10781647E-01  0.43772933E-08  0.18674438E-01  0.76632579E-08  0.45288679E-03  0.11011603E-07
    3    2   -0.37730394E-04  0.24839472E-09 -0.29704790E-04 -0.53859934E-09  0.45618367E-02 -0.36233491E-08
    4    2    0.17933945E-02 -0.90181482E-08  0.24398793E-02 -0.41528098E-08 -0.30972459E-03  0.12782886E-08
    1    3   -0.13639456E-02  0.51371612E-09 -0.28310298E-02 -0.19860012E-08 -0.30972129E-03  0.19485763E-08
    2    3   -0.55455375E-03 -0.39556244E-08  0.26104822E-03 -0.11578415E-08 -0.74343144E-03 -0.97037913E-09
    3    3   -0.10784333E-01  0.38629265E-09 -0.18678846E-01  0.86486193E-09 -0.44789560E-03  0.71643687E-08
    4    3    0.12190528E-02 -0.12479175E-08 -0.75379234E-04 -0.45951201E-08 -0.95600497E-03 -0.88260888E-09
    1    4   -0.37633728E-04  0.17125358E-08 -0.29880044E-04 -0.30707798E-08  0.45618298E-02 -0.12778967E-08
    2    4    0.17935954E-02 -0.50854531E-08  0.24397577E-02  0.36124087E-08 -0.30972948E-03 -0.11508109E-07
    3    4    0.61729557E-02 -0.34768442E-08 -0.54374674E-02 -0.24418561E-08 -0.20102192E-02 -0.16988760E-09
    4    4    0.10784228E-01  0.94717175E-09  0.18678908E-01  0.17770866E-08 -0.44793024E-03 -0.48439894E-08

   -1    1    0
    1    1    0.21563352E-01  0.31977718E-08  0.99454398E-10  0.52170356E-11  0.45287538E-03  0.22440561E-08
    2    1    0.43300337E-03 -0.74318027E-08 -0.74997587E-03 -0.48634296E-08 -0.23229462E-03  0.14452414E-08
    3    1    0.31337114E-02 -0.15785263E-08 -0.23402739E-03  0.31231522E-08 -0.30972603E-03  0.53920460E-08
    4    1    0.18151381E-03  0.31342119E-08 -0.31438313E-03  0.69512983E-08  0.16213683E-02  0.33691945E-08
    1    2   -0.60512093E-03  0.28301940E-08 -0.16833070E-03 -0.20927178E-08 -0.23232486E-03 -0.53780688E-08
    2    2   -0.21563356E-01 -0.14418451E-08 -0.71853573E-10 -0.18930927E-10  0.45287026E-03  0.29598378E-08
    3    2   -0.14336981E-03 -0.10445793E-08 -0.13232912E-03  0.14616617E-08  0.16213704E-02 -0.47323703E-08
    4    2   -0.27672278E-02 -0.11298716E-08 -0.34358592E-03 -0.26692634E-08 -0.30972493E-03 -0.63353556E-08
    1    3    0.31337109E-02 -0.50852417E-08 -0.23430269E-03 -0.15340702E-08 -0.30971905E-03  0.29446471E-08
    2    3    0.18155736E-03  0.51783929E-09 -0.31446452E-03  0.41047632E-08  0.16213655E-02  0.52679751E-08
    3    3    0.21568517E-01  0.26058993E-08 -0.27546438E-10 -0.47964545E-10 -0.44791639E-03  0.12965804E-07
    4    3    0.43316098E-03  0.30328933E-09 -0.75022863E-03  0.26228093E-09 -0.63125943E-03  0.20571437E-08
    1    4   -0.14342628E-03 -0.62301488E-10 -0.13241994E-03  0.10163809E-08  0.16213704E-02  0.30779938E-08
    2    4   -0.27672345E-02  0.37047692E-08 -0.34386579E-03 -0.15036299E-09 -0.30972462E-03 -0.17250868E-08
    3    4   -0.60541219E-03 -0.20303018E-09 -0.16834068E-03 -0.24600236E-09 -0.63125672E-03  0.23719347E-08
    4    4   -0.21568525E-01 -0.46445449E-08  0.44204985E-10 -0.43625980E-10 -0.44792308E-03 -0.11347391E-07

   -1    2    0
    1    1   -0.37085982E-06  0.10220084E-08 -0.65253864E-06 -0.60646495E-09  0.23233560E-03 -0.27051924E-08
    2    1   -0.54400520E-03  0.78221239E-09 -0.10934346E-02  0.80718001E-09 -0.19713070E-03  0.19285288E-08
    3    1    0.70534856E-03 -0.32230466E-09  0.12217036E-02 -0.35369806E-08  0.74257751E-03 -0.12959713E-08
    4    1    0.50778945E-04 -0.12203239E-08  0.61023746E-03  0.27151545E-08 -0.74342972E-03  0.38820324E-08
    1    2   -0.25655727E-03 -0.13897096E-08 -0.36729638E-03  0.71179377E-09 -0.22984838E-04 -0.46357425E-08
    2    2    0.37312342E-06 -0.20539145E-08  0.65123440E-06  0.11745662E-08  0.23234084E-03  0.42423997E-08
    3    2   -0.19354588E-04  0.18298664E-08 -0.45837274E-04 -0.87576277E-09  0.11478058E-03  0.34389643E-08
    4    2   -0.50623287E-03  0.41559157E-08 -0.64297565E-03  0.15460527E-09 -0.14940295E-02  0.18682849E-08
    1    3    0.70523128E-03 -0.72813973E-10  0.12215049E-02 -0.84093728E-09 -0.14940229E-02 -0.28022563E-08
    2    3    0.51200866E-04  0.45980956E-09  0.61078450E-03  0.14720617E-08 -0.74343003E-03  0.67319886E-09
    3    3   -0.37378196E-06 -0.62876967E-09 -0.65747465E-06  0.37207044E-09 -0.22888971E-03 -0.26214353E-08
    4    3   -0.54425428E-03  0.24125270E-08 -0.10934166E-02  0.46990867E-09 -0.95600395E-03 -0.22164997E-09
    1    4   -0.19109429E-04  0.21127839E-08 -0.45610655E-04  0.10680074E-08  0.11477235E-03  0.40443587E-08
    2    4   -0.50645032E-03  0.55825231E-08 -0.64341667E-03  0.22028089E-09  0.74257748E-03 -0.34383017E-08
    3    4   -0.25670947E-03 -0.15111430E-08 -0.36761906E-03  0.12706896E-08 -0.21276236E-03  0.99529700E-09
    4    4    0.37699541E-06 -0.41346651E-08  0.65563764E-06  0.23829891E-08 -0.22889761E-03  0.40287824E-08

   -1    3    0
    1    1    0.86373687E-04  0.40663166E-09 -0.82856015E-04 -0.38693003E-09  0.37190548E-03  0.77408125E-08
    2    1   -0.27775983E-04 -0.98211049E-09 -0.48109856E-04 -0.11260110E-08 -0.54304213E-03  0.13642312E-07
    3    1    0.38945533E-03 -0.31580453E-08 -0.13761684E-04  0.11191511E-09  0.28216604E-04 -0.64182396E-08
    4    1   -0.16715763E-03 -0.83460993E-09 -0.28952751E-03  0.76984913E-10  0.25782406E-03 -0.61165175E-08
    1    2   -0.54354593E-04  0.27693243E-10 -0.11504502E-03  0.73518728E-09 -0.32864175E-03 -0.41162916E-08
    2    2   -0.86373249E-04  0.15027360E-08  0.82855588E-04 -0.12882126E-08  0.37191018E-03 -0.32139378E-08
    3    2   -0.10736422E-03  0.26572166E-08 -0.59201938E-04  0.19435202E-08  0.19360083E-03  0.35037820E-08
    4    2   -0.20967066E-03 -0.30805569E-10  0.29166265E-03  0.21505585E-08 -0.15387904E-03  0.18982674E-08
    1    3    0.38915065E-03  0.13424937E-08 -0.13736069E-04 -0.26849947E-08 -0.15387662E-03  0.24537112E-08
    2    3   -0.16697387E-03  0.31989697E-08 -0.28920700E-03  0.15958429E-08  0.25781120E-03  0.53980104E-09
    3    3    0.86032148E-04 -0.14104489E-09 -0.82550237E-04  0.80490183E-10 -0.36998001E-03 -0.12526858E-08
    4    3   -0.28285117E-04 -0.28383515E-08 -0.48989980E-04  0.19487882E-08  0.37155733E-04 -0.38707121E-08
    1    4   -0.10718137E-03 -0.16774400E-08 -0.58924961E-04  0.18130092E-08  0.19359470E-03  0.36971629E-09
    2    4   -0.21002319E-03 -0.19129357E-08  0.29180049E-03  0.32466616E-08  0.28215087E-04 -0.24446476E-08
    3    4   -0.54578487E-04  0.23943407E-08 -0.11525218E-03 -0.17740409E-08 -0.49398882E-04 -0.27950964E-09
    4    4   -0.86032551E-04  0.22845113E-08  0.82550565E-04 -0.19815249E-08 -0.36998718E-03  0.45127901E-08

   -1    4    0
    1    1    0.81063141E-05 -0.16290657E-08 -0.20294123E-04  0.17841561E-08  0.36600523E-04 -0.21688197E-08
    2    1   -0.30574567E-03 -0.29458624E-11 -0.34270302E-03  0.19098300E-09  0.17115775E-03  0.72397058E-08
    3    1   -0.92707327E-04 -0.53588308E-09  0.14779910E-03 -0.14772778E-08 -0.14566539E-03 -0.26894521E-08
    4    1   -0.30883139E-03 -0.19234449E-08 -0.23389925E-03 -0.19952692E-08  0.32211487E-05 -0.33185658E-08
    1    2   -0.11683279E-03 -0.50409366E-09 -0.79238927E-04 -0.59706803E-09 -0.33568005E-04 -0.54658107E-08
    2    2   -0.81079875E-05 -0.13733026E-08  0.20296070E-04  0.15776835E-08  0.36591571E-04 -0.70185516E-08
    3    2    0.15665545E-04  0.17628017E-08 -0.36449567E-05  0.18850215E-08  0.74787990E-04 -0.71107286E-09
    4    2    0.25511948E-03  0.19578198E-08 -0.17282554E-03 -0.25946330E-08  0.40636772E-05  0.76829079E-08
    1    3   -0.92574579E-04 -0.22936987E-08  0.14774979E-03  0.82780045E-09  0.40610885E-05  0.23562110E-08
    2    3   -0.30867155E-03  0.11497663E-08 -0.23383549E-03  0.73978010E-09  0.32154692E-05  0.83821470E-09
    3    3    0.81036029E-05 -0.31085779E-09 -0.20317545E-04  0.16333889E-09 -0.34953726E-04 -0.70220284E-08
    4    3   -0.30593851E-03 -0.97460535E-09 -0.34269462E-03 -0.60714562E-09  0.21154971E-05 -0.17001734E-08
    1    4    0.15642880E-04  0.37491327E-08 -0.36210129E-05  0.20565429E-08  0.74782880E-04  0.98925355E-09
    2    4    0.25532461E-03  0.14232414E-08 -0.17294794E-03 -0.25420131E-08 -0.14566012E-03 -0.14549473E-08
    3    4   -0.11698967E-03 -0.17080679E-08 -0.79384808E-04 -0.11219768E-08  0.17477170E-03  0.19141076E-08
    4    4   -0.81028565E-05 -0.10869365E-08  0.20316748E-04  0.13066042E-08 -0.34958240E-04  0.61625745E-08

   -1    5    0
    1    1   -0.63224716E-04  0.16106048E-08  0.92824778E-04 -0.20375038E-08  0.87386490E-04  0.43354826E-08
    2    1   -0.31266509E-03  0.19391585E-08 -0.35718472E-03  0.84485939E-09 -0.38415206E-04  0.15068446E-08
    3    1    0.11439817E-03 -0.18297391E-08  0.39122592E-04 -0.58878911E-09  0.66037550E-04  0.24072061E-08
    4    1   -0.10963286E-05  0.12968666E-08  0.10921710E-03 -0.28153747E-09 -0.38088906E-04 -0.35184637E-08
    1    2   -0.40162974E-04 -0.19249947E-08  0.84304191E-04 -0.22369730E-08 -0.15160784E-03 -0.15435898E-08
    2    2    0.63226056E-04 -0.26948849E-09 -0.92826953E-04  0.27152855E-09  0.87380579E-04 -0.91291295E-08
    3    2   -0.23014220E-04  0.90226723E-09  0.49323749E-04  0.15890196E-08 -0.10017553E-03  0.45352709E-08
    4    2    0.63457009E-04 -0.16636716E-08  0.98478211E-04 -0.38980987E-09  0.79976710E-04  0.86874009E-08
    1    3    0.11436025E-03 -0.13226644E-08  0.39188730E-04 -0.14152419E-08  0.79973193E-04 -0.46925626E-08
    2    3   -0.12193129E-05 -0.35264514E-08  0.10942150E-03  0.22292067E-08 -0.38091254E-04  0.51455178E-08
    3    3   -0.63385784E-04  0.42291827E-09  0.93056980E-04 -0.51600583E-09 -0.86283136E-04 -0.64462267E-08
    4    3   -0.31302023E-03  0.12859396E-08 -0.35783916E-03 -0.29347066E-08 -0.25777610E-04  0.33429755E-08
    1    4   -0.22909782E-04  0.68685111E-09  0.49363911E-04  0.29719496E-08 -0.10018513E-03 -0.38705184E-08
    2    4    0.63355012E-04 -0.24239145E-09  0.98510720E-04  0.87453494E-10  0.66041783E-04 -0.38482996E-08
    3    4   -0.40187067E-04 -0.21321782E-10  0.84377025E-04 -0.12913333E-09 -0.11250322E-03  0.71507985E-09
    4    4    0.63385547E-04  0.86208427E-09 -0.93056690E-04 -0.14446330E-08 -0.86283933E-04  0.14036824E-08

    0   -5    0
    1    1    0.10720251E-04 -0.14942129E-17 -0.18568019E-04  0.25880314E-17  0.20904075E-03 -0.23176595E-18
    2    1   -0.41028277E-04  0.59760017E-09  0.10202091E-03  0.16868705E-08  0.36371770E-04  0.27004294E-08
    3    1    0.43208544E-04  0.74844154E-09 -0.74841644E-04  0.87167445E-09 -0.11884453E-04 -0.36105288E-08
    4    1    0.13812586E-03 -0.48122255E-08  0.34092782E-04 -0.36721087E-08  0.73702422E-04 -0.68865719E-08
    1    2    0.32517241E-04  0.17325737E-08 -0.87279363E-04 -0.27896613E-09  0.36371770E-04 -0.27004291E-08
    2    2   -0.10720131E-04  0.88461365E-16  0.18567812E-04 -0.25880400E-17  0.20901648E-03 -0.23176907E-18
    3    2   -0.13472411E-03 -0.15633920E-08 -0.39994995E-04  0.82043786E-09  0.73707785E-04 -0.72345896E-08
    4    2   -0.39504038E-04  0.24482960E-08  0.68433387E-04  0.39560356E-08 -0.11873185E-04  0.50901267E-08
    1    3    0.43231137E-04  0.18494986E-08 -0.74876274E-04 -0.10354129E-08 -0.11884453E-04  0.36105280E-08
    2    3    0.13814142E-03  0.23998827E-10  0.34076044E-04 -0.19290170E-08  0.73707785E-04  0.72345893E-08
    3    3    0.11031409E-04 -0.14946949E-17 -0.19106961E-04  0.25888674E-17 -0.20773159E-03  0.21760904E-15
    4    3   -0.40446149E-04  0.16572338E-08  0.10258440E-03  0.48529315E-08 -0.86627421E-04 -0.25058065E-08
    1    4   -0.13473061E-03 -0.57677967E-08 -0.39973520E-04 -0.20169978E-08  0.73702422E-04  0.68865715E-08
    2    4   -0.39532951E-04  0.28968509E-08  0.68462694E-04  0.31791158E-08 -0.11873185E-04 -0.50901266E-08
    3    4    0.31915326E-04  0.45397599E-08 -0.87808579E-04 -0.13975425E-09 -0.86627421E-04  0.25058069E-08
    4    4   -0.11032780E-04  0.88461848E-16  0.19109335E-04 -0.25888756E-17 -0.20772439E-03  0.21760904E-15

    0   -4    0
    1    1    0.10369542E-03  0.96299168E-10 -0.17960574E-03 -0.16680006E-09 -0.27139697E-03  0.19179259E-08
    2    1   -0.67840354E-04  0.11711767E-08  0.86541267E-04  0.28611426E-08  0.36366302E-04  0.10954278E-07
    3    1   -0.15319569E-03  0.15484653E-08 -0.15791113E-04 -0.18913714E-08 -0.18292013E-03 -0.22388456E-08
    4    1   -0.98584829E-04 -0.46944085E-08 -0.10257239E-03 -0.32688607E-08  0.73702217E-04 -0.79953248E-09
    1    2   -0.85444413E-03 -0.32968048E-08 -0.52089272E-03  0.14545927E-08 -0.22446905E-04 -0.12274848E-07
    2    2   -0.10369532E-03 -0.22773211E-08  0.17960556E-03  0.39444299E-08 -0.27141714E-03  0.13998205E-07
    3    2    0.10001084E-03  0.14945107E-08 -0.84783435E-04 -0.16168568E-08  0.20768130E-03 -0.24846951E-08
    4    2   -0.10790365E-03  0.42585428E-08 -0.11886603E-03 -0.61142077E-09 -0.18292020E-03  0.15643601E-08
    1    3   -0.15315132E-03  0.16212716E-08 -0.15726200E-04  0.11514791E-08 -0.18293016E-03  0.12128560E-08
    2    3   -0.98584242E-04  0.23931014E-08 -0.10259746E-03 -0.13883296E-08  0.73711662E-04 -0.38331798E-08
    3    3    0.10369430E-03  0.29607024E-09 -0.17960380E-03 -0.51281703E-09  0.27068014E-03  0.12729069E-07
    4    3   -0.68616560E-04 -0.34703814E-09  0.86322079E-04  0.65811070E-09 -0.86624172E-04  0.62599080E-09
    1    4    0.10009956E-03  0.21110476E-09 -0.84959394E-04 -0.25535355E-09  0.20768098E-03  0.61998935E-08
    2    4   -0.10789196E-03  0.27655746E-09 -0.11887902E-03 -0.14903535E-08 -0.18291576E-03 -0.10214532E-07
    3    4   -0.85503689E-03 -0.13895396E-08 -0.52095525E-03  0.18246681E-08  0.19764834E-03  0.41687194E-08
    4    4   -0.10369433E-03 -0.63303374E-09  0.17960385E-03  0.10964379E-08  0.27068385E-03 -0.36111867E-08

    0   -3    0
    1    1    0.31960082E-04  0.29082832E-09 -0.55356493E-04 -0.50372351E-09  0.22916005E-03  0.38591624E-08
    2    1   -0.79456545E-03 -0.16955089E-08 -0.43097974E-03  0.17307586E-08 -0.22451732E-04  0.13481182E-07
    3    1    0.37488610E-03  0.81725342E-09 -0.20225185E-04  0.22500329E-08 -0.30262449E-03 -0.18415976E-08
    4    1   -0.35369579E-04  0.23621713E-08  0.12660088E-03 -0.58613485E-09  0.20768082E-03 -0.59761627E-08
    1    2   -0.94445440E-03 -0.15325337E-08 -0.25011216E-03 -0.33304559E-09  0.23511680E-03 -0.11316849E-07
    2    2   -0.31959406E-04  0.75923943E-09  0.55355308E-04 -0.13150360E-08  0.22914768E-03  0.10043374E-07
    3    2   -0.38784734E-03 -0.23765991E-08 -0.17720999E-03 -0.12187393E-09  0.30114129E-04 -0.33845448E-08
    4    2    0.24332343E-03 -0.26220603E-08  0.33966504E-03 -0.14506358E-08 -0.30261922E-03 -0.28339797E-09
    1    3    0.37512555E-03  0.33693185E-08 -0.20120944E-04  0.27049801E-08 -0.30262554E-03 -0.40451551E-09
    2    3   -0.35488860E-04 -0.29250600E-08  0.12676992E-03  0.25940456E-09  0.20768654E-03 -0.27294226E-08
    3    3    0.32001614E-04  0.20436922E-08 -0.55428429E-04 -0.35397656E-08 -0.22837716E-03  0.30773979E-08
    4    3   -0.79486983E-03 -0.92347397E-09 -0.43140627E-03 -0.22505339E-08  0.19765122E-03 -0.26638869E-08
    1    4   -0.38808584E-03  0.73500510E-10 -0.17702467E-03  0.81420948E-09  0.30116109E-04  0.75516456E-08
    2    4    0.24340892E-03 -0.18157604E-08  0.33978321E-03 -0.20918885E-08 -0.30262663E-03 -0.68382074E-08
    3    4   -0.94467562E-03  0.25057058E-08 -0.25033157E-03 -0.64252282E-09  0.32517315E-03 -0.20410062E-09
    4    4   -0.32000384E-04  0.11431839E-08  0.55426283E-04 -0.19800410E-08 -0.22837229E-03 -0.51056408E-08

    0   -2    0
    1    1   -0.15068332E-02 -0.11614755E-08  0.26099117E-02  0.20117348E-08 -0.81952750E-03 -0.53190953E-08
    2    1   -0.51269433E-03  0.83353278E-09 -0.55004721E-03 -0.51138915E-09  0.23513528E-03  0.73533520E-08
    3    1    0.94991890E-03  0.15585327E-08 -0.63896917E-03  0.84581240E-09  0.48723526E-03  0.20924291E-08
    4    1   -0.27725032E-03  0.30351333E-08 -0.18539315E-03  0.30539885E-09  0.30110270E-04 -0.55724005E-08
    1    2    0.99305095E-03  0.24727173E-08  0.13045696E-02 -0.39152421E-09 -0.19714760E-03 -0.16236200E-07
    2    2    0.15068313E-02  0.66315706E-09 -0.26099083E-02 -0.11486224E-08 -0.81953108E-03  0.26751864E-08
    3    2   -0.80447647E-03  0.31838309E-08 -0.48716774E-03  0.19815596E-08 -0.74342507E-03 -0.11614396E-08
    4    2    0.18362499E-03 -0.16587688E-08  0.11642509E-02 -0.49539687E-08  0.48724227E-03  0.50083282E-08
    1    3    0.95031307E-03  0.42436591E-08 -0.63869685E-03  0.11593673E-08  0.48723893E-03  0.57205773E-08
    2    3   -0.27725707E-03 -0.48638393E-09 -0.18576808E-03 -0.54909167E-09  0.30112454E-04  0.13434113E-09
    3    3   -0.15068284E-02 -0.79389618E-09  0.26099033E-02  0.13750550E-08  0.82431806E-03  0.42263563E-08
    4    3   -0.51295237E-03 -0.17926729E-08 -0.55010387E-03  0.13137416E-08  0.32517107E-03 -0.41848082E-08
    1    4   -0.80465585E-03  0.22850415E-08 -0.48774980E-03  0.27646304E-08 -0.74342472E-03  0.84673714E-08
    2    4    0.18394292E-03 -0.11802186E-08  0.11644050E-02 -0.15910454E-08  0.48723504E-03 -0.13584399E-08
    3    4    0.99277438E-03 -0.20215664E-08  0.13048031E-02  0.91168985E-10 -0.95600574E-03  0.38553073E-09
    4    4    0.15068290E-02 -0.19521668E-08 -0.26099044E-02  0.33812385E-08  0.82431726E-03 -0.13756881E-08

    0   -1    0
    1    1   -0.10781749E-01  0.49780357E-08  0.18674369E-01 -0.86078007E-08  0.45288714E-03 -0.10337921E-07
    2    1    0.12189436E-02 -0.27518373E-10  0.75602026E-04  0.95834976E-09 -0.19712920E-03  0.70774566E-08
    3    1   -0.13641819E-02 -0.16353356E-08  0.28308863E-02  0.12099752E-08 -0.30972022E-03  0.68657534E-08
    4    1   -0.55387275E-03 -0.50775773E-09 -0.26113765E-03  0.43739206E-08 -0.74343422E-03 -0.42010910E-08
    1    2    0.61716316E-02  0.17298293E-09  0.54365695E-02  0.25777897E-11 -0.14054102E-02 -0.23508816E-07
    2    2    0.10781645E-01 -0.29358156E-08 -0.18674434E-01  0.50028652E-08  0.45286591E-03  0.12264404E-07
    3    2   -0.37725401E-04  0.30044936E-08  0.29710233E-04  0.14226654E-09  0.45618396E-02  0.23418101E-08
    4    2    0.17933912E-02 -0.76054011E-08 -0.24398889E-02 -0.11513807E-08 -0.30971912E-03  0.35719754E-08
    1    3   -0.13639405E-02 -0.72548041E-08  0.28310254E-02  0.32817654E-08 -0.30972695E-03 -0.55890452E-08
    2    3   -0.55455087E-03  0.22809277E-08 -0.26104961E-03  0.90348844E-09 -0.74342813E-03  0.21136716E-08
    3    3   -0.10784338E-01 -0.94539190E-09  0.18678854E-01  0.16706849E-08 -0.44792373E-03  0.74889094E-08
    4    3    0.12190512E-02  0.80569047E-09  0.75383991E-04 -0.50060363E-08 -0.95600715E-03 -0.91090788E-09
    1    4   -0.37635883E-04  0.30889777E-09  0.29881469E-04  0.14082556E-08  0.45618385E-02  0.54973312E-08
    2    4    0.17935972E-02  0.32927260E-09 -0.24397535E-02 -0.33479170E-08 -0.30972154E-03 -0.77465254E-08
    3    4    0.61729563E-02 -0.12165526E-08  0.54374693E-02  0.10778945E-08 -0.20102106E-02  0.26686324E-08
    4    4    0.10784231E-01  0.19968386E-08 -0.18678914E-01 -0.35558207E-08 -0.44793027E-03 -0.79487899E-08

    0    0    0
    1    1   -0.10658757E-07  0.00000000E+00  0.59272203E-08  0.00000000E+00 -0.10858959E-02  0.00000000E+00
    2    1    0.40011921E-02 -0.24312898E-09 -0.53426734E-08 -0.33639330E-08 -0.14054227E-02 -0.20052799E-07
    3    1   -0.30038109E-09 -0.24214580E-08 -0.19288727E-08 -0.57440345E-08  0.57658028E-03  0.21674350E-08
    4    1    0.31403656E-05 -0.58543873E-09  0.40085844E-08  0.19282464E-08  0.45618376E-02 -0.26892393E-08
    1    2    0.40011921E-02  0.24313169E-09 -0.53426715E-08  0.33639311E-08 -0.14054227E-02  0.20052799E-07
    2    2    0.14202816E+01  0.00000000E+00 -0.55562773E-08  0.00000000E+00 -0.10859329E-02  0.00000000E+00
    3    2    0.33465552E-05 -0.15324349E-08  0.13803955E-08 -0.10467451E-08  0.45618376E-02 -0.68635114E-08
    4    2    0.33374424E-04  0.38853628E-08 -0.10374002E-08 -0.75577726E-09  0.57657668E-03  0.88967385E-09
    1    3   -0.30038387E-09  0.24214560E-08 -0.19288680E-08  0.57440401E-08  0.57658028E-03 -0.21674343E-08
    2    3    0.33465552E-05  0.15324398E-08  0.13803915E-08  0.10467375E-08  0.45618376E-02  0.68635116E-08
    3    3    0.88129580E-08  0.00000000E+00 -0.98444146E-08  0.00000000E+00  0.35511184E+01  0.00000000E+00
    4    3    0.40019337E-02 -0.22722826E-09 -0.10050869E-08  0.46812573E-08 -0.20102106E-02  0.60921189E-09
    1    4    0.31403656E-05  0.58543822E-09  0.40085884E-08 -0.19282440E-08  0.45618376E-02  0.26892397E-08
    2    4    0.33374424E-04 -0.38853644E-08 -0.10373958E-08  0.75578102E-09  0.57657668E-03 -0.88967395E-09
    3    4    0.40019337E-02  0.22723089E-09 -0.10050854E-08 -0.46812593E-08 -0.20102106E-02 -0.60921223E-09
    4    4    0.14202816E+01  0.00000000E+00  0.16489238E-07  0.00000000E+00  0.35511183E+01  0.00000000E+00

    0    1    0
    1    1   -0.10781749E-01 -0.49780357E-08  0.18674369E-01  0.86078007E-08  0.45288714E-03  0.10337921E-07
    2    1   -0.20008031E-02  0.61107805E-10 -0.34654649E-02  0.55423205E-10 -0.14054102E-02  0.23508816E-07
    3    1   -0.17695278E-02  0.83287073E-08  0.25968599E-02 -0.33636412E-08 -0.30972695E-03  0.55890445E-08
    4    1   -0.15704345E-05 -0.11613456E-08 -0.27164543E-05 -0.18633102E-08  0.45618385E-02 -0.54973316E-08
    1    2   -0.25512631E-03  0.41435808E-09 -0.75841273E-04 -0.66195192E-09 -0.19712920E-03 -0.70774562E-08
    2    2    0.10781645E-01  0.29358156E-08 -0.18674434E-01 -0.50028652E-08  0.45286591E-03 -0.12264404E-07
    3    2    0.16547782E-03 -0.32938274E-08  0.12067668E-03 -0.14838403E-08 -0.74342813E-03 -0.21136719E-08
    4    2    0.16072082E-02  0.11341099E-09 -0.27834685E-02  0.37808080E-08 -0.30972154E-03  0.77465255E-08
    1    3   -0.17697683E-02  0.40919904E-09  0.25967205E-02 -0.18274293E-08 -0.30972022E-03 -0.68657541E-08
    2    3   -0.16713898E-05 -0.30682880E-08 -0.28958955E-05  0.26803525E-09  0.45618396E-02 -0.23418104E-08
    3    3   -0.10784338E-01  0.94539190E-09  0.18678854E-01 -0.16706849E-08 -0.44792373E-03 -0.74889094E-08
    4    3   -0.20011704E-02  0.18776354E-08 -0.34661095E-02 -0.83516072E-09 -0.20102106E-02 -0.26686320E-08
    1    4    0.16622565E-03  0.25665110E-08  0.12060001E-03 -0.37602585E-08 -0.74343422E-03  0.42010906E-08
    2    4    0.16069459E-02  0.79604876E-08 -0.27836236E-02  0.72678006E-09 -0.30971912E-03 -0.35719754E-08
    3    4   -0.25510259E-03 -0.19692739E-08 -0.75747959E-04  0.48294572E-08 -0.95600715E-03  0.91090824E-09
    4    4    0.10784231E-01 -0.19968386E-08 -0.18678914E-01  0.35558207E-08 -0.44793027E-03  0.79487899E-08

    0    2    0
    1    1   -0.15068332E-02  0.11614755E-08  0.26099117E-02 -0.20117348E-08 -0.81952750E-03  0.53190953E-08
    2    1   -0.67494094E-03  0.85062541E-10 -0.10178399E-02  0.15321271E-08 -0.19714760E-03  0.16236199E-07
    3    1    0.78407934E-04 -0.31871809E-08 -0.11421383E-02  0.24304095E-09  0.48723893E-03 -0.57205766E-08
    4    1    0.50309033E-03 -0.52819891E-08  0.34909718E-03 -0.38058611E-08 -0.74342472E-03 -0.84673710E-08
    1    2    0.36320198E-03 -0.11905269E-09  0.36810417E-03  0.13305338E-08  0.23513528E-03 -0.73533523E-08
    2    2    0.15068313E-02 -0.66315706E-09 -0.26099083E-02  0.11486224E-08 -0.81953108E-03 -0.26751864E-08
    3    2    0.17510203E-03 -0.22650645E-09  0.13408195E-03 -0.12542723E-08  0.30112454E-04 -0.13434087E-09
    4    2   -0.75825202E-03  0.15925533E-08  0.74757106E-03  0.23969689E-08  0.48723504E-03  0.13584398E-08
    1    3    0.77976526E-04 -0.25902215E-08 -0.11423387E-02 -0.98674771E-09  0.48723526E-03 -0.20924283E-08
    2    3    0.50335600E-03 -0.20072086E-08  0.34973364E-03 -0.58989448E-09 -0.74342507E-03  0.11614399E-08
    3    3   -0.15068284E-02  0.79389618E-09  0.26099033E-02 -0.13750550E-08  0.82431806E-03 -0.42263563E-08
    4    3   -0.67480123E-03  0.35322711E-09 -0.10180485E-02 -0.20917662E-08 -0.95600574E-03 -0.38553112E-09
    1    4    0.17514194E-03  0.45900517E-09  0.13448845E-03  0.27807165E-08  0.30110270E-04  0.55724009E-08
    2    4   -0.75874172E-03  0.12705686E-08  0.74727640E-03  0.60264746E-08  0.48724227E-03 -0.50083283E-08
    3    4    0.36334971E-03  0.42190349E-09  0.36814424E-03 -0.26784967E-08  0.32517107E-03  0.41848079E-08
    4    4    0.15068290E-02  0.19521668E-08 -0.26099044E-02 -0.33812385E-08  0.82431726E-03  0.13756881E-08

    0    3    0
    1    1    0.31960082E-04 -0.29082832E-09 -0.55356493E-04  0.50372351E-09  0.22916005E-03 -0.38591624E-08
    2    1    0.73270420E-03 -0.93714752E-09  0.16897890E-03 -0.67385375E-09  0.23511680E-03  0.11316850E-07
    3    1   -0.16992999E-03  0.25929644E-08 -0.33476755E-03  0.13674327E-08 -0.30262554E-03  0.40451475E-09
    4    1    0.29918375E-03 -0.54215654E-10  0.14740906E-03 -0.97630336E-09  0.30116109E-04 -0.75516460E-08
    1    2    0.61990050E-03  0.22699562E-09  0.35650610E-03 -0.16292304E-08 -0.22451732E-04 -0.13481182E-07
    2    2   -0.31959406E-04 -0.75923943E-09  0.55355308E-04  0.13150360E-08  0.22914768E-03 -0.10043374E-07
    3    2    0.96108590E-05  0.98869766E-09 -0.94439471E-04 -0.67332153E-10  0.20768654E-03  0.27294224E-08
    4    2   -0.30232534E-03  0.12811019E-08  0.53518290E-04  0.69971037E-09 -0.30262663E-03  0.68382075E-08
    1    3   -0.17013761E-03 -0.45868721E-09 -0.33493552E-03 -0.34533914E-08 -0.30262449E-03  0.18415968E-08
    2    3    0.29951055E-03 -0.28694340E-08  0.14723092E-03 -0.18212499E-08  0.30114129E-04  0.33845445E-08
    3    3    0.32001614E-04 -0.20436922E-08 -0.55428429E-04  0.35397656E-08 -0.22837716E-03 -0.30773979E-08
    4    3    0.73287601E-03  0.75827218E-09  0.16917849E-03  0.11707055E-08  0.32517315E-03  0.20410094E-09
    1    4    0.97523006E-05  0.38407614E-09 -0.94616298E-04 -0.74730594E-09  0.20768082E-03  0.59761623E-08
    2    4   -0.30265601E-03  0.25044959E-08  0.53383887E-04 -0.53181435E-09 -0.30261922E-03  0.28339806E-09
    3    4    0.62015816E-03 -0.20293413E-08  0.35686499E-03  0.81819566E-09  0.19765122E-03  0.26638872E-08
    4    4   -0.32000384E-04 -0.11431839E-08  0.55426283E-04  0.19800410E-08 -0.22837229E-03  0.51056408E-08

    0    4    0
    1    1    0.10369542E-03 -0.96299168E-10 -0.17960574E-03  0.16680006E-09 -0.27139697E-03 -0.19179259E-08
    2    1    0.77052245E-03 -0.18053979E-10  0.47262575E-03 -0.34310065E-08 -0.22446905E-04  0.12274848E-07
    3    1    0.90270608E-04  0.18246500E-08  0.12477578E-03  0.94462310E-09 -0.18293016E-03 -0.12128553E-08
    4    1   -0.91951473E-04 -0.13327672E-08  0.93931897E-04  0.11830092E-08  0.20768098E-03 -0.61998931E-08
    1    2    0.48226848E-04  0.27348905E-08 -0.66570567E-04 -0.53556897E-09  0.36366302E-04 -0.10954278E-07
    2    2   -0.10369532E-03  0.22773211E-08  0.17960556E-03 -0.39444299E-08 -0.27141714E-03 -0.13998205E-07
    3    2    0.92654040E-04  0.10488301E-08  0.90092023E-04  0.24578881E-08  0.73711662E-04  0.38331801E-08
    4    2    0.13860828E-03  0.61678918E-10  0.74258386E-05  0.37941353E-08 -0.18291576E-03  0.10214531E-07
    1    3    0.90193484E-04 -0.16116450E-08  0.12476870E-03 -0.42342794E-09 -0.18292013E-03  0.22388463E-08
    2    3   -0.92044241E-04 -0.16190394E-08  0.94118793E-04  0.11065617E-08  0.20768130E-03  0.24846954E-08
    3    3    0.10369430E-03 -0.29607024E-09 -0.17960380E-03  0.51281703E-09  0.27068014E-03 -0.12729069E-07
    4    3    0.77104545E-03  0.25220439E-09  0.47267556E-03 -0.69236402E-09  0.19764834E-03 -0.41687198E-08
    1    4    0.92680309E-04 -0.44065995E-08  0.90121135E-04 -0.27102292E-08  0.73702217E-04  0.79953286E-09
    2    4    0.13849729E-03  0.26572520E-08  0.73443243E-05  0.33322722E-08 -0.18292020E-03 -0.15643601E-08
    3    4    0.48892780E-04 -0.51927738E-09 -0.66332559E-04  0.11041845E-08 -0.86624172E-04 -0.62599117E-09
    4    4   -0.10369433E-03  0.63303374E-09  0.17960385E-03 -0.10964379E-08  0.27068385E-03  0.36111867E-08

    0    5    0
    1    1    0.10720251E-04  0.14942129E-17 -0.18568019E-04 -0.25880314E-17  0.20904075E-03  0.23176595E-18
    2    1   -0.41028277E-04  0.59760017E-09  0.10202091E-03  0.16868705E-08  0.36371770E-04  0.27004294E-08
    3    1    0.43208544E-04  0.74844154E-09 -0.74841644E-04  0.87167445E-09 -0.11884453E-04 -0.36105288E-08
    4    1    0.13812586E-03 -0.48122255E-08  0.34092782E-04 -0.36721087E-08  0.73702422E-04 -0.68865719E-08
    1    2    0.32517241E-04  0.17325737E-08 -0.87279363E-04 -0.27896613E-09  0.36371770E-04 -0.27004291E-08
    2    2   -0.10720131E-04 -0.88461365E-16  0.18567812E-04  0.25880400E-17  0.20901648E-03  0.23176907E-18
    3    2   -0.13472411E-03 -0.15633920E-08 -0.39994995E-04  0.82043786E-09  0.73707785E-04 -0.72345896E-08
    4    2   -0.39504038E-04  0.24482960E-08  0.68433387E-04  0.39560356E-08 -0.11873185E-04  0.50901267E-08
    1    3    0.43231137E-04  0.18494986E-08 -0.74876274E-04 -0.10354129E-08 -0.11884453E-04  0.36105280E-08
    2    3    0.13814142E-03  0.23998827E-10  0.34076044E-04 -0.19290170E-08  0.73707785E-04  0.72345893E-08
    3    3    0.11031409E-04  0.14946949E-17 -0.19106961E-04 -0.25888674E-17 -0.20773159E-03 -0.21760904E-15
    4    3   -0.40446149E-04  0.16572338E-08  0.10258440E-03  0.48529315E-08 -0.86627421E-04 -0.25058065E-08
    1    4   -0.13473061E-03 -0.57677967E-08 -0.39973520E-04 -0.20169978E-08  0.73702422E-04  0.68865715E-08
    2    4   -0.39532951E-04  0.28968509E-08  0.68462694E-04  0.31791158E-08 -0.11873185E-04 -0.50901266E-08
    3    4    0.31915326E-04  0.45397599E-08 -0.87808579E-04 -0.13975426E-09 -0.86627421E-04  0.25058069E-08
    4    4   -0.11032780E-04 -0.88461848E-16  0.19109335E-04  0.25888756E-17 -0.20772439E-03 -0.21760904E-15

    1   -5    0
    1    1   -0.63224716E-04 -0.16106048E-08  0.92824778E-04  0.20375038E-08  0.87386490E-04 -0.43354826E-08
    2    1    0.40974758E-04 -0.41895957E-08 -0.70972156E-04  0.88989019E-09 -0.15160784E-03  0.15435899E-08
    3    1   -0.77064230E-04 -0.79096446E-09 -0.10220485E-03 -0.19048248E-08  0.79973193E-04  0.46925633E-08
    4    1    0.25020024E-04  0.28857046E-08 -0.43335402E-04 -0.19448269E-08 -0.10018513E-03  0.38705181E-08
    1    2    0.33840206E-03  0.76334568E-11  0.34646813E-03  0.35498260E-08 -0.38415206E-04 -0.15068453E-08
    2    2    0.63226056E-04  0.26948849E-09 -0.92826953E-04 -0.27152855E-09  0.87380579E-04  0.91291295E-08
    3    2   -0.53524546E-05  0.61521783E-09 -0.91985821E-04 -0.21080421E-08 -0.38091254E-04 -0.51455169E-08
    4    2   -0.11674159E-03 -0.75912484E-09 -0.33878741E-04 -0.41058499E-09  0.66041783E-04  0.38482994E-08
    1    3   -0.76989883E-04 -0.14649457E-08 -0.10225156E-03 -0.14571958E-08  0.66037550E-04 -0.24072055E-08
    2    3    0.25022725E-04  0.26106261E-08 -0.43334031E-04 -0.15787456E-08 -0.10017553E-03 -0.45352710E-08
    3    3   -0.63385784E-04 -0.42291827E-09  0.93056980E-04  0.51600583E-09 -0.86283136E-04  0.64462267E-08
    4    3    0.41026674E-04 -0.79335966E-09 -0.71065617E-04  0.12518731E-08 -0.11250322E-03 -0.71507947E-09
    1    4   -0.52260887E-05  0.15735906E-08 -0.92198700E-04  0.60340906E-09 -0.38088906E-04  0.35184644E-08
    2    4   -0.11673914E-03 -0.22140106E-08 -0.33956839E-04 -0.12483798E-08  0.79976710E-04 -0.86874010E-08
    3    4    0.33882769E-03 -0.19680047E-08  0.34704235E-03  0.14838971E-08 -0.25777610E-04 -0.33429763E-08
    4    4    0.63385547E-04 -0.86208427E-09 -0.93056690E-04  0.14446330E-08 -0.86283933E-04 -0.14036824E-08

    1   -4    0
    1    1    0.81063141E-05  0.16290657E-08 -0.20294123E-04 -0.17841561E-08  0.36600523E-04  0.21688197E-08
    2    1    0.16201257E-03  0.19947545E-09  0.71360643E-04 -0.15876867E-08 -0.33568005E-04  0.54658106E-08
    3    1   -0.24362195E-03  0.51519823E-09  0.17534708E-03  0.16113109E-08  0.40610885E-05 -0.23562117E-08
    4    1   -0.24688369E-04  0.34427880E-08  0.61693785E-05  0.42189614E-08  0.74782880E-04 -0.98925327E-09
    1    2    0.37271796E-03  0.64124978E-09  0.35548569E-03 -0.33222407E-09  0.17115775E-03 -0.72397052E-08
    2    2   -0.81079875E-05  0.13733026E-08  0.20296070E-04 -0.15776835E-08  0.36591571E-04  0.70185516E-08
    3    2    0.37847751E-03  0.15686980E-10  0.25322910E-03  0.15753030E-08  0.32154692E-05 -0.83821554E-09
    4    2    0.45937132E-04 -0.42725513E-08 -0.17255127E-03  0.64854222E-09 -0.14566012E-03  0.14549474E-08
    1    3   -0.24378301E-03 -0.63526105E-09  0.17547263E-03  0.42854524E-10 -0.14566539E-03  0.26894516E-08
    2    3   -0.24660413E-04  0.23534220E-08  0.61410370E-05  0.48938387E-09  0.74787990E-04  0.71107306E-09
    3    3    0.81036029E-05  0.31085779E-09 -0.20317545E-04 -0.16333889E-09 -0.34953726E-04  0.70220284E-08
    4    3    0.16220222E-03 -0.23092224E-08  0.71516340E-04 -0.10440267E-08  0.17477170E-03 -0.19141079E-08
    1    4    0.37838950E-03 -0.25773808E-08  0.25319255E-03 -0.19866905E-08  0.32211487E-05  0.33185651E-08
    2    4    0.45840815E-04 -0.24144401E-08 -0.17246133E-03 -0.34098756E-10  0.40636772E-05 -0.76829079E-08
    3    4    0.37293721E-03 -0.18224876E-08  0.35551544E-03 -0.26169372E-09  0.21154971E-05  0.17001743E-08
    4    4   -0.81028565E-05  0.10869365E-08  0.20316748E-04 -0.13066042E-08 -0.34958240E-04 -0.61625745E-08

    1   -3    0
    1    1    0.86373687E-04 -0.40663166E-09 -0.82856015E-04  0.38693003E-09  0.37190548E-03 -0.77408125E-08
    2    1    0.68557661E-04  0.69366405E-09  0.12650646E-03  0.18112457E-09 -0.32864175E-03  0.41162917E-08
    3    1    0.12638780E-03  0.11000032E-08 -0.32450933E-03  0.23815510E-08 -0.15387662E-03 -0.24537105E-08
    4    1    0.17517447E-03 -0.18969930E-08  0.67989225E-04 -0.11511344E-08  0.19359470E-03 -0.36971657E-09
    1    2   -0.36811975E-05 -0.19345067E-09  0.76719626E-04 -0.18205154E-08 -0.54304213E-03 -0.13642313E-07
    2    2   -0.86373249E-04 -0.15027360E-08  0.82855588E-04  0.12882126E-08  0.37191018E-03  0.32139378E-08
    3    2    0.23328151E-03 -0.26693561E-09  0.31528065E-03  0.26903229E-08  0.25781120E-03 -0.53980019E-09
    4    2   -0.38367722E-03  0.21175956E-08  0.20911296E-04 -0.54677273E-08  0.28215087E-04  0.24446474E-08
    1    3    0.12669495E-03  0.44697929E-08 -0.32466577E-03  0.29920082E-08  0.28216604E-04  0.64182401E-08
    2    3    0.17505294E-03 -0.13247314E-08  0.67745597E-04  0.13375554E-08  0.19360083E-03 -0.35037822E-08
    3    3    0.86032148E-04  0.14104489E-09 -0.82550237E-04 -0.80490183E-10 -0.36998001E-03  0.12526858E-08
    4    3    0.68832817E-04  0.65069539E-09  0.12677701E-03  0.10447343E-08 -0.49398882E-04  0.27950997E-09
    1    4    0.23317573E-03 -0.49331728E-10  0.31499752E-03 -0.16605244E-09  0.25782406E-03  0.61165182E-08
    2    4   -0.38343837E-03  0.22352581E-08  0.20856436E-04 -0.73176479E-09 -0.15387904E-03 -0.18982674E-08
    3    4   -0.29784200E-05  0.24588885E-08  0.77682249E-04 -0.14856431E-08  0.37155733E-04  0.38707113E-08
    4    4   -0.86032551E-04 -0.22845113E-08  0.82550565E-04  0.19815249E-08 -0.36998718E-03 -0.45127901E-08

    1   -2    0
    1    1   -0.37085982E-06 -0.10220084E-08 -0.65253864E-06  0.60646495E-09  0.23233560E-03  0.27051924E-08
    2    1    0.28141869E-03  0.28702536E-09  0.53148937E-03 -0.13905710E-08 -0.22984838E-04  0.46357424E-08
    3    1    0.30451025E-03 -0.77535449E-09  0.52743483E-03 -0.13074455E-09 -0.14940229E-02  0.28022556E-08
    4    1    0.85904529E-04 -0.78827326E-09  0.45564900E-04 -0.73363609E-11  0.11477235E-03 -0.40443584E-08
    1    2    0.87380061E-03 -0.54094127E-09  0.13804149E-02  0.10880205E-08 -0.19713070E-03 -0.19285282E-08
    2    2    0.37312342E-06  0.20539145E-08  0.65123440E-06 -0.11745662E-08  0.23234084E-03 -0.42423997E-08
    3    2   -0.15492294E-03  0.38665345E-09 -0.60784161E-03 -0.16403802E-08 -0.74343003E-03 -0.67319970E-09
    4    2   -0.67388381E-03 -0.55089001E-08 -0.11963472E-02 -0.93419801E-09  0.74257748E-03  0.34383019E-08
    1    3    0.30476614E-03  0.33427188E-10  0.52787451E-03  0.29407460E-08  0.74257751E-03  0.12959708E-08
    2    3    0.85697018E-04 -0.17736193E-08  0.45357725E-04  0.11216322E-09  0.11478058E-03 -0.34389642E-08
    3    3   -0.37378196E-06  0.62876967E-09 -0.65747465E-06 -0.37207044E-09 -0.22888971E-03  0.26214353E-08
    4    3    0.28168917E-03  0.10331540E-08  0.53188822E-03 -0.14018415E-08 -0.21276236E-03 -0.99529730E-09
    1    4   -0.15526652E-03  0.21895586E-09 -0.60834506E-03 -0.46127921E-08 -0.74342972E-03 -0.38820331E-08
    2    4   -0.67388469E-03 -0.30754366E-08 -0.11961825E-02  0.98989195E-09 -0.14940295E-02 -0.18682848E-08
    3    4    0.87411192E-03 -0.15792829E-08  0.13805611E-02  0.14859267E-08 -0.95600395E-03  0.22165083E-09
    4    4    0.37699541E-06  0.41346651E-08  0.65563764E-06 -0.23829891E-08 -0.22889761E-03 -0.40287824E-08

    1   -1    0
    1    1    0.21563352E-01 -0.31977718E-08  0.99454398E-10 -0.52170356E-11  0.45287538E-03 -0.22440561E-08
    2    1    0.43301042E-03 -0.32992706E-08  0.74997299E-03  0.10678186E-08 -0.23232486E-03  0.53780689E-08
    3    1    0.31337108E-02  0.53289563E-08  0.23402848E-03  0.49818864E-09 -0.30971905E-03 -0.29446464E-08
    4    1    0.18150582E-03 -0.11711190E-09  0.31437907E-03 -0.45947565E-09  0.16213704E-02 -0.30779941E-08
    1    2   -0.60512722E-03  0.77751975E-08  0.16832642E-03  0.40292840E-08 -0.23229462E-03 -0.14452421E-08
    2    2   -0.21563356E-01  0.14418451E-08 -0.71853573E-10  0.18930927E-10  0.45287026E-03 -0.29598378E-08
    3    2   -0.14337160E-03 -0.74337256E-09  0.13233147E-03 -0.41468833E-08  0.16213655E-02 -0.52679742E-08
    4    2   -0.27672235E-02 -0.36507760E-08  0.34358375E-03 -0.19068527E-09 -0.30972462E-03  0.17250867E-08
    1    3    0.31337108E-02  0.13509751E-08  0.23430243E-03 -0.16310340E-08 -0.30972603E-03 -0.53920455E-08
    2    3    0.18155909E-03  0.13984221E-08  0.31446515E-03 -0.52229727E-09  0.16213704E-02  0.47323702E-08
    3    3    0.21568517E-01 -0.26058993E-08 -0.27546438E-10  0.47964545E-10 -0.44791639E-03 -0.12965804E-07
    4    3    0.43315997E-03  0.32582242E-09  0.75022782E-03 -0.63283786E-09 -0.63125672E-03 -0.23719343E-08
    1    4   -0.14341826E-03 -0.31670884E-08  0.13241637E-03 -0.70409803E-08  0.16213683E-02 -0.33691938E-08
    2    4   -0.27672389E-02  0.68182489E-09  0.34386328E-03  0.43307145E-08 -0.30972493E-03  0.63353556E-08
    3    4   -0.60541231E-03 -0.92148077E-10  0.16834089E-03  0.31703365E-10 -0.63125943E-03 -0.20571445E-08
    4    4   -0.21568525E-01  0.46445449E-08  0.44204985E-10  0.43625980E-10 -0.44792308E-03  0.11347391E-07

    1    0    0
    1    1   -0.10781747E-01 -0.21815585E-08 -0.18674365E-01 -0.35543668E-08  0.45288020E-03 -0.18032903E-08
    2    1   -0.20008039E-02  0.86597196E-09  0.34654639E-02  0.39998097E-09 -0.14054074E-02 -0.10017437E-07
    3    1   -0.17695312E-02 -0.78909086E-09 -0.25968650E-02  0.23542558E-08 -0.30972129E-03 -0.19485770E-08
    4    1   -0.15696723E-05 -0.26370860E-08  0.27188343E-05  0.37307081E-08  0.45618298E-02  0.12778970E-08
    1    2   -0.25512856E-03 -0.12794359E-08  0.75836786E-04 -0.35303821E-08 -0.19711536E-03 -0.70793414E-08
    2    2    0.10781647E-01 -0.43772933E-08  0.18674438E-01 -0.76632579E-08  0.45288679E-03 -0.11011603E-07
    3    2    0.16547511E-03  0.49270950E-08 -0.12067871E-03  0.12106851E-08 -0.74343144E-03  0.97037830E-09
    4    2    0.16072053E-02  0.56917745E-08  0.27834733E-02 -0.35792904E-08 -0.30972948E-03  0.11508109E-07
    1    3   -0.17697642E-02 -0.36905711E-08 -0.25967202E-02  0.35974996E-08 -0.30972460E-03 -0.17194588E-08
    2    3   -0.16782801E-05  0.20822844E-10  0.29027066E-05  0.96249034E-10  0.45618367E-02  0.36233492E-08
    3    3   -0.10784333E-01 -0.38629265E-09 -0.18678846E-01 -0.86486193E-09 -0.44789560E-03 -0.71643687E-08
    4    3   -0.20011683E-02  0.38479341E-08  0.34661097E-02  0.22287726E-08 -0.20102192E-02  0.16988726E-09
    1    4    0.16622567E-03  0.43173112E-09 -0.12059706E-03 -0.14424437E-08 -0.74343152E-03  0.27565677E-08
    2    4    0.16069514E-02  0.90924794E-08  0.27836131E-02  0.44615161E-08 -0.30972459E-03 -0.12782886E-08
    3    4   -0.25510083E-03  0.17343277E-08  0.75753171E-04  0.48138049E-08 -0.95600497E-03  0.88260971E-09
    4    4    0.10784228E-01 -0.94717175E-09  0.18678908E-01 -0.17770866E-08 -0.44793024E-03  0.48439894E-08

    1    1    0
    1    1    0.75053185E-06  0.24905632E-10 -0.24723955E-08  0.22105690E-08  0.23234658E-03  0.30734102E-08
    2    1   -0.86598386E-03 -0.21792974E-09  0.10653999E-08  0.20467492E-08 -0.23232247E-03  0.69205609E-08
    3    1   -0.60902429E-03 -0.30113848E-08  0.38521250E-08 -0.15414899E-08 -0.14940264E-02 -0.86993988E-09
    4    1   -0.36301599E-03 -0.47304380E-08  0.45325741E-09 -0.16582314E-09  0.16213714E-02 -0.48067302E-09
    1    2   -0.31721999E-04 -0.13018224E-08  0.48410843E-08 -0.29199043E-09 -0.54301988E-03 -0.19039551E-08
    2    2   -0.75054822E-06  0.10639213E-10  0.54867601E-08  0.93675059E-09  0.23233473E-03  0.33908585E-10
    3    2   -0.18169351E-03  0.27509429E-09 -0.28127747E-08  0.24641133E-09  0.25781396E-03 -0.10903902E-08
    4    2    0.13025255E-02  0.18943309E-08 -0.84583431E-09  0.68410995E-09  0.74257074E-03  0.44156734E-08
    1    3   -0.60952850E-03 -0.50071043E-08  0.31730161E-08  0.37006281E-08  0.74257099E-03  0.33793331E-09
    2    3   -0.36311271E-03 -0.57059657E-08 -0.17811477E-08  0.23815876E-08  0.16213772E-02  0.35664322E-08
    3    3    0.75629703E-06  0.39322330E-11 -0.70449907E-08 -0.54736141E-08 -0.22888894E-03 -0.11894716E-07
    4    3   -0.86627979E-03  0.98453369E-09 -0.10972833E-08 -0.13550250E-09 -0.63125449E-03  0.12967510E-08
    1    4   -0.18124076E-03  0.26031510E-08 -0.21578956E-08  0.31968843E-08  0.25781161E-03  0.14823612E-09
    2    4    0.13021615E-02  0.17421053E-08 -0.52828065E-08  0.39680068E-08 -0.14940205E-02 -0.44490256E-08
    3    4   -0.32275760E-04 -0.33632159E-10  0.65262458E-09 -0.35116692E-08  0.37154974E-04  0.21204333E-08
    4    4   -0.75629203E-06  0.19738040E-10  0.61112650E-09 -0.34602301E-08 -0.22887335E-03 -0.81961073E-10

    1    2    0
    1    1    0.28569466E-04  0.48948771E-09 -0.11623440E-03 -0.26168605E-08  0.37191394E-03  0.65375927E-08
    2    1   -0.60099253E-03 -0.10353273E-09  0.22028581E-04 -0.57106835E-09 -0.22992174E-04  0.10701906E-07
    3    1    0.21783686E-03 -0.20642804E-08 -0.27170160E-03  0.11784864E-08 -0.15387608E-03 -0.59176013E-08
    4    1   -0.82410645E-04  0.59364554E-10 -0.51609131E-04 -0.10267469E-08  0.11477260E-03 -0.75096497E-09
    1    2   -0.32771730E-03  0.25723131E-09 -0.74647787E-04 -0.95586013E-09  0.17115501E-03 -0.44246521E-08
    2    2   -0.28569093E-04  0.84123022E-10  0.11623263E-03 -0.31679996E-09  0.37189914E-03 -0.36486659E-08
    3    2   -0.26340490E-03 -0.16412486E-10 -0.11130272E-03 -0.18326957E-08  0.32228823E-05 -0.25206326E-08
    4    2    0.11810506E-03  0.30761735E-08  0.36391622E-03  0.65828136E-09  0.28214982E-04  0.50153743E-08
    1    3    0.21782706E-03 -0.10564832E-08 -0.27205928E-03 -0.12555755E-08  0.28210688E-04 -0.11457715E-08
    2    3   -0.82130612E-04  0.11646234E-08 -0.51536017E-04 -0.49486810E-08  0.11478140E-03  0.88985799E-09
    3    3    0.28473835E-04 -0.42148811E-09 -0.11577824E-03  0.18992285E-08 -0.36998522E-03  0.36427171E-08
    4    3   -0.60147599E-03  0.12562909E-08  0.21992732E-04  0.39864229E-08 -0.21275816E-03 -0.22407248E-08
    1    4   -0.26319581E-03 -0.87260161E-09 -0.11117458E-03 -0.40335242E-08  0.32165218E-05  0.85334535E-08
    2    4    0.11796294E-03  0.38060315E-08  0.36359334E-03  0.20970472E-09 -0.15387390E-03 -0.45379395E-08
    3    4   -0.32778747E-03  0.24049826E-09 -0.74761864E-04  0.37168920E-08  0.21132231E-05 -0.58004375E-09
    4    4   -0.28474034E-04  0.19942298E-09  0.11577890E-03 -0.12697929E-08 -0.36996823E-03 -0.23273218E-08

    1    3    0
    1    1    0.13523096E-04  0.74520317E-10 -0.17170172E-04 -0.13900195E-09  0.36604581E-04 -0.49049506E-08
    2    1   -0.14383505E-03 -0.11900550E-08  0.38749631E-05 -0.85241085E-09 -0.32863790E-03  0.14540764E-07
    3    1   -0.30047403E-04  0.53899385E-09  0.29865470E-03 -0.10701768E-08  0.40549475E-05 -0.42883557E-08
    4    1   -0.14646525E-03 -0.15112762E-08 -0.11770633E-03 -0.58131191E-09  0.19359287E-03 -0.11804865E-07
    1    2   -0.40011252E-03 -0.64311010E-09 -0.86711276E-04 -0.10253515E-08 -0.38430416E-04 -0.13835078E-07
    2    2   -0.13522174E-04 -0.50438262E-10  0.17167328E-04  0.37257635E-10  0.36591623E-04 -0.10790252E-07
    3    2    0.74707611E-04 -0.23316071E-08 -0.35424807E-04 -0.11211009E-09 -0.38078287E-04  0.38106823E-08
    4    2    0.73351277E-04  0.28481145E-08 -0.20125041E-03  0.53303709E-08 -0.14565555E-03  0.10012250E-07
    1    3   -0.30077516E-04 -0.25718113E-08  0.29885841E-03  0.34632279E-08 -0.14566206E-03  0.57216856E-08
    2    3   -0.14619909E-03  0.76866228E-10 -0.11773198E-03  0.64009290E-09  0.19360153E-03  0.32503396E-08
    3    3    0.13543083E-04 -0.20434414E-09 -0.17174722E-04  0.55087086E-09 -0.34974583E-04 -0.50766670E-08
    4    3   -0.14421216E-03  0.22968842E-08  0.37846787E-05 -0.23062354E-08 -0.49400859E-04 -0.23429501E-08
    1    4    0.74836565E-04 -0.97077438E-09 -0.35647414E-04 -0.10378767E-08 -0.38083146E-04  0.39202227E-08
    2    4    0.73392319E-04  0.38874623E-08 -0.20106661E-03 -0.13369784E-08  0.40613026E-05 -0.51623000E-08
    3    4   -0.40072450E-03  0.30246602E-08 -0.86749387E-04  0.24065769E-08 -0.25773126E-04  0.14454350E-08
    4    4   -0.13542868E-04  0.16761093E-09  0.17174266E-04 -0.36978604E-09 -0.34959293E-04  0.27847242E-08

    1    4    0
    1    1   -0.48775976E-04 -0.74853918E-09  0.10116592E-03  0.13765640E-08  0.87396323E-04 -0.89858459E-08
    2    1   -0.14280607E-03 -0.43693708E-08 -0.10462898E-03  0.18229248E-08 -0.33565206E-04  0.65822391E-08
    3    1    0.12704061E-03  0.12849740E-09  0.15635839E-04 -0.23964750E-09  0.79967190E-04 -0.14668464E-08
    4    1    0.69985449E-05  0.74255380E-09  0.24464817E-04 -0.25321231E-08  0.74780206E-04 -0.56722172E-08
    1    2   -0.73509043E-05  0.21937099E-09  0.13488828E-04 -0.31027772E-08 -0.21582332E-04 -0.15809175E-08
    2    2    0.48777742E-04  0.94998637E-10 -0.10116970E-03 -0.16047579E-09  0.87380248E-04 -0.74249256E-08
    3    2   -0.52856862E-04 -0.28282890E-08  0.82122674E-04  0.18885477E-08 -0.63022863E-04 -0.53063730E-08
    4    2    0.81974073E-04  0.21155779E-08  0.78251048E-04  0.50220034E-09  0.66043459E-04  0.37906235E-08
    1    3    0.12704544E-03  0.16883121E-10  0.15547741E-04  0.74245204E-09  0.66038977E-04  0.89465631E-08
    2    3    0.70133016E-05  0.62629062E-09  0.24429718E-04 -0.11305074E-09  0.74788914E-04  0.32929523E-08
    3    3   -0.48896132E-04  0.13128336E-08  0.10142069E-03 -0.28559915E-08 -0.86292785E-04 -0.22650939E-08
    4    3   -0.14303338E-03  0.14811398E-08 -0.10471400E-03  0.11877950E-08  0.17477114E-03 -0.24129070E-08
    1    4   -0.52937177E-04 -0.17702247E-08  0.82350637E-04  0.40030135E-08 -0.63025041E-04  0.25759233E-08
    2    4    0.81979448E-04  0.78913975E-10  0.78166854E-04 -0.12582431E-08  0.79972594E-04 -0.15740807E-08
    3    4   -0.73581152E-05  0.36953580E-08  0.13497108E-04 -0.33621024E-08  0.19004903E-03  0.26338765E-08
    4    4    0.48896585E-04 -0.31472841E-09 -0.10142207E-03  0.71478668E-09 -0.86284508E-04 -0.51227861E-08

    2   -5    0
    1    1    0.14716493E-04  0.12147318E-08 -0.56506353E-05 -0.14979739E-08  0.11323628E-03 -0.22428323E-08
    2    1   -0.13305598E-03 -0.27192769E-08 -0.65402064E-04 -0.35204809E-09 -0.54076593E-05 -0.23127868E-08
    3    1   -0.19559911E-04  0.94096410E-09  0.13917233E-03  0.32983961E-08  0.11266708E-03  0.47210907E-08
    4    1   -0.41929355E-04  0.15930585E-08 -0.10766279E-04 -0.25017673E-09  0.67952505E-04 -0.43969664E-08
    1    2    0.45794208E-04  0.13000753E-09  0.87450332E-04 -0.35718421E-09 -0.26161468E-03  0.26378370E-08
    2    2   -0.14716736E-04  0.98489497E-09  0.56507428E-05 -0.86048431E-09  0.11325024E-03  0.15805369E-08
    3    2   -0.78672708E-04  0.60625560E-10 -0.12611752E-03  0.38134137E-09 -0.40725867E-04 -0.72126169E-08
    4    2    0.12133032E-03 -0.27976521E-08 -0.20163558E-04  0.16154620E-08  0.80765054E-04  0.10260273E-08
    1    3   -0.19661921E-04 -0.18012337E-09  0.13938183E-03 -0.75125200E-09  0.80771463E-04  0.85992197E-09
    2    3   -0.41957422E-04 -0.10900816E-09 -0.10754701E-04 -0.66973799E-09  0.67950326E-04  0.51981638E-08
    3    3    0.15065932E-04  0.10033522E-08 -0.59639521E-05 -0.43812031E-09 -0.11224268E-03  0.69635664E-08
    4    3   -0.13305465E-03  0.17028864E-08 -0.65442850E-04  0.12571347E-08  0.32181264E-04  0.10635827E-08
    1    4   -0.78676460E-04 -0.14556850E-08 -0.12607323E-03 -0.17132419E-09 -0.40719878E-04 -0.29508637E-08
    2    4    0.12127958E-03  0.42030555E-09 -0.20082331E-04  0.19841653E-08  0.11266210E-03 -0.13680264E-08
    3    4    0.45068363E-04  0.67695382E-09  0.86469649E-04 -0.47271870E-09 -0.13126529E-04  0.46425224E-09
    4    4   -0.15064614E-04  0.23435826E-08  0.59627104E-05 -0.20673779E-08 -0.11224469E-03 -0.83062310E-09

    2   -4    0
    1    1    0.12955656E-05 -0.20767238E-08  0.22457562E-05  0.12528254E-08 -0.24510522E-03 -0.84931361E-09
    2    1    0.16235513E-03 -0.28256219E-08  0.11215730E-03 -0.20550925E-08  0.11843968E-03  0.85184251E-09
    3    1    0.79153748E-04 -0.64308303E-09  0.13709395E-03 -0.20969317E-08 -0.10021400E-03 -0.39272702E-09
    4    1   -0.40561222E-04 -0.19019438E-08 -0.19885575E-04 -0.17905623E-08 -0.50421189E-04  0.28564574E-08
    1    2    0.19324454E-03 -0.27214282E-08  0.43012967E-03  0.17243578E-09  0.17116029E-03 -0.62968938E-08
    2    2   -0.12973252E-05 -0.27734954E-09 -0.22448637E-05  0.18220967E-09 -0.24510639E-03 -0.12599630E-08
    3    2    0.74321699E-04  0.26106122E-08  0.36453656E-03  0.14661086E-08  0.32136015E-05 -0.50237090E-08
    4    2    0.82228025E-04  0.16591854E-08  0.12296226E-03 -0.20670522E-08 -0.73474503E-04  0.38949495E-08
    1    3    0.79192962E-04 -0.49165451E-09  0.13716786E-03  0.33708769E-09 -0.73468835E-04  0.51195378E-09
    2    3   -0.40514416E-04 -0.23624189E-08 -0.19958589E-04 -0.40037389E-09 -0.50421190E-04 -0.38209468E-09
    3    3    0.13074396E-05 -0.86445354E-09  0.22581574E-05  0.56233681E-09  0.24559664E-03  0.70407052E-08
    4    3    0.16237578E-03  0.27434604E-08  0.11224429E-03  0.19051493E-08 -0.26610214E-05 -0.51983080E-09
    1    4    0.74379620E-04  0.13980294E-08  0.36437184E-03 -0.20652585E-08  0.32188731E-05  0.59530844E-08
    2    4    0.82299774E-04  0.33717497E-08  0.12310715E-03 -0.81853755E-09 -0.10021401E-03  0.79815537E-09
    3    4    0.19308346E-03 -0.14660780E-08  0.43026998E-03  0.23933238E-08  0.21139560E-05 -0.31363896E-09
    4    4   -0.13070736E-05 -0.18949922E-08 -0.22586104E-05  0.12247257E-08  0.24559027E-03  0.18244362E-08

    2   -3    0
    1    1   -0.11494650E-03 -0.21223884E-08  0.33375192E-04  0.76975289E-09  0.37190499E-03  0.12717568E-07
    2    1    0.25658822E-03  0.31541491E-08  0.44443025E-03 -0.16812535E-08 -0.11059863E-03  0.52308934E-08
    3    1   -0.34422366E-03 -0.11974381E-08 -0.52804354E-04 -0.69118850E-09 -0.15386866E-03 -0.28217377E-08
    4    1   -0.51055006E-04 -0.20764752E-08 -0.88428963E-04  0.36666626E-08  0.12590432E-03 -0.22884901E-08
    1    2    0.23215756E-03 -0.74625018E-09 -0.61820971E-03  0.17616745E-08  0.23512288E-03 -0.91605508E-08
    2    2    0.11494963E-03 -0.32500662E-09 -0.33376275E-04  0.28894669E-10  0.37192184E-03  0.37688038E-08
    3    2   -0.81102844E-05  0.21041677E-08 -0.31129675E-03 -0.28599834E-08  0.30111386E-04  0.61606929E-09
    4    2    0.12786974E-03 -0.53381912E-10 -0.34300496E-03 -0.30751476E-08  0.28209112E-04  0.64504682E-08
    1    3   -0.34452219E-03  0.36097005E-08 -0.52613769E-04  0.90079175E-09  0.28213135E-04 -0.33762238E-08
    2    3   -0.51075305E-04 -0.37360013E-08 -0.88464948E-04  0.74419885E-09  0.12590581E-03 -0.63280193E-09
    3    3   -0.11450437E-03  0.26518716E-09  0.33230171E-04 -0.64399504E-10 -0.36998364E-03 -0.51441534E-09
    4    3    0.25638986E-03  0.10457399E-08  0.44407945E-03 -0.15615028E-08 -0.14665145E-03 -0.25633083E-08
    1    4   -0.77985560E-05 -0.96948667E-09 -0.31151000E-03 -0.25755676E-08  0.30112179E-04  0.25209223E-09
    2    4    0.12772665E-03 -0.13405599E-08 -0.34273229E-03 -0.14926668E-08 -0.15387457E-03 -0.74241134E-08
    3    4    0.23202634E-03  0.57862879E-09 -0.61847589E-03  0.21926227E-08  0.32517081E-03 -0.21044589E-09
    4    4    0.11450665E-03  0.67116825E-09 -0.33230911E-04 -0.25865936E-09 -0.36997681E-03  0.21204071E-08

    2   -2    0
    1    1    0.30136601E-02  0.10551644E-08  0.24896026E-14 -0.21950774E-14 -0.81952691E-03  0.94229438E-08
    2    1    0.31957376E-03  0.31589018E-09  0.50945775E-03  0.12651407E-08 -0.22993158E-04  0.27978174E-08
    3    1   -0.10283215E-02  0.25900303E-08  0.50316642E-03  0.26489138E-08  0.48724122E-03 -0.32706726E-08
    4    1   -0.34881340E-05  0.20056923E-08  0.97173191E-04  0.10415251E-08  0.11477551E-03 -0.91011842E-08
    1    2   -0.30456581E-03  0.11745653E-08  0.35307095E-03  0.24723269E-08 -0.22979070E-04 -0.25749135E-08
    2    2   -0.30136553E-02 -0.39218316E-08  0.21952926E-14 -0.25742639E-14 -0.81952569E-03 -0.28830599E-08
    3    2    0.43124201E-04 -0.19573859E-08  0.10888317E-03 -0.13001714E-08  0.11477261E-03 -0.75338591E-08
    4    2    0.10123908E-02 -0.33310235E-09  0.41668371E-03 -0.28455901E-08  0.48723722E-03  0.58581043E-08
    1    3   -0.10282762E-02 -0.29510946E-08  0.50364024E-03  0.11742288E-08  0.48723309E-03 -0.18508328E-08
    2    3   -0.35699223E-05  0.31509382E-08  0.96894611E-04  0.96562444E-09  0.11477708E-03  0.74215855E-08
    3    3    0.30136507E-02 -0.13590665E-09  0.13187761E-14  0.49452477E-14  0.82431909E-03  0.47054732E-08
    4    3    0.31978351E-03  0.10780710E-08  0.50989295E-03 -0.14878867E-09 -0.21276386E-03 -0.11355594E-08
    1    4    0.43223651E-04  0.39759757E-09  0.10859241E-03 -0.70290007E-09  0.11476984E-03  0.10653155E-08
    2    4    0.10123110E-02  0.16895602E-08  0.41712542E-03 -0.17877645E-08  0.48723494E-03  0.25924118E-08
    3    4   -0.30464892E-03  0.39497384E-09  0.35343359E-03 -0.11791583E-08 -0.21276126E-03  0.14169601E-08
    4    4   -0.30136536E-02 -0.28187265E-08  0.21475877E-14  0.43832783E-14  0.82432436E-03  0.10108744E-07

    2   -1    0
    1    1   -0.37599187E-06 -0.13459062E-08  0.64957883E-06 -0.76386472E-09  0.23233691E-03  0.96660042E-08
    2    1   -0.54400534E-03  0.20962733E-08  0.10934339E-02  0.16667073E-08 -0.19712730E-03  0.28078722E-09
    3    1    0.70535235E-03 -0.17399426E-08 -0.12216990E-02 -0.29783090E-08  0.74257827E-03  0.17414690E-08
    4    1    0.50781584E-04  0.16065546E-09 -0.61023885E-03  0.25500743E-08 -0.74342900E-03 -0.66754944E-08
    1    2   -0.25655617E-03 -0.29188138E-08  0.36729281E-03 -0.24588685E-08 -0.22977527E-04 -0.10009196E-07
    2    2    0.37602224E-06  0.46020238E-08 -0.64953176E-06  0.26661499E-08  0.23233831E-03 -0.13239678E-07
    3    2   -0.19356268E-04  0.25272356E-08  0.45841197E-04 -0.12130868E-08  0.11477084E-03 -0.43187002E-09
    4    2   -0.50623336E-03  0.46313785E-08  0.64297241E-03 -0.11558562E-08 -0.14940192E-02  0.76225008E-08
    1    3    0.70523512E-03  0.81975718E-09 -0.12214977E-02 -0.56455523E-09 -0.14940226E-02 -0.59207365E-08
    2    3    0.51202728E-04 -0.12956211E-08 -0.61078060E-03  0.23058996E-08 -0.74342922E-03  0.48026414E-08
    3    3   -0.37972449E-06  0.46687699E-08  0.65403234E-06  0.26931789E-08 -0.22889438E-03 -0.56111293E-08
    4    3   -0.54426083E-03 -0.99496877E-09  0.10934186E-02 -0.18300264E-09 -0.95600106E-03 -0.55368370E-10
    1    4   -0.19108486E-04  0.26460142E-08  0.45612025E-04  0.23955506E-08  0.11477234E-03  0.23503384E-08
    2    4   -0.50644932E-03  0.32419669E-09  0.64340945E-03 -0.12246250E-08  0.74257317E-03  0.29607470E-08
    3    4   -0.25671009E-03 -0.16412930E-08  0.36761712E-03 -0.67893306E-09 -0.21276372E-03  0.14576484E-08
    4    4    0.38337604E-06 -0.41603269E-08 -0.65193568E-06 -0.23951074E-08 -0.22888162E-03  0.19696377E-07

    2    0    0
    1    1   -0.15068308E-02  0.11123325E-08 -0.26099074E-02  0.19266118E-08 -0.81951500E-03 -0.13339847E-08
    2    1   -0.67494031E-03 -0.26700095E-08  0.10178415E-02 -0.41444068E-08 -0.19713978E-03 -0.29744409E-08
    3    1    0.78400680E-04  0.88914854E-09  0.11421338E-02 -0.25349557E-08  0.48723608E-03  0.13408675E-08
    4    1    0.50308923E-03 -0.24440365E-09 -0.34909797E-03  0.35130956E-08 -0.74342490E-03 -0.39740332E-08
    1    2    0.36320139E-03  0.10068385E-08 -0.36810480E-03  0.18479733E-09  0.23512950E-03 -0.57605965E-08
    2    2    0.15068324E-02  0.23435914E-08  0.26099102E-02  0.40592164E-08 -0.81952253E-03 -0.41914247E-09
    3    2    0.17510669E-03 -0.79535434E-09 -0.13408292E-03  0.31092021E-08  0.30110733E-04 -0.40982127E-08
    4    2   -0.75825513E-03 -0.16280497E-08 -0.74756923E-03 -0.42644637E-08  0.48723073E-03  0.77423885E-08
    1    3    0.77972465E-04 -0.32787589E-08  0.11423318E-02 -0.98027629E-09  0.48722993E-03 -0.12529333E-09
    2    3    0.50335471E-03 -0.39538766E-08 -0.34972757E-03  0.35408142E-08 -0.74342428E-03  0.53963529E-08
    3    3   -0.15068251E-02  0.70913802E-09 -0.26098976E-02  0.12282708E-08  0.82432192E-03 -0.12687968E-07
    4    3   -0.67480225E-03 -0.34497984E-08  0.10180470E-02 -0.14546920E-08 -0.95600208E-03 -0.70749641E-09
    1    4    0.17514449E-03 -0.21944796E-08 -0.13448772E-03 -0.21525924E-08  0.30108267E-04  0.41486245E-08
    2    4   -0.75873492E-03 -0.23771978E-08 -0.74727748E-03 -0.67627535E-08  0.48723967E-03 -0.63612848E-08
    3    4    0.36334623E-03 -0.79887762E-09 -0.36814470E-03 -0.85890121E-09  0.32517008E-03 -0.28583698E-08
    4    4    0.15068263E-02  0.28450919E-08  0.26098997E-02  0.49278551E-08  0.82433723E-03  0.32267332E-08

    2    1    0
    1    1    0.28569592E-04 -0.57971593E-09  0.11623454E-03 -0.29306461E-08  0.37190559E-03  0.18743861E-08
    2    1   -0.60099095E-03 -0.89608696E-09 -0.22032682E-04 -0.30169812E-08 -0.22977703E-04  0.28122752E-08
    3    1    0.21784021E-03 -0.14714271E-08  0.27170372E-03 -0.23227620E-09 -0.15387367E-03 -0.84784711E-09
    4    1   -0.82411423E-04  0.19305277E-09  0.51612887E-04  0.21739766E-08  0.11477573E-03  0.19456019E-08
    1    2   -0.32771438E-03 -0.10206190E-08  0.74648886E-04 -0.34789217E-09  0.17115416E-03  0.17137083E-08
    2    2   -0.28569418E-04  0.72453304E-09 -0.11623414E-03  0.36397428E-08  0.37189797E-03 -0.21854629E-09
    3    2   -0.26340651E-03  0.40547805E-10  0.11130481E-03 -0.55532522E-09  0.32203208E-05 -0.72558037E-08
    4    2    0.11810391E-03  0.25045781E-08 -0.36391838E-03 -0.34829366E-08  0.28210906E-04  0.10518030E-07
    1    3    0.21782663E-03  0.41824233E-08  0.27205604E-03  0.15865199E-08  0.28212907E-04  0.28794372E-11
    2    3   -0.82132744E-04  0.51058264E-09  0.51538341E-04  0.32858056E-08  0.11478000E-03  0.93642201E-09
    3    3    0.28474699E-04  0.89636606E-10  0.11578190E-03  0.67801299E-09 -0.36998175E-03  0.10533382E-07
    4    3   -0.60147018E-03  0.34030231E-09 -0.21992862E-04 -0.24202313E-08 -0.21276344E-03 -0.34947351E-08
    1    4   -0.26319857E-03 -0.47773515E-08  0.11117927E-03  0.29394428E-08  0.32142528E-05  0.66440040E-08
    2    4    0.11796542E-03  0.21283481E-08 -0.36358933E-03 -0.10488290E-08 -0.15386795E-03 -0.95644653E-08
    3    4   -0.32778824E-03  0.12209146E-08  0.74755546E-04 -0.40422231E-08  0.21163693E-05  0.25214134E-08
    4    4   -0.28474288E-04  0.50247290E-09 -0.11578003E-03  0.28526238E-08 -0.36995606E-03  0.21812529E-08

    2    2    0
    1    1   -0.25928956E-05  0.10317505E-09 -0.45958272E-10  0.11587395E-08 -0.24510736E-03  0.43034672E-08
    2    1   -0.51318160E-03  0.54401351E-09 -0.14386234E-09  0.96520971E-09 -0.11058158E-03  0.13613817E-07
    3    1   -0.15830293E-03 -0.32540447E-08 -0.54192901E-09  0.13671817E-08 -0.10021639E-03 -0.61546076E-08
    4    1    0.10210597E-03 -0.54203808E-09  0.50608304E-09 -0.10826863E-08  0.12589713E-03 -0.10658131E-07
    1    2   -0.87192509E-04 -0.15611382E-08 -0.16386752E-08 -0.17458973E-08 -0.26163400E-03 -0.36964793E-08
    2    2    0.25929690E-05 -0.41530353E-10  0.96231786E-09 -0.38992313E-09 -0.24511744E-03  0.19340019E-08
    3    2    0.12773035E-03 -0.13705145E-08  0.45842428E-09  0.94742490E-09 -0.40712411E-04 -0.37661778E-08
    4    2   -0.10926431E-03  0.33716417E-08 -0.21016133E-08  0.98711827E-09 -0.73464899E-04  0.24766547E-08
    1    3   -0.15838696E-03 -0.27429931E-08 -0.34627061E-08  0.24256699E-08 -0.73468885E-04  0.33997081E-08
    2    3    0.10214859E-03  0.20667175E-08 -0.18548193E-08 -0.16073554E-08  0.12590377E-03  0.64238149E-09
    3    3   -0.26093584E-05  0.12661150E-09  0.15570359E-08 -0.11469525E-08  0.24557647E-03  0.12372593E-07
    4    3   -0.51277786E-03 -0.19638480E-08  0.67258479E-09  0.78671949E-09 -0.14665174E-03  0.26484362E-11
    1    4    0.12768093E-03  0.17882609E-08 -0.37377390E-10 -0.12708473E-08 -0.40714203E-04  0.42545158E-08
    2    4   -0.10953037E-03  0.19720034E-08 -0.10072847E-08 -0.34020607E-08 -0.10021212E-03 -0.65523264E-08
    3    4   -0.86186468E-04 -0.46641016E-09  0.15831388E-08 -0.61299629E-09 -0.13124940E-04  0.21787372E-08
    4    4    0.26094740E-05  0.26806450E-09  0.15372956E-08  0.38460965E-08  0.24559188E-03  0.38061680E-09

    2    3    0
    1    1   -0.24642251E-05 -0.70386786E-10 -0.15570247E-04  0.19050485E-08  0.11324337E-03 -0.66385434E-08
    2    1   -0.17830674E-03  0.17590228E-08 -0.84520699E-04  0.18195500E-08  0.11844513E-03  0.17151165E-07
    3    1   -0.11074767E-03 -0.11949474E-08  0.86523617E-04 -0.16479371E-08  0.11266388E-03 -0.17672405E-08
    4    1    0.37502500E-04  0.37565228E-09  0.25183562E-04 -0.18971181E-08 -0.50423542E-04 -0.49973019E-08
    1    2    0.70952637E-04 -0.66814036E-09 -0.50646851E-04  0.40726895E-09 -0.63895961E-04 -0.32289688E-09
    2    2    0.24638768E-05 -0.10791403E-09  0.15571474E-04  0.90350459E-09  0.11324421E-03  0.62884310E-09
    3    2    0.16909169E-03  0.35383716E-10  0.14003224E-03 -0.10402866E-08  0.95581654E-04 -0.60856153E-08
    4    2   -0.61052692E-04  0.65939427E-09 -0.13286099E-03 -0.17991134E-08  0.80768761E-04 -0.37937156E-09
    1    3   -0.11087438E-03  0.78437824E-09  0.86721586E-04  0.23400291E-09  0.80769247E-04  0.64477824E-08
    2    3    0.37537772E-04 -0.21482203E-09  0.25105424E-04  0.23901672E-08 -0.50423626E-04 -0.22089282E-08
    3    3   -0.23682618E-05 -0.19761348E-09 -0.16029151E-04  0.27294158E-09 -0.11226490E-03  0.87675457E-08
    4    3   -0.17839223E-03 -0.15991925E-08 -0.84497830E-04 -0.50351029E-08 -0.26624008E-05 -0.30518943E-08
    1    4    0.16919506E-03 -0.80123754E-10  0.14005673E-03  0.46679284E-08  0.95579141E-04  0.69535476E-08
    2    4   -0.61156609E-04 -0.25489039E-09 -0.13277910E-03 -0.17427984E-08  0.11265702E-03 -0.32007336E-08
    3    4    0.70238776E-04 -0.18455456E-10 -0.51171351E-04 -0.42809829E-08 -0.43588127E-04 -0.55926689E-09
    4    4    0.23688440E-05  0.52233140E-12  0.16027553E-04  0.10627859E-08 -0.11225709E-03 -0.19308009E-08

    2    4    0
    1    1    0.92114301E-05 -0.13197511E-08 -0.15954450E-04  0.18601389E-08 -0.70116353E-04 -0.71022128E-08
    2    1    0.12316878E-03 -0.90322006E-10  0.82530893E-04 -0.15100442E-09 -0.54083470E-05  0.39883180E-08
    3    1    0.98218188E-04  0.27633510E-08 -0.17011757E-03 -0.20190933E-08 -0.41720605E-03  0.32501749E-08
    4    1    0.30286439E-04  0.23583952E-08  0.30928355E-04  0.10370503E-08  0.67953506E-04  0.35165660E-08
    1    2    0.18351579E-04  0.18260428E-08 -0.83063811E-04  0.99925542E-10 -0.63889574E-04  0.22479117E-08
    2    2   -0.92097860E-05 -0.80073818E-09  0.15951427E-04  0.12468869E-08 -0.70112818E-04 -0.62551667E-08
    3    2   -0.24251382E-03 -0.19190454E-08 -0.69062995E-04  0.19949646E-08  0.95575095E-04 -0.35290572E-08
    4    2    0.81942424E-05 -0.95715206E-10  0.79542462E-04 -0.17410011E-08 -0.11213706E-03  0.62554865E-08
    1    3    0.98289844E-04 -0.20309772E-09 -0.17023634E-03 -0.57617172E-08 -0.11213568E-03 -0.84582321E-09
    2    3    0.30291620E-04 -0.60999075E-09  0.30960634E-04  0.19935490E-08  0.67951161E-04  0.48303276E-09
    3    3    0.90999787E-05 -0.15156643E-08 -0.15762262E-04  0.35242197E-08  0.69370233E-04  0.39809481E-08
    4    3    0.12320114E-03 -0.10326316E-08  0.82506010E-04 -0.22195032E-08  0.32182946E-04 -0.30979441E-08
    1    4   -0.24247823E-03 -0.14015491E-09 -0.69091786E-04  0.31209499E-08  0.95579505E-04  0.13998058E-08
    2    4    0.81050650E-05 -0.17370485E-08  0.79639419E-04  0.38721421E-09 -0.41720693E-03 -0.29147870E-08
    3    4    0.19301175E-04  0.18649303E-09 -0.82734393E-04 -0.20120370E-08 -0.43591143E-04 -0.11873791E-08
    4    4   -0.91005680E-05 -0.45329979E-09  0.15763366E-04  0.55270356E-09  0.69372702E-04 -0.51474374E-08

    3   -6    0
    1    1   -0.72422990E-05  0.31287942E-09 -0.12545420E-04 -0.53253450E-09  0.97863947E-05 -0.71975607E-09
    2    1   -0.20940498E-04  0.20519509E-08  0.36271391E-04 -0.13165573E-08  0.60815066E-04  0.51489777E-09
    3    1   -0.31984675E-04  0.57765576E-09 -0.55394734E-04 -0.23888213E-08  0.85367998E-04  0.44370435E-08
    4    1    0.25275306E-05  0.10989909E-09 -0.43704511E-05  0.19317614E-09  0.12058753E-03  0.41830775E-09
    1    2   -0.10642703E-03  0.17833188E-08 -0.32414692E-04 -0.15381800E-08 -0.63893867E-04  0.31057899E-08
    2    2    0.72430912E-05  0.39164635E-09  0.12544594E-04 -0.57338487E-10  0.97994666E-05 -0.75609108E-08
    3    2    0.74684227E-04 -0.21115195E-08 -0.20909481E-03  0.11801871E-08  0.95576462E-04  0.70086676E-09
    4    2   -0.26101902E-04  0.28338589E-09 -0.24003268E-04  0.19061167E-08 -0.58107333E-04 -0.58415141E-09
    1    3   -0.31965313E-04  0.26927570E-08 -0.55369689E-04 -0.14952683E-08 -0.58103916E-04 -0.41828894E-08
    2    3    0.25668431E-05  0.10790826E-09 -0.44453968E-05  0.17742525E-09  0.12058094E-03  0.95988388E-08
    3    3   -0.72307518E-05 -0.29156584E-09 -0.12522431E-04  0.13229735E-09 -0.89370604E-05 -0.64154210E-08
    4    3   -0.20969462E-04  0.21710342E-09  0.36315654E-04  0.21766319E-09  0.74068130E-04 -0.52008533E-09
    1    4    0.74718483E-04 -0.33673804E-08 -0.20914914E-03 -0.18256582E-08  0.95580015E-04 -0.33835398E-08
    2    4   -0.26165806E-04  0.51692515E-09 -0.24123072E-04  0.18594148E-08  0.85359235E-04  0.35262989E-09
    3    4   -0.10667565E-03  0.20289339E-08 -0.31563978E-04  0.21777748E-08 -0.43585219E-04 -0.42152118E-09
    4    4    0.72303463E-05  0.10657487E-08  0.12522949E-04 -0.10101360E-08 -0.89502985E-05  0.40445908E-08

    3   -5    0
    1    1   -0.12249805E-04 -0.10459702E-08  0.99183859E-05  0.44680713E-09  0.11324125E-03  0.32252573E-08
    2    1    0.10516010E-04 -0.17147058E-08  0.18209994E-04  0.34655517E-08 -0.22334795E-03 -0.26151403E-09
    3    1    0.13030350E-03  0.15905559E-09  0.52647967E-04  0.13913182E-09  0.11266826E-03 -0.21403163E-08
    4    1    0.30873000E-04  0.11688916E-08  0.53472870E-04 -0.39268948E-08 -0.13517740E-03 -0.89885977E-09
    1    2    0.18328471E-03 -0.28581637E-09  0.43318139E-03  0.17071227E-08 -0.38426488E-04 -0.73825440E-08
    2    2    0.12251659E-04 -0.10643418E-09 -0.99190446E-05  0.89090813E-10  0.11325121E-03 -0.38708436E-08
    3    2   -0.12714522E-03 -0.11919112E-09 -0.56562834E-04 -0.33282059E-08 -0.38087272E-04 -0.16562619E-08
    4    2   -0.35837464E-04 -0.41646400E-09  0.11269817E-03  0.93364018E-09  0.80764837E-04  0.61538679E-08
    1    3    0.13054058E-03  0.13515923E-08  0.52660130E-04  0.18614127E-08  0.80763995E-04 -0.36234610E-08
    2    3    0.30844370E-04 -0.83407541E-09  0.53420107E-04 -0.18570692E-08 -0.13518753E-03  0.72113412E-08
    3    3   -0.12697991E-04 -0.22196703E-08  0.10065366E-04  0.54904180E-09 -0.11225209E-03 -0.47031365E-08
    4    3    0.10563731E-04 -0.11787057E-08  0.18303262E-04  0.32034474E-08 -0.11324224E-03 -0.97673360E-09
    1    4   -0.12732064E-03 -0.10873252E-08 -0.56551964E-04  0.10687223E-08 -0.38086080E-04  0.54970195E-08
    2    4   -0.35859136E-04  0.23637509E-08  0.11269417E-03  0.56728054E-09  0.11266206E-03  0.23392768E-08
    3    4    0.18383643E-03  0.25322600E-08  0.43379791E-03  0.27567588E-08 -0.25776035E-04  0.46321194E-09
    4    4    0.12699865E-04  0.68082368E-09 -0.10065945E-04 -0.21324510E-09 -0.11225005E-03  0.58504542E-08

    3   -4    0
    1    1   -0.21631695E-04 -0.31645814E-09 -0.31261426E-05  0.29924327E-10  0.36605826E-04  0.51239747E-08
    2    1    0.15958915E-04  0.61534824E-09  0.19667968E-03  0.19658273E-08  0.11843866E-03  0.46756956E-08
    3    1    0.27366458E-03 -0.71750842E-09 -0.12330843E-03 -0.20471809E-08  0.40638696E-05 -0.40932584E-08
    4    1    0.30571209E-05  0.16320569E-09 -0.45066942E-04  0.16339559E-08 -0.50415288E-04 -0.46432220E-08
    1    2   -0.47037876E-04  0.20264620E-08 -0.87740190E-03 -0.15001891E-08 -0.22449297E-04 -0.99611001E-08
    2    2    0.21629164E-04 -0.13625978E-09  0.31265569E-05 -0.22810378E-10  0.36605033E-04  0.16038680E-09
    3    2   -0.15444859E-03 -0.84166981E-10  0.96589190E-05 -0.11849126E-08  0.20768410E-03  0.28438041E-08
    4    2   -0.11898658E-03 -0.73440866E-09  0.28704648E-04  0.42490497E-09 -0.14566446E-03  0.46611242E-08
    1    3    0.27385710E-03 -0.27429193E-08 -0.12338574E-03  0.41886902E-08 -0.14566376E-03 -0.23504792E-08
    2    3    0.29717829E-05 -0.64090224E-09 -0.45062756E-04  0.51855179E-09 -0.50420372E-04  0.21882623E-08
    3    3   -0.21646642E-04  0.14748148E-08 -0.31409331E-05 -0.36027298E-09 -0.34958652E-04 -0.45855464E-08
    4    3    0.16015798E-04  0.10595984E-08  0.19673951E-03 -0.94353960E-09 -0.26668955E-05  0.50440906E-09
    1    4   -0.15462880E-03  0.16052983E-08  0.96562252E-05  0.23679780E-09  0.20768456E-03  0.24488815E-08
    2    4   -0.11891722E-03  0.42682624E-09  0.28604893E-04  0.19702605E-08  0.40636661E-05 -0.56168373E-08
    3    4   -0.46831950E-04 -0.45854132E-09 -0.87782173E-03 -0.91750561E-09  0.19764746E-03  0.32284262E-08
    4    4    0.21648733E-04  0.66104562E-09  0.31406915E-05 -0.47849012E-10 -0.34958016E-04  0.29898430E-08

    3   -3    0
    1    1   -0.63918463E-04  0.22237348E-08  0.29734482E-14  0.17771141E-14  0.22916425E-03  0.12411162E-07
    2    1    0.75276207E-04 -0.87303279E-09  0.12262799E-03  0.90409053E-09 -0.32865304E-03  0.47378997E-08
    3    1   -0.20495777E-03 -0.81553973E-09  0.31454478E-03  0.31681879E-08 -0.30262702E-03 -0.43702818E-08
    4    1   -0.28702627E-04  0.26689178E-08  0.18569546E-03  0.59766436E-08  0.19359345E-03 -0.60427809E-08
    1    2   -0.51545104E-04  0.11424588E-08  0.10585423E-03  0.14727164E-09 -0.32865152E-03 -0.29769254E-08
    2    2    0.63918379E-04 -0.30070049E-08  0.29286469E-14  0.19355835E-14  0.22916189E-03  0.48991194E-08
    3    2    0.47228324E-04 -0.20594943E-08  0.19576933E-03  0.41207664E-08  0.19360365E-03 -0.39170806E-08
    4    2    0.21934410E-03  0.69802050E-09  0.28614113E-03 -0.13123770E-08 -0.30262517E-03  0.33436681E-08
    1    3   -0.20499055E-03 -0.12203127E-08  0.31480739E-03 -0.76369457E-09 -0.30262863E-03 -0.27335855E-08
    2    3   -0.28859651E-04 -0.14709766E-08  0.18547919E-03 -0.26475408E-08  0.19360098E-03  0.62435491E-08
    3    3   -0.63998291E-04  0.26622657E-08 -0.33956704E-14  0.17358196E-14 -0.22838799E-03 -0.20053984E-09
    4    3    0.75375660E-04 -0.20101725E-08  0.12299801E-03 -0.15638223E-08 -0.49392464E-04 -0.29614403E-09
    1    4    0.47421494E-04  0.10341635E-10  0.19553457E-03 -0.28023087E-08  0.19359683E-03  0.87162179E-09
    2    4    0.21933478E-03  0.21132627E-08  0.28640594E-03 -0.10677501E-08 -0.30263016E-03 -0.25964229E-08
    3    4   -0.51686341E-04  0.19060324E-08  0.10619092E-03 -0.84777303E-09 -0.49395448E-04  0.11557810E-08
    4    4    0.63998262E-04 -0.23875882E-08 -0.31112266E-14  0.14594019E-14 -0.22837615E-03  0.14413003E-08

    3   -2    0
    1    1   -0.11494719E-03 -0.95901831E-09 -0.33375409E-04 -0.44286058E-09  0.37191749E-03  0.79022972E-08
    2    1   -0.22000906E-03 -0.85896271E-10 -0.71903077E-03 -0.81093392E-09  0.23512436E-03  0.74435268E-08
    3    1   -0.20664902E-03 -0.21036669E-08 -0.33040103E-03 -0.20881075E-09  0.28217315E-04 -0.46445203E-08
    4    1   -0.21929368E-04  0.20892727E-09 -0.33280272E-03  0.15715898E-08  0.30108361E-04 -0.64658533E-08
    1    2   -0.17256382E-03  0.31393615E-09  0.40363851E-03  0.53235739E-09 -0.11059856E-03 -0.83556201E-08
    2    2    0.11494453E-03  0.61091358E-09  0.33374566E-04  0.19550485E-09  0.37190503E-03  0.25182503E-08
    3    2    0.53017936E-04  0.88860024E-09 -0.71573284E-04  0.30666790E-09  0.12591197E-03 -0.32803163E-08
    4    2    0.28937393E-03  0.21079159E-08 -0.60978515E-04 -0.20719541E-08 -0.15387198E-03  0.69901842E-08
    1    3   -0.20646940E-03  0.10261296E-08 -0.33014566E-03 -0.16426302E-08 -0.15388503E-03 -0.31479765E-08
    2    3   -0.22256038E-04  0.22660690E-09 -0.33299880E-03  0.20715969E-08  0.30113639E-04  0.32399470E-08
    3    3   -0.11450174E-03 -0.17372110E-08 -0.33229250E-04 -0.61978217E-09 -0.36998650E-03  0.22789431E-08
    4    3   -0.21992339E-03 -0.25203348E-08 -0.71927798E-03  0.10526424E-09  0.32517338E-03 -0.19273103E-08
    1    4    0.53045356E-04  0.16755511E-08 -0.71608707E-04 -0.24253997E-08  0.12590048E-03  0.23757082E-08
    2    4    0.28963476E-03  0.34331034E-09 -0.60789584E-04 -0.15195646E-08  0.28212423E-04 -0.23974606E-08
    3    4   -0.17243025E-03  0.12793697E-08  0.40332150E-03  0.24377302E-08 -0.14665215E-03 -0.60403350E-09
    4    4    0.11450323E-03 -0.10012574E-08  0.33229749E-04 -0.39754889E-09 -0.36997869E-03  0.14000357E-07

    3   -1    0
    1    1    0.86377259E-04 -0.32624809E-08  0.82859304E-04 -0.29151318E-08  0.37191523E-03  0.16468837E-08
    2    1   -0.27777490E-04  0.38261226E-08  0.48106411E-04  0.11139283E-08 -0.54303856E-03  0.11209608E-07
    3    1    0.38946208E-03 -0.45680560E-09  0.13761913E-04 -0.86413681E-09  0.28216530E-04 -0.16042871E-08
    4    1   -0.16715759E-03 -0.19606840E-08  0.28953302E-03  0.58122147E-08  0.25782026E-03 -0.11925029E-07
    1    2   -0.54352258E-04  0.14232798E-08  0.11504813E-03 -0.10305528E-08 -0.32864082E-03 -0.11103600E-07
    2    2   -0.86375255E-04 -0.10855100E-08 -0.82857488E-04 -0.95675527E-09  0.37190446E-03  0.28942595E-08
    3    2   -0.10736407E-03  0.85903842E-09  0.59203793E-04 -0.69678130E-09  0.19359447E-03 -0.14158063E-08
    4    2   -0.20967691E-03 -0.63457921E-09 -0.29166217E-03 -0.75959217E-09 -0.15387642E-03  0.73267894E-09
    1    3    0.38915304E-03  0.18871749E-08  0.13735583E-04  0.35357472E-08 -0.15388447E-03 -0.86480790E-10
    2    3   -0.16697821E-03 -0.20852523E-08  0.28920794E-03  0.20196433E-08  0.25781625E-03  0.62873791E-08
    3    3    0.86029295E-04 -0.62617587E-09  0.82547709E-04 -0.59243537E-09 -0.36998358E-03 -0.55529686E-08
    4    3   -0.28283618E-04  0.47438067E-09  0.48990910E-04 -0.20221811E-08  0.37152213E-04 -0.15810377E-08
    1    4   -0.10718480E-03 -0.44498007E-08  0.58922168E-04 -0.20150143E-08  0.19359887E-03  0.63384681E-08
    2    4   -0.21002101E-03 -0.68336097E-09 -0.29180131E-03 -0.17349917E-08  0.28215304E-04 -0.53569654E-08
    3    4   -0.54577660E-04  0.29880947E-08  0.11525162E-03  0.22436982E-08 -0.49394524E-04  0.22414676E-08
    4    4   -0.86029620E-04  0.19932774E-09 -0.82548009E-04  0.15094375E-09 -0.36996961E-03  0.75797841E-08

    3    0    0
    1    1    0.31959456E-04 -0.71300376E-09  0.55355408E-04 -0.12349577E-08  0.22915681E-03 -0.73571142E-08
    2    1    0.73270200E-03  0.12605153E-08 -0.16898276E-03  0.34571304E-08  0.23511788E-03  0.25340282E-08
    3    1   -0.16993076E-03  0.22577122E-08  0.33476965E-03  0.88314250E-09 -0.30262713E-03  0.49809603E-08
    4    1    0.29918203E-03 -0.42553581E-09 -0.14740827E-03 -0.16026889E-09  0.30114514E-04 -0.29705107E-08
    1    2    0.61989886E-03  0.32100148E-09 -0.35650638E-03  0.16488125E-08 -0.22450616E-04 -0.24759116E-08
    2    2   -0.31959549E-04 -0.19716834E-08 -0.55355556E-04 -0.34150570E-08  0.22915098E-03  0.47327233E-08
    3    2    0.96130273E-05 -0.98981481E-09  0.94437742E-04  0.49175184E-09  0.20769126E-03 -0.80766972E-08
    4    2   -0.30232906E-03  0.21732743E-08 -0.53516359E-04  0.12292126E-08 -0.30262808E-03  0.81726330E-08
    1    3   -0.17013604E-03  0.12788959E-09  0.33493371E-03  0.59154974E-08 -0.30262702E-03  0.86300566E-10
    2    3    0.29951046E-03 -0.21065958E-08 -0.14722576E-03 -0.14382474E-08  0.30116985E-04  0.32159241E-08
    3    3    0.31999779E-04 -0.30681258E-08  0.55425250E-04 -0.53141493E-08 -0.22837769E-03 -0.67078433E-09
    4    3    0.73287304E-03  0.64246681E-09 -0.16917677E-03  0.15936632E-08  0.32517369E-03  0.39378807E-09
    1    4    0.97510310E-05 -0.27087233E-08  0.94618152E-04  0.34065302E-08  0.20768771E-03  0.52119148E-08
    2    4   -0.30265223E-03  0.22618274E-08 -0.53386759E-04  0.12980678E-08 -0.30262710E-03 -0.10819183E-07
    3    4    0.62015762E-03 -0.19591913E-08 -0.35686491E-03 -0.11649521E-08  0.19764708E-03  0.14373595E-08
    4    4   -0.31998396E-04 -0.95724367E-09 -0.55422841E-04 -0.16579969E-08 -0.22836124E-03 -0.44754780E-08

    3    1    0
    1    1    0.13522936E-04 -0.74856748E-10  0.17169961E-04 -0.27806087E-09  0.36595215E-04  0.33979658E-08
    2    1   -0.14383492E-03  0.48232394E-08 -0.38745582E-05  0.15319671E-08 -0.32863417E-03  0.92248561E-08
    3    1   -0.30046941E-04 -0.86279479E-09 -0.29865515E-03  0.39114054E-08  0.40557686E-05 -0.42594500E-08
    4    1   -0.14647034E-03 -0.59902491E-08  0.11770529E-03 -0.35727660E-09  0.19359140E-03 -0.46528748E-08
    1    2   -0.40011193E-03 -0.78829579E-09  0.86712265E-04  0.19652797E-09 -0.38433664E-04 -0.24317341E-08
    2    2   -0.13523011E-04 -0.19377436E-09 -0.17170529E-04 -0.43341711E-09  0.36590756E-04 -0.15558846E-08
    3    2    0.74710708E-04 -0.77456301E-09  0.35420322E-04 -0.41709133E-09 -0.38078115E-04 -0.21131424E-08
    4    2    0.73352195E-04  0.15921591E-08  0.20125717E-03 -0.92785654E-09 -0.14565602E-03  0.48594205E-08
    1    3   -0.30079383E-04  0.76903164E-09 -0.29885949E-03 -0.60710750E-08 -0.14565535E-03 -0.20693198E-08
    2    3   -0.14619607E-03  0.83765207E-09  0.11773227E-03 -0.17624759E-08  0.19359411E-03  0.26829078E-08
    3    3    0.13544068E-04  0.17999393E-09  0.17177732E-04  0.65686534E-09 -0.34968127E-04  0.11372183E-07
    4    3   -0.14421097E-03 -0.11102753E-08 -0.37847783E-05  0.81017309E-09 -0.49396968E-04 -0.67717967E-09
    1    4    0.74833796E-04 -0.44560942E-09  0.35653456E-04 -0.18732103E-08 -0.38080628E-04  0.34580443E-08
    2    4    0.73393928E-04 -0.79454770E-09  0.20107102E-03  0.43975225E-08  0.40580762E-05 -0.76678129E-08
    3    4   -0.40072834E-03  0.96308480E-10  0.86749272E-04  0.10839804E-08 -0.25773492E-04  0.20648003E-10
    4    4   -0.13544811E-04 -0.37533098E-09 -0.17179785E-04 -0.12753889E-08 -0.34960322E-04 -0.37765344E-08

    3    2    0
    1    1   -0.24645055E-05  0.17922671E-09  0.15571401E-04  0.13057329E-08  0.11324461E-03  0.19965016E-09
    2    1   -0.17830882E-03 -0.75412011E-09  0.84522476E-04  0.11706459E-08  0.11844742E-03  0.19449863E-07
    3    1   -0.11074573E-03 -0.13659177E-08 -0.86523938E-04  0.56381585E-09  0.11265872E-03 -0.25804499E-08
    4    1    0.37502758E-04  0.19047725E-08 -0.25184674E-04 -0.38467046E-08 -0.50419407E-04 -0.79602125E-08
    1    2    0.70959889E-04  0.26390339E-09  0.50648997E-04  0.12824003E-08 -0.63893619E-04 -0.18355180E-08
    2    2    0.24646989E-05 -0.25683204E-09 -0.15569471E-04 -0.12733419E-08  0.11323971E-03  0.11564968E-07
    3    2    0.16909272E-03 -0.22933890E-08 -0.14003211E-03  0.27806958E-10  0.95582282E-04 -0.49931191E-08
    4    2   -0.61055670E-04 -0.46403004E-09  0.13286029E-03  0.13071435E-08  0.80766890E-04 -0.10743724E-08
    1    3   -0.11088018E-03 -0.83339396E-09 -0.86723688E-04  0.15743820E-08  0.80766027E-04  0.22234468E-08
    2    3    0.37537748E-04 -0.19112355E-08 -0.25107063E-04  0.28145054E-09 -0.50419873E-04 -0.21899941E-08
    3    3   -0.23673272E-05 -0.72074252E-10  0.16030309E-04 -0.22210905E-09 -0.11226080E-03  0.79988697E-08
    4    3   -0.17838944E-03  0.40246105E-09  0.84500599E-04  0.23428745E-08 -0.26682911E-05 -0.28081017E-08
    1    4    0.16919373E-03  0.24026682E-08 -0.14005923E-03 -0.68266717E-09  0.95579586E-04  0.75097659E-08
    2    4   -0.61153748E-04  0.97289762E-09  0.13277651E-03  0.44009615E-08  0.11265993E-03 -0.82437198E-08
    3    4    0.70231648E-04  0.13738466E-08  0.51173773E-04 -0.40919464E-09 -0.43584541E-04  0.18945841E-08
    4    4    0.23672698E-05 -0.59185257E-09 -0.16030379E-04 -0.29230183E-08 -0.11226051E-03 -0.61340076E-08

    3    3    0
    1    1    0.14485623E-04 -0.22590839E-09 -0.22553119E-09 -0.18772373E-09  0.97830628E-05 -0.82979228E-08
    2    1   -0.21029676E-04  0.20386423E-08 -0.11235787E-09 -0.11677778E-08 -0.22334570E-03  0.95400133E-08
    3    1    0.63968741E-04  0.15974777E-10 -0.10325595E-09  0.23016053E-08  0.85365708E-04  0.45423416E-08
    4    1   -0.61740137E-04 -0.21354952E-08 -0.30256585E-09  0.67035151E-09 -0.13518036E-03 -0.45609039E-09
    1    2    0.39241644E-05  0.20689196E-08  0.83420419E-09  0.22927287E-09  0.33925160E-03  0.49179036E-10
    2    2   -0.14485130E-04 -0.13879813E-09  0.50536671E-09 -0.61513681E-09  0.97952328E-05 -0.25456154E-08
    3    2   -0.20327169E-04  0.52914958E-08 -0.25368716E-08  0.60695903E-09 -0.85486038E-04 -0.32395492E-08
    4    2    0.33177541E-04 -0.16632359E-08 -0.13879215E-08 -0.68409779E-09 -0.58108087E-04  0.21808416E-08
    1    3    0.63935725E-04 -0.15572409E-09  0.40117336E-09 -0.26383788E-08 -0.58102275E-04 -0.50512615E-09
    2    3   -0.61686598E-04 -0.27251434E-08 -0.68985553E-09 -0.10651618E-08 -0.13518479E-03 -0.18142998E-08
    3    3    0.14459632E-04  0.17052897E-10 -0.29972066E-09  0.17200157E-09 -0.89465092E-05  0.15629646E-08
    4    3   -0.21136478E-04  0.29359299E-08  0.27990853E-08  0.83687541E-09 -0.11323960E-03  0.95459220E-10
    1    4   -0.20399415E-04 -0.51842041E-09  0.22748772E-09 -0.20838956E-08 -0.85482429E-04 -0.18513971E-08
    2    4    0.33270884E-04  0.32360865E-08 -0.41786755E-09 -0.33299046E-09  0.85360155E-04 -0.19415367E-08
    3    4    0.39938615E-05 -0.37543414E-08  0.12899806E-08  0.15935594E-08  0.16296589E-03  0.15719533E-08
    4    4   -0.14459345E-04 -0.11948170E-08  0.53077447E-09  0.63060464E-09 -0.89528023E-05 -0.79208727E-08

    4   -6    0
    1    1   -0.18423283E-04 -0.10638216E-08 -0.77297938E-10  0.73167213E-09 -0.70111731E-04  0.34235143E-08
    2    1    0.41879160E-04  0.22069585E-08 -0.52495063E-09  0.18891412E-09  0.60812035E-04  0.57650319E-08
    3    1   -0.19643212E-03  0.29766844E-08  0.88494412E-09 -0.24082815E-08 -0.41721035E-03 -0.71073048E-08
    4    1   -0.50454871E-05 -0.26374122E-08 -0.35509406E-08 -0.16887811E-08  0.12058895E-03 -0.65513753E-08
    1    2    0.71591734E-04  0.42216566E-08  0.72866937E-09  0.40207519E-08 -0.21586418E-04 -0.91532262E-08
    2    2    0.18422989E-04 -0.15733553E-08  0.62011405E-10  0.28995981E-09 -0.70114382E-04 -0.59212336E-08
    3    2    0.14206023E-03 -0.35757000E-08 -0.65459187E-09 -0.31715003E-08 -0.63021846E-04  0.59204019E-09
    4    2   -0.32672399E-05  0.42311822E-08 -0.16766788E-09 -0.14055980E-08 -0.11213315E-03  0.58052625E-08
    1    3   -0.19657468E-03 -0.30183170E-09 -0.16762883E-08  0.46729115E-09 -0.11213796E-03  0.44138312E-09
    2    3   -0.51352857E-05 -0.12543478E-08 -0.99269721E-09  0.56822390E-09  0.12058175E-03  0.10106583E-07
    3    3   -0.18203403E-04  0.73367313E-10  0.10474585E-09  0.13978268E-09  0.69369132E-04 -0.15079182E-07
    4    3    0.41936128E-04 -0.31216001E-09  0.15117509E-08 -0.10255757E-08  0.74066623E-04 -0.87349051E-09
    1    4    0.14225815E-03  0.12717188E-08  0.77301187E-09  0.59518191E-09 -0.63024655E-04  0.29432441E-08
    2    4   -0.30842694E-05  0.26545022E-08  0.29091564E-08 -0.52075930E-09 -0.41721214E-03 -0.91717743E-09
    3    4    0.71562071E-04 -0.75258263E-09  0.68043309E-09 -0.97413400E-09  0.19004655E-03  0.33290990E-08
    4    4    0.18200737E-04 -0.12828678E-08 -0.19993581E-09 -0.15934696E-10  0.69359918E-04  0.13494412E-07

    4   -5    0
    1    1    0.11200194E-03 -0.42568659E-09 -0.83418843E-05 -0.26976642E-09  0.87388375E-04  0.39434970E-08
    2    1    0.98869090E-05  0.10581424E-08 -0.14793642E-03  0.40853522E-08 -0.54054596E-05  0.70546483E-08
    3    1   -0.49980145E-04  0.17362625E-08 -0.11783806E-03  0.21659802E-08  0.79973525E-04 -0.26799282E-09
    4    1    0.11639912E-04 -0.11881664E-08 -0.41688243E-04 -0.18069839E-08  0.67956482E-04 -0.40275206E-08
    1    2   -0.13804786E-03  0.26783961E-08 -0.20712565E-04  0.62719295E-08  0.36368898E-04 -0.13682750E-07
    2    2   -0.11200088E-03  0.17369622E-08  0.83416653E-05 -0.56647702E-10  0.87384328E-04  0.25878338E-08
    3    2    0.48620293E-04 -0.78259518E-09 -0.13008298E-03 -0.41853628E-08  0.73707351E-04  0.33596641E-08
    4    2    0.11237896E-04 -0.84902062E-09 -0.11213078E-03 -0.10171681E-08  0.66044136E-04  0.36127632E-08
    1    3   -0.50057541E-04 -0.52696963E-09 -0.11779839E-03 -0.31921282E-08  0.66040680E-04 -0.23193797E-08
    2    3    0.11665500E-04 -0.22339506E-08 -0.41715804E-04 -0.21163022E-08  0.67947536E-04  0.26656254E-09
    3    3    0.11228386E-03  0.13218081E-08 -0.83652212E-05 -0.11065108E-09 -0.86289824E-04 -0.13052044E-07
    4    3    0.98522031E-05  0.51409209E-09 -0.14795007E-03  0.28160499E-09  0.32184206E-04  0.10324180E-08
    1    4    0.48648456E-04 -0.88627698E-09 -0.13009171E-03 -0.68487310E-08  0.73704075E-04  0.17833688E-08
    2    4    0.11158857E-04  0.10211698E-08 -0.11212483E-03 -0.29411373E-08  0.79970828E-04 -0.91778365E-08
    3    4   -0.13832883E-03 -0.22032922E-08 -0.21475585E-04  0.36241506E-08 -0.86626106E-04  0.15207482E-08
    4    4   -0.11228369E-03  0.20100954E-08  0.83651498E-05 -0.30238848E-10 -0.86281056E-04  0.99484482E-08

    4   -4    0
    1    1   -0.20739007E-03 -0.45892922E-08  0.21992973E-14  0.46236349E-14 -0.27139908E-03  0.59950238E-08
    2    1   -0.19207189E-04 -0.14327460E-08  0.17598827E-03 -0.19190165E-08 -0.33571898E-04  0.46020585E-08
    3    1    0.62923093E-04  0.26575014E-08 -0.14057046E-03  0.21948782E-08 -0.18292509E-03 -0.38472634E-08
    4    1    0.17687221E-04  0.27037164E-08 -0.18295539E-04  0.44811426E-08  0.74790250E-04 -0.28321757E-08
    1    2    0.54685369E-04  0.18908440E-08  0.18036036E-03  0.25686374E-08 -0.33570862E-04 -0.14087680E-07
    2    2    0.20738729E-03  0.47162857E-08  0.23514177E-14  0.54120931E-14 -0.27141541E-03  0.29100523E-08
    3    2   -0.23241531E-04 -0.18796152E-08 -0.20716484E-04  0.39436094E-08  0.74788506E-04  0.30892523E-08
    4    2   -0.68837496E-04 -0.26052614E-08 -0.12629089E-03 -0.43340877E-09 -0.18292391E-03  0.45680105E-08
    1    3    0.62952643E-04  0.47928624E-08 -0.14049774E-03  0.21601610E-08 -0.18292584E-03 -0.10135456E-08
    2    3    0.17650255E-04  0.14843459E-08 -0.18289548E-04 -0.85175102E-09  0.74782598E-04  0.55554213E-08
    3    3   -0.20738978E-03 -0.17918991E-08  0.21159764E-14 -0.22312824E-15  0.27067260E-03 -0.58806132E-08
    4    3   -0.19166832E-04 -0.28946675E-08  0.17622981E-03 -0.57266909E-09  0.17477375E-03 -0.57661851E-09
    1    4   -0.23206064E-04 -0.22442297E-08 -0.20707342E-04 -0.42990532E-08  0.74782069E-04  0.65803080E-08
    2    4   -0.68893928E-04 -0.34159476E-08 -0.12622369E-03  0.27621858E-08 -0.18291627E-03 -0.48197619E-08
    3    4    0.54655370E-04  0.21575981E-08  0.18059484E-03  0.81826770E-09  0.17477506E-03  0.99201679E-09
    4    4    0.20738744E-03  0.25655515E-08  0.24689452E-14  0.38464767E-15  0.27068118E-03  0.18638440E-08

    4   -3    0
    1    1   -0.21625860E-04 -0.31639059E-08  0.31272865E-05 -0.64036287E-09  0.36604366E-04  0.35871727E-08
    2    1    0.24045492E-04  0.20082456E-08 -0.90360770E-03 -0.61738961E-08 -0.22445167E-04  0.82793125E-08
    3    1    0.17435717E-03  0.15656966E-08  0.63906652E-05  0.21841565E-08 -0.14566668E-03 -0.30554550E-08
    4    1    0.12732151E-03 -0.16712523E-08  0.32668159E-04  0.24695401E-08  0.20768302E-03 -0.40211938E-08
    1    2   -0.30562687E-05  0.91013508E-09  0.20338063E-03 -0.67061167E-09  0.11843209E-03 -0.11890014E-07
    2    2    0.21630565E-04 -0.10551672E-08 -0.31263914E-05 -0.23351952E-09  0.36584166E-04  0.35055985E-08
    3    2   -0.10543759E-04 -0.99116035E-09 -0.48938590E-04  0.39920988E-08 -0.50410828E-04 -0.32208944E-09
    4    2   -0.24042792E-03  0.29487469E-08 -0.11225980E-03 -0.13329955E-08  0.40668898E-05  0.62987705E-08
    1    3    0.17424009E-03  0.27328922E-08  0.62954884E-05  0.19788189E-08  0.40578355E-05  0.98565745E-09
    2    3    0.12753225E-03 -0.23690733E-08  0.32655467E-04  0.27744271E-08  0.20769284E-03  0.65631249E-09
    3    3   -0.21647367E-04 -0.33468819E-08  0.31408757E-05 -0.67202103E-09 -0.34974138E-04  0.33488210E-08
    4    3    0.23825469E-04  0.17022722E-08 -0.90408313E-03 -0.28049433E-08  0.19764643E-03 -0.19816387E-08
    1    4   -0.10447465E-04 -0.30430985E-09 -0.48932785E-04 -0.12409561E-08 -0.50418859E-04  0.60302781E-08
    2    4   -0.24057085E-03  0.19436025E-08 -0.11232823E-03 -0.85034010E-09 -0.14566086E-03 -0.84568316E-08
    3    4   -0.31019194E-05  0.12247857E-08  0.20343668E-03 -0.17898912E-08 -0.26634046E-05  0.39353122E-08
    4    4    0.21649021E-04 -0.50471494E-09 -0.31404884E-05 -0.25491220E-10 -0.34967818E-04 -0.24369815E-08

    4   -2    0
    1    1    0.12958109E-05  0.18806411E-08 -0.22460364E-05  0.11149054E-08 -0.24510453E-03 -0.27622939E-09
    2    1   -0.14391760E-03  0.29779261E-08  0.43613786E-03  0.95948903E-10  0.17115738E-03  0.10726400E-07
    3    1   -0.70440086E-04 -0.32154684E-09  0.12200277E-03 -0.16361087E-08 -0.73477096E-04 -0.23300604E-08
    4    1   -0.48148862E-04 -0.17810142E-08  0.38440882E-03 -0.61250385E-09  0.32170425E-05 -0.54397685E-08
    1    2   -0.11350528E-03  0.34295352E-08  0.10497965E-03 -0.78073945E-09  0.11844107E-03 -0.10133612E-07
    2    2   -0.12973024E-05 -0.11611460E-08  0.22451107E-05 -0.59944257E-09 -0.24511988E-03  0.11989578E-07
    3    2    0.23632343E-04 -0.19819338E-08 -0.20370763E-04  0.68432239E-09 -0.50415887E-04 -0.52464030E-08
    4    2   -0.69904365E-04  0.19255564E-08  0.12440380E-03 -0.30360769E-08 -0.10020382E-03  0.10060272E-09
    1    3   -0.70540881E-04 -0.37400798E-08  0.12217589E-03  0.39266610E-08 -0.10021440E-03  0.46207621E-08
    2    3   -0.48174006E-04  0.15385360E-08  0.38423241E-03  0.32233254E-08  0.32224937E-05 -0.13484279E-08
    3    3    0.13049020E-05  0.18537942E-08 -0.22595395E-05  0.96606069E-09  0.24558372E-03  0.10737687E-08
    4    3   -0.14381043E-03 -0.27532771E-08  0.43629426E-03 -0.28984042E-09  0.21169760E-05 -0.24738981E-09
    1    4    0.23583219E-04 -0.17080131E-08 -0.20436084E-04 -0.86356620E-09 -0.50418832E-04  0.56765309E-08
    2    4   -0.70022705E-04 -0.43769250E-09  0.12448954E-03  0.73816606E-09 -0.73476054E-04 -0.81677618E-08
    3    4   -0.11352507E-03 -0.83625544E-09  0.10506603E-03  0.20721479E-08 -0.26653627E-05  0.19940283E-08
    4    4   -0.13059321E-05  0.11664216E-08  0.22590391E-05  0.65068090E-09  0.24558038E-03  0.36055232E-08

    4   -1    0
    1    1    0.81075768E-05 -0.22991888E-09  0.20295522E-04 -0.30916837E-09  0.36592690E-04 -0.20108958E-08
    2    1   -0.30574475E-03  0.49673814E-09  0.34270514E-03  0.36894780E-09  0.17116068E-03  0.19717312E-08
    3    1   -0.92710427E-04  0.12639187E-08 -0.14780665E-03 -0.45639166E-09 -0.14565814E-03  0.53275949E-08
    4    1   -0.30883455E-03 -0.32200485E-09  0.23390051E-03  0.75839471E-09  0.32195670E-05  0.80151610E-10
    1    2   -0.11683388E-03 -0.16026333E-09  0.79244384E-04  0.91616201E-09 -0.33563131E-04 -0.70882728E-08
    2    2   -0.81087151E-05 -0.25219107E-08 -0.20296772E-04 -0.28131481E-08  0.36585480E-04  0.23773250E-08
    3    2    0.15667349E-04 -0.23460614E-08  0.36391635E-05  0.19952397E-08  0.74784565E-04 -0.11279091E-08
    4    2    0.25512005E-03  0.13447528E-08  0.17282565E-03 -0.74519471E-09  0.40634995E-05  0.29885281E-08
    1    3   -0.92573568E-04 -0.50299174E-10 -0.14774905E-03  0.29743041E-09  0.40602089E-05 -0.49765794E-08
    2    3   -0.30867192E-03  0.85973408E-09  0.23383448E-03 -0.21313114E-08  0.32180391E-05 -0.64435273E-10
    3    3    0.81043133E-05 -0.49454326E-09  0.20318282E-04 -0.53978231E-09 -0.34960361E-04 -0.83856956E-09
    4    3   -0.30593291E-03  0.15910816E-08  0.34269218E-03 -0.17776660E-09  0.21184052E-05 -0.14657955E-08
    1    4    0.15641843E-04  0.13933924E-08  0.36146585E-05 -0.74858135E-09  0.74786619E-04  0.56267928E-08
    2    4    0.25532370E-03  0.28713396E-08  0.17294878E-03  0.24433568E-08 -0.14566044E-03 -0.34287746E-08
    3    4   -0.11698660E-03  0.26122779E-08  0.79390365E-04 -0.18835857E-08  0.17477443E-03 -0.73604866E-09
    4    4   -0.81044951E-05 -0.33052218E-09 -0.20318438E-04 -0.33252293E-09 -0.34961840E-04 -0.14278097E-08

    4    0    0
    1    1    0.10369352E-03  0.45973178E-09  0.17960245E-03  0.79628188E-09 -0.27141440E-03 -0.54250869E-08
    2    1    0.77052340E-03  0.62010982E-10 -0.47262551E-03  0.14738668E-08 -0.22440238E-04  0.22206104E-09
    3    1    0.90273942E-04 -0.99066775E-09 -0.12477219E-03  0.20917848E-09 -0.18292623E-03  0.21817676E-08
    4    1   -0.91947568E-04  0.90781624E-10 -0.93933591E-04  0.73865288E-10  0.20768890E-03 -0.32262629E-08
    1    2    0.48229705E-04  0.77088446E-10  0.66569184E-04 -0.10119415E-08  0.36367159E-04 -0.39282726E-08
    2    2   -0.10369376E-03  0.60488224E-09 -0.17960286E-03  0.10476907E-08 -0.27141757E-03 -0.98949245E-09
    3    2    0.92649680E-04  0.16968531E-08 -0.90089714E-04  0.55891316E-09  0.73710187E-04 -0.32394445E-08
    4    2    0.13860545E-03 -0.64520310E-09 -0.74262692E-05 -0.64983684E-09 -0.18292080E-03  0.94880947E-08
    1    3    0.90200616E-04 -0.11520176E-08 -0.12476722E-03 -0.21523734E-08 -0.18292111E-03 -0.10054347E-08
    2    3   -0.92045701E-04 -0.18629778E-08 -0.94115694E-04 -0.26145092E-09  0.20768661E-03  0.67634513E-08
    3    3    0.10369314E-03  0.21164876E-09  0.17960179E-03  0.36657962E-09  0.27067613E-03 -0.12747967E-08
    4    3    0.77104647E-03  0.42556336E-08 -0.47267483E-03 -0.20084670E-08  0.19764455E-03  0.85239129E-09
    1    4    0.92672789E-04 -0.10304557E-08 -0.90119215E-04  0.17379356E-08  0.73713632E-04  0.41806044E-08
    2    4    0.13849599E-03  0.41847118E-08 -0.73451761E-05  0.15867034E-09 -0.18292629E-03 -0.80929654E-08
    3    4    0.48897040E-04  0.31924548E-09  0.66332827E-04 -0.19762606E-08 -0.86623501E-04  0.54287311E-09
    4    4   -0.10369396E-03 -0.48342276E-09 -0.17960321E-03 -0.83731914E-09  0.27067770E-03 -0.51008786E-08

    4    1    0
    1    1   -0.48777656E-04  0.43911297E-09 -0.10116926E-03  0.86012540E-09  0.87382746E-04 -0.42379032E-08
    2    1   -0.14281038E-03 -0.55142324E-09  0.10463080E-03 -0.34955941E-08 -0.33562025E-04  0.14011498E-07
    3    1    0.12704113E-03 -0.11121131E-08 -0.15632936E-04 -0.20749368E-08  0.79966093E-04 -0.13707186E-08
    4    1    0.70034576E-05  0.40874494E-09 -0.24466859E-04  0.24341680E-08  0.74786641E-04 -0.26113376E-08
    1    2   -0.73499756E-05  0.24615311E-09 -0.13488075E-04 -0.42560779E-08 -0.21581508E-04 -0.59100059E-09
    2    2    0.48776943E-04  0.21135421E-09  0.10116761E-03  0.39707896E-09  0.87382421E-04  0.67094167E-08
    3    2   -0.52858184E-04 -0.44768260E-08 -0.82123599E-04  0.52371756E-08 -0.63021678E-04 -0.71774845E-08
    4    2    0.81971953E-04  0.17912341E-08 -0.78249128E-04  0.44008653E-09  0.66042944E-04  0.16724586E-08
    1    3    0.12704866E-03 -0.11676654E-08 -0.15546692E-04 -0.19516480E-08  0.66044618E-04  0.44494176E-08
    2    3    0.70193415E-05  0.13641193E-08 -0.24434066E-04 -0.24383619E-08  0.74781048E-04 -0.55168021E-10
    3    3   -0.48897947E-04  0.15566039E-08 -0.10142423E-03  0.31253229E-08 -0.86284019E-04  0.63155113E-08
    4    3   -0.14303752E-03  0.10719679E-08  0.10471650E-03  0.28136907E-08  0.17477270E-03  0.46070126E-09
    1    4   -0.52942036E-04  0.22116620E-08 -0.82354012E-04 -0.18087432E-08 -0.63020033E-04  0.41301316E-08
    2    4    0.81976286E-04  0.10918591E-09 -0.78167892E-04 -0.44218825E-09  0.79968062E-04 -0.10925592E-07
    3    4   -0.73546067E-05  0.20440261E-08 -0.13496846E-04  0.76048519E-09  0.19004608E-03  0.29666642E-08
    4    4    0.48897300E-04  0.49622503E-09  0.10142272E-03  0.82196150E-09 -0.86298122E-04 -0.11145214E-07

    4    2    0
    1    1    0.92110113E-05  0.89838890E-09  0.15953734E-04  0.16288603E-08 -0.70119835E-04 -0.40544501E-08
    2    1    0.12316925E-03 -0.85954562E-09 -0.82528904E-04  0.72643129E-09 -0.53975143E-05  0.55627172E-08
    3    1    0.98219002E-04 -0.15135527E-08  0.17011796E-03 -0.19049971E-08 -0.41721241E-03  0.54379016E-08
    4    1    0.30284994E-04 -0.11700545E-08 -0.30927354E-04 -0.93580357E-09  0.67951925E-04  0.49331062E-08
    1    2    0.18347889E-04 -0.24327142E-08  0.83067411E-04 -0.12560199E-08 -0.63885108E-04 -0.15222249E-08
    2    2   -0.92112606E-05  0.27160930E-09 -0.15953820E-04  0.65101352E-09 -0.70113082E-04  0.42593044E-08
    3    2   -0.24251402E-03  0.37276394E-08  0.69061869E-04 -0.17204262E-08  0.95577160E-04 -0.15340517E-08
    4    2    0.81944192E-05  0.14763374E-08 -0.79541309E-04  0.29978841E-09 -0.11213992E-03  0.19698879E-08
    1    3    0.98287316E-04 -0.16148339E-08  0.17024193E-03  0.13820484E-08 -0.11213397E-03 -0.42291641E-08
    2    3    0.30293201E-04  0.20732056E-08 -0.30958303E-04 -0.57409400E-09  0.67947498E-04 -0.44683704E-08
    3    3    0.91004251E-05 -0.51107957E-09  0.15762129E-04 -0.36163587E-09  0.69376184E-04 -0.34358522E-08
    4    3    0.12320537E-03 -0.54802364E-09 -0.82508263E-04  0.48319992E-09  0.32186631E-04  0.27805533E-09
    1    4   -0.24247451E-03  0.15514128E-08  0.69090406E-04  0.84935378E-10  0.95575704E-04  0.50367853E-09
    2    4    0.81069836E-05  0.92153922E-09 -0.79637100E-04 -0.28964617E-08 -0.41721228E-03 -0.63130785E-08
    3    4    0.19296553E-04 -0.19816786E-08  0.82736647E-04  0.17609422E-08 -0.43589205E-04 -0.10867035E-08
    4    4   -0.91012934E-05 -0.56082832E-09 -0.15763555E-04 -0.74521401E-09  0.69358132E-04 -0.10261271E-07

    5   -5    0
    1    1   -0.21447795E-04  0.33328209E-18  0.16548923E-14  0.13342659E-18  0.20902779E-03  0.54537710E-19
    2    1   -0.81955333E-04 -0.10958574E-08  0.11948389E-08 -0.29715874E-08 -0.15160914E-03  0.10706308E-07
    3    1   -0.86413063E-04  0.93637994E-09 -0.19650693E-08  0.23516144E-08 -0.11879270E-04 -0.33336417E-08
    4    1   -0.50036905E-04  0.14978796E-08  0.47630962E-08  0.65111263E-09 -0.10017819E-03 -0.76520952E-08
    1    2    0.49762587E-04  0.13270204E-08 -0.11948416E-08 -0.29715993E-08 -0.15160914E-03 -0.10706308E-07
    2    2    0.21447842E-04 -0.51022066E-16  0.15421692E-14 -0.13342553E-18  0.20901601E-03  0.54527770E-19
    3    2    0.35505962E-04 -0.19737644E-08 -0.14819274E-08  0.30858029E-08 -0.10018150E-03 -0.25053089E-08
    4    2    0.89729095E-04 -0.12986817E-08 -0.84591429E-09  0.16896469E-09 -0.11874568E-04  0.10027677E-07
    1    3   -0.86455908E-04 -0.71754671E-10  0.19650678E-08  0.23516133E-08 -0.11879270E-04  0.33336409E-08
    2    3   -0.50041702E-04  0.13000506E-08  0.14819262E-08  0.30858010E-08 -0.10018150E-03  0.25053084E-08
    3    3   -0.22062911E-04  0.33335110E-18  0.64202319E-14  0.13341866E-18 -0.20773162E-03 -0.12675176E-15
    4    3   -0.82057613E-04 -0.25312262E-08 -0.11634250E-08  0.22421976E-08 -0.11250607E-03 -0.24245696E-08
    1    4    0.35554086E-04 -0.19015980E-08 -0.47630979E-08  0.65111453E-09 -0.10017819E-03  0.76520949E-08
    2    4    0.89764057E-04  0.27138605E-09  0.84591202E-09  0.16896597E-09 -0.11874568E-04 -0.10027676E-07
    3    4    0.49902160E-04  0.22516414E-08  0.11634223E-08  0.22421958E-08 -0.11250607E-03  0.24245699E-08
    4    4    0.22063917E-04 -0.51022139E-16  0.62953115E-14 -0.13341765E-18 -0.20771336E-03 -0.12675176E-15

    5   -4    0
    1    1    0.11200227E-03 -0.79618005E-09  0.83418723E-05 -0.10918093E-10  0.87388838E-04 -0.32665530E-08
    2    1    0.10886484E-03  0.94059114E-09 -0.15487187E-04  0.65112070E-09  0.36374127E-04  0.90947797E-08
    3    1   -0.23315342E-04 -0.15182622E-08 -0.11863292E-03 -0.27737362E-08  0.66033218E-04  0.20777851E-08
    4    1   -0.39538421E-04  0.40631176E-09 -0.13665909E-03  0.65646212E-10  0.73700911E-04 -0.39628778E-08
    1    2   -0.80070421E-05 -0.22685389E-08 -0.15338215E-03 -0.16328235E-08 -0.54061075E-05 -0.11740797E-07
    2    2   -0.11200375E-03 -0.98432078E-09 -0.83419003E-05  0.88576826E-11  0.87373671E-04  0.41788382E-08
    3    2    0.13795891E-05  0.29335782E-08 -0.42827764E-04  0.20613621E-08  0.67949870E-04 -0.69146802E-09
    4    2    0.45371236E-04 -0.49403125E-10 -0.11807557E-03 -0.51967636E-08  0.79980012E-04  0.89655413E-08
    1    3   -0.23243354E-04  0.17565338E-09 -0.11862893E-03  0.90209211E-09  0.79977960E-04  0.28549579E-08
    2    3   -0.39561675E-04  0.19689790E-08 -0.13666996E-03 -0.28253748E-08  0.73706623E-04 -0.46336802E-08
    3    3    0.11228347E-03 -0.54926536E-09  0.83651540E-05 -0.17709110E-09 -0.86289358E-04  0.12055624E-07
    4    3    0.10906692E-03 -0.27021633E-08 -0.16265982E-04  0.16993273E-08 -0.86624151E-04 -0.29022231E-09
    1    4    0.13578879E-05 -0.13261143E-08 -0.42831386E-04  0.35132138E-08  0.67951325E-04  0.58300278E-08
    2    4    0.45443427E-04 -0.28394150E-10 -0.11803838E-03 -0.38325630E-08  0.66044310E-04 -0.96188847E-08
    3    4   -0.80062477E-05 -0.14260747E-08 -0.15340261E-03 -0.19212833E-08  0.32182462E-04  0.33689342E-08
    4    4   -0.11228337E-03  0.24870840E-08 -0.83650929E-05  0.10123182E-09 -0.86281450E-04 -0.12947122E-07

    5   -3    0
    1    1   -0.12250529E-04  0.47403333E-09 -0.99188552E-05  0.37404401E-09  0.11324452E-03 -0.28083325E-08
    2    1   -0.15299927E-03 -0.33665762E-08  0.44936786E-03 -0.46853884E-09 -0.38419911E-04  0.41841441E-08
    3    1    0.68846659E-04 -0.10027397E-08  0.11392308E-03 -0.68639701E-09  0.80767242E-04  0.31156081E-09
    4    1    0.95130631E-04  0.19487298E-08 -0.53661311E-04 -0.24656211E-09 -0.38093298E-04 -0.30175149E-08
    1    2   -0.27223737E-04  0.97189728E-09  0.13740889E-04  0.11425417E-08 -0.22334662E-03 -0.82386104E-08
    2    2    0.12250155E-04  0.14169159E-08  0.99185261E-05 -0.46730546E-10  0.11323196E-03  0.10852826E-07
    3    2   -0.36200351E-04 -0.66489832E-09  0.52069970E-04 -0.31431069E-09 -0.13518112E-03 -0.52508471E-08
    4    2   -0.12851211E-03 -0.32020936E-08  0.60812369E-04 -0.14132843E-08  0.11266825E-03  0.10780930E-09
    1    3    0.68777380E-04 -0.25821933E-08  0.11393415E-03  0.20371123E-08  0.11266263E-03  0.48472897E-08
    2    3    0.95370499E-04  0.10066963E-09 -0.53656710E-04  0.52957106E-08 -0.38080577E-04 -0.56557011E-09
    3    3   -0.12695393E-04 -0.20900735E-08 -0.10064418E-04 -0.43579321E-09 -0.11225623E-03  0.23385134E-08
    4    3   -0.15338641E-03  0.65938322E-09  0.45000646E-03 -0.20222128E-08 -0.25775673E-04 -0.16320666E-08
    1    4   -0.36098175E-04 -0.21241797E-09  0.51989927E-04  0.51340535E-09 -0.13518652E-03  0.74136398E-08
    2    4   -0.12877029E-03  0.12799270E-08  0.60829678E-04 -0.19866511E-08  0.80768998E-04 -0.78739406E-08
    3    4   -0.27261535E-04  0.24651653E-08  0.13836061E-04 -0.14970293E-08 -0.11323746E-03  0.11818442E-08
    4    4    0.12695867E-04  0.15438867E-08  0.10064903E-04  0.26930337E-09 -0.11226235E-03 -0.99853462E-08

    5   -2    0
    1    1    0.14717117E-04 -0.57446102E-09  0.56514154E-05 -0.12925636E-09  0.11323940E-03 -0.73005131E-09
    2    1   -0.49525809E-04  0.69856612E-09  0.85782656E-04 -0.48415774E-09 -0.26162038E-03  0.71893750E-09
    3    1   -0.13308161E-03  0.36389272E-10 -0.26607476E-05 -0.63965611E-09  0.80769206E-04  0.98129105E-09
    4    1    0.74010416E-04 -0.21545961E-08 -0.12819308E-03  0.52986851E-08 -0.40720030E-04  0.21515576E-09
    1    2    0.11033166E-03 -0.54460270E-09 -0.63544747E-04 -0.18385031E-09 -0.53964550E-05 -0.35312788E-08
    2    2   -0.14716249E-04 -0.36914492E-09 -0.56504981E-05 -0.51648703E-09  0.11323278E-03  0.97058121E-08
    3    2    0.39909056E-04 -0.24188160E-09 -0.57006522E-05  0.17685660E-08  0.67947196E-04 -0.69108935E-08
    4    2    0.45529084E-04  0.13569494E-08  0.12527863E-03  0.35741016E-09  0.11267122E-03  0.47615831E-08
    1    3   -0.13306035E-03 -0.20050866E-08 -0.25984345E-05  0.16115975E-08  0.11266434E-03  0.30270538E-09
    2    3    0.73990619E-04  0.30148574E-08 -0.12815637E-03 -0.28108584E-08 -0.40715959E-04 -0.47940913E-09
    3    3    0.15066363E-04 -0.59151971E-09  0.59645824E-05 -0.39813426E-09 -0.11224820E-03  0.69492172E-08
    4    3   -0.48932063E-04 -0.25032412E-08  0.84753290E-04 -0.52958750E-09 -0.13127737E-04 -0.39770563E-08
    1    4    0.39956229E-04  0.15012865E-09 -0.56894512E-05  0.10940745E-08  0.67951808E-04  0.44315871E-08
    2    4    0.45590669E-04  0.55902911E-09  0.12549483E-03  0.52585318E-09  0.80765402E-04 -0.35749958E-08
    3    4    0.11031999E-03 -0.88762952E-09 -0.63593048E-04 -0.80845624E-09  0.32182561E-04 -0.55804075E-09
    4    4   -0.15065526E-04 -0.41455708E-09 -0.59637304E-05 -0.82080397E-09 -0.11225741E-03 -0.18862107E-09

    5   -1    0
    1    1   -0.63225552E-04  0.93345327E-09 -0.92826396E-04  0.11014763E-08  0.87378459E-04 -0.13637929E-08
    2    1   -0.31266658E-03  0.36585573E-08  0.35718494E-03 -0.26257924E-08 -0.38412960E-04  0.15383714E-08
    3    1    0.11439593E-03 -0.33160920E-08 -0.39119742E-04 -0.25832511E-09  0.66041237E-04  0.77798728E-08
    4    1   -0.10950862E-05  0.12343031E-08 -0.10921349E-03 -0.50371595E-10 -0.38089637E-04 -0.24860700E-08
    1    2   -0.40166298E-04 -0.11349403E-08 -0.84306894E-04  0.14303621E-08 -0.15160339E-03 -0.71828153E-09
    2    2    0.63226411E-04 -0.62151996E-10  0.92827541E-04 -0.17382414E-09  0.87376618E-04 -0.79710835E-09
    3    2   -0.23011756E-04  0.29826872E-08 -0.49319736E-04  0.13854154E-08 -0.10018261E-03 -0.72486121E-09
    4    2    0.63456946E-04  0.17598285E-08 -0.98479166E-04 -0.27969526E-09  0.79979758E-04  0.62077008E-08
    1    3    0.11435983E-03  0.21932288E-08 -0.39182761E-04 -0.20975537E-08  0.79979635E-04 -0.96395630E-09
    2    3   -0.12172515E-05 -0.30092185E-08 -0.10942222E-03  0.13949285E-08 -0.38090904E-04  0.20221124E-08
    3    3   -0.63386014E-04  0.11397404E-08 -0.93057539E-04  0.16107108E-08 -0.86281114E-04  0.15501503E-08
    4    3   -0.31302364E-03  0.12549304E-08  0.35783607E-03  0.30735397E-09 -0.25777250E-04 -0.68562809E-09
    1    4   -0.22909731E-04  0.14025996E-08 -0.49361333E-04 -0.16364272E-08 -0.10017650E-03 -0.39768281E-08
    2    4    0.63352919E-04  0.10721076E-08 -0.98512992E-04 -0.23695898E-08  0.66038997E-04 -0.50616152E-08
    3    4   -0.40188514E-04 -0.18300428E-08 -0.84378530E-04  0.11181597E-08 -0.11250685E-03  0.22524114E-08
    4    4    0.63387491E-04 -0.91010197E-09  0.93059774E-04 -0.13210163E-08 -0.86294887E-04 -0.10496378E-09

    5    0    0
    1    1    0.10723957E-04  0.14942144E-17  0.18574438E-04  0.25880333E-17  0.20902384E-03  0.23176146E-18
    2    1   -0.41026365E-04 -0.32962303E-09 -0.10202123E-03  0.10312016E-08  0.36379461E-04  0.12328924E-08
    3    1    0.43206640E-04  0.28582901E-09  0.74836385E-04 -0.36063001E-08 -0.11878377E-04 -0.15327521E-09
    4    1    0.13812754E-03 -0.10206655E-08 -0.34093454E-04  0.34569355E-09  0.73704025E-04 -0.33789295E-08
    1    2    0.32516540E-04  0.94694684E-10  0.87281780E-04  0.17661507E-08  0.36379461E-04 -0.12328927E-08
    2    2   -0.10720485E-04 -0.88461365E-16 -0.18568425E-04 -0.25880392E-17  0.20902567E-03  0.23176253E-18
    3    2   -0.13472575E-03  0.61330236E-09  0.39993633E-04 -0.32696462E-08  0.73704112E-04 -0.43546026E-08
    4    2   -0.39503809E-04  0.12548171E-09 -0.68432714E-04  0.18655195E-08 -0.11881684E-04  0.52757239E-08
    1    3    0.43227967E-04  0.30519483E-08  0.74872746E-04  0.11847610E-08 -0.11878377E-04  0.15327598E-09
    2    3    0.13814330E-03  0.25579426E-08 -0.34074272E-04  0.98570140E-10  0.73704112E-04  0.43546030E-08
    3    3    0.11031916E-04  0.14946946E-17  0.19107839E-04  0.25888681E-17 -0.20772544E-03 -0.21760904E-15
    4    3   -0.40450834E-04  0.94918451E-09 -0.10258572E-03 -0.31384559E-08 -0.86624659E-04 -0.21741149E-09
    1    4   -0.13473254E-03 -0.21737472E-08  0.39973758E-04 -0.16515032E-08  0.73704025E-04  0.33789297E-08
    2    4   -0.39533309E-04  0.77528274E-10 -0.68463591E-04  0.17824593E-08 -0.11881684E-04 -0.52757239E-08
    3    4    0.31918074E-04  0.37264656E-08  0.87806547E-04  0.16719259E-08 -0.86624659E-04  0.21741119E-09
    4    4   -0.11032171E-04 -0.88461847E-16 -0.19108281E-04 -0.25888759E-17 -0.20773980E-03 -0.21760905E-15

    6   -4    0
    1    1   -0.18423283E-04  0.10638216E-08 -0.77297940E-10 -0.73167214E-09 -0.70111731E-04 -0.34235143E-08
    2    1   -0.35946766E-04 -0.29033402E-10 -0.72610846E-09  0.35635243E-08 -0.21586418E-04  0.91532259E-08
    3    1   -0.43256613E-04  0.36965487E-09  0.11033357E-08  0.14152815E-08 -0.11213796E-03 -0.44138364E-09
    4    1   -0.11779270E-03  0.16938788E-08 -0.12530568E-08  0.97465027E-09 -0.63024655E-04 -0.29432439E-08
    1    2   -0.21077132E-04  0.20459344E-08  0.18192840E-08 -0.74498786E-09  0.60812035E-04 -0.57650311E-08
    2    2    0.18422989E-04  0.15733553E-08  0.62011406E-10 -0.28995980E-09 -0.70114382E-04  0.59212336E-08
    3    2    0.77029180E-05 -0.22183317E-08 -0.97037589E-10  0.11526227E-08  0.12058175E-03 -0.10106584E-07
    4    2    0.15998417E-03 -0.17261139E-08 -0.31782870E-08 -0.19014245E-09 -0.41721214E-03  0.91717746E-09
    1    3   -0.43407286E-04  0.13434792E-08 -0.80485036E-09 -0.16232478E-08 -0.41721035E-03  0.71073040E-08
    2    3   -0.11803016E-03 -0.23142336E-08  0.57403800E-09 -0.25235332E-08 -0.63021846E-04 -0.59203993E-09
    3    3   -0.18203403E-04 -0.73367312E-10  0.10474584E-09 -0.13978269E-09  0.69369132E-04  0.15079182E-07
    4    3   -0.35944519E-04  0.18131502E-08 -0.19461417E-09 -0.10370638E-08  0.19004655E-03 -0.33290991E-08
    1    4    0.77906880E-05 -0.23388954E-08  0.28623274E-08 -0.73194552E-09  0.12058895E-03  0.65513744E-08
    2    4    0.16005351E-03  0.49711779E-09  0.74618505E-10 -0.18619172E-08 -0.11213315E-03 -0.58052624E-08
    3    4   -0.21129034E-04  0.28549706E-09 -0.48129994E-09 -0.83386928E-09  0.74066623E-04  0.87349116E-09
    4    4    0.18200737E-04  0.12828678E-08 -0.19993581E-09  0.15934704E-10  0.69359918E-04 -0.13494412E-07

    6   -3    0
    1    1   -0.72435256E-05 -0.97324373E-09  0.12544351E-04 -0.89278841E-09  0.97885368E-05 -0.68926170E-08
    2    1    0.93205937E-04 -0.15073871E-08 -0.32816681E-04  0.40113489E-08 -0.63893093E-04  0.20460756E-08
    3    1    0.17622744E-04 -0.40342391E-09 -0.30522440E-04  0.15052298E-08 -0.58104913E-04  0.33069304E-08
    4    1   -0.60505670E-04  0.17476969E-08 -0.23379529E-03 -0.34700623E-08  0.95575331E-04  0.39528428E-08
    1    2    0.25762672E-04  0.74196033E-09  0.42555297E-04 -0.47904945E-09  0.60818148E-04 -0.13699104E-08
    2    2    0.72434380E-05  0.29205595E-09 -0.12545033E-04  0.42568605E-09  0.97914132E-05  0.10009157E-07
    3    2    0.72682275E-06  0.74078888E-09 -0.43358832E-05  0.16329263E-08  0.12058133E-03 -0.87548670E-08
    4    2    0.45044927E-04  0.10384937E-08 -0.53531774E-04  0.10533210E-08  0.85365103E-04 -0.72478913E-09
    1    3    0.17685353E-04  0.17395307E-08 -0.30633858E-04 -0.34147538E-09  0.85362940E-04  0.94922009E-09
    2    3   -0.60495470E-04 -0.41963300E-10 -0.23384558E-03  0.14575780E-09  0.95580596E-04 -0.27819055E-08
    3    3   -0.72298350E-05 -0.15517666E-08  0.12521926E-04 -0.35468881E-09 -0.89403539E-05  0.73040041E-08
    4    3    0.93392730E-04  0.20491263E-09 -0.31862680E-04 -0.20345284E-09 -0.43586666E-04 -0.18827505E-09
    1    4    0.65725623E-06 -0.16822391E-08 -0.43852950E-05  0.90943759E-09  0.12058882E-03  0.26487449E-08
    2    4    0.45057441E-04  0.21964446E-08 -0.53475161E-04  0.52956309E-08 -0.58107735E-04 -0.53376295E-08
    3    4    0.25772735E-04  0.17385451E-08  0.42605013E-04 -0.84434827E-09  0.74066110E-04  0.10105852E-08
    4    4    0.72290246E-05 -0.18221678E-08 -0.12522930E-04 -0.15294551E-08 -0.89574964E-05 -0.52454451E-08
