 written on  4Feb2026 at 16:32:24 
   2.1304224930000002       -1.2300000000000000        0.0000000000000000     
   2.1304224930000002        1.2300000000000000        0.0000000000000000     
   0.0000000000000000        0.0000000000000000        15.000000000000000     
           4
         105
    1    2    2    1    1    1    1    2    1    1    1    1    1    1    1
    1    2    1    1    1    1    1    1    1    1    1    1    1    1    1
    1    1    1    1    1    1    1    1    1    1    1    1    1    1    1
    1    1    2    1    1    1    1    1    1    1    1    1    2    1    1
    1    1    1    1    1    1    1    1    1    1    1    1    1    1    1
    1    1    1    1    1    1    1    1    1    1    1    1    1    2    1
    1    1    1    1    1    1    1    2    1    1    1    1    2    2    1

   -6    3    0
    1    1   -0.33782118E-04  0.33609849E-08
    2    1    0.16627014E-03  0.92138209E-08
    3    1    0.71327954E-04 -0.98148623E-08
    4    1   -0.71724041E-04  0.92846653E-08
    1    2   -0.22735513E-03 -0.10049213E-07
    2    2    0.89257782E-05 -0.53605652E-08
    3    2   -0.28098706E-03  0.36145582E-08
    4    2    0.71712986E-04  0.56752558E-08
    1    3    0.75754452E-04 -0.80555234E-09
    2    3    0.18493028E-03 -0.21050765E-08
    3    3    0.87518032E-05  0.97270615E-08
    4    3    0.16597728E-03 -0.35007801E-08
    1    4   -0.12359649E-03 -0.66917925E-09
    2    4    0.75810479E-04  0.55621865E-08
    3    4   -0.22791489E-03 -0.57305844E-08
    4    4   -0.33956568E-04  0.12975716E-07

   -6    4    0
    1    1   -0.81413419E-04 -0.19359451E-08
    2    1    0.16626836E-03 -0.18205142E-08
    3    1    0.71332131E-04  0.40630777E-09
    4    1    0.94679748E-04 -0.32923165E-08
    1    2    0.60248861E-03  0.71517396E-08
    2    2    0.33582212E-04 -0.33970945E-08
    3    2    0.27506991E-04 -0.35912281E-09
    4    2    0.71720036E-04  0.49124381E-08
    1    3   -0.27178408E-03 -0.13979936E-07
    2    3   -0.32648388E-03  0.34638417E-08
    3    3    0.34692120E-04  0.80629164E-08
    4    3    0.16596833E-03 -0.26499524E-08
    1    4    0.34656205E-03  0.28261891E-08
    2    4   -0.27116977E-03  0.53663641E-08
    3    4    0.60166645E-03  0.10150911E-07
    4    4   -0.80830882E-04 -0.76727625E-08

   -5    0    0
    1    1    0.52903544E-03  0.12202893E-15
    2    1   -0.49129968E-03  0.31893987E-08
    3    1    0.38013504E-04  0.17607845E-08
    4    1    0.59755473E-04  0.20006143E-08
    1    2   -0.49129968E-03 -0.31893993E-08
    2    2   -0.10595571E-03  0.10926706E-15
    3    2    0.24082397E-03 -0.96331835E-08
    4    2    0.37997831E-04 -0.13934215E-07
    1    3    0.38013504E-04 -0.17607845E-08
    2    3    0.24082397E-03  0.96331835E-08
    3    3   -0.10707190E-03  0.10269057E-15
    4    3   -0.49100389E-03  0.61179836E-08
    1    4    0.59755473E-04 -0.20006143E-08
    2    4    0.37997831E-04  0.13934215E-07
    3    4   -0.49100389E-03 -0.61179844E-08
    4    4    0.52857693E-03  0.11852996E-15

   -5    1    0
    1    1   -0.24685196E-03 -0.53405466E-08
    2    1    0.90805871E-04 -0.13901685E-07
    3    1    0.18984929E-03  0.89016890E-08
    4    1   -0.40048522E-03 -0.67192373E-08
    1    2    0.35720009E-03  0.14650767E-07
    2    2   -0.21763348E-03  0.33638150E-08
    3    2   -0.12681060E-03 -0.13605442E-08
    4    2    0.18962102E-03  0.18972874E-08
    1    3    0.46870821E-04 -0.85124445E-08
    2    3    0.15618104E-03  0.37192914E-08
    3    3   -0.21748812E-03  0.30349907E-08
    4    3    0.91503871E-04 -0.81433577E-08
    1    4   -0.37766404E-03 -0.23409113E-08
    2    4    0.46498293E-04  0.20048093E-08
    3    4    0.35780699E-03  0.26047056E-08
    4    4   -0.24677328E-03  0.68346835E-09

   -5    2    0
    1    1    0.24679598E-03 -0.69753927E-09
    2    1    0.14104920E-03 -0.51000637E-08
    3    1   -0.44325224E-03  0.94055795E-08
    4    1    0.27629917E-03  0.37887840E-08
    1    2   -0.58597625E-03 -0.12489057E-08
    2    2    0.98669586E-04 -0.74329562E-08
    3    2    0.44090277E-03  0.49095815E-08
    4    2   -0.44341012E-03 -0.97930082E-08
    1    3    0.21556044E-03 -0.49131087E-08
    2    3   -0.30029058E-04  0.10050647E-07
    3    3    0.98062325E-04 -0.89303796E-09
    4    3    0.14111619E-03  0.60271883E-08
    1    4   -0.37767040E-03 -0.94507102E-08
    2    4    0.21563863E-03 -0.14906193E-08
    3    4   -0.58626421E-03  0.55722552E-08
    4    4    0.24660793E-03 -0.23608042E-08

   -5    3    0
    1    1    0.24679205E-03 -0.62642257E-08
    2    1   -0.54095859E-03 -0.62028009E-08
    3    1    0.40400572E-03  0.49101378E-08
    4    1   -0.71721797E-04 -0.88624359E-08
    1    2    0.35719678E-03  0.40315308E-08
    2    2    0.98677018E-04  0.18328997E-08
    3    2    0.44089808E-03  0.13940757E-08
    4    2    0.40371599E-03  0.12125302E-08
    1    3    0.46855381E-04 -0.63628648E-08
    2    3   -0.30032347E-04  0.27799691E-08
    3    3    0.98068645E-04  0.51587289E-08
    4    3   -0.54076176E-03 -0.38374604E-08
    1    4    0.59765753E-04  0.11727034E-07
    2    4    0.46498723E-04  0.68239860E-08
    3    4    0.35779871E-03 -0.82570503E-09
    4    4    0.24661841E-03  0.94182518E-08

   -5    4    0
    1    1   -0.24686409E-03  0.36331046E-08
    2    1    0.14105280E-03  0.22350964E-08
    3    1   -0.44324170E-03  0.14939755E-08
    4    1   -0.71725405E-04 -0.32529439E-08
    1    2   -0.49128985E-03 -0.33423716E-08
    2    2   -0.21764046E-03 -0.14746276E-08
    3    2   -0.12680283E-03  0.16368532E-08
    4    2   -0.44341908E-03  0.18679816E-08
    1    3    0.38015224E-04 -0.47392956E-08
    2    3    0.15617805E-03 -0.35383808E-08
    3    3   -0.21748988E-03 -0.13697071E-08
    4    3    0.14112678E-03  0.16224010E-08
    1    4   -0.40047987E-03 -0.27757433E-09
    2    4    0.38009260E-04  0.76866800E-08
    3    4   -0.49100155E-03 -0.52113151E-08
    4    4   -0.24677559E-03 -0.76559720E-08

   -5    5    0
    1    1    0.52905246E-03  0.53126369E-16
    2    1    0.90806305E-04  0.98369506E-09
    3    1    0.18983940E-03  0.25061016E-08
    4    1    0.27629974E-03 -0.93361510E-09
    1    2    0.90806305E-04 -0.98369524E-09
    2    2   -0.10595557E-03  0.43886532E-16
    3    2    0.24081975E-03 -0.66273529E-08
    4    2    0.18962508E-03 -0.11890894E-07
    1    3    0.18983940E-03 -0.25061016E-08
    2    3    0.24081975E-03  0.66273529E-08
    3    3   -0.10706860E-03  0.40011127E-16
    4    3    0.91487610E-04  0.27429448E-08
    1    4    0.27629974E-03  0.93361510E-09
    2    4    0.18962508E-03  0.11890894E-07
    3    4    0.91487610E-04 -0.27429450E-08
    4    4    0.52859133E-03  0.49528207E-16

   -4   -2    0
    1    1   -0.81409369E-04  0.29821734E-08
    2    1   -0.22734930E-03 -0.61293182E-08
    3    1    0.75760308E-04  0.13896258E-07
    4    1    0.53680782E-03  0.62946768E-08
    1    2    0.14104651E-03 -0.22790519E-08
    2    2    0.33577922E-04  0.35730247E-08
    3    2   -0.32647746E-03 -0.10537828E-08
    4    2    0.75797287E-04 -0.70844255E-08
    1    3   -0.44324528E-03  0.42626883E-08
    2    3    0.27509918E-04 -0.29519287E-08
    3    3    0.34697069E-04 -0.43934421E-08
    4    3   -0.22790334E-03 -0.33760755E-08
    1    4    0.44563731E-03  0.10111912E-07
    2    4   -0.44340858E-03  0.48362615E-08
    3    4    0.14111464E-03  0.85622100E-08
    4    4   -0.80820934E-04  0.40953491E-08

   -4   -1    0
    1    1   -0.24687597E-03 -0.39998894E-08
    2    1    0.60248824E-03  0.16152394E-08
    3    1   -0.27177974E-03 -0.18446772E-08
    4    1   -0.12360403E-03  0.21746876E-08
    1    2    0.28265534E-03 -0.19042322E-07
    2    2   -0.21765370E-03  0.95333043E-09
    3    2    0.15617673E-03 -0.25983781E-08
    4    2   -0.27118346E-03 -0.56121360E-08
    1    3    0.27673892E-03  0.11467191E-07
    2    3   -0.12680713E-03  0.24551509E-08
    3    3   -0.21747160E-03 -0.97868912E-08
    4    3    0.60165945E-03  0.16599036E-08
    1    4   -0.16591344E-03 -0.83169858E-08
    2    4    0.27723470E-03 -0.44058830E-08
    3    4    0.28170650E-03  0.69010316E-08
    4    4   -0.24677506E-03 -0.54673198E-08

   -4    0    0
    1    1    0.59709894E-05  0.73512407E-08
    2    1   -0.49126418E-03  0.10577257E-07
    3    1    0.38004273E-04  0.10557788E-07
    4    1    0.34657311E-03 -0.80126251E-09
    1    2    0.95715367E-03 -0.47984699E-08
    2    2    0.44642817E-03  0.11955290E-07
    3    2   -0.32663101E-03 -0.56922623E-08
    4    2    0.38021981E-04 -0.15072577E-07
    1    3   -0.40198306E-03  0.28902365E-08
    2    3   -0.32664077E-03 -0.55263737E-09
    3    3    0.44678538E-03 -0.73493867E-08
    4    3   -0.49102138E-03 -0.28712031E-08
    1    4    0.87086089E-03 -0.89739148E-08
    2    4   -0.40238131E-03  0.26447429E-08
    3    4    0.95804320E-03  0.70171833E-08
    4    4    0.60066522E-05 -0.51157414E-08

   -4    1    0
    1    1    0.52107662E-04  0.14792266E-09
    2    1    0.28266298E-03 -0.29121955E-08
    3    1    0.27673832E-03  0.53837101E-08
    4    1   -0.40048699E-03 -0.36716763E-08
    1    2   -0.18768997E-02 -0.13084891E-07
    2    2    0.19992724E-03 -0.50537744E-08
    3    2   -0.27515030E-03  0.28423669E-08
    4    2    0.27723637E-03 -0.12814394E-07
    1    3    0.30935490E-03  0.19524628E-07
    2    3    0.23392171E-03  0.12408568E-07
    3    3    0.19997497E-03 -0.78944334E-08
    4    3    0.28170384E-03  0.10504609E-07
    1    4   -0.14067009E-02  0.98869869E-09
    2    4    0.30971593E-03 -0.10355099E-07
    3    4   -0.18778326E-02  0.11868928E-07
    4    4    0.52000306E-04 -0.59758077E-08

   -4    2    0
    1    1    0.12946260E-02  0.70169291E-08
    2    1   -0.50305874E-03  0.46958968E-08
    3    1   -0.34778713E-04  0.50506049E-08
    4    1    0.44562186E-03 -0.52334585E-08
    1    2   -0.18769108E-02 -0.14942047E-07
    2    2    0.12536117E-02  0.13665819E-07
    3    2   -0.30601031E-03  0.31389382E-08
    4    2   -0.34670046E-04 -0.91325561E-08
    1    3    0.30936255E-03  0.14530118E-07
    2    3   -0.84835823E-03 -0.50177565E-08
    3    3    0.12544624E-02 -0.10592826E-07
    4    3   -0.50314197E-03 -0.75154729E-08
    1    4    0.87086365E-03  0.89379831E-08
    2    4    0.30972774E-03 -0.18547863E-08
    3    4   -0.18778389E-02  0.17088343E-07
    4    4    0.12954425E-02 -0.10151972E-07

   -4    3    0
    1    1    0.52121307E-04  0.68714572E-08
    2    1   -0.50305981E-03  0.32500219E-08
    3    1   -0.34769128E-04 -0.10098654E-08
    4    1   -0.43454071E-03  0.76411394E-08
    1    2    0.95715821E-03 -0.40321554E-08
    2    2    0.19992107E-03  0.40282907E-08
    3    2   -0.27514574E-03  0.11317948E-08
    4    2   -0.34672258E-04  0.15131397E-08
    1    3   -0.40199362E-03 -0.12314745E-07
    2    3    0.23392546E-03 -0.57970926E-08
    3    3    0.19998103E-03 -0.47056522E-08
    4    3   -0.50314158E-03 -0.60497214E-08
    1    4   -0.16590491E-03 -0.10718140E-07
    2    4   -0.40237754E-03 -0.89632806E-08
    3    4    0.95805190E-03  0.21219061E-08
    4    4    0.51996781E-04  0.29234809E-08

   -4    4    0
    1    1    0.59593933E-05  0.23237610E-08
    2    1    0.28266198E-03 -0.50575776E-08
    3    1    0.27674444E-03  0.10925456E-07
    4    1    0.44562491E-03 -0.91516093E-08
    1    2    0.28265107E-03 -0.38630600E-08
    2    2    0.44643879E-03  0.25984948E-08
    3    2   -0.32664911E-03 -0.26813557E-08
    4    2    0.27723551E-03 -0.10001992E-07
    1    3    0.27674260E-03  0.21305287E-09
    2    3   -0.32664153E-03 -0.15034855E-08
    3    3    0.44677576E-03 -0.21029813E-08
    4    3    0.28170265E-03  0.69743620E-08
    1    4    0.44562984E-03  0.69873257E-08
    2    4    0.27723578E-03 -0.44482497E-08
    3    4    0.28170212E-03  0.16642300E-07
    4    4    0.60027176E-05  0.34274705E-08

   -4    5    0
    1    1   -0.24686078E-03  0.27470452E-08
    2    1   -0.49127792E-03 -0.12036833E-08
    3    1    0.38004739E-04 -0.92581880E-09
    4    1   -0.40048634E-03  0.64574037E-08
    1    2    0.14105425E-03 -0.16511427E-07
    2    2   -0.21766280E-03  0.30151931E-08
    3    2    0.15618127E-03  0.29671051E-08
    4    2    0.38015626E-04 -0.63078958E-08
    1    3   -0.44324840E-03  0.10847897E-07
    2    3   -0.12680541E-03 -0.61464470E-08
    3    3   -0.21746502E-03  0.94303235E-09
    4    3   -0.49101403E-03  0.25199691E-08
    1    4   -0.71716364E-04 -0.52045655E-08
    2    4   -0.44341953E-03 -0.64637124E-08
    3    4    0.14112118E-03  0.12963477E-07
    4    4   -0.24677783E-03 -0.20134913E-08

   -4    6    0
    1    1   -0.81413419E-04  0.19359451E-08
    2    1    0.60248861E-03 -0.71517396E-08
    3    1   -0.27178408E-03  0.13979936E-07
    4    1    0.34656205E-03 -0.28261891E-08
    1    2    0.16626836E-03  0.18205142E-08
    2    2    0.33582212E-04  0.33970945E-08
    3    2   -0.32648388E-03 -0.34638417E-08
    4    2   -0.27116977E-03 -0.53663641E-08
    1    3    0.71332131E-04 -0.40630777E-09
    2    3    0.27506991E-04  0.35912282E-09
    3    3    0.34692120E-04 -0.80629163E-08
    4    3    0.60166645E-03 -0.10150911E-07
    1    4    0.94679748E-04  0.32923165E-08
    2    4    0.71720036E-04 -0.49124381E-08
    3    4    0.16596833E-03  0.26499524E-08
    4    4   -0.80830882E-04  0.76727625E-08

   -3   -3    0
    1    1   -0.33781096E-04  0.53574336E-08
    2    1    0.41883973E-03 -0.66070731E-08
    3    1   -0.19835713E-03  0.14322838E-07
    4    1   -0.19171255E-03  0.52623980E-08
    1    2   -0.54093625E-03  0.73956275E-08
    2    2    0.89336476E-05 -0.66866837E-08
    3    2    0.18492840E-03  0.20280434E-09
    4    2   -0.19856625E-03  0.73211491E-08
    1    3    0.40401134E-03  0.33716072E-08
    2    3   -0.28099159E-03 -0.38249541E-08
    3    3    0.87520791E-05  0.12877535E-07
    4    3    0.42095634E-03 -0.75432532E-08
    1    4   -0.43454352E-03  0.91313977E-08
    2    4    0.40371616E-03  0.15077447E-08
    3    4   -0.54077088E-03  0.12023474E-08
    4    4   -0.33962802E-04  0.73812349E-08

   -3   -2    0
    1    1    0.24677465E-03 -0.64905451E-08
    2    1   -0.22736762E-03  0.12970146E-07
    3    1    0.75768887E-04 -0.82106525E-08
    4    1   -0.19172461E-03  0.20534963E-08
    1    2   -0.50307473E-03  0.92054783E-08
    2    2    0.98669399E-04 -0.40130377E-08
    3    2   -0.30029395E-04 -0.15890599E-08
    4    2    0.75800792E-04 -0.93655070E-08
    1    3   -0.34757734E-04 -0.54905581E-08
    2    3    0.44089032E-03 -0.17441806E-08
    3    3    0.98074294E-04 -0.30513616E-08
    4    3   -0.22790246E-03 -0.10985801E-07
    1    4   -0.26736106E-03 -0.17776072E-08
    2    4   -0.34702414E-04 -0.61438858E-08
    3    4   -0.50312766E-03 -0.93879145E-08
    4    4    0.24661874E-03 -0.40949748E-08

   -3   -1    0
    1    1    0.52114336E-04  0.15799555E-07
    2    1    0.35720428E-03  0.44872055E-08
    3    1    0.46865719E-04  0.48077051E-09
    4    1   -0.12360146E-03  0.11004448E-07
    1    2   -0.30155942E-03 -0.21893253E-08
    2    2    0.19992829E-03  0.19903304E-08
    3    2    0.23392268E-03 -0.15251736E-07
    4    2    0.46497644E-04 -0.12099837E-08
    1    3    0.17494712E-03  0.91718773E-10
    2    3   -0.27513852E-03 -0.69372624E-09
    3    3    0.19998636E-03  0.12834718E-07
    4    3    0.35779403E-03 -0.34868056E-08
    1    4    0.10266523E-02 -0.65713684E-08
    2    4    0.17551541E-03  0.15867852E-08
    3    4   -0.30262335E-03 -0.87487664E-09
    4    4    0.52009890E-04  0.79591191E-08

   -3    0    0
    1    1   -0.33869816E-02 -0.13870260E-07
    2    1    0.95713461E-03 -0.18152396E-08
    3    1   -0.40199349E-03  0.47672051E-08
    4    1    0.59757498E-04  0.42935938E-08
    1    2    0.68862079E-02  0.27582432E-08
    2    2   -0.35308245E-02 -0.20873244E-07
    3    2    0.10991442E-02  0.10523068E-07
    4    2   -0.40238369E-03 -0.37935916E-08
    1    3   -0.16313097E-02  0.79439940E-08
    2    3    0.10991345E-02  0.64535650E-08
    3    3   -0.35317732E-02  0.12773483E-07
    4    3    0.95805759E-03 -0.21363344E-07
    1    4    0.73584238E-03  0.32067920E-08
    2    4   -0.16321454E-02 -0.10948698E-07
    3    4    0.68875038E-02  0.10515403E-07
    4    4   -0.33878004E-02  0.29276239E-07

   -3    1    0
    1    1    0.36032701E-02  0.51105745E-08
    2    1   -0.30159536E-03  0.21535322E-07
    3    1    0.17497100E-03 -0.78351541E-08
    4    1   -0.16590047E-03  0.40912547E-08
    1    2   -0.10846860E-01  0.19487556E-07
    2    2    0.31745647E-02  0.56009790E-08
    3    2   -0.64691800E-03 -0.38066644E-08
    4    2    0.17552518E-03 -0.85510035E-08
    1    3    0.26845780E-02 -0.22231671E-07
    2    3   -0.44757564E-03  0.37191945E-08
    3    3    0.31768546E-02  0.85944637E-08
    4    3   -0.30262767E-03 -0.21433741E-07
    1    4    0.73579402E-03  0.31479503E-08
    2    4    0.26862236E-02  0.15161486E-07
    3    4   -0.10852764E-01 -0.40056244E-07
    4    4    0.36051347E-02 -0.87017478E-08

   -3    2    0
    1    1    0.36032771E-02 -0.40496621E-08
    2    1   -0.24299711E-02  0.63594064E-08
    3    1    0.43257695E-03  0.33533862E-08
    4    1   -0.26736486E-03 -0.11298426E-08
    1    2    0.68862057E-02  0.17262133E-07
    2    2    0.31745563E-02 -0.81390203E-08
    3    2   -0.64691614E-03  0.22216225E-07
    4    2    0.43176722E-03  0.65165107E-08
    1    3   -0.16313188E-02 -0.32918865E-08
    2    3   -0.44756027E-03 -0.10121313E-07
    3    3    0.31768526E-02 -0.53799822E-10
    4    3   -0.24297976E-02 -0.72551024E-08
    1    4    0.10266529E-02 -0.58582807E-08
    2    4   -0.16321527E-02 -0.18219145E-07
    3    4    0.68875200E-02 -0.69262572E-08
    4    4    0.36051485E-02 -0.85043897E-09

   -3    3    0
    1    1   -0.33869914E-02  0.16165421E-08
    2    1   -0.30158274E-03  0.87785931E-08
    3    1    0.17496528E-03 -0.64199658E-08
    4    1   -0.26737402E-03 -0.96199288E-08
    1    2   -0.30155750E-03 -0.41270090E-08
    2    2   -0.35308265E-02 -0.19510740E-07
    3    2    0.10991366E-02 -0.80439377E-09
    4    2    0.17551603E-03  0.44666302E-08
    1    3    0.17495021E-03  0.67977908E-08
    2    3    0.10991337E-02 -0.31296205E-08
    3    3   -0.35317855E-02  0.26287556E-07
    4    3   -0.30261903E-03 -0.11161439E-07
    1    4   -0.26736984E-03  0.12305630E-07
    2    4    0.17552704E-03  0.10902413E-07
    3    4   -0.30262471E-03 -0.12393260E-07
    4    4   -0.33877912E-02  0.13845444E-07

   -3    4    0
    1    1    0.52115479E-04 -0.13504513E-07
    2    1    0.95714051E-03  0.10092711E-07
    3    1   -0.40199259E-03  0.32543356E-08
    4    1   -0.16590599E-03 -0.24432025E-08
    1    2   -0.50306964E-03  0.72241701E-08
    2    2    0.19993208E-03 -0.76076872E-08
    3    2    0.23392977E-03  0.27245813E-08
    4    2   -0.40239444E-03  0.40033168E-08
    1    3   -0.34757778E-04 -0.81271077E-08
    2    3   -0.27514620E-03 -0.29611185E-08
    3    3    0.19998670E-03  0.87212109E-09
    4    3    0.95805957E-03  0.92483140E-09
    1    4   -0.43454074E-03 -0.50421348E-08
    2    4   -0.34687919E-04 -0.35691798E-08
    3    4   -0.50312896E-03 -0.14065810E-07
    4    4    0.52007434E-04  0.60286737E-09

   -3    5    0
    1    1    0.24678481E-03  0.80730374E-08
    2    1    0.35720449E-03  0.10249906E-07
    3    1    0.46859282E-04 -0.27339430E-08
    4    1    0.59771486E-04 -0.36198487E-08
    1    2   -0.54093900E-03  0.24513311E-08
    2    2    0.98672194E-04 -0.67555843E-08
    3    2   -0.30037901E-04 -0.34069623E-08
    4    2    0.46506302E-04 -0.49962258E-08
    1    3    0.40400588E-03 -0.21774026E-09
    2    3    0.44089544E-03 -0.38368153E-08
    3    3    0.98071579E-04  0.40340350E-08
    4    3    0.35778438E-03 -0.15669638E-08
    1    4   -0.71721328E-04  0.69167598E-08
    2    4    0.40371512E-03 -0.13627836E-08
    3    4   -0.54077534E-03 -0.44496304E-08
    4    4    0.24661800E-03 -0.35303023E-08

   -3    6    0
    1    1   -0.33789265E-04 -0.84684899E-08
    2    1   -0.22735802E-03  0.16191737E-07
    3    1    0.75760334E-04 -0.56475712E-08
    4    1   -0.12360090E-03  0.89994893E-09
    1    2    0.16627339E-03 -0.61690334E-08
    2    2    0.89335800E-05 -0.75115731E-08
    3    2    0.18492905E-03 -0.34315144E-09
    4    2    0.75801219E-04 -0.49327180E-09
    1    3    0.71334867E-04 -0.53780882E-08
    2    3   -0.28099441E-03  0.14986280E-08
    3    3    0.87489656E-05  0.95863799E-08
    4    3   -0.22789760E-03 -0.10023228E-07
    1    4   -0.71718041E-04  0.13918592E-08
    2    4    0.71713527E-04  0.23907369E-08
    3    4    0.16597313E-03 -0.12578351E-07
    4    4   -0.33973437E-04  0.52406666E-08

   -2   -4    0
    1    1   -0.81398021E-04 -0.10134188E-08
    2    1   -0.22736238E-03 -0.77355246E-08
    3    1    0.75759418E-04  0.11240591E-07
    4    1    0.53681876E-03  0.12524436E-07
    1    2    0.14103308E-03  0.18261219E-08
    2    2    0.33575532E-04  0.40363578E-08
    3    2   -0.32647321E-03 -0.59136962E-08
    4    2    0.75792994E-04 -0.23513439E-08
    1    3   -0.44323024E-03  0.11519144E-07
    2    3    0.27505998E-04  0.32509036E-08
    3    3    0.34692809E-04 -0.37875715E-08
    4    3   -0.22789092E-03  0.58425137E-09
    1    4    0.44564160E-03  0.11805835E-08
    2    4   -0.44342143E-03 -0.14242829E-08
    3    4    0.14112949E-03  0.66278425E-08
    4    4   -0.80809525E-04  0.72697403E-08

   -2   -3    0
    1    1    0.24677762E-03 -0.16522854E-07
    2    1   -0.22736710E-03 -0.12591401E-07
    3    1    0.75749806E-04  0.46052689E-08
    4    1   -0.19172194E-03 -0.36673529E-08
    1    2   -0.50307082E-03 -0.33767540E-09
    2    2    0.98667726E-04 -0.75007935E-08
    3    2   -0.30029952E-04 -0.24328501E-08
    4    2    0.75795805E-04 -0.80672541E-08
    1    3   -0.34758011E-04  0.71758915E-08
    2    3    0.44089431E-03  0.56729503E-08
    3    3    0.98066376E-04 -0.86405866E-08
    4    3   -0.22790514E-03  0.10447759E-07
    1    4   -0.26736498E-03 -0.36673714E-08
    2    4   -0.34695963E-04 -0.12307705E-07
    3    4   -0.50313403E-03  0.10867008E-07
    4    4    0.24661359E-03 -0.16384502E-07

   -2   -2    0
    1    1    0.12946574E-02 -0.44772910E-08
    2    1   -0.58595258E-03 -0.10605885E-07
    3    1    0.21556096E-03  0.25212742E-07
    4    1    0.53681384E-03  0.91231139E-08
    1    2   -0.24300046E-02 -0.17717978E-08
    2    2    0.12536315E-02  0.82813111E-08
    3    2   -0.84835378E-03 -0.11937960E-07
    4    2    0.21563422E-03 -0.16228668E-08
    1    3    0.43262270E-03  0.11769215E-07
    2    3   -0.30602014E-03  0.48447584E-08
    3    3    0.12544289E-02 -0.35012915E-08
    4    3   -0.58625613E-03  0.94099526E-08
    1    4   -0.95572057E-03 -0.28721997E-07
    2    4    0.43176349E-03 -0.37896255E-08
    3    4   -0.24298032E-02 -0.60105346E-08
    4    4    0.12954326E-02  0.63528772E-08

   -2   -1    0
    1    1    0.36032788E-02  0.45340200E-08
    2    1   -0.18769155E-02 -0.18714248E-07
    3    1    0.30936486E-03  0.11032286E-07
    4    1   -0.37767065E-03 -0.48540395E-08
    1    2   -0.13559538E-01 -0.18183836E-08
    2    2    0.31745532E-02 -0.14998538E-08
    3    2   -0.44755253E-03  0.10338344E-07
    4    2    0.30972579E-03 -0.42266917E-08
    1    3   -0.12448871E-02  0.14859402E-07
    2    3   -0.64693462E-03  0.89865169E-09
    3    3    0.31768443E-02 -0.13308433E-07
    4    3   -0.18778353E-02  0.13448523E-08
    1    4    0.10436246E-02  0.27195759E-07
    2    4   -0.12448173E-02 -0.28590360E-07
    3    4   -0.13564611E-01  0.54252625E-07
    4    4    0.36051446E-02 -0.56275163E-08

   -2    0    0
    1    1   -0.10523081E-01 -0.27829267E-07
    2    1    0.68862067E-02  0.11302569E-07
    3    1   -0.16313282E-02  0.65495859E-08
    4    1    0.87083300E-03 -0.62538568E-08
    1    2   -0.75088336E-02 -0.32507260E-07
    2    2   -0.10494976E-01  0.15660119E-07
    3    2    0.27911990E-02 -0.22483018E-07
    4    2   -0.16321625E-02 -0.30026413E-07
    1    3    0.79428642E-02  0.14717904E-07
    2    3    0.27911634E-02  0.19160874E-07
    3    3   -0.10501044E-01 -0.31785265E-07
    4    3    0.68875696E-02  0.21017688E-07
    1    4   -0.24652700E-01 -0.23368462E-07
    2    4    0.79414237E-02  0.14175924E-07
    3    4   -0.75093549E-02 -0.53271263E-07
    4    4   -0.10524822E-01 -0.63624409E-08

   -2    1    0
    1    1    0.38592686E-01  0.32119971E-08
    2    1   -0.13559518E-01 -0.21772222E-07
    3    1   -0.12448874E-02  0.38406458E-07
    4    1    0.10266489E-02 -0.97803600E-08
    1    2   -0.75087961E-02 -0.64990713E-08
    2    2    0.41552106E-01 -0.11777679E-07
    3    2    0.14242965E-01  0.34212592E-07
    4    2   -0.12447983E-02  0.17516970E-07
    1    3    0.79429042E-02 -0.25489977E-07
    2    3   -0.12941311E-01 -0.20839202E-07
    3    3    0.41568299E-01  0.22858083E-07
    4    3   -0.13564632E-01  0.13983152E-07
    1    4    0.10436508E-02  0.25288679E-07
    2    4    0.79414563E-02 -0.82140379E-08
    3    4   -0.75092932E-02  0.29958965E-07
    4    4    0.38604291E-01  0.63283301E-08

   -2    2    0
    1    1   -0.10523044E-01  0.93875007E-08
    2    1   -0.13559518E-01 -0.27307571E-07
    3    1   -0.12449320E-02  0.16045833E-07
    4    1   -0.95575625E-03 -0.67944615E-08
    1    2   -0.13559527E-01 -0.20116818E-07
    2    2   -0.10494994E-01  0.24416600E-07
    3    2    0.27911764E-02 -0.86154767E-08
    4    2   -0.12447834E-02 -0.30969643E-07
    1    3   -0.12448996E-02  0.54674270E-07
    2    3    0.27911706E-02  0.15915255E-07
    3    3   -0.10501053E-01 -0.18934985E-07
    4    3   -0.13564652E-01  0.46653648E-07
    1    4   -0.95571366E-03  0.13990741E-07
    2    4   -0.12448394E-02 -0.13683359E-07
    3    4   -0.13564628E-01  0.22916555E-07
    4    4   -0.10524804E-01  0.12845837E-07

   -2    3    0
    1    1    0.36032699E-02  0.22974543E-08
    2    1    0.68861836E-02  0.58997122E-08
    3    1   -0.16313112E-02 -0.53391919E-09
    4    1    0.10266438E-02 -0.32199274E-08
    1    2   -0.24299989E-02 -0.11436158E-07
    2    2    0.31745428E-02  0.20983436E-07
    3    2   -0.44756168E-03  0.57195752E-08
    4    2   -0.16321469E-02 -0.17140435E-07
    1    3    0.43262794E-03 -0.34467127E-09
    2    3   -0.64693047E-03 -0.22472951E-07
    3    3    0.31768568E-02 -0.21779209E-07
    4    3    0.68875759E-02 -0.82951874E-08
    1    4   -0.26736463E-03 -0.37894735E-08
    2    4    0.43174807E-03 -0.30495001E-07
    3    4   -0.24297777E-02  0.75627674E-08
    4    4    0.36051445E-02 -0.65314129E-08

   -2    4    0
    1    1    0.12946462E-02  0.10146079E-07
    2    1   -0.18769043E-02 -0.12457272E-07
    3    1    0.30933694E-03  0.20105212E-07
    4    1    0.87084298E-03  0.54401532E-08
    1    2   -0.50307812E-03  0.13197597E-07
    2    2    0.12536379E-02  0.61874793E-08
    3    2   -0.84836264E-03 -0.11012895E-07
    4    2    0.30971213E-03 -0.55849321E-08
    1    3   -0.34757518E-04  0.24372884E-08
    2    3   -0.30602279E-03 -0.89979548E-08
    3    3    0.12544314E-02 -0.61250935E-08
    4    3   -0.18778310E-02  0.14437563E-07
    1    4    0.44564203E-03  0.18816729E-08
    2    4   -0.34689985E-04 -0.14936872E-07
    3    4   -0.50314094E-03  0.87542750E-08
    4    4    0.12954426E-02  0.56142433E-08

   -2    5    0
    1    1    0.24679018E-03 -0.44465501E-08
    2    1   -0.58596193E-03 -0.11231654E-07
    3    1    0.21556741E-03  0.14136339E-07
    4    1   -0.37767654E-03  0.83224219E-08
    1    2    0.14105020E-03 -0.37179641E-08
    2    2    0.98665254E-04  0.97854304E-08
    3    2   -0.30024207E-04 -0.76261193E-08
    4    2    0.21564892E-03 -0.46752012E-08
    1    3   -0.44324619E-03  0.84253985E-08
    2    3    0.44089758E-03 -0.46779354E-08
    3    3    0.98063396E-04 -0.85087037E-08
    4    3   -0.58627461E-03  0.14510774E-07
    1    4    0.27629385E-03 -0.14420123E-07
    2    4   -0.44342100E-03 -0.37678715E-08
    3    4    0.14112568E-03  0.11150711E-07
    4    4    0.24661285E-03 -0.66066336E-08

   -1   -4    0
    1    1   -0.24687744E-03 -0.38667329E-08
    2    1    0.60248013E-03  0.60002974E-08
    3    1   -0.27178149E-03 -0.12746065E-07
    4    1   -0.12360316E-03  0.45518774E-08
    1    2    0.28266106E-03 -0.62358872E-08
    2    2   -0.21764574E-03 -0.38419654E-08
    3    2    0.15616882E-03  0.21149258E-08
    4    2   -0.27117415E-03  0.30219937E-08
    1    3    0.27673999E-03  0.55929649E-08
    2    3   -0.12682220E-03  0.65454907E-08
    3    3   -0.21747515E-03 -0.91342251E-09
    4    3    0.60166611E-03 -0.94117787E-08
    1    4   -0.16590080E-03  0.51055713E-08
    2    4    0.27721308E-03 -0.88530207E-08
    3    4    0.28170218E-03 -0.57817359E-08
    4    4   -0.24678053E-03  0.60328579E-08

   -1   -3    0
    1    1    0.52115924E-04  0.34914616E-08
    2    1    0.35720391E-03  0.30624117E-08
    3    1    0.46872006E-04 -0.26362011E-08
    4    1   -0.12359108E-03  0.72598389E-08
    1    2   -0.30156011E-03 -0.45117654E-08
    2    2    0.19992462E-03  0.28289841E-08
    3    2    0.23392037E-03 -0.91761248E-08
    4    2    0.46516482E-04  0.36243777E-09
    1    3    0.17496266E-03  0.12809987E-07
    2    3   -0.27514714E-03 -0.15109511E-09
    3    3    0.19998251E-03  0.91274871E-08
    4    3    0.35778677E-03  0.82797453E-08
    1    4    0.10266511E-02 -0.49864806E-08
    2    4    0.17550102E-03 -0.78068114E-08
    3    4   -0.30262156E-03 -0.99360041E-08
    4    4    0.52026750E-04  0.53150009E-08

   -1   -2    0
    1    1    0.36032771E-02 -0.74951675E-08
    2    1   -0.18768968E-02 -0.11374931E-07
    3    1    0.30934054E-03 -0.25881259E-08
    4    1   -0.37768756E-03  0.45284498E-08
    1    2   -0.13559526E-01  0.41395628E-07
    2    2    0.31745534E-02 -0.10410738E-07
    3    2   -0.44757782E-03  0.53230695E-08
    4    2    0.30972097E-03  0.43292342E-08
    1    3   -0.12448656E-02 -0.14080765E-08
    2    3   -0.64694986E-03 -0.12301401E-07
    3    3    0.31768659E-02  0.33899978E-07
    4    3   -0.18778372E-02 -0.18372440E-07
    1    4    0.10436446E-02  0.69177082E-07
    2    4   -0.12447849E-02 -0.17632070E-07
    3    4   -0.13564665E-01  0.35761161E-09
    4    4    0.36051553E-02  0.24640930E-07

   -1   -1    0
    1    1    0.38592691E-01 -0.23396928E-08
    2    1   -0.10846862E-01  0.14704789E-07
    3    1    0.26845688E-02 -0.25526259E-07
    4    1   -0.14066812E-02  0.24741329E-07
    1    2   -0.20885501E+00 -0.24778459E-07
    2    2    0.41552019E-01 -0.97908170E-09
    3    2   -0.12941303E-01 -0.84337900E-08
    4    2    0.26862658E-02 -0.99274952E-08
    1    3   -0.19423617E-01 -0.65044762E-08
    2    3    0.14242951E-01 -0.15387813E-07
    3    3    0.41568285E-01 -0.11490942E-07
    4    3   -0.10852830E-01  0.67694225E-10
    1    4    0.19068750E-01 -0.52858133E-07
    2    4   -0.19417076E-01  0.17644411E-07
    3    4   -0.20890589E+00 -0.48635533E-07
    4    4    0.38604277E-01 -0.19086273E-07

   -1    0    0
    1    1    0.24805202E+00  0.41702768E-07
    2    1   -0.75087733E-02 -0.25658152E-07
    3    1    0.79428417E-02  0.16721826E-07
    4    1    0.73581637E-03  0.28298086E-07
    1    2   -0.28281251E+01  0.56470797E-07
    2    2    0.24731553E+00 -0.65168937E-08
    3    2   -0.21380594E-01 -0.16327208E-08
    4    2    0.79415153E-02  0.31905101E-07
    1    3    0.30669351E-02 -0.55926194E-07
    2    3   -0.21380595E-01 -0.30841773E-07
    3    3    0.24735836E+00  0.52487198E-07
    4    3   -0.75093603E-02 -0.73762602E-08
    1    4    0.19068914E-01 -0.27050777E-07
    2    4    0.30608421E-02 -0.77588182E-07
    3    4   -0.28282832E+01  0.11183740E-06
    4    4    0.24809607E+00  0.56838546E-07

   -1    1    0
    1    1    0.24805134E+00  0.10392287E-07
    2    1   -0.20885524E+00  0.48476709E-07
    3    1   -0.19423574E-01 -0.43839144E-07
    4    1    0.10436038E-02 -0.21363459E-07
    1    2   -0.20885510E+00 -0.54475699E-07
    2    2    0.24731580E+00 -0.72625662E-07
    3    2   -0.21380599E-01 -0.48054761E-07
    4    2   -0.19417060E-01 -0.43983747E-07
    1    3   -0.19423569E-01  0.81820407E-07
    2    3   -0.21380578E-01  0.42997907E-07
    3    3    0.24735820E+00  0.11638230E-06
    4    3   -0.20890590E+00  0.74051734E-07
    1    4    0.10436055E-02  0.33333033E-07
    2    4   -0.19417066E-01  0.51605686E-07
    3    4   -0.20890601E+00 -0.89125768E-08
    4    4    0.24809583E+00 -0.22436479E-07

   -1    2    0
    1    1    0.38592655E-01 -0.42892042E-07
    2    1   -0.75087701E-02 -0.17703356E-07
    3    1    0.79428524E-02 -0.41770884E-07
    4    1    0.10436276E-02 -0.18138216E-07
    1    2   -0.13559507E-01  0.25848045E-07
    2    2    0.41552075E-01  0.10637578E-07
    3    2   -0.12941321E-01  0.19970119E-07
    4    2    0.79415139E-02  0.57499929E-07
    1    3   -0.12448834E-02 -0.23959236E-08
    2    3    0.14242942E-01 -0.19920024E-07
    3    3    0.41568329E-01 -0.35638774E-07
    4    3   -0.75093121E-02 -0.65268936E-07
    1    4    0.10266722E-02 -0.86787707E-08
    2    4   -0.12447958E-02 -0.37170834E-07
    3    4   -0.13564640E-01  0.32497336E-08
    4    4    0.38604319E-01 -0.69126799E-07

   -1    3    0
    1    1    0.36032528E-02  0.26409765E-08
    2    1   -0.10846845E-01  0.26788715E-07
    3    1    0.26845486E-02  0.13212558E-07
    4    1    0.73579747E-03  0.15351141E-07
    1    2   -0.30155928E-03 -0.75986069E-08
    2    2    0.31745651E-02 -0.17150297E-07
    3    2   -0.44759573E-03 -0.12185607E-07
    4    2    0.26862557E-02  0.12366946E-07
    1    3    0.17495670E-03  0.61946986E-08
    2    3   -0.64694735E-03  0.82115701E-08
    3    3    0.31768647E-02  0.23237899E-07
    4    3   -0.10852802E-01 -0.12751793E-07
    1    4   -0.16590229E-03 -0.23206488E-08
    2    4    0.17552219E-03  0.12404618E-07
    3    4   -0.30262970E-03 -0.40109546E-08
    4    4    0.36051221E-02  0.24425524E-07

   -1    4    0
    1    1    0.52119489E-04 -0.84803445E-08
    2    1   -0.18769086E-02  0.18947715E-07
    3    1    0.30936104E-03 -0.16487780E-07
    4    1   -0.14066619E-02 -0.11747384E-07
    1    2    0.28265804E-03 -0.66896666E-08
    2    2    0.19992172E-03 -0.36525644E-08
    3    2    0.23390817E-03 -0.49170588E-08
    4    2    0.30971984E-03  0.15241406E-07
    1    3    0.27674262E-03  0.35957240E-08
    2    3   -0.27514933E-03 -0.39506797E-08
    3    3    0.19998557E-03  0.58367405E-08
    4    3   -0.18778382E-02 -0.19635143E-07
    1    4   -0.40047048E-03  0.91028694E-09
    2    4    0.27722823E-03 -0.53175045E-08
    3    4    0.28170357E-03  0.25182947E-09
    4    4    0.52020520E-04 -0.18157540E-08

   -1    5    0
    1    1   -0.24687319E-03  0.66032628E-08
    2    1    0.35720695E-03  0.39729810E-09
    3    1    0.46866893E-04 -0.58081558E-08
    4    1   -0.37768506E-03  0.14411089E-07
    1    2    0.90817220E-04  0.61741171E-10
    2    2   -0.21765442E-03 -0.40359433E-08
    3    2    0.15617050E-03 -0.37349275E-09
    4    2    0.46505845E-04  0.34445969E-08
    1    3    0.18985887E-03  0.30792058E-08
    2    3   -0.12681095E-03 -0.82656908E-09
    3    3   -0.21747480E-03  0.62388632E-08
    4    3    0.35779264E-03 -0.44775969E-08
    1    4   -0.40047444E-03  0.26727640E-08
    2    4    0.18962506E-03 -0.17634007E-08
    3    4    0.91484828E-04 -0.18927115E-08
    4    4   -0.24677022E-03 -0.30041400E-08

    0   -5    0
    1    1    0.52902431E-03  0.12015864E-15
    2    1   -0.49128987E-03  0.52423113E-09
    3    1    0.38017637E-04 -0.30241930E-08
    4    1    0.59767155E-04  0.41304152E-08
    1    2   -0.49128987E-03 -0.52423182E-09
    2    2   -0.10595320E-03  0.10381526E-15
    3    2    0.24081020E-03 -0.58890428E-08
    4    2    0.37997888E-04  0.59684031E-09
    1    3    0.38017637E-04  0.30241930E-08
    2    3    0.24081020E-03  0.58890428E-08
    3    3   -0.10706565E-03  0.11371910E-15
    4    3   -0.49100819E-03 -0.92929249E-09
    1    4    0.59767155E-04 -0.41304152E-08
    2    4    0.37997888E-04 -0.59684031E-09
    3    4   -0.49100819E-03  0.92929177E-09
    4    4    0.52858842E-03  0.11219036E-15

    0   -4    0
    1    1    0.59897822E-05 -0.31656772E-08
    2    1   -0.49128369E-03 -0.11103311E-07
    3    1    0.38014120E-04  0.62358070E-09
    4    1    0.34658332E-03  0.38183605E-08
    1    2    0.95713792E-03  0.55894724E-08
    2    2    0.44643683E-03 -0.59024832E-08
    3    2   -0.32664763E-03 -0.71329686E-09
    4    2    0.37999402E-04  0.39528887E-08
    1    3   -0.40198452E-03  0.43698438E-09
    2    3   -0.32664595E-03  0.65448585E-08
    3    3    0.44676794E-03  0.65494465E-08
    4    3   -0.49099437E-03  0.82305019E-08
    1    4    0.87087566E-03 -0.20869054E-07
    2    4   -0.40239409E-03 -0.74059211E-08
    3    4    0.95805118E-03 -0.10891951E-07
    4    4    0.60050519E-05 -0.16634789E-08

    0   -3    0
    1    1   -0.33870052E-02 -0.40240476E-08
    2    1    0.95713676E-03 -0.11544213E-07
    3    1   -0.40198407E-03  0.10960125E-07
    4    1    0.59768342E-04 -0.94656557E-09
    1    2    0.68862009E-02  0.25177026E-07
    2    2   -0.35308123E-02  0.74072207E-08
    3    2    0.10991344E-02  0.18641536E-07
    4    2   -0.40238251E-03  0.71535419E-08
    1    3   -0.16313173E-02  0.19734221E-07
    2    3    0.10991294E-02 -0.10173807E-07
    3    3   -0.35317943E-02 -0.81646368E-08
    4    3    0.95805176E-03 -0.43364839E-08
    1    4    0.73582725E-03  0.18478265E-07
    2    4   -0.16321644E-02 -0.84987193E-08
    3    4    0.68875659E-02  0.12731000E-07
    4    4   -0.33878040E-02 -0.49764941E-08

    0   -2    0
    1    1   -0.10523083E-01 -0.20547487E-07
    2    1    0.68861991E-02  0.59182356E-08
    3    1   -0.16313056E-02 -0.20988306E-07
    4    1    0.87086767E-03 -0.39907490E-08
    1    2   -0.75088668E-02  0.12456174E-07
    2    2   -0.10494951E-01 -0.10144501E-08
    3    2    0.27911831E-02 -0.55526727E-08
    4    2   -0.16321744E-02  0.52438601E-08
    1    3    0.79428501E-02  0.18688183E-07
    2    3    0.27911363E-02  0.10613500E-07
    3    3   -0.10501058E-01 -0.17773449E-07
    4    3    0.68875645E-02  0.58344330E-08
    1    4   -0.24652688E-01 -0.46114415E-07
    2    4    0.79414140E-02  0.13392803E-07
    3    4   -0.75093260E-02 -0.99196603E-07
    4    4   -0.10524765E-01 -0.45871409E-07

    0   -1    0
    1    1    0.24805206E+00 -0.14925671E-08
    2    1   -0.75088336E-02 -0.65034729E-07
    3    1    0.79429181E-02  0.47570314E-07
    4    1    0.73580290E-03 -0.39833054E-08
    1    2   -0.28281254E+01  0.30686359E-07
    2    2    0.24731561E+00  0.13400445E-07
    3    2   -0.21380585E-01  0.12543401E-07
    4    2    0.79413806E-02  0.12172735E-07
    1    3    0.30670125E-02  0.23230717E-07
    2    3   -0.21380493E-01 -0.14155658E-07
    3    3    0.24735825E+00 -0.13313750E-07
    4    3   -0.75093025E-02  0.76858311E-07
    1    4    0.19068965E-01  0.44175489E-07
    2    4    0.30608198E-02 -0.11190854E-07
    3    4   -0.28282831E+01  0.93502197E-07
    4    4    0.24809605E+00  0.67023816E-07

    0    0    0
    1    1    0.13798763E+01  0.33190254E-17
    2    1   -0.28281260E+01  0.40070895E-07
    3    1    0.30668831E-02 -0.10101901E-06
    4    1   -0.24652731E-01 -0.36560540E-07
    1    2   -0.28281260E+01 -0.40070895E-07
    2    2    0.13318027E+01  0.14675970E-17
    3    2    0.16916578E+00 -0.54151570E-07
    4    2    0.30607635E-02 -0.14093935E-07
    1    3    0.30668831E-02  0.10101901E-06
    2    3    0.16916578E+00  0.54151570E-07
    3    3    0.13320347E+01 -0.49952524E-17
    4    3   -0.28282839E+01  0.20289246E-07
    1    4   -0.24652731E-01  0.36560540E-07
    2    4    0.30607635E-02  0.14093935E-07
    3    4   -0.28282839E+01 -0.20289246E-07
    4    4    0.13800860E+01  0.22221129E-17

    0    1    0
    1    1    0.24805206E+00  0.14925671E-08
    2    1   -0.28281254E+01 -0.30686359E-07
    3    1    0.30670125E-02 -0.23230717E-07
    4    1    0.19068965E-01 -0.44175489E-07
    1    2   -0.75088336E-02  0.65034729E-07
    2    2    0.24731561E+00 -0.13400445E-07
    3    2   -0.21380493E-01  0.14155658E-07
    4    2    0.30608198E-02  0.11190854E-07
    1    3    0.79429181E-02 -0.47570314E-07
    2    3   -0.21380585E-01 -0.12543401E-07
    3    3    0.24735825E+00  0.13313750E-07
    4    3   -0.28282831E+01 -0.93502197E-07
    1    4    0.73580290E-03  0.39833054E-08
    2    4    0.79413806E-02 -0.12172735E-07
    3    4   -0.75093025E-02 -0.76858311E-07
    4    4    0.24809605E+00 -0.67023816E-07

    0    2    0
    1    1   -0.10523083E-01  0.20547487E-07
    2    1   -0.75088668E-02 -0.12456174E-07
    3    1    0.79428501E-02 -0.18688183E-07
    4    1   -0.24652688E-01  0.46114415E-07
    1    2    0.68861991E-02 -0.59182356E-08
    2    2   -0.10494951E-01  0.10144501E-08
    3    2    0.27911363E-02 -0.10613500E-07
    4    2    0.79414140E-02 -0.13392803E-07
    1    3   -0.16313056E-02  0.20988306E-07
    2    3    0.27911831E-02  0.55526727E-08
    3    3   -0.10501058E-01  0.17773449E-07
    4    3   -0.75093260E-02  0.99196603E-07
    1    4    0.87086767E-03  0.39907490E-08
    2    4   -0.16321744E-02 -0.52438601E-08
    3    4    0.68875645E-02 -0.58344330E-08
    4    4   -0.10524765E-01  0.45871409E-07

    0    3    0
    1    1   -0.33870052E-02  0.40240476E-08
    2    1    0.68862009E-02 -0.25177026E-07
    3    1   -0.16313173E-02 -0.19734221E-07
    4    1    0.73582725E-03 -0.18478265E-07
    1    2    0.95713676E-03  0.11544213E-07
    2    2   -0.35308123E-02 -0.74072207E-08
    3    2    0.10991294E-02  0.10173807E-07
    4    2   -0.16321644E-02  0.84987193E-08
    1    3   -0.40198407E-03 -0.10960125E-07
    2    3    0.10991344E-02 -0.18641536E-07
    3    3   -0.35317943E-02  0.81646368E-08
    4    3    0.68875659E-02 -0.12731000E-07
    1    4    0.59768342E-04  0.94656557E-09
    2    4   -0.40238251E-03 -0.71535419E-08
    3    4    0.95805176E-03  0.43364839E-08
    4    4   -0.33878040E-02  0.49764941E-08

    0    4    0
    1    1    0.59897822E-05  0.31656772E-08
    2    1    0.95713792E-03 -0.55894724E-08
    3    1   -0.40198452E-03 -0.43698438E-09
    4    1    0.87087566E-03  0.20869054E-07
    1    2   -0.49128369E-03  0.11103311E-07
    2    2    0.44643683E-03  0.59024832E-08
    3    2   -0.32664595E-03 -0.65448585E-08
    4    2   -0.40239409E-03  0.74059211E-08
    1    3    0.38014120E-04 -0.62358070E-09
    2    3   -0.32664763E-03  0.71329686E-09
    3    3    0.44676794E-03 -0.65494465E-08
    4    3    0.95805118E-03  0.10891951E-07
    1    4    0.34658332E-03 -0.38183605E-08
    2    4    0.37999402E-04 -0.39528887E-08
    3    4   -0.49099437E-03 -0.82305019E-08
    4    4    0.60050519E-05  0.16634789E-08

    0    5    0
    1    1    0.52902431E-03 -0.10559411E-15
    2    1   -0.49128987E-03  0.52423182E-09
    3    1    0.38017637E-04 -0.30241930E-08
    4    1    0.59767155E-04  0.41304152E-08
    1    2   -0.49128987E-03 -0.52423113E-09
    2    2   -0.10595320E-03 -0.11664918E-15
    3    2    0.24081020E-03 -0.58890428E-08
    4    2    0.37997888E-04  0.59684031E-09
    1    3    0.38017637E-04  0.30241930E-08
    2    3    0.24081020E-03  0.58890428E-08
    3    3   -0.10706565E-03 -0.10678378E-15
    4    3   -0.49100819E-03 -0.92929177E-09
    1    4    0.59767155E-04 -0.41304152E-08
    2    4    0.37997888E-04 -0.59684031E-09
    3    4   -0.49100819E-03  0.92929249E-09
    4    4    0.52858842E-03 -0.11359872E-15

    1   -5    0
    1    1   -0.24687319E-03 -0.66032628E-08
    2    1    0.90817220E-04 -0.61741171E-10
    3    1    0.18985887E-03 -0.30792058E-08
    4    1   -0.40047444E-03 -0.26727640E-08
    1    2    0.35720695E-03 -0.39729810E-09
    2    2   -0.21765442E-03  0.40359433E-08
    3    2   -0.12681095E-03  0.82656908E-09
    4    2    0.18962506E-03  0.17634007E-08
    1    3    0.46866893E-04  0.58081558E-08
    2    3    0.15617050E-03  0.37349275E-09
    3    3   -0.21747480E-03 -0.62388632E-08
    4    3    0.91484828E-04  0.18927115E-08
    1    4   -0.37768506E-03 -0.14411089E-07
    2    4    0.46505845E-04 -0.34445969E-08
    3    4    0.35779264E-03  0.44775969E-08
    4    4   -0.24677022E-03  0.30041400E-08

    1   -4    0
    1    1    0.52119489E-04  0.84803445E-08
    2    1    0.28265804E-03  0.66896666E-08
    3    1    0.27674262E-03 -0.35957240E-08
    4    1   -0.40047048E-03 -0.91028694E-09
    1    2   -0.18769086E-02 -0.18947715E-07
    2    2    0.19992172E-03  0.36525644E-08
    3    2   -0.27514933E-03  0.39506797E-08
    4    2    0.27722823E-03  0.53175045E-08
    1    3    0.30936104E-03  0.16487780E-07
    2    3    0.23390817E-03  0.49170588E-08
    3    3    0.19998557E-03 -0.58367405E-08
    4    3    0.28170357E-03 -0.25182947E-09
    1    4   -0.14066619E-02  0.11747384E-07
    2    4    0.30971984E-03 -0.15241406E-07
    3    4   -0.18778382E-02  0.19635143E-07
    4    4    0.52020520E-04  0.18157540E-08

    1   -3    0
    1    1    0.36032528E-02 -0.26409765E-08
    2    1   -0.30155928E-03  0.75986069E-08
    3    1    0.17495670E-03 -0.61946986E-08
    4    1   -0.16590229E-03  0.23206488E-08
    1    2   -0.10846845E-01 -0.26788715E-07
    2    2    0.31745651E-02  0.17150297E-07
    3    2   -0.64694735E-03 -0.82115701E-08
    4    2    0.17552219E-03 -0.12404618E-07
    1    3    0.26845486E-02 -0.13212558E-07
    2    3   -0.44759573E-03  0.12185607E-07
    3    3    0.31768647E-02 -0.23237899E-07
    4    3   -0.30262970E-03  0.40109546E-08
    1    4    0.73579747E-03 -0.15351141E-07
    2    4    0.26862557E-02 -0.12366946E-07
    3    4   -0.10852802E-01  0.12751793E-07
    4    4    0.36051221E-02 -0.24425524E-07

    1   -2    0
    1    1    0.38592655E-01  0.42892042E-07
    2    1   -0.13559507E-01 -0.25848045E-07
    3    1   -0.12448834E-02  0.23959236E-08
    4    1    0.10266722E-02  0.86787707E-08
    1    2   -0.75087701E-02  0.17703356E-07
    2    2    0.41552075E-01 -0.10637578E-07
    3    2    0.14242942E-01  0.19920024E-07
    4    2   -0.12447958E-02  0.37170834E-07
    1    3    0.79428524E-02  0.41770884E-07
    2    3   -0.12941321E-01 -0.19970119E-07
    3    3    0.41568329E-01  0.35638774E-07
    4    3   -0.13564640E-01 -0.32497336E-08
    1    4    0.10436276E-02  0.18138216E-07
    2    4    0.79415139E-02 -0.57499929E-07
    3    4   -0.75093121E-02  0.65268936E-07
    4    4    0.38604319E-01  0.69126799E-07

    1   -1    0
    1    1    0.24805134E+00 -0.10392287E-07
    2    1   -0.20885510E+00  0.54475699E-07
    3    1   -0.19423569E-01 -0.81820407E-07
    4    1    0.10436055E-02 -0.33333033E-07
    1    2   -0.20885524E+00 -0.48476709E-07
    2    2    0.24731580E+00  0.72625662E-07
    3    2   -0.21380578E-01 -0.42997907E-07
    4    2   -0.19417066E-01 -0.51605686E-07
    1    3   -0.19423574E-01  0.43839144E-07
    2    3   -0.21380599E-01  0.48054761E-07
    3    3    0.24735820E+00 -0.11638230E-06
    4    3   -0.20890601E+00  0.89125768E-08
    1    4    0.10436038E-02  0.21363459E-07
    2    4   -0.19417060E-01  0.43983747E-07
    3    4   -0.20890590E+00 -0.74051734E-07
    4    4    0.24809583E+00  0.22436479E-07

    1    0    0
    1    1    0.24805202E+00 -0.41702768E-07
    2    1   -0.28281251E+01 -0.56470797E-07
    3    1    0.30669351E-02  0.55926194E-07
    4    1    0.19068914E-01  0.27050777E-07
    1    2   -0.75087733E-02  0.25658152E-07
    2    2    0.24731553E+00  0.65168937E-08
    3    2   -0.21380595E-01  0.30841773E-07
    4    2    0.30608421E-02  0.77588182E-07
    1    3    0.79428417E-02 -0.16721826E-07
    2    3   -0.21380594E-01  0.16327208E-08
    3    3    0.24735836E+00 -0.52487198E-07
    4    3   -0.28282832E+01 -0.11183740E-06
    1    4    0.73581637E-03 -0.28298086E-07
    2    4    0.79415153E-02 -0.31905101E-07
    3    4   -0.75093603E-02  0.73762602E-08
    4    4    0.24809607E+00 -0.56838546E-07

    1    1    0
    1    1    0.38592691E-01  0.23396928E-08
    2    1   -0.20885501E+00  0.24778459E-07
    3    1   -0.19423617E-01  0.65044762E-08
    4    1    0.19068750E-01  0.52858133E-07
    1    2   -0.10846862E-01 -0.14704789E-07
    2    2    0.41552019E-01  0.97908173E-09
    3    2    0.14242951E-01  0.15387813E-07
    4    2   -0.19417076E-01 -0.17644411E-07
    1    3    0.26845688E-02  0.25526259E-07
    2    3   -0.12941303E-01  0.84337900E-08
    3    3    0.41568285E-01  0.11490942E-07
    4    3   -0.20890589E+00  0.48635533E-07
    1    4   -0.14066812E-02 -0.24741329E-07
    2    4    0.26862658E-02  0.99274952E-08
    3    4   -0.10852830E-01 -0.67694225E-10
    4    4    0.38604277E-01  0.19086273E-07

    1    2    0
    1    1    0.36032771E-02  0.74951674E-08
    2    1   -0.13559526E-01 -0.41395628E-07
    3    1   -0.12448656E-02  0.14080765E-08
    4    1    0.10436446E-02 -0.69177082E-07
    1    2   -0.18768968E-02  0.11374931E-07
    2    2    0.31745534E-02  0.10410738E-07
    3    2   -0.64694986E-03  0.12301401E-07
    4    2   -0.12447849E-02  0.17632070E-07
    1    3    0.30934054E-03  0.25881259E-08
    2    3   -0.44757782E-03 -0.53230695E-08
    3    3    0.31768659E-02 -0.33899978E-07
    4    3   -0.13564665E-01 -0.35761161E-09
    1    4   -0.37768756E-03 -0.45284498E-08
    2    4    0.30972097E-03 -0.43292342E-08
    3    4   -0.18778372E-02  0.18372440E-07
    4    4    0.36051553E-02 -0.24640930E-07

    1    3    0
    1    1    0.52115924E-04 -0.34914616E-08
    2    1   -0.30156011E-03  0.45117654E-08
    3    1    0.17496266E-03 -0.12809987E-07
    4    1    0.10266511E-02  0.49864806E-08
    1    2    0.35720391E-03 -0.30624117E-08
    2    2    0.19992462E-03 -0.28289841E-08
    3    2   -0.27514714E-03  0.15109511E-09
    4    2    0.17550102E-03  0.78068114E-08
    1    3    0.46872006E-04  0.26362011E-08
    2    3    0.23392037E-03  0.91761248E-08
    3    3    0.19998251E-03 -0.91274871E-08
    4    3   -0.30262156E-03  0.99360041E-08
    1    4   -0.12359108E-03 -0.72598389E-08
    2    4    0.46516482E-04 -0.36243777E-09
    3    4    0.35778677E-03 -0.82797453E-08
    4    4    0.52026750E-04 -0.53150009E-08

    1    4    0
    1    1   -0.24687744E-03  0.38667329E-08
    2    1    0.28266106E-03  0.62358872E-08
    3    1    0.27673999E-03 -0.55929649E-08
    4    1   -0.16590080E-03 -0.51055713E-08
    1    2    0.60248013E-03 -0.60002974E-08
    2    2   -0.21764574E-03  0.38419654E-08
    3    2   -0.12682220E-03 -0.65454907E-08
    4    2    0.27721308E-03  0.88530207E-08
    1    3   -0.27178149E-03  0.12746065E-07
    2    3    0.15616882E-03 -0.21149258E-08
    3    3   -0.21747515E-03  0.91342253E-09
    4    3    0.28170218E-03  0.57817359E-08
    1    4   -0.12360316E-03 -0.45518774E-08
    2    4   -0.27117415E-03 -0.30219937E-08
    3    4    0.60166611E-03  0.94117787E-08
    4    4   -0.24678053E-03 -0.60328579E-08

    2   -5    0
    1    1    0.24679018E-03  0.44465501E-08
    2    1    0.14105020E-03  0.37179641E-08
    3    1   -0.44324619E-03 -0.84253985E-08
    4    1    0.27629385E-03  0.14420123E-07
    1    2   -0.58596193E-03  0.11231654E-07
    2    2    0.98665254E-04 -0.97854304E-08
    3    2    0.44089758E-03  0.46779354E-08
    4    2   -0.44342100E-03  0.37678715E-08
    1    3    0.21556741E-03 -0.14136339E-07
    2    3   -0.30024207E-04  0.76261193E-08
    3    3    0.98063396E-04  0.85087037E-08
    4    3    0.14112568E-03 -0.11150711E-07
    1    4   -0.37767654E-03 -0.83224219E-08
    2    4    0.21564892E-03  0.46752012E-08
    3    4   -0.58627461E-03 -0.14510774E-07
    4    4    0.24661285E-03  0.66066336E-08

    2   -4    0
    1    1    0.12946462E-02 -0.10146079E-07
    2    1   -0.50307812E-03 -0.13197597E-07
    3    1   -0.34757518E-04 -0.24372884E-08
    4    1    0.44564203E-03 -0.18816729E-08
    1    2   -0.18769043E-02  0.12457272E-07
    2    2    0.12536379E-02 -0.61874793E-08
    3    2   -0.30602279E-03  0.89979548E-08
    4    2   -0.34689985E-04  0.14936872E-07
    1    3    0.30933694E-03 -0.20105212E-07
    2    3   -0.84836264E-03  0.11012895E-07
    3    3    0.12544314E-02  0.61250935E-08
    4    3   -0.50314094E-03 -0.87542750E-08
    1    4    0.87084298E-03 -0.54401532E-08
    2    4    0.30971213E-03  0.55849321E-08
    3    4   -0.18778310E-02 -0.14437563E-07
    4    4    0.12954426E-02 -0.56142433E-08

    2   -3    0
    1    1    0.36032699E-02 -0.22974543E-08
    2    1   -0.24299989E-02  0.11436158E-07
    3    1    0.43262794E-03  0.34467127E-09
    4    1   -0.26736463E-03  0.37894735E-08
    1    2    0.68861836E-02 -0.58997122E-08
    2    2    0.31745428E-02 -0.20983436E-07
    3    2   -0.64693047E-03  0.22472951E-07
    4    2    0.43174807E-03  0.30495001E-07
    1    3   -0.16313112E-02  0.53391919E-09
    2    3   -0.44756168E-03 -0.57195752E-08
    3    3    0.31768568E-02  0.21779209E-07
    4    3   -0.24297777E-02 -0.75627674E-08
    1    4    0.10266438E-02  0.32199274E-08
    2    4   -0.16321469E-02  0.17140435E-07
    3    4    0.68875759E-02  0.82951874E-08
    4    4    0.36051445E-02  0.65314129E-08

    2   -2    0
    1    1   -0.10523044E-01 -0.93875007E-08
    2    1   -0.13559527E-01  0.20116818E-07
    3    1   -0.12448996E-02 -0.54674270E-07
    4    1   -0.95571366E-03 -0.13990741E-07
    1    2   -0.13559518E-01  0.27307571E-07
    2    2   -0.10494994E-01 -0.24416600E-07
    3    2    0.27911706E-02 -0.15915255E-07
    4    2   -0.12448394E-02  0.13683359E-07
    1    3   -0.12449320E-02 -0.16045833E-07
    2    3    0.27911764E-02  0.86154767E-08
    3    3   -0.10501053E-01  0.18934985E-07
    4    3   -0.13564628E-01 -0.22916555E-07
    1    4   -0.95575625E-03  0.67944615E-08
    2    4   -0.12447834E-02  0.30969643E-07
    3    4   -0.13564652E-01 -0.46653648E-07
    4    4   -0.10524804E-01 -0.12845837E-07

    2   -1    0
    1    1    0.38592686E-01 -0.32119971E-08
    2    1   -0.75087961E-02  0.64990713E-08
    3    1    0.79429042E-02  0.25489977E-07
    4    1    0.10436508E-02 -0.25288679E-07
    1    2   -0.13559518E-01  0.21772222E-07
    2    2    0.41552106E-01  0.11777679E-07
    3    2   -0.12941311E-01  0.20839202E-07
    4    2    0.79414563E-02  0.82140379E-08
    1    3   -0.12448874E-02 -0.38406458E-07
    2    3    0.14242965E-01 -0.34212592E-07
    3    3    0.41568299E-01 -0.22858083E-07
    4    3   -0.75092932E-02 -0.29958965E-07
    1    4    0.10266489E-02  0.97803600E-08
    2    4   -0.12447983E-02 -0.17516970E-07
    3    4   -0.13564632E-01 -0.13983152E-07
    4    4    0.38604291E-01 -0.63283302E-08

    2    0    0
    1    1   -0.10523081E-01  0.27829267E-07
    2    1   -0.75088336E-02  0.32507260E-07
    3    1    0.79428642E-02 -0.14717904E-07
    4    1   -0.24652700E-01  0.23368462E-07
    1    2    0.68862067E-02 -0.11302569E-07
    2    2   -0.10494976E-01 -0.15660119E-07
    3    2    0.27911634E-02 -0.19160874E-07
    4    2    0.79414237E-02 -0.14175924E-07
    1    3   -0.16313282E-02 -0.65495859E-08
    2    3    0.27911990E-02  0.22483018E-07
    3    3   -0.10501044E-01  0.31785265E-07
    4    3   -0.75093549E-02  0.53271263E-07
    1    4    0.87083300E-03  0.62538568E-08
    2    4   -0.16321625E-02  0.30026413E-07
    3    4    0.68875696E-02 -0.21017688E-07
    4    4   -0.10524822E-01  0.63624409E-08

    2    1    0
    1    1    0.36032788E-02 -0.45340200E-08
    2    1   -0.13559538E-01  0.18183836E-08
    3    1   -0.12448871E-02 -0.14859402E-07
    4    1    0.10436246E-02 -0.27195759E-07
    1    2   -0.18769155E-02  0.18714248E-07
    2    2    0.31745532E-02  0.14998538E-08
    3    2   -0.64693462E-03 -0.89865169E-09
    4    2   -0.12448173E-02  0.28590360E-07
    1    3    0.30936486E-03 -0.11032286E-07
    2    3   -0.44755253E-03 -0.10338344E-07
    3    3    0.31768443E-02  0.13308433E-07
    4    3   -0.13564611E-01 -0.54252625E-07
    1    4   -0.37767065E-03  0.48540395E-08
    2    4    0.30972579E-03  0.42266917E-08
    3    4   -0.18778353E-02 -0.13448523E-08
    4    4    0.36051446E-02  0.56275164E-08

    2    2    0
    1    1    0.12946574E-02  0.44772909E-08
    2    1   -0.24300046E-02  0.17717978E-08
    3    1    0.43262270E-03 -0.11769215E-07
    4    1   -0.95572057E-03  0.28721997E-07
    1    2   -0.58595258E-03  0.10605885E-07
    2    2    0.12536315E-02 -0.82813111E-08
    3    2   -0.30602014E-03 -0.48447584E-08
    4    2    0.43176349E-03  0.37896255E-08
    1    3    0.21556096E-03 -0.25212742E-07
    2    3   -0.84835378E-03  0.11937960E-07
    3    3    0.12544289E-02  0.35012915E-08
    4    3   -0.24298032E-02  0.60105346E-08
    1    4    0.53681384E-03 -0.91231139E-08
    2    4    0.21563422E-03  0.16228668E-08
    3    4   -0.58625613E-03 -0.94099526E-08
    4    4    0.12954326E-02 -0.63528772E-08

    2    3    0
    1    1    0.24677762E-03  0.16522854E-07
    2    1   -0.50307082E-03  0.33767540E-09
    3    1   -0.34758011E-04 -0.71758915E-08
    4    1   -0.26736498E-03  0.36673714E-08
    1    2   -0.22736710E-03  0.12591401E-07
    2    2    0.98667726E-04  0.75007935E-08
    3    2    0.44089431E-03 -0.56729503E-08
    4    2   -0.34695963E-04  0.12307705E-07
    1    3    0.75749806E-04 -0.46052689E-08
    2    3   -0.30029952E-04  0.24328501E-08
    3    3    0.98066376E-04  0.86405866E-08
    4    3   -0.50313403E-03 -0.10867008E-07
    1    4   -0.19172194E-03  0.36673529E-08
    2    4    0.75795805E-04  0.80672541E-08
    3    4   -0.22790514E-03 -0.10447759E-07
    4    4    0.24661359E-03  0.16384502E-07

    2    4    0
    1    1   -0.81398021E-04  0.10134188E-08
    2    1    0.14103308E-03 -0.18261219E-08
    3    1   -0.44323024E-03 -0.11519144E-07
    4    1    0.44564160E-03 -0.11805835E-08
    1    2   -0.22736238E-03  0.77355246E-08
    2    2    0.33575532E-04 -0.40363578E-08
    3    2    0.27505998E-04 -0.32509036E-08
    4    2   -0.44342143E-03  0.14242829E-08
    1    3    0.75759418E-04 -0.11240591E-07
    2    3   -0.32647321E-03  0.59136962E-08
    3    3    0.34692809E-04  0.37875715E-08
    4    3    0.14112949E-03 -0.66278425E-08
    1    4    0.53681876E-03 -0.12524436E-07
    2    4    0.75792994E-04  0.23513439E-08
    3    4   -0.22789092E-03 -0.58425137E-09
    4    4   -0.80809525E-04 -0.72697403E-08

    3   -6    0
    1    1   -0.33789265E-04  0.84684899E-08
    2    1    0.16627339E-03  0.61690334E-08
    3    1    0.71334867E-04  0.53780882E-08
    4    1   -0.71718041E-04 -0.13918592E-08
    1    2   -0.22735802E-03 -0.16191737E-07
    2    2    0.89335800E-05  0.75115732E-08
    3    2   -0.28099441E-03 -0.14986280E-08
    4    2    0.71713527E-04 -0.23907369E-08
    1    3    0.75760334E-04  0.56475712E-08
    2    3    0.18492905E-03  0.34315144E-09
    3    3    0.87489656E-05 -0.95863799E-08
    4    3    0.16597313E-03  0.12578351E-07
    1    4   -0.12360090E-03 -0.89994893E-09
    2    4    0.75801219E-04  0.49327180E-09
    3    4   -0.22789760E-03  0.10023228E-07
    4    4   -0.33973437E-04 -0.52406666E-08

    3   -5    0
    1    1    0.24678481E-03 -0.80730374E-08
    2    1   -0.54093900E-03 -0.24513311E-08
    3    1    0.40400588E-03  0.21774026E-09
    4    1   -0.71721328E-04 -0.69167598E-08
    1    2    0.35720449E-03 -0.10249906E-07
    2    2    0.98672194E-04  0.67555843E-08
    3    2    0.44089544E-03  0.38368153E-08
    4    2    0.40371512E-03  0.13627836E-08
    1    3    0.46859282E-04  0.27339430E-08
    2    3   -0.30037901E-04  0.34069623E-08
    3    3    0.98071579E-04 -0.40340350E-08
    4    3   -0.54077534E-03  0.44496304E-08
    1    4    0.59771486E-04  0.36198487E-08
    2    4    0.46506302E-04  0.49962258E-08
    3    4    0.35778438E-03  0.15669638E-08
    4    4    0.24661800E-03  0.35303024E-08

    3   -4    0
    1    1    0.52115479E-04  0.13504513E-07
    2    1   -0.50306964E-03 -0.72241701E-08
    3    1   -0.34757778E-04  0.81271077E-08
    4    1   -0.43454074E-03  0.50421348E-08
    1    2    0.95714051E-03 -0.10092711E-07
    2    2    0.19993208E-03  0.76076872E-08
    3    2   -0.27514620E-03  0.29611185E-08
    4    2   -0.34687919E-04  0.35691798E-08
    1    3   -0.40199259E-03 -0.32543356E-08
    2    3    0.23392977E-03 -0.27245813E-08
    3    3    0.19998670E-03 -0.87212108E-09
    4    3   -0.50312896E-03  0.14065810E-07
    1    4   -0.16590599E-03  0.24432025E-08
    2    4   -0.40239444E-03 -0.40033168E-08
    3    4    0.95805957E-03 -0.92483140E-09
    4    4    0.52007434E-04 -0.60286737E-09

    3   -3    0
    1    1   -0.33869914E-02 -0.16165421E-08
    2    1   -0.30155750E-03  0.41270090E-08
    3    1    0.17495021E-03 -0.67977908E-08
    4    1   -0.26736984E-03 -0.12305630E-07
    1    2   -0.30158274E-03 -0.87785931E-08
    2    2   -0.35308265E-02  0.19510740E-07
    3    2    0.10991337E-02  0.31296205E-08
    4    2    0.17552704E-03 -0.10902413E-07
    1    3    0.17496528E-03  0.64199658E-08
    2    3    0.10991366E-02  0.80439377E-09
    3    3   -0.35317855E-02 -0.26287556E-07
    4    3   -0.30262471E-03  0.12393260E-07
    1    4   -0.26737402E-03  0.96199288E-08
    2    4    0.17551603E-03 -0.44666302E-08
    3    4   -0.30261903E-03  0.11161439E-07
    4    4   -0.33877912E-02 -0.13845444E-07

    3   -2    0
    1    1    0.36032771E-02  0.40496620E-08
    2    1    0.68862057E-02 -0.17262133E-07
    3    1   -0.16313188E-02  0.32918865E-08
    4    1    0.10266529E-02  0.58582807E-08
    1    2   -0.24299711E-02 -0.63594064E-08
    2    2    0.31745563E-02  0.81390204E-08
    3    2   -0.44756027E-03  0.10121313E-07
    4    2   -0.16321527E-02  0.18219145E-07
    1    3    0.43257695E-03 -0.33533862E-08
    2    3   -0.64691614E-03 -0.22216225E-07
    3    3    0.31768526E-02  0.53799815E-10
    4    3    0.68875200E-02  0.69262572E-08
    1    4   -0.26736486E-03  0.11298426E-08
    2    4    0.43176722E-03 -0.65165107E-08
    3    4   -0.24297976E-02  0.72551024E-08
    4    4    0.36051485E-02  0.85043896E-09

    3   -1    0
    1    1    0.36032701E-02 -0.51105745E-08
    2    1   -0.10846860E-01 -0.19487556E-07
    3    1    0.26845780E-02  0.22231671E-07
    4    1    0.73579402E-03 -0.31479503E-08
    1    2   -0.30159536E-03 -0.21535322E-07
    2    2    0.31745647E-02 -0.56009790E-08
    3    2   -0.44757564E-03 -0.37191945E-08
    4    2    0.26862236E-02 -0.15161486E-07
    1    3    0.17497100E-03  0.78351541E-08
    2    3   -0.64691800E-03  0.38066644E-08
    3    3    0.31768546E-02 -0.85944637E-08
    4    3   -0.10852764E-01  0.40056244E-07
    1    4   -0.16590047E-03 -0.40912547E-08
    2    4    0.17552518E-03  0.85510035E-08
    3    4   -0.30262767E-03  0.21433741E-07
    4    4    0.36051347E-02  0.87017478E-08

    3    0    0
    1    1   -0.33869816E-02  0.13870260E-07
    2    1    0.68862079E-02 -0.27582432E-08
    3    1   -0.16313097E-02 -0.79439940E-08
    4    1    0.73584238E-03 -0.32067920E-08
    1    2    0.95713461E-03  0.18152396E-08
    2    2   -0.35308245E-02  0.20873244E-07
    3    2    0.10991345E-02 -0.64535650E-08
    4    2   -0.16321454E-02  0.10948698E-07
    1    3   -0.40199349E-03 -0.47672051E-08
    2    3    0.10991442E-02 -0.10523068E-07
    3    3   -0.35317732E-02 -0.12773483E-07
    4    3    0.68875038E-02 -0.10515403E-07
    1    4    0.59757498E-04 -0.42935938E-08
    2    4   -0.40238369E-03  0.37935916E-08
    3    4    0.95805759E-03  0.21363344E-07
    4    4   -0.33878004E-02 -0.29276239E-07

    3    1    0
    1    1    0.52114336E-04 -0.15799555E-07
    2    1   -0.30155942E-03  0.21893253E-08
    3    1    0.17494712E-03 -0.91718773E-10
    4    1    0.10266523E-02  0.65713684E-08
    1    2    0.35720428E-03 -0.44872055E-08
    2    2    0.19992829E-03 -0.19903304E-08
    3    2   -0.27513852E-03  0.69372624E-09
    4    2    0.17551541E-03 -0.15867852E-08
    1    3    0.46865719E-04 -0.48077051E-09
    2    3    0.23392268E-03  0.15251736E-07
    3    3    0.19998636E-03 -0.12834718E-07
    4    3   -0.30262335E-03  0.87487664E-09
    1    4   -0.12360146E-03 -0.11004448E-07
    2    4    0.46497644E-04  0.12099837E-08
    3    4    0.35779403E-03  0.34868056E-08
    4    4    0.52009890E-04 -0.79591191E-08

    3    2    0
    1    1    0.24677465E-03  0.64905450E-08
    2    1   -0.50307473E-03 -0.92054783E-08
    3    1   -0.34757734E-04  0.54905581E-08
    4    1   -0.26736106E-03  0.17776072E-08
    1    2   -0.22736762E-03 -0.12970146E-07
    2    2    0.98669399E-04  0.40130378E-08
    3    2    0.44089032E-03  0.17441806E-08
    4    2   -0.34702414E-04  0.61438858E-08
    1    3    0.75768887E-04  0.82106525E-08
    2    3   -0.30029395E-04  0.15890599E-08
    3    3    0.98074294E-04  0.30513616E-08
    4    3   -0.50312766E-03  0.93879145E-08
    1    4   -0.19172461E-03 -0.20534963E-08
    2    4    0.75800792E-04  0.93655070E-08
    3    4   -0.22790246E-03  0.10985801E-07
    4    4    0.24661874E-03  0.40949748E-08

    3    3    0
    1    1   -0.33781096E-04 -0.53574336E-08
    2    1   -0.54093625E-03 -0.73956275E-08
    3    1    0.40401134E-03 -0.33716072E-08
    4    1   -0.43454352E-03 -0.91313977E-08
    1    2    0.41883973E-03  0.66070731E-08
    2    2    0.89336476E-05  0.66866837E-08
    3    2   -0.28099159E-03  0.38249541E-08
    4    2    0.40371616E-03 -0.15077447E-08
    1    3   -0.19835713E-03 -0.14322838E-07
    2    3    0.18492840E-03 -0.20280434E-09
    3    3    0.87520791E-05 -0.12877535E-07
    4    3   -0.54077088E-03 -0.12023474E-08
    1    4   -0.19171255E-03 -0.52623980E-08
    2    4   -0.19856625E-03 -0.73211491E-08
    3    4    0.42095634E-03  0.75432532E-08
    4    4   -0.33962802E-04 -0.73812349E-08

    4   -6    0
    1    1   -0.81413419E-04 -0.19359451E-08
    2    1    0.16626836E-03 -0.18205142E-08
    3    1    0.71332131E-04  0.40630777E-09
    4    1    0.94679748E-04 -0.32923165E-08
    1    2    0.60248861E-03  0.71517396E-08
    2    2    0.33582212E-04 -0.33970945E-08
    3    2    0.27506991E-04 -0.35912282E-09
    4    2    0.71720036E-04  0.49124381E-08
    1    3   -0.27178408E-03 -0.13979936E-07
    2    3   -0.32648388E-03  0.34638417E-08
    3    3    0.34692120E-04  0.80629164E-08
    4    3    0.16596833E-03 -0.26499524E-08
    1    4    0.34656205E-03  0.28261891E-08
    2    4   -0.27116977E-03  0.53663641E-08
    3    4    0.60166645E-03  0.10150911E-07
    4    4   -0.80830882E-04 -0.76727625E-08

    4   -5    0
    1    1   -0.24686078E-03 -0.27470452E-08
    2    1    0.14105425E-03  0.16511427E-07
    3    1   -0.44324840E-03 -0.10847897E-07
    4    1   -0.71716364E-04  0.52045655E-08
    1    2   -0.49127792E-03  0.12036833E-08
    2    2   -0.21766280E-03 -0.30151931E-08
    3    2   -0.12680541E-03  0.61464470E-08
    4    2   -0.44341953E-03  0.64637124E-08
    1    3    0.38004739E-04  0.92581880E-09
    2    3    0.15618127E-03 -0.29671051E-08
    3    3   -0.21746502E-03 -0.94303234E-09
    4    3    0.14112118E-03 -0.12963477E-07
    1    4   -0.40048634E-03 -0.64574037E-08
    2    4    0.38015626E-04  0.63078958E-08
    3    4   -0.49101403E-03 -0.25199691E-08
    4    4   -0.24677783E-03  0.20134913E-08

    4   -4    0
    1    1    0.59593933E-05 -0.23237611E-08
    2    1    0.28265107E-03  0.38630600E-08
    3    1    0.27674260E-03 -0.21305287E-09
    4    1    0.44562984E-03 -0.69873257E-08
    1    2    0.28266198E-03  0.50575776E-08
    2    2    0.44643879E-03 -0.25984949E-08
    3    2   -0.32664153E-03  0.15034855E-08
    4    2    0.27723578E-03  0.44482497E-08
    1    3    0.27674444E-03 -0.10925456E-07
    2    3   -0.32664911E-03  0.26813557E-08
    3    3    0.44677576E-03  0.21029813E-08
    4    3    0.28170212E-03 -0.16642300E-07
    1    4    0.44562491E-03  0.91516093E-08
    2    4    0.27723551E-03  0.10001992E-07
    3    4    0.28170265E-03 -0.69743620E-08
    4    4    0.60027176E-05 -0.34274705E-08

    4   -3    0
    1    1    0.52121307E-04 -0.68714572E-08
    2    1    0.95715821E-03  0.40321554E-08
    3    1   -0.40199362E-03  0.12314745E-07
    4    1   -0.16590491E-03  0.10718140E-07
    1    2   -0.50305981E-03 -0.32500219E-08
    2    2    0.19992107E-03 -0.40282907E-08
    3    2    0.23392546E-03  0.57970926E-08
    4    2   -0.40237754E-03  0.89632806E-08
    1    3   -0.34769128E-04  0.10098654E-08
    2    3   -0.27514574E-03 -0.11317948E-08
    3    3    0.19998103E-03  0.47056522E-08
    4    3    0.95805190E-03 -0.21219061E-08
    1    4   -0.43454071E-03 -0.76411394E-08
    2    4   -0.34672258E-04 -0.15131397E-08
    3    4   -0.50314158E-03  0.60497214E-08
    4    4    0.51996781E-04 -0.29234810E-08

    4   -2    0
    1    1    0.12946260E-02 -0.70169291E-08
    2    1   -0.18769108E-02  0.14942047E-07
    3    1    0.30936255E-03 -0.14530118E-07
    4    1    0.87086365E-03 -0.89379831E-08
    1    2   -0.50305874E-03 -0.46958968E-08
    2    2    0.12536117E-02 -0.13665819E-07
    3    2   -0.84835823E-03  0.50177565E-08
    4    2    0.30972774E-03  0.18547863E-08
    1    3   -0.34778713E-04 -0.50506049E-08
    2    3   -0.30601031E-03 -0.31389382E-08
    3    3    0.12544624E-02  0.10592826E-07
    4    3   -0.18778389E-02 -0.17088343E-07
    1    4    0.44562186E-03  0.52334585E-08
    2    4   -0.34670046E-04  0.91325561E-08
    3    4   -0.50314197E-03  0.75154729E-08
    4    4    0.12954425E-02  0.10151972E-07

    4   -1    0
    1    1    0.52107662E-04 -0.14792269E-09
    2    1   -0.18768997E-02  0.13084891E-07
    3    1    0.30935490E-03 -0.19524628E-07
    4    1   -0.14067009E-02 -0.98869869E-09
    1    2    0.28266298E-03  0.29121955E-08
    2    2    0.19992724E-03  0.50537744E-08
    3    2    0.23392171E-03 -0.12408568E-07
    4    2    0.30971593E-03  0.10355099E-07
    1    3    0.27673832E-03 -0.53837101E-08
    2    3   -0.27515030E-03 -0.28423669E-08
    3    3    0.19997497E-03  0.78944334E-08
    4    3   -0.18778326E-02 -0.11868928E-07
    1    4   -0.40048699E-03  0.36716763E-08
    2    4    0.27723637E-03  0.12814394E-07
    3    4    0.28170384E-03 -0.10504609E-07
    4    4    0.52000306E-04  0.59758078E-08

    4    0    0
    1    1    0.59709894E-05 -0.73512407E-08
    2    1    0.95715367E-03  0.47984699E-08
    3    1   -0.40198306E-03 -0.28902365E-08
    4    1    0.87086089E-03  0.89739148E-08
    1    2   -0.49126418E-03 -0.10577257E-07
    2    2    0.44642817E-03 -0.11955290E-07
    3    2   -0.32664077E-03  0.55263737E-09
    4    2   -0.40238131E-03 -0.26447429E-08
    1    3    0.38004273E-04 -0.10557788E-07
    2    3   -0.32663101E-03  0.56922623E-08
    3    3    0.44678538E-03  0.73493867E-08
    4    3    0.95804320E-03 -0.70171833E-08
    1    4    0.34657311E-03  0.80126251E-09
    2    4    0.38021981E-04  0.15072577E-07
    3    4   -0.49102138E-03  0.28712031E-08
    4    4    0.60066522E-05  0.51157415E-08

    4    1    0
    1    1   -0.24687597E-03  0.39998894E-08
    2    1    0.28265534E-03  0.19042322E-07
    3    1    0.27673892E-03 -0.11467191E-07
    4    1   -0.16591344E-03  0.83169858E-08
    1    2    0.60248824E-03 -0.16152394E-08
    2    2   -0.21765370E-03 -0.95333044E-09
    3    2   -0.12680713E-03 -0.24551509E-08
    4    2    0.27723470E-03  0.44058830E-08
    1    3   -0.27177974E-03  0.18446772E-08
    2    3    0.15617673E-03  0.25983781E-08
    3    3   -0.21747160E-03  0.97868911E-08
    4    3    0.28170650E-03 -0.69010316E-08
    1    4   -0.12360403E-03 -0.21746876E-08
    2    4   -0.27118346E-03  0.56121360E-08
    3    4    0.60165945E-03 -0.16599036E-08
    4    4   -0.24677506E-03  0.54673198E-08

    4    2    0
    1    1   -0.81409369E-04 -0.29821734E-08
    2    1    0.14104651E-03  0.22790519E-08
    3    1   -0.44324528E-03 -0.42626883E-08
    4    1    0.44563731E-03 -0.10111912E-07
    1    2   -0.22734930E-03  0.61293182E-08
    2    2    0.33577922E-04 -0.35730247E-08
    3    2    0.27509918E-04  0.29519287E-08
    4    2   -0.44340858E-03 -0.48362615E-08
    1    3    0.75760308E-04 -0.13896258E-07
    2    3   -0.32647746E-03  0.10537828E-08
    3    3    0.34697069E-04  0.43934421E-08
    4    3    0.14111464E-03 -0.85622100E-08
    1    4    0.53680782E-03 -0.62946768E-08
    2    4    0.75797287E-04  0.70844255E-08
    3    4   -0.22790334E-03  0.33760755E-08
    4    4   -0.80820934E-04 -0.40953491E-08

    5   -5    0
    1    1    0.52905246E-03 -0.31809612E-16
    2    1    0.90806305E-04  0.98369524E-09
    3    1    0.18983940E-03  0.25061016E-08
    4    1    0.27629974E-03 -0.93361510E-09
    1    2    0.90806305E-04 -0.98369506E-09
    2    2   -0.10595557E-03 -0.38064962E-16
    3    2    0.24081975E-03 -0.66273529E-08
    4    2    0.18962508E-03 -0.11890894E-07
    1    3    0.18983940E-03 -0.25061016E-08
    2    3    0.24081975E-03  0.66273529E-08
    3    3   -0.10706860E-03 -0.41954934E-16
    4    3    0.91487610E-04  0.27429450E-08
    1    4    0.27629974E-03  0.93361510E-09
    2    4    0.18962508E-03  0.11890894E-07
    3    4    0.91487610E-04 -0.27429448E-08
    4    4    0.52859133E-03 -0.35419950E-16

    5   -4    0
    1    1   -0.24686409E-03 -0.36331046E-08
    2    1   -0.49128985E-03  0.33423716E-08
    3    1    0.38015224E-04  0.47392956E-08
    4    1   -0.40047987E-03  0.27757433E-09
    1    2    0.14105280E-03 -0.22350964E-08
    2    2   -0.21764046E-03  0.14746276E-08
    3    2    0.15617805E-03  0.35383808E-08
    4    2    0.38009260E-04 -0.76866800E-08
    1    3   -0.44324170E-03 -0.14939755E-08
    2    3   -0.12680283E-03 -0.16368532E-08
    3    3   -0.21748988E-03  0.13697071E-08
    4    3   -0.49100155E-03  0.52113151E-08
    1    4   -0.71725405E-04  0.32529439E-08
    2    4   -0.44341908E-03 -0.18679816E-08
    3    4    0.14112678E-03 -0.16224010E-08
    4    4   -0.24677559E-03  0.76559720E-08

    5   -3    0
    1    1    0.24679205E-03  0.62642257E-08
    2    1    0.35719678E-03 -0.40315308E-08
    3    1    0.46855381E-04  0.63628648E-08
    4    1    0.59765753E-04 -0.11727034E-07
    1    2   -0.54095859E-03  0.62028009E-08
    2    2    0.98677018E-04 -0.18328997E-08
    3    2   -0.30032347E-04 -0.27799691E-08
    4    2    0.46498723E-04 -0.68239860E-08
    1    3    0.40400572E-03 -0.49101378E-08
    2    3    0.44089808E-03 -0.13940757E-08
    3    3    0.98068645E-04 -0.51587289E-08
    4    3    0.35779871E-03  0.82570503E-09
    1    4   -0.71721797E-04  0.88624359E-08
    2    4    0.40371599E-03 -0.12125302E-08
    3    4   -0.54076176E-03  0.38374604E-08
    4    4    0.24661841E-03 -0.94182518E-08

    5   -2    0
    1    1    0.24679598E-03  0.69753927E-09
    2    1   -0.58597625E-03  0.12489057E-08
    3    1    0.21556044E-03  0.49131087E-08
    4    1   -0.37767040E-03  0.94507102E-08
    1    2    0.14104920E-03  0.51000637E-08
    2    2    0.98669586E-04  0.74329562E-08
    3    2   -0.30029058E-04 -0.10050647E-07
    4    2    0.21563863E-03  0.14906193E-08
    1    3   -0.44325224E-03 -0.94055795E-08
    2    3    0.44090277E-03 -0.49095815E-08
    3    3    0.98062325E-04  0.89303798E-09
    4    3   -0.58626421E-03 -0.55722552E-08
    1    4    0.27629917E-03 -0.37887840E-08
    2    4   -0.44341012E-03  0.97930082E-08
    3    4    0.14111619E-03 -0.60271883E-08
    4    4    0.24660793E-03  0.23608043E-08

    5   -1    0
    1    1   -0.24685196E-03  0.53405466E-08
    2    1    0.35720009E-03 -0.14650767E-07
    3    1    0.46870821E-04  0.85124445E-08
    4    1   -0.37766404E-03  0.23409113E-08
    1    2    0.90805871E-04  0.13901685E-07
    2    2   -0.21763348E-03 -0.33638150E-08
    3    2    0.15618104E-03 -0.37192914E-08
    4    2    0.46498293E-04 -0.20048093E-08
    1    3    0.18984929E-03 -0.89016890E-08
    2    3   -0.12681060E-03  0.13605442E-08
    3    3   -0.21748812E-03 -0.30349907E-08
    4    3    0.35780699E-03 -0.26047056E-08
    1    4   -0.40048522E-03  0.67192373E-08
    2    4    0.18962102E-03 -0.18972874E-08
    3    4    0.91503871E-04  0.81433577E-08
    4    4   -0.24677328E-03 -0.68346829E-09

    5    0    0
    1    1    0.52903544E-03 -0.10372379E-15
    2    1   -0.49129968E-03  0.31893993E-08
    3    1    0.38013504E-04  0.17607845E-08
    4    1    0.59755473E-04  0.20006143E-08
    1    2   -0.49129968E-03 -0.31893987E-08
    2    2   -0.10595571E-03 -0.11119736E-15
    3    2    0.24082397E-03 -0.96331835E-08
    4    2    0.37997831E-04 -0.13934215E-07
    1    3    0.38013504E-04 -0.17607845E-08
    2    3    0.24082397E-03  0.96331835E-08
    3    3   -0.10707190E-03 -0.11781235E-15
    4    3   -0.49100389E-03  0.61179844E-08
    1    4    0.59755473E-04 -0.20006143E-08
    2    4    0.37997831E-04  0.13934215E-07
    3    4   -0.49100389E-03 -0.61179836E-08
    4    4    0.52857693E-03 -0.10725910E-15

    6   -4    0
    1    1   -0.81413419E-04  0.19359451E-08
    2    1    0.60248861E-03 -0.71517396E-08
    3    1   -0.27178408E-03  0.13979936E-07
    4    1    0.34656205E-03 -0.28261891E-08
    1    2    0.16626836E-03  0.18205142E-08
    2    2    0.33582212E-04  0.33970945E-08
    3    2   -0.32648388E-03 -0.34638417E-08
    4    2   -0.27116977E-03 -0.53663641E-08
    1    3    0.71332131E-04 -0.40630777E-09
    2    3    0.27506991E-04  0.35912281E-09
    3    3    0.34692120E-04 -0.80629163E-08
    4    3    0.60166645E-03 -0.10150911E-07
    1    4    0.94679748E-04  0.32923165E-08
    2    4    0.71720036E-04 -0.49124381E-08
    3    4    0.16596833E-03  0.26499524E-08
    4    4   -0.80830882E-04  0.76727625E-08

    6   -3    0
    1    1   -0.33782118E-04 -0.33609849E-08
    2    1   -0.22735513E-03  0.10049213E-07
    3    1    0.75754452E-04  0.80555234E-09
    4    1   -0.12359649E-03  0.66917925E-09
    1    2    0.16627014E-03 -0.92138209E-08
    2    2    0.89257782E-05  0.53605652E-08
    3    2    0.18493028E-03  0.21050765E-08
    4    2    0.75810479E-04 -0.55621865E-08
    1    3    0.71327954E-04  0.98148623E-08
    2    3   -0.28098706E-03 -0.36145582E-08
    3    3    0.87518032E-05 -0.97270615E-08
    4    3   -0.22791489E-03  0.57305844E-08
    1    4   -0.71724041E-04 -0.92846653E-08
    2    4    0.71712986E-04 -0.56752558E-08
    3    4    0.16597728E-03  0.35007801E-08
    4    4   -0.33956568E-04 -0.12975716E-07

   -6    3    0
    1    1   -0.17727146E-04  0.55846210E-09  0.30702966E-04  0.17357104E-08 -0.41725561E-04  0.18803546E-07
    2    1   -0.47950072E-04  0.20959482E-09 -0.83054397E-04 -0.11066155E-08 -0.62791240E-04 -0.13990557E-08
    3    1    0.83866407E-04 -0.32486467E-09  0.14526493E-03  0.37699943E-09 -0.17519689E-04 -0.45154842E-08
    4    1    0.72930936E-05 -0.56283150E-09 -0.14956385E-03  0.12431112E-08 -0.67076291E-04  0.25878138E-08
    1    2   -0.17326040E-03 -0.83438418E-08  0.95927091E-04 -0.11632871E-09 -0.60166979E-04  0.54756298E-08
    2    2    0.10804961E-04 -0.14122782E-08 -0.18713665E-04 -0.17990471E-08  0.90846809E-04 -0.20770908E-07
    3    2   -0.11347905E-03  0.11888332E-08  0.14144893E-03  0.34787062E-08  0.10036500E-04 -0.24547474E-08
    4    2    0.42515132E-06 -0.47577369E-08 -0.63718017E-04  0.27023544E-08 -0.22629585E-04  0.97928346E-08
    1    3   -0.98760861E-04 -0.34775743E-08 -0.97130075E-04 -0.51445867E-09 -0.35270085E-04 -0.47599895E-08
    2    3   -0.15535091E-04 -0.73323259E-09  0.29339130E-04  0.36286600E-08 -0.25193269E-04  0.80454683E-09
    3    3   -0.10784265E-04 -0.11480656E-09  0.18680669E-04 -0.87197441E-09 -0.90194334E-04  0.48489741E-08
    4    3   -0.11048279E-03 -0.58312466E-08 -0.20811799E-03 -0.17695522E-08  0.57751823E-04 -0.17102870E-08
    1    4   -0.29662093E-04  0.28182644E-08  0.25767279E-03  0.13856249E-08 -0.27498280E-04 -0.82547132E-08
    2    4   -0.40446579E-04 -0.23796502E-08 -0.59009220E-04  0.31135539E-08 -0.28086234E-04  0.87407213E-08
    3    4   -0.15522575E-03 -0.24292626E-08  0.10126438E-03 -0.57670326E-10 -0.87705964E-04 -0.11771391E-08
    4    4    0.17732784E-04 -0.66983927E-09 -0.30714478E-04 -0.11017245E-08  0.42164423E-04 -0.45184567E-08

   -6    4    0
    1    1    0.14552023E-04  0.56465291E-08 -0.40056776E-09  0.51198205E-09  0.11522842E-03  0.10542450E-07
    2    1    0.95902942E-04  0.60211197E-08 -0.26273228E-08  0.50501528E-08 -0.62794250E-04  0.65377447E-09
    3    1   -0.16773143E-03 -0.69306843E-08  0.38159277E-08 -0.18686110E-08 -0.17518157E-04  0.26457491E-09
    4    1   -0.10387330E-08  0.14663391E-08  0.15828732E-08 -0.24442571E-08  0.12109478E-03 -0.78306921E-08
    1    2    0.17287493E-03 -0.16259514E-08 -0.37924159E-08  0.63087529E-08  0.57058962E-04  0.99160189E-08
    2    2    0.89532371E-04 -0.96420218E-09 -0.10144735E-09 -0.26987150E-09 -0.67820790E-04 -0.60568079E-08
    3    2    0.30935259E-03  0.44299021E-08  0.21123232E-08 -0.36110732E-09 -0.31511379E-03 -0.35661862E-08
    4    2   -0.56090258E-06  0.22974053E-08 -0.38207780E-09  0.42075892E-08 -0.22638111E-04  0.53461954E-08
    1    3   -0.22016040E-03 -0.30373192E-08  0.39885644E-08 -0.20716012E-08 -0.92090866E-04 -0.12015686E-07
    2    3    0.17122434E-03 -0.28240179E-08  0.47875930E-09 -0.15063175E-08 -0.31289945E-04  0.75437679E-08
    3    3   -0.89315177E-04  0.27509107E-09 -0.14123889E-09  0.39448843E-10  0.67891684E-04 -0.19210865E-08
    4    3    0.24950719E-03 -0.68933362E-09  0.55067126E-09  0.11665880E-08  0.57746981E-04 -0.18310065E-08
    1    4    0.28730441E-03  0.41827620E-08  0.34485256E-09  0.21996112E-08  0.24881194E-03 -0.29308671E-08
    2    4   -0.12738868E-03  0.13209972E-08 -0.24460013E-08 -0.75223703E-09 -0.28115598E-03  0.48634948E-08
    3    4    0.26695284E-03 -0.10569588E-08 -0.23996607E-09 -0.14680637E-08  0.12840334E-03  0.34694475E-08
    4    4   -0.14794144E-04  0.64611284E-09 -0.24010279E-09  0.31159483E-09 -0.11493871E-03  0.85240439E-08

   -5    0    0
    1    1   -0.56002202E-04 -0.14197534E-17 -0.96998660E-04 -0.24590887E-17  0.11404438E-03 -0.53717838E-18
    2    1    0.25999781E-04 -0.10734233E-07 -0.10048537E-03  0.70788989E-08  0.94690347E-04 -0.13666983E-07
    3    1    0.26387507E-03 -0.77756895E-09 -0.98255121E-04  0.12847861E-08 -0.45275345E-04 -0.40423552E-09
    4    1   -0.12408064E-03  0.61670667E-08 -0.45004241E-04 -0.19771253E-08  0.37133497E-04  0.29373434E-08
    1    2   -0.12206503E-04 -0.11102415E-07  0.12437603E-03  0.64411996E-08  0.94690347E-04  0.13666981E-07
    2    2   -0.14164407E-03  0.88575143E-16 -0.24533473E-03  0.27851011E-17  0.10259288E-03 -0.16224693E-18
    3    2   -0.24733070E-04 -0.61872048E-09 -0.50322423E-04 -0.11184189E-08  0.28269867E-04 -0.12155271E-07
    4    2    0.23096294E-03 -0.22408645E-08 -0.11873716E-03  0.17387677E-09 -0.14264806E-04 -0.11313452E-07
    1    3   -0.23481759E-03 -0.43482281E-08  0.14858415E-03 -0.48997725E-08 -0.45275345E-04  0.40423881E-09
    2    3    0.32230091E-04 -0.30945409E-09  0.63307643E-04 -0.58276005E-09  0.28269867E-04  0.12155268E-07
    3    3    0.14182718E-03  0.85358746E-16  0.24565189E-03 -0.27858632E-17 -0.10202381E-03  0.21753915E-15
    4    3   -0.65975755E-05  0.16632592E-08 -0.15793971E-03 -0.37040700E-08 -0.13867492E-03  0.93255491E-09
    1    4    0.11042062E-03  0.43278750E-08  0.21344390E-04 -0.51627043E-08  0.37133497E-04 -0.29373454E-08
    2    4   -0.24232338E-03 -0.17892893E-08  0.99060295E-04  0.95602646E-09 -0.14264806E-04  0.11313456E-07
    3    4   -0.51039059E-04  0.14090933E-08  0.58110133E-04 -0.41443055E-08 -0.13867492E-03 -0.93255393E-09
    4    4    0.56036658E-04  0.17535427E-15  0.97058339E-04  0.24594044E-17 -0.11364597E-03  0.21791413E-15

   -5    1    0
    1    1   -0.82264835E-04 -0.76912095E-09 -0.12235427E-03 -0.94327017E-09 -0.11649371E-04 -0.45322835E-08
    2    1    0.12427240E-03 -0.74305677E-09  0.21525329E-03  0.41167210E-08 -0.26202330E-03 -0.24648359E-07
    3    1    0.83477604E-04 -0.54024233E-08  0.14459247E-03  0.17494019E-10  0.25875373E-03  0.26777059E-08
    4    1    0.24910672E-04 -0.10734832E-08 -0.54117364E-04  0.12087830E-09 -0.10837654E-03  0.26751732E-08
    1    2    0.34373654E-03  0.24418274E-08 -0.35338694E-03  0.39034522E-08 -0.12665279E-04  0.29392560E-08
    2    2    0.57735082E-04  0.31805822E-09  0.74890285E-04  0.49105417E-09  0.41843019E-04 -0.81382411E-09
    3    2   -0.27495088E-03 -0.15783471E-08  0.10544412E-03  0.85078352E-09 -0.80304243E-05 -0.15819645E-08
    4    2   -0.55847396E-04  0.11112253E-08 -0.66949838E-04  0.11489878E-08  0.36930335E-06 -0.64588662E-08
    1    3   -0.25384038E-03  0.39998004E-08 -0.15857208E-03  0.33105825E-08  0.41713341E-04 -0.54803531E-08
    2    3    0.26421943E-03 -0.40408199E-10 -0.61193584E-04 -0.84699463E-09  0.11833021E-03  0.14519282E-07
    3    3   -0.57845177E-04  0.16470272E-08 -0.75045903E-04  0.23902544E-08 -0.41174739E-04  0.26803815E-08
    4    3   -0.60718967E-04  0.33289584E-10 -0.12674737E-03  0.14143113E-08  0.15290426E-04 -0.47634622E-08
    1    4    0.32231353E-03 -0.23032993E-08 -0.17041984E-03  0.12278940E-08 -0.22013359E-03 -0.24694527E-08
    2    4   -0.88420369E-04 -0.20677529E-09  0.17486192E-03  0.47630595E-09  0.15946318E-03  0.42721325E-08
    3    4    0.37201164E-03  0.14398301E-08 -0.25671518E-03 -0.17718582E-08  0.96635376E-04  0.21739495E-08
    4    4    0.82338678E-04 -0.60263790E-09  0.12245951E-03 -0.73398398E-09  0.12366799E-04 -0.14143112E-07

   -5    2    0
    1    1    0.12817257E-04 -0.23303805E-08  0.81802820E-05 -0.87958541E-09  0.15730873E-04  0.73656185E-08
    2    1   -0.14568920E-03 -0.46173336E-08  0.31241645E-04  0.39299492E-08  0.15221142E-03 -0.17112646E-07
    3    1    0.36209427E-04  0.13737991E-08  0.87240929E-04 -0.19124704E-08 -0.50742110E-04  0.35196906E-08
    4    1   -0.10973803E-05 -0.27504862E-08 -0.18994948E-05 -0.11376408E-08 -0.20395359E-03  0.80083508E-08
    1    2    0.25432104E-04  0.36168403E-08 -0.72835196E-04  0.40169956E-08 -0.24759153E-03  0.40218936E-08
    2    2    0.41750021E-04  0.56541799E-09  0.41689681E-04  0.22756992E-09 -0.16061695E-04 -0.12360696E-08
    3    2   -0.21033668E-03 -0.91356483E-09  0.26000276E-03 -0.31649059E-08  0.18005686E-03 -0.29474645E-08
    4    2    0.43847618E-04 -0.57361557E-09  0.10306156E-03  0.12268432E-08  0.87420592E-04 -0.24225823E-08
    1    3    0.72402254E-04 -0.15847740E-08 -0.98079812E-04  0.89685026E-09  0.14276499E-03 -0.74956482E-08
    2    3   -0.12829288E-03  0.45266401E-09  0.46387560E-04 -0.15410092E-08  0.13597446E-04  0.31173526E-08
    3    3   -0.41611610E-04  0.18167340E-08 -0.41542480E-04  0.11602625E-08  0.16642972E-04  0.87616141E-08
    4    3   -0.11726871E-03  0.84345408E-09  0.44045234E-04 -0.41695712E-08  0.52658375E-04  0.25266672E-08
    1    4   -0.29138333E-04 -0.30162590E-09 -0.25458659E-03  0.41294371E-08 -0.22013724E-03 -0.93713401E-08
    2    4    0.10677684E-03  0.41345506E-08 -0.41871938E-04  0.58399137E-09 -0.78758592E-04 -0.66583564E-08
    3    4    0.21530053E-04  0.24058207E-09 -0.47820607E-04 -0.31852785E-08 -0.11502498E-03  0.20902182E-08
    4    4   -0.12952995E-04  0.22591487E-08 -0.83112219E-05  0.15017368E-08 -0.14921879E-04 -0.15301973E-07

   -5    3    0
    1    1   -0.13487417E-04 -0.34502982E-08 -0.70077001E-05 -0.12714241E-08  0.15741012E-04  0.90727622E-08
    2    1    0.13578016E-04 -0.49459737E-08 -0.23516380E-04  0.56067015E-08 -0.14737576E-03 -0.80763207E-09
    3    1    0.15014392E-03  0.39391883E-08 -0.26006038E-03 -0.19756722E-08  0.20706558E-03  0.25751756E-08
    4    1   -0.13316703E-03  0.11117003E-08 -0.68468830E-04  0.76746185E-09 -0.67086958E-04 -0.57434740E-08
    1    2    0.19081616E-03  0.47181243E-08 -0.42178327E-03  0.12878382E-08 -0.12654817E-04  0.81247173E-08
    2    2   -0.56981995E-04  0.14674865E-08 -0.15312831E-04  0.54480697E-09 -0.16075271E-04 -0.30585087E-08
    3    2   -0.14887478E-03 -0.28558427E-08  0.29159770E-03 -0.26959383E-08  0.18005005E-03 -0.44484334E-08
    4    2    0.18983838E-03  0.55867162E-09 -0.27571565E-03 -0.72029417E-09  0.74772732E-04  0.68329505E-08
    1    3    0.24287407E-03 -0.49570132E-08  0.14525385E-03 -0.24793407E-08  0.41706245E-04 -0.57324622E-08
    2    3    0.67454458E-05  0.11832403E-09  0.10625447E-03 -0.64037023E-08  0.13607509E-04  0.27014445E-08
    3    3    0.56781450E-04  0.15057889E-08  0.15264944E-04  0.48148977E-09  0.16646325E-04  0.36239194E-08
    4    3   -0.15346749E-04  0.63801179E-09  0.32123740E-05 -0.11508930E-09 -0.14761472E-03 -0.16138319E-08
    1    4   -0.12592658E-03  0.46217182E-08 -0.53374631E-04 -0.48707606E-08  0.37129914E-04  0.40445246E-08
    2    4    0.22574756E-05  0.19645413E-08  0.42481533E-04 -0.10618106E-08  0.15947056E-03  0.43243236E-08
    3    4    0.15938545E-03  0.27536912E-08 -0.40684274E-03 -0.47072728E-08  0.96636074E-04  0.13424507E-09
    4    4    0.13675325E-04  0.62790305E-09  0.70624874E-05  0.28224610E-09 -0.14930589E-04  0.27965750E-08

   -5    4    0
    1    1    0.14708729E-03  0.11227407E-08  0.10065982E-04  0.65373817E-10 -0.11650769E-04  0.19255145E-08
    2    1    0.45787820E-04 -0.15468335E-08  0.14179052E-03 -0.50162340E-08  0.15219321E-03 -0.11858661E-07
    3    1   -0.93653588E-04  0.21423866E-08  0.12260767E-04  0.10486303E-08 -0.50743468E-04  0.35710791E-08
    4    1    0.12587745E-03 -0.60026241E-10  0.81099826E-04 -0.37620275E-08 -0.67089251E-04 -0.16992222E-08
    1    2   -0.16350695E-03 -0.34826151E-08  0.73684158E-04  0.35882668E-08  0.94706162E-04  0.91542479E-08
    2    2   -0.93723666E-04 -0.89365110E-09 -0.12554961E-04 -0.15984337E-09  0.41846052E-04 -0.43112058E-08
    3    2    0.54548744E-04 -0.59843348E-10  0.26734966E-03  0.46114062E-09 -0.80338554E-05 -0.12210716E-08
    4    2   -0.16733284E-03  0.15249879E-08  0.29972688E-04  0.24070419E-08  0.87418058E-04  0.11933787E-08
    1    3    0.20666592E-04 -0.86826879E-09  0.28557525E-03 -0.15984874E-08 -0.45270022E-04 -0.16722285E-08
    2    3   -0.84209613E-04 -0.11962780E-08 -0.23420869E-03  0.11508032E-08  0.11833380E-03  0.61804437E-08
    3    3    0.93913842E-04  0.19723388E-08  0.12572230E-04  0.24371966E-10 -0.41185866E-04 -0.13441891E-08
    4    3    0.35477430E-04  0.30175312E-08  0.92487094E-04  0.35436531E-08  0.52660619E-04  0.39744224E-09
    1    4   -0.97916747E-04  0.13865325E-08  0.50320266E-04 -0.26250277E-09 -0.10836491E-03  0.19033348E-08
    2    4    0.50519688E-04  0.94608474E-10  0.22395870E-03 -0.25629281E-08 -0.14253031E-04  0.47691649E-08
    3    4   -0.15358506E-03 -0.11894215E-08  0.76566572E-04 -0.45514194E-08 -0.13867336E-03  0.45796201E-11
    4    4   -0.14722322E-03 -0.25354399E-08 -0.10077680E-04 -0.14042791E-09  0.12366617E-04  0.36988785E-08

   -5    5    0
    1    1    0.11200633E-03 -0.30869001E-18  0.19710457E-14 -0.60108038E-19  0.11403767E-03 -0.34821620E-18
    2    1   -0.24855694E-03  0.41327531E-08 -0.33678910E-08  0.42022675E-10 -0.26202667E-03 -0.13091761E-07
    3    1   -0.16696036E-03 -0.27523190E-08  0.53523996E-08  0.32135418E-08  0.25875223E-03  0.40436553E-08
    4    1    0.21985094E-05 -0.28135428E-08  0.25740781E-08  0.33706961E-08 -0.20394621E-03 -0.10270369E-08
    1    2   -0.13594986E-03  0.21397381E-09  0.33678872E-08  0.42027855E-10 -0.26202667E-03  0.13091763E-07
    2    2    0.28329711E-03  0.51074598E-16  0.15183167E-14  0.26610925E-18  0.10258946E-03 -0.30755297E-19
    3    2    0.80044588E-04 -0.76188391E-09  0.99498920E-09 -0.46257888E-09  0.28262990E-04 -0.15346558E-07
    4    2    0.59450226E-04  0.37032964E-08 -0.50524193E-08 -0.14766908E-08  0.36712746E-06 -0.26819694E-08
    1    3   -0.81349038E-04  0.22535874E-08 -0.53523974E-08  0.32135438E-08  0.25875223E-03 -0.40436586E-08
    2    3   -0.51162886E-04  0.22810161E-08 -0.99498727E-09 -0.46258132E-09  0.28262990E-04  0.15346560E-07
    3    3   -0.28365225E-03  0.50302908E-16 -0.98662398E-15 -0.26610416E-18 -0.10201542E-03  0.12672760E-15
    4    3    0.96559164E-04 -0.22505209E-08 -0.33058490E-08  0.11674187E-08  0.15283575E-04 -0.54643673E-09
    1    4    0.61317210E-04  0.19732142E-08 -0.25740778E-08  0.33706942E-08 -0.20394621E-03  0.10270389E-08
    2    4    0.16414531E-03 -0.31295021E-08  0.50524177E-08 -0.14766929E-08  0.36712746E-06  0.26819657E-08
    3    4    0.18775605E-03  0.47504601E-09  0.33058487E-08  0.11674146E-08  0.15283575E-04  0.54643573E-09
    4    4   -0.11207828E-03  0.10168624E-15 -0.54296845E-15  0.59988653E-19 -0.11363883E-03  0.12704517E-15

   -4   -2    0
    1    1   -0.72790617E-05 -0.44018644E-11 -0.12607307E-04  0.52288465E-10  0.11521698E-03 -0.66737294E-08
    2    1    0.42652280E-04  0.74381682E-08 -0.16065831E-03 -0.43453640E-08 -0.60179689E-04 -0.90715274E-08
    3    1   -0.74781293E-04 -0.40769794E-08  0.47723117E-04  0.30955683E-08 -0.35263343E-04  0.14759941E-07
    4    1    0.87806878E-04 -0.39093611E-08 -0.15209199E-03  0.53144239E-08  0.39077882E-03  0.40945230E-08
    1    2   -0.69927355E-04  0.15401820E-08  0.92057163E-04 -0.86671956E-09  0.15219387E-03  0.20692005E-08
    2    2   -0.44765273E-04 -0.11529834E-08 -0.77536658E-04 -0.11034073E-09 -0.67827822E-04  0.98360769E-08
    3    2    0.61500671E-04  0.87069942E-09  0.14788515E-03  0.47674052E-09 -0.31298151E-04 -0.82883436E-08
    4    2   -0.13147816E-03  0.46222477E-08 -0.34832774E-04 -0.17651189E-08 -0.28094324E-04 -0.10106785E-07
    1    3   -0.88629684E-04  0.37779527E-09 -0.12712783E-03 -0.20408798E-08 -0.50745151E-04  0.57370912E-08
    2    3    0.11618836E-03  0.79506328E-09  0.25881768E-03  0.12515020E-08 -0.31510958E-03  0.29172736E-08
    3    3    0.44657589E-04 -0.30251436E-09  0.77349071E-04  0.12834675E-08  0.67887943E-04 -0.31090747E-08
    4    3    0.32864805E-05 -0.18469349E-08 -0.20088695E-03 -0.35583617E-08 -0.87702937E-04 -0.19862258E-08
    1    4    0.12005648E-03  0.70976144E-08 -0.21034103E-03 -0.21249307E-09  0.13102626E-03  0.45347268E-08
    2    4   -0.74299759E-04 -0.20141045E-08 -0.11679262E-03  0.18314294E-08  0.87418018E-04 -0.18153897E-08
    3    4   -0.78000312E-04  0.30484161E-08  0.11802390E-03  0.26911590E-08  0.52658205E-04  0.27902337E-08
    4    4    0.73989626E-05  0.35732304E-09  0.12814944E-04 -0.79541341E-09 -0.11495101E-03 -0.23023929E-08

   -4   -1    0
    1    1   -0.64826794E-04  0.92043180E-09 -0.13241501E-03  0.12223393E-08 -0.11636959E-04 -0.15903080E-07
    2    1    0.10420686E-03  0.15396650E-08  0.18047789E-03 -0.92442311E-09  0.57064075E-04 -0.35609941E-08
    3    1   -0.22552613E-04  0.16223692E-08 -0.39076184E-04 -0.91539498E-09 -0.92088890E-04  0.80038117E-08
    4    1    0.26065532E-03 -0.33398652E-08 -0.18198269E-03 -0.41505211E-09 -0.27497375E-04 -0.26494211E-08
    1    2    0.11524117E-03 -0.42589421E-09 -0.28510685E-03  0.16815657E-09 -0.48287089E-04  0.15778223E-07
    2    2    0.35988444E-04 -0.10489216E-09  0.87443448E-04  0.22143736E-09  0.41854054E-04  0.18413563E-08
    3    2    0.17332006E-03 -0.51531604E-09 -0.21014649E-03  0.11781934E-09  0.11832479E-03 -0.80545199E-08
    4    2   -0.11203492E-03  0.11494250E-08 -0.17129587E-03 -0.11314019E-08 -0.28115743E-03 -0.35725930E-08
    1    3   -0.40369356E-04  0.43009188E-08  0.97103559E-04 -0.73254707E-08  0.99817859E-04  0.47686166E-08
    2    3   -0.21278302E-03 -0.48965316E-09  0.19874869E-03  0.91592697E-09 -0.80261266E-05  0.41203400E-08
    3    3   -0.36069976E-04  0.16195393E-08 -0.87620031E-04  0.33304022E-08 -0.41155944E-04 -0.13676626E-07
    4    3    0.51599088E-04  0.37936260E-08  0.12816744E-03 -0.62409903E-08  0.12839916E-03  0.71131549E-09
    1    4   -0.20285528E-03 -0.35936057E-08  0.17641462E-03  0.67989484E-09 -0.94467621E-04  0.35974604E-09
    2    4    0.62593621E-05 -0.21240678E-08  0.23056090E-03  0.15718744E-10  0.49952656E-04  0.45729346E-08
    3    4    0.22287128E-03 -0.20846138E-08 -0.49716375E-04 -0.12821482E-08  0.55791379E-04  0.17987328E-08
    4    4    0.64882986E-04 -0.10978122E-08  0.13253624E-03 -0.20892383E-08  0.12365751E-04  0.65619401E-08

   -4    0    0
    1    1    0.19659876E-03 -0.17088570E-08  0.34051903E-03 -0.29598260E-08 -0.13733272E-03 -0.12020512E-07
    2    1   -0.10001903E-03  0.13082286E-08 -0.27734069E-04 -0.79901604E-09  0.94692888E-04 -0.15041129E-07
    3    1   -0.21703801E-03 -0.17076751E-08  0.17940336E-03  0.57168759E-09 -0.45280132E-04  0.11426460E-07
    4    1    0.10267655E-03 -0.51466512E-08  0.17783328E-03  0.15191027E-08  0.24882360E-03  0.16983098E-08
    1    2   -0.89413752E-03  0.21480573E-08  0.51179274E-03 -0.72706347E-09 -0.96815193E-04  0.11671030E-07
    2    2    0.56041568E-05  0.84485398E-09  0.97066850E-05  0.14633303E-08 -0.17516583E-03  0.37141051E-08
    3    2   -0.16160311E-03 -0.66869503E-10  0.22357356E-03 -0.65181067E-09 -0.12796583E-03 -0.14570699E-07
    4    2   -0.24219815E-03  0.40204981E-08  0.15427861E-03  0.17644905E-08 -0.14258683E-04 -0.15654742E-07
    1    3    0.36185478E-03 -0.11254732E-08 -0.19236336E-03  0.68319046E-09 -0.74999038E-04 -0.44361048E-08
    2    3   -0.29077711E-03  0.31469315E-08 -0.15789784E-06  0.26386920E-08 -0.12796514E-03  0.84771109E-08
    3    3   -0.56082088E-05  0.24501976E-09 -0.97137026E-05  0.42439209E-09  0.17567639E-03  0.35334026E-08
    4    3   -0.12971147E-03  0.29256896E-09 -0.90824103E-04  0.12378734E-08 -0.13867923E-03 -0.18437599E-08
    1    4   -0.19236533E-03  0.81537212E-09  0.10591013E-03  0.31197750E-08 -0.17773775E-03  0.20773199E-08
    2    4    0.33587397E-03 -0.40724704E-08 -0.24509605E-03  0.58828073E-09  0.19830002E-03  0.60400681E-08
    3    4   -0.78696357E-03  0.56219188E-08  0.70456280E-03 -0.38644554E-08  0.15345099E-03  0.22451236E-08
    4    4   -0.19675571E-03  0.53401199E-09 -0.34079088E-03  0.92492819E-09  0.13807972E-03 -0.35728161E-08

   -4    1    0
    1    1    0.47140981E-04  0.18736156E-08  0.62168561E-04  0.21625241E-08  0.30631758E-04  0.19503062E-08
    2    1    0.11921953E-03  0.23685306E-08 -0.20900435E-03 -0.21091494E-08 -0.48286299E-04 -0.17979136E-07
    3    1   -0.18185210E-03 -0.19003137E-08 -0.11138283E-03  0.16816442E-08  0.99830632E-04  0.24680604E-08
    4    1   -0.59325074E-04  0.22250820E-08 -0.54808540E-05 -0.37137270E-08 -0.10836387E-03  0.53537839E-08
    1    2    0.47333915E-03 -0.38548741E-08 -0.51786780E-03 -0.88686418E-09  0.28070930E-03  0.16828981E-08
    2    2    0.83329634E-04 -0.18133720E-08  0.92454785E-04 -0.19576812E-08  0.68318774E-04  0.13728713E-08
    3    2    0.52694720E-03  0.19619088E-08 -0.14535390E-03 -0.19226397E-08 -0.44471631E-04 -0.70449173E-08
    4    2   -0.94759271E-04  0.15358768E-08  0.30055441E-04 -0.46092469E-08  0.49956958E-04 -0.82092834E-08
    1    3   -0.15718367E-03  0.95337566E-09  0.18919409E-03 -0.80860832E-08  0.27074593E-04  0.27421194E-09
    2    3    0.16044377E-03 -0.27870891E-08 -0.97326217E-04  0.17943529E-08 -0.16041413E-03  0.12578354E-07
    3    3   -0.83104527E-04 -0.52677469E-09 -0.92196098E-04 -0.54502514E-09 -0.67160142E-04  0.85650220E-08
    4    3    0.30701808E-03 -0.37631547E-08  0.56175474E-04 -0.10571395E-08  0.55791161E-04  0.16387342E-08
    1    4    0.23841641E-03  0.33893173E-09 -0.28513812E-03  0.66664479E-09  0.19033925E-03  0.18879672E-09
    2    4   -0.23312417E-03 -0.17538496E-08  0.10506394E-03  0.55496793E-09 -0.10859524E-04 -0.29037419E-08
    3    4    0.53098296E-03 -0.88344898E-09 -0.48637125E-03  0.15960637E-08 -0.60531053E-04  0.17553620E-08
    4    4   -0.47298855E-04 -0.65553696E-10 -0.62365760E-04 -0.16106689E-09 -0.29800367E-04 -0.19205688E-07

   -4    2    0
    1    1    0.16851776E-05  0.14534099E-08 -0.29172006E-05  0.73623680E-09 -0.21171448E-03  0.25548234E-09
    2    1    0.97921356E-04  0.20704500E-09 -0.19117056E-04  0.15165327E-08  0.67302351E-04  0.33568513E-08
    3    1   -0.33537618E-03  0.13284775E-08 -0.15829425E-03  0.16434799E-08 -0.16351127E-03  0.38287926E-08
    4    1    0.21291155E-03  0.10141887E-08 -0.21644201E-04  0.22097945E-10  0.13100972E-03 -0.23483181E-08
    1    2    0.30289396E-03 -0.50472220E-09 -0.57656870E-03  0.15037315E-08  0.28071485E-03  0.49337346E-08
    2    2   -0.34380559E-05  0.11469843E-08  0.59599794E-05  0.69771195E-09 -0.19625524E-03 -0.60862489E-08
    3    2    0.45704474E-03 -0.97792430E-09 -0.63371970E-03 -0.18142005E-08 -0.97962609E-04  0.63707737E-09
    4    2   -0.97928275E-04  0.15708989E-08  0.16689240E-03  0.77190996E-09 -0.12201812E-03  0.14850229E-08
    1    3   -0.10988778E-03  0.53714537E-08  0.17807938E-03 -0.49690856E-08  0.27073073E-04  0.71163858E-08
    2    3   -0.14021437E-04 -0.69076048E-09 -0.54014477E-05 -0.85411238E-09  0.61631279E-05  0.14600708E-08
    3    3    0.34409911E-05 -0.39758933E-09 -0.59615826E-05 -0.10234718E-09  0.19707961E-03  0.23836486E-08
    4    3    0.22377508E-03  0.25989847E-08  0.82691323E-04 -0.81967734E-09 -0.53586135E-04 -0.18369351E-08
    1    4    0.55369708E-04 -0.17657704E-08  0.14291145E-03 -0.99656386E-09 -0.17774451E-03 -0.10825604E-08
    2    4   -0.58450488E-04  0.72364780E-09  0.20071479E-03  0.29800075E-08 -0.10849293E-04 -0.26482301E-08
    3    4    0.31331250E-03 -0.47371453E-11 -0.57954007E-03 -0.38989955E-08 -0.60532080E-04  0.40596905E-08
    4    4   -0.16907045E-05 -0.54352467E-09  0.29231844E-05 -0.22888826E-09  0.21253393E-03 -0.51514410E-08

   -4    3    0
    1    1   -0.77407094E-04 -0.27476182E-08 -0.97406340E-05 -0.49214812E-09  0.30639002E-04 -0.88143482E-08
    2    1   -0.32406922E-04 -0.27601437E-08 -0.94360727E-04 -0.37796317E-09  0.67289069E-04  0.11235109E-07
    3    1    0.30477238E-03 -0.12050170E-08  0.21129569E-03  0.59092433E-08 -0.16351221E-03  0.49114299E-09
    4    1   -0.14834993E-03 -0.56812565E-09  0.25694948E-03 -0.18250768E-08  0.49235138E-04 -0.37850856E-08
    1    2   -0.47307603E-04  0.43864690E-08  0.93636555E-03  0.90637139E-09 -0.96802176E-04  0.71167591E-08
    2    2   -0.12173779E-03 -0.18762853E-08 -0.25939127E-04 -0.27825140E-09  0.68322529E-04  0.18748134E-08
    3    2   -0.19281790E-03  0.12007223E-08 -0.41393299E-03 -0.16197688E-09 -0.44477085E-04 -0.31403181E-08
    4    2   -0.14956421E-04 -0.10807972E-08  0.73350108E-04 -0.50090829E-08 -0.12202118E-03  0.32110742E-08
    1    3   -0.18693763E-04  0.14771286E-08 -0.34342754E-03 -0.11057788E-08 -0.74998586E-04 -0.89889236E-09
    2    3    0.62199395E-04 -0.11547290E-08 -0.15704808E-03  0.13506264E-08 -0.16040880E-03 -0.30252828E-08
    3    3    0.12140351E-03  0.54465000E-08  0.25874017E-04  0.11927554E-08 -0.67173648E-04 -0.23445218E-08
    4    3   -0.19840564E-03  0.23650397E-08 -0.11803620E-03  0.23010264E-08 -0.53586051E-04  0.18644874E-09
    1    4   -0.36085126E-04 -0.45473288E-08  0.23732451E-03 -0.16572877E-08 -0.94463502E-04 -0.24840470E-08
    2    4   -0.10668272E-04  0.12719452E-08 -0.35844090E-03  0.64180266E-08  0.19830963E-03 -0.53502804E-08
    3    4   -0.25767562E-03 -0.20487343E-08  0.84684275E-03  0.76494860E-08  0.15345307E-03  0.20835391E-08
    4    4    0.77658358E-04 -0.49814118E-08  0.97789390E-05 -0.10337939E-08 -0.29806435E-04  0.26836488E-08

   -4    4    0
    1    1   -0.39319853E-03  0.11381546E-08 -0.80255016E-15  0.23464804E-15 -0.13734888E-03 -0.12028576E-07
    2    1    0.12139375E-03 -0.39903386E-09 -0.20774432E-03  0.27585919E-09 -0.48311804E-04 -0.22422240E-08
    3    1    0.18738868E-03 -0.13069965E-08  0.10179671E-03  0.10074719E-08  0.99836860E-04  0.76853762E-08
    4    1   -0.87712309E-04  0.62694896E-08 -0.19520488E-03  0.39288849E-09  0.13102087E-03 -0.66890354E-08
    1    2    0.20833768E-03 -0.26935604E-08 -0.23198184E-03 -0.25801863E-08 -0.48299317E-04  0.20275321E-08
    2    2   -0.11208667E-04 -0.44893987E-09 -0.69692516E-15  0.13902207E-15 -0.17516754E-03 -0.84566882E-09
    3    2   -0.16178717E-03 -0.26263332E-08  0.24996482E-03 -0.24654335E-08 -0.12797354E-03 -0.50669020E-08
    4    2    0.66798375E-04 -0.47660418E-08  0.47122766E-04  0.61741853E-09  0.49948308E-04 -0.51249145E-08
    1    3    0.94560146E-05  0.17776937E-08  0.92666084E-04  0.40423869E-08  0.99826820E-04 -0.12726767E-08
    2    3    0.79845823E-04 -0.36840685E-08  0.22102314E-03  0.20306619E-08 -0.12796057E-03  0.37262244E-08
    3    3    0.11215422E-04  0.15952760E-09 -0.30145157E-14 -0.14287491E-14  0.17566059E-03 -0.63899092E-08
    4    3   -0.16552921E-03  0.53414477E-08 -0.23040502E-03  0.22412901E-08  0.55791052E-04 -0.79331879E-10
    1    4    0.67309690E-04 -0.28180831E-08 -0.21380525E-03 -0.17890861E-08  0.13102773E-03  0.42139142E-08
    2    4   -0.89100460E-04  0.22962420E-08  0.96264539E-04 -0.12917765E-08  0.49941124E-04  0.36941314E-08
    3    4   -0.68550297E-04  0.10023520E-08 -0.22815719E-03  0.63691511E-08  0.55790645E-04  0.58058312E-08
    4    4    0.39351857E-03 -0.26162514E-08  0.44287490E-14  0.10716725E-14  0.13809332E-03 -0.43063508E-08

   -4    5    0
    1    1    0.14709216E-03  0.97008040E-09 -0.10066240E-04 -0.96889106E-11 -0.11638852E-04 -0.75556568E-08
    2    1    0.74027959E-04  0.19941032E-08  0.72753673E-04  0.22617879E-08  0.94695799E-04 -0.10080460E-07
    3    1   -0.46848672E-04 -0.62982150E-09  0.27765930E-03 -0.45794817E-08 -0.45277352E-04  0.19760646E-08
    4    1    0.34411379E-04 -0.95206358E-09  0.48635125E-04  0.69793981E-09 -0.10836097E-03  0.67606056E-08
    1    2    0.33745108E-05  0.38304827E-08  0.12828421E-03  0.46512321E-08  0.15218944E-03  0.21653683E-09
    2    2   -0.93724114E-04 -0.23795930E-08  0.12554851E-04  0.19585327E-09  0.41855846E-04 -0.28494819E-08
    3    2    0.71854133E-04  0.79022460E-09 -0.25941711E-03 -0.10784613E-08  0.11833354E-03  0.12511344E-08
    4    2    0.41622185E-05  0.31689212E-08  0.27301634E-03  0.55304339E-09 -0.14265427E-04 -0.48119894E-08
    1    3    0.81344150E-04 -0.73747529E-09  0.22923666E-04 -0.22318794E-08 -0.50750866E-04  0.68703408E-08
    2    3   -0.38092456E-04 -0.20170248E-08  0.29083415E-03 -0.58212829E-08 -0.80232515E-05  0.26397678E-08
    3    3    0.93915799E-04 -0.39195411E-08 -0.12572329E-04  0.33912085E-09 -0.41168894E-04 -0.56435343E-08
    4    3    0.76452707E-04 -0.16321783E-08  0.67102970E-04 -0.76572827E-09 -0.13867829E-03 -0.54783619E-09
    1    4   -0.58340387E-04 -0.28200262E-09  0.94871258E-04 -0.32028187E-08 -0.67082352E-04  0.32132160E-09
    2    4   -0.38195689E-04  0.30086680E-09  0.13551610E-04 -0.31867358E-08  0.87413530E-04 -0.18240689E-08
    3    4   -0.27880746E-05  0.26245704E-08  0.12359087E-03  0.24551976E-08  0.52657792E-04  0.29301002E-08
    4    4   -0.14722094E-03  0.15102816E-08  0.10077729E-04 -0.23011226E-09  0.12372750E-04 -0.74590862E-08

   -4    6    0
    1    1    0.14552023E-04 -0.56465291E-08 -0.40056776E-09 -0.51198204E-09  0.11522842E-03 -0.10542450E-07
    2    1   -0.20840181E-03  0.15253733E-08  0.40845005E-08  0.55207201E-08  0.57058962E-04 -0.99160192E-08
    3    1    0.45120327E-04  0.38158259E-08 -0.40139361E-08 -0.15802537E-08 -0.92090866E-04  0.12015689E-07
    4    1   -0.20534947E-03 -0.14294820E-08 -0.43701505E-09  0.31015081E-08  0.24881194E-03  0.29308672E-08
    1    2   -0.21885391E-03  0.65170125E-08  0.30893467E-08  0.48068777E-08 -0.62794250E-04 -0.65377704E-09
    2    2    0.89532371E-04  0.96420217E-09 -0.10144736E-09  0.26987150E-09 -0.67820790E-04  0.60568079E-08
    3    2   -0.11580773E-03 -0.45345471E-08 -0.56108416E-09 -0.19047269E-08 -0.31289945E-04 -0.75437713E-08
    4    2    0.13681138E-03 -0.13125884E-08  0.39804619E-08 -0.15400264E-08 -0.28115598E-03 -0.48634919E-08
    1    3   -0.66638850E-04 -0.66509093E-08 -0.12126593E-08 -0.24255918E-08 -0.17518157E-04 -0.26457199E-09
    2    3   -0.17845569E-03  0.19796972E-08 -0.22480807E-08 -0.12525049E-09 -0.31511379E-03  0.35661858E-08
    3    3   -0.89315177E-04 -0.27509106E-09 -0.14123889E-09 -0.39448836E-10  0.67891684E-04  0.19210865E-08
    4    3   -0.28442493E-04  0.42416035E-09  0.29299319E-09 -0.15318436E-08  0.12840334E-03 -0.34694476E-08
    1    4    0.28222480E-05  0.55564389E-08 -0.14004218E-08 -0.28338946E-08  0.12109478E-03  0.78306887E-08
    2    4    0.16751193E-03 -0.15301934E-08 -0.15113329E-08  0.31369942E-08 -0.22638111E-04 -0.53461923E-08
    3    4    0.27653575E-04 -0.15730490E-08  0.41428379E-09  0.13986085E-08  0.57746981E-04  0.18310083E-08
    4    4   -0.14794144E-04 -0.64611284E-09 -0.24010280E-09 -0.31159484E-09 -0.11493871E-03 -0.85240439E-08

   -3   -3    0
    1    1    0.35454563E-04 -0.37747054E-09  0.38616087E-09 -0.12665372E-08 -0.41723166E-04  0.10961453E-08
    2    1   -0.52119269E-09  0.61618889E-08 -0.31235232E-08  0.52695520E-09  0.28467637E-03 -0.18663380E-07
    3    1   -0.63732523E-08 -0.37854406E-09  0.39254130E-09  0.76993574E-09  0.94695794E-04  0.11419638E-07
    4    1   -0.16374601E-03  0.80645811E-10  0.27417797E-08 -0.44602391E-08 -0.19552513E-03  0.11187673E-07
    1    2   -0.25275529E-04 -0.37676916E-09 -0.12990917E-08  0.85554598E-09 -0.14739821E-03 -0.27237242E-08
    2    2   -0.21609742E-04  0.18366776E-09  0.54673251E-09  0.12018259E-08  0.90854696E-04  0.51057714E-08
    3    2   -0.27472220E-04 -0.56485374E-09 -0.11514643E-08 -0.68915664E-09 -0.25191728E-04 -0.21644652E-08
    4    2    0.61120582E-05 -0.11092598E-08 -0.35759512E-08 -0.12264763E-08  0.26626385E-03 -0.76337016E-08
    1    3    0.32562258E-03 -0.37600425E-08  0.67813973E-09  0.23313076E-08  0.20706652E-03  0.81293638E-09
    2    3   -0.17513106E-03  0.14904584E-08 -0.17096207E-08 -0.17472358E-08  0.10025915E-04  0.63006324E-08
    3    3    0.21569076E-04 -0.33912986E-09  0.71060889E-09 -0.71428999E-09 -0.90187331E-04  0.15587277E-07
    4    3    0.15869580E-05  0.26337057E-08 -0.56403523E-08  0.27630040E-08  0.28736685E-03 -0.47461893E-08
    1    4   -0.27999891E-03  0.45122130E-08 -0.30879849E-09  0.14032470E-08  0.49249493E-04  0.83441123E-08
    2    4    0.24080185E-03  0.31616265E-08 -0.86307136E-09 -0.78316073E-09  0.74758302E-04 -0.84401659E-08
    3    4    0.21642100E-05  0.23171679E-08  0.13641557E-08 -0.25199773E-08 -0.14761800E-03  0.16763476E-08
    4    4   -0.35465570E-04  0.59543621E-09 -0.20685175E-08  0.10687564E-08  0.42154567E-04 -0.88479927E-08

   -3   -2    0
    1    1    0.67745646E-06  0.56247690E-09  0.15196356E-04 -0.88125546E-09  0.15717560E-04 -0.78884136E-08
    2    1   -0.16045493E-03  0.29268639E-09 -0.43386325E-04 -0.47250560E-08 -0.60176834E-04 -0.24696642E-08
    3    1    0.78718906E-04 -0.23743184E-08 -0.40904282E-04  0.30061230E-08 -0.35269463E-04 -0.46594123E-08
    4    1    0.81876406E-04  0.62716374E-09  0.14181147E-03 -0.35959064E-09 -0.19552936E-03  0.10861042E-07
    1    2    0.18180112E-04 -0.13482024E-08 -0.25448821E-03  0.12427553E-08  0.67283453E-04  0.63308700E-08
    2    2    0.15229137E-04 -0.45123384E-09  0.57001640E-04 -0.37929944E-09 -0.16060584E-04  0.21997645E-07
    3    2   -0.97844279E-04  0.16373538E-08  0.81423456E-04  0.12266741E-08  0.13610349E-04 -0.84223386E-08
    4    2    0.29172472E-04  0.19752680E-08 -0.14828917E-03 -0.90527635E-09 -0.28089989E-04 -0.45243105E-08
    1    3   -0.13722267E-03 -0.43081791E-08  0.49124363E-04 -0.18697797E-09 -0.16350344E-03  0.26157755E-08
    2    3   -0.31528312E-03 -0.39748152E-08  0.36991732E-04 -0.77510892E-09  0.18005232E-03 -0.45487454E-08
    3    3   -0.15172093E-04  0.56423045E-11 -0.56811048E-04 -0.42793404E-09  0.16649404E-04  0.98197564E-08
    4    3   -0.15443023E-03 -0.45648068E-08 -0.91948811E-04  0.25521277E-08 -0.87703620E-04 -0.30834436E-08
    1    4    0.28606649E-03 -0.30573362E-08 -0.91030798E-04 -0.39536330E-08 -0.19382059E-04  0.75114723E-08
    2    4   -0.17028501E-04  0.24785606E-08  0.36337938E-03  0.81788235E-09 -0.12203430E-03 -0.67440215E-08
    3    4    0.66565170E-04 -0.53200024E-08 -0.16643219E-03 -0.21623373E-10 -0.53582488E-04 -0.36338786E-08
    4    4   -0.72075769E-06 -0.10057077E-08 -0.15373376E-04 -0.29114605E-08 -0.14954206E-04  0.73258944E-09

   -3   -1    0
    1    1    0.30266092E-04  0.20883249E-09  0.71901222E-04  0.75644924E-09  0.30640416E-04 -0.16850703E-07
    2    1    0.43938583E-03  0.34728812E-08 -0.16383373E-03 -0.11075141E-08 -0.12668153E-04 -0.67447991E-08
    3    1   -0.12067384E-03 -0.48570506E-08 -0.41648174E-04 -0.59547231E-09  0.41709508E-04  0.65774477E-08
    4    1   -0.28793545E-03 -0.21113092E-08  0.13473814E-03  0.10787346E-08 -0.27483244E-04  0.69828179E-08
    1    2    0.31512056E-03  0.27031312E-08  0.21562065E-03  0.67604190E-09 -0.21687063E-03  0.75888886E-08
    2    2    0.38405184E-04  0.47528040E-09  0.11839823E-03  0.12875232E-08  0.68326270E-04  0.80015835E-09
    3    2    0.17495505E-03  0.36145626E-09 -0.59369812E-04 -0.40883562E-08 -0.16040765E-03 -0.70477326E-08
    4    2    0.11172135E-04  0.27669846E-08  0.29997839E-03  0.15218596E-08  0.15945821E-03 -0.90432097E-08
    1    3    0.17077665E-03  0.26528751E-08  0.17305936E-04  0.37472966E-08  0.29962313E-04 -0.13769357E-08
    2    3    0.33273364E-03  0.30273735E-09 -0.43363477E-03 -0.28983847E-08 -0.44476577E-04 -0.75708206E-09
    3    3   -0.38291790E-04  0.19780626E-09 -0.11806846E-03  0.98321732E-09 -0.67158596E-04  0.72442034E-08
    4    3    0.46706654E-03 -0.12807575E-08 -0.92208297E-04  0.53296730E-08  0.96635306E-04 -0.46862160E-08
    1    4   -0.28336714E-03 -0.15256816E-09  0.18805274E-03 -0.55206214E-08 -0.39031057E-04 -0.38699387E-08
    2    4    0.74625850E-04  0.45635373E-09 -0.28926537E-03  0.59135632E-08  0.11660340E-03 -0.81158795E-10
    3    4    0.19443197E-03 -0.29098100E-08 -0.14591934E-03  0.25194690E-08  0.93087775E-05 -0.23404450E-10
    4    4   -0.30360546E-04 -0.51201486E-09 -0.72143727E-04 -0.15480432E-08 -0.29816957E-04 -0.80504101E-09

   -3    0    0
    1    1   -0.41599775E-04 -0.33198244E-09 -0.72052920E-04 -0.57501267E-09  0.37265840E-03 -0.22352034E-07
    2    1   -0.91203809E-03  0.35065298E-08  0.27639208E-03 -0.35886669E-08 -0.96816430E-04 -0.13999269E-07
    3    1    0.37131894E-03 -0.18175956E-10 -0.19258124E-03  0.50712131E-08 -0.74998668E-04  0.12870214E-07
    4    1    0.23075291E-04  0.62165783E-09 -0.12995561E-03 -0.13868779E-08  0.37132155E-04  0.13883736E-07
    1    2   -0.10694562E-02 -0.23203288E-08  0.54118183E-03  0.20002399E-08  0.34258734E-04  0.64843163E-09
    2    2   -0.19296724E-03 -0.61541666E-09 -0.33422905E-03 -0.10659345E-08  0.20375767E-03  0.68338604E-08
    3    2   -0.44855125E-03  0.62657845E-09  0.16987416E-03 -0.22215094E-08 -0.13049723E-03 -0.58344431E-08
    4    2    0.34487594E-03  0.25590178E-08 -0.22948967E-03 -0.31083521E-08  0.19830303E-03 -0.12470254E-07
    1    3    0.32797977E-03  0.42826282E-08 -0.10805339E-03  0.56931951E-08  0.13678153E-03 -0.10221715E-08
    2    3   -0.34632231E-03 -0.30290178E-08  0.32483481E-03 -0.50742077E-08 -0.13050398E-03  0.61658008E-08
    3    3    0.19267773E-03  0.11563341E-08  0.33372762E-03  0.20028228E-08 -0.20282563E-03  0.17368305E-08
    4    3   -0.89855755E-03 -0.67512609E-09  0.51126624E-03  0.95974477E-09  0.15345451E-03 -0.62156501E-08
    1    4   -0.39398838E-05 -0.36938431E-08 -0.18668503E-03 -0.61752770E-08  0.64514068E-03 -0.44093047E-08
    2    4    0.24195998E-03  0.32634805E-08 -0.21070325E-03 -0.40334349E-08 -0.11212998E-03  0.78786112E-08
    3    4   -0.13477287E-02  0.17077467E-08  0.27821699E-03  0.35976571E-08  0.29690231E-03  0.17335468E-08
    4    4    0.41787478E-04 -0.54110426E-08  0.72378035E-04 -0.93721891E-08 -0.37172327E-03 -0.16873983E-07

   -3    1    0
    1    1   -0.86749990E-05 -0.97747942E-09 -0.22353792E-05 -0.92072692E-09  0.29538707E-03  0.16109236E-07
    2    1    0.26610330E-03 -0.18005664E-08  0.15971820E-04 -0.15063229E-08 -0.21683819E-03 -0.22131360E-07
    3    1    0.28475513E-03 -0.15968927E-08  0.96879104E-04  0.21340879E-08  0.29955091E-04  0.46784033E-08
    4    1   -0.22424954E-03 -0.89756557E-09  0.96704365E-04  0.41367277E-08 -0.94467601E-04  0.15719157E-07
    1    2    0.48906589E-04 -0.28568252E-08 -0.13313009E-03 -0.15307774E-08 -0.30371054E-03 -0.86663480E-08
    2    2   -0.31796120E-03  0.35561451E-08 -0.29336364E-03  0.30792743E-08  0.30209421E-03  0.14312995E-07
    3    2   -0.16137362E-03  0.21992646E-08  0.15334697E-04 -0.53775443E-09 -0.21319213E-03  0.26192627E-08
    4    2    0.85528963E-04 -0.42198161E-09 -0.18004240E-03 -0.12461370E-08  0.11660612E-03 -0.90084825E-08
    1    3   -0.27510314E-03 -0.18424057E-08  0.43727510E-03  0.71785470E-08 -0.51601408E-03 -0.11283488E-07
    2    3    0.19804359E-03  0.35658928E-08 -0.18995886E-03 -0.14738549E-08  0.19931659E-03  0.61540884E-08
    3    3    0.31789343E-03 -0.28183645E-08  0.29329884E-03 -0.25494666E-08 -0.30017642E-03  0.27144348E-07
    4    3    0.84994570E-05 -0.28421416E-10 -0.35578625E-03  0.64392219E-08  0.93077213E-05 -0.61833135E-08
    1    4    0.13255193E-03 -0.97160688E-09 -0.17927400E-03 -0.46711597E-08  0.64513166E-03  0.71629720E-08
    2    4   -0.31935792E-03 -0.35522777E-09  0.40583911E-03  0.29413975E-08 -0.41827862E-03 -0.12928714E-07
    3    4    0.38058134E-04  0.36978591E-08 -0.16423346E-03 -0.10513060E-08  0.12311003E-03 -0.57827316E-08
    4    4    0.89845507E-05  0.47072551E-08  0.25105129E-05  0.42217106E-08 -0.29313334E-03  0.43778346E-09

   -3    2    0
    1    1    0.62724047E-05  0.52490697E-08  0.63946545E-05  0.16647875E-08  0.29538562E-03 -0.16671940E-08
    2    1    0.35412300E-03  0.39340563E-08 -0.61335093E-03 -0.59622407E-08 -0.12477584E-03  0.40052463E-08
    3    1   -0.21453329E-03 -0.46237639E-10  0.37157402E-03  0.32662092E-09  0.25584070E-03 -0.37154443E-08
    4    1    0.19225642E-03  0.17486365E-09 -0.18884572E-03  0.35220683E-08 -0.19390242E-04  0.21897405E-08
    1    2    0.16981226E-04 -0.66868410E-08  0.76829575E-03  0.21972155E-09  0.34259948E-04 -0.10626377E-08
    2    2    0.41303934E-03 -0.25376627E-08  0.12868007E-03 -0.91867265E-09  0.30209342E-03  0.21556182E-07
    3    2    0.69783187E-04  0.19387416E-08  0.80698121E-04  0.22187912E-09 -0.21320264E-03  0.17089192E-08
    4    2   -0.25690591E-03 -0.85805142E-09  0.30160877E-03 -0.34474004E-09  0.88493872E-04  0.34407775E-08
    1    3   -0.95486365E-04  0.14772964E-08 -0.30802745E-03  0.14551441E-08  0.13678960E-03  0.22217014E-08
    2    3    0.11219377E-03  0.25803004E-09 -0.22413290E-03  0.97937388E-09  0.19932107E-03 -0.45356897E-08
    3    3   -0.41295565E-03 -0.22086017E-08 -0.12865587E-03 -0.81760428E-09 -0.30018773E-03  0.84085137E-09
    4    3    0.46562395E-03 -0.85208357E-08 -0.66174786E-03  0.71837097E-08 -0.55763454E-04 -0.18960989E-08
    1    4   -0.16441174E-05  0.97513705E-09  0.23233071E-03 -0.40742631E-08 -0.39030190E-04  0.93839954E-08
    2    4    0.66752128E-04 -0.18233229E-08 -0.11409028E-03 -0.42882059E-10 -0.11211720E-03 -0.12485523E-07
    3    4    0.34934970E-03 -0.14437255E-09  0.71824259E-03 -0.12554296E-08  0.29690427E-03 -0.45073293E-09
    4    4   -0.66695640E-05  0.45235171E-08 -0.65266359E-05  0.13853294E-08 -0.29314526E-03  0.12912884E-07

   -3    3    0
    1    1    0.83195656E-04  0.90119994E-09  0.14916487E-14  0.42421323E-16  0.37264320E-03 -0.11388594E-07
    2    1   -0.14688154E-03  0.87519040E-09 -0.22246852E-03  0.11111482E-09 -0.21685393E-03 -0.97697337E-09
    3    1   -0.22627399E-03 -0.30796342E-08 -0.19815766E-03  0.10653733E-08  0.29960052E-04  0.11739968E-08
    4    1    0.67412123E-04 -0.35654081E-08 -0.26092135E-03  0.82707335E-09 -0.19389350E-04 -0.16661682E-08
    1    2   -0.27339606E-03  0.49610125E-09 -0.14070527E-03  0.13608121E-08 -0.21685956E-03 -0.41415601E-08
    2    2    0.38593406E-03 -0.22393568E-08  0.13179562E-14 -0.17679054E-15  0.20374781E-03  0.11642203E-07
    3    2    0.90945624E-04  0.21798295E-08  0.37077935E-03  0.18898179E-08 -0.13050189E-03 -0.16106543E-08
    4    2    0.11358435E-03  0.35761685E-08 -0.74152767E-04 -0.28092564E-08  0.11659876E-03 -0.20766274E-08
    1    3   -0.12767470E-03 -0.50752544E-08 -0.12914965E-03  0.12119970E-08  0.29961164E-04  0.19384137E-08
    2    3   -0.64137267E-04  0.57905168E-08  0.41210073E-03  0.58352625E-09 -0.13050536E-03  0.45118075E-08
    3    3   -0.38535131E-03 -0.22260825E-08 -0.15759963E-14  0.21306450E-15 -0.20284478E-03  0.89819944E-09
    4    3    0.36550541E-03 -0.80661659E-08 -0.12711297E-03  0.11110213E-09  0.93091011E-05 -0.35830038E-08
    1    4    0.15371067E-04 -0.11634994E-08 -0.24705686E-03  0.12839816E-09 -0.19385172E-04  0.32804762E-08
    2    4    0.18140765E-03 -0.18399413E-08 -0.18764601E-03  0.31413191E-08  0.11659668E-03 -0.73730046E-08
    3    4    0.22315346E-03 -0.26519601E-08 -0.13693101E-03  0.30412879E-08  0.93102924E-05 -0.37814676E-08
    4    4   -0.83577428E-04  0.69924892E-08 -0.65485811E-15  0.72410346E-15 -0.37173984E-03  0.11904276E-07

   -3    4    0
    1    1   -0.77406279E-04  0.10107860E-08  0.97405775E-05 -0.35476523E-09  0.30644971E-04 -0.17163859E-07
    2    1    0.21665674E-03 -0.36494204E-08  0.92804089E-03 -0.25125657E-09 -0.96808614E-04 -0.13663686E-07
    3    1   -0.18881283E-04  0.60297661E-09 -0.41785895E-03 -0.57613119E-08 -0.74993066E-04  0.81049446E-08
    4    1    0.28373026E-04  0.98786857E-10  0.24255472E-03 -0.22282680E-09 -0.94466311E-04  0.48975722E-08
    1    2    0.15465387E-03  0.11030822E-08 -0.15111485E-03  0.27387816E-08  0.67289356E-04  0.72708557E-08
    2    2   -0.12174312E-03  0.40207838E-08  0.25940097E-04 -0.61828474E-09  0.68338401E-04  0.16498917E-07
    3    2    0.14089257E-04 -0.24821141E-09 -0.16945362E-03 -0.23997635E-08 -0.16041256E-03 -0.75215187E-08
    4    2    0.25186522E-04 -0.15595867E-09 -0.33695228E-03 -0.47995935E-09  0.19830272E-03 -0.22702786E-08
    1    3    0.14019117E-03 -0.12602902E-08  0.13003723E-03 -0.26377649E-08 -0.16350936E-03 -0.34709758E-08
    2    3    0.91235706E-04  0.34289345E-09 -0.48368673E-03 -0.25400733E-08 -0.44473390E-04 -0.32962093E-09
    3    3    0.12139305E-03  0.22718464E-08 -0.25871997E-04 -0.38024692E-09 -0.67162182E-04  0.15873137E-08
    4    3   -0.49552976E-04  0.90843137E-11  0.90799152E-03 -0.89048580E-08  0.15345387E-03 -0.29666158E-08
    1    4    0.90557510E-05 -0.21663760E-08  0.26412066E-03 -0.32344024E-08  0.49249195E-04  0.61310577E-08
    2    4   -0.22079117E-03  0.33806673E-09  0.21694583E-03  0.96893698E-09 -0.12203341E-03 -0.75459337E-08
    3    4   -0.51025656E-04 -0.36202627E-08 -0.12312541E-03 -0.52148926E-08 -0.53583295E-04 -0.61594913E-08
    4    4    0.77660176E-04  0.29089197E-08 -0.97793255E-05 -0.64650888E-09 -0.29804361E-04 -0.42639165E-08

   -3    5    0
    1    1   -0.13492902E-04 -0.18230548E-08  0.70098760E-05  0.36975098E-09  0.15741126E-04 -0.90209709E-08
    2    1   -0.77813574E-04 -0.22673778E-08 -0.46243933E-03 -0.82463164E-08 -0.12664385E-04 -0.15500974E-07
    3    1    0.96402357E-04  0.15577439E-08  0.83680471E-04  0.63786794E-08  0.41701326E-04  0.41363873E-08
    4    1    0.10101461E-03  0.19005803E-08 -0.84964078E-04  0.12419619E-07  0.37138319E-04  0.41657572E-08
    1    2   -0.20130653E-04  0.49009075E-08  0.15825614E-05 -0.18908681E-08 -0.14739843E-03 -0.51323182E-08
    2    2   -0.56977358E-04  0.96734482E-09  0.15311599E-04 -0.15499018E-09 -0.16051635E-04  0.16564853E-07
    3    2   -0.21091789E-04 -0.33422764E-08  0.12844692E-03  0.11937140E-08  0.13614294E-04 -0.63185330E-08
    4    2   -0.25154872E-03 -0.20101627E-08  0.16400147E-03 -0.54122171E-08  0.15946016E-03 -0.10087913E-07
    1    3   -0.13034847E-03  0.25407044E-09 -0.30447339E-03  0.41293979E-08  0.20706362E-03 -0.25647832E-08
    2    3    0.11521919E-03 -0.51220854E-09  0.30782657E-03  0.23042675E-08  0.18004938E-03 -0.10607371E-08
    3    3    0.56786006E-04  0.33107592E-08 -0.15266489E-04 -0.75678981E-09  0.16660209E-04  0.53684802E-08
    4    3   -0.11858468E-03  0.14524248E-08 -0.45052785E-03  0.90133251E-08  0.96630816E-04 -0.95290201E-09
    1    4    0.63426486E-04 -0.27803197E-10 -0.89120131E-04 -0.11985556E-08 -0.67075037E-04  0.82345532E-08
    2    4   -0.23656819E-04  0.31312692E-08 -0.28589530E-03  0.44890750E-09  0.74754568E-04 -0.15205540E-07
    3    4   -0.68844389E-04 -0.11982854E-08  0.51271535E-05 -0.60154400E-08 -0.14761908E-03 -0.18858466E-08
    4    4    0.13673319E-04 -0.25833361E-08 -0.70615275E-05  0.11028316E-08 -0.14927298E-04 -0.36989876E-08

   -3    6    0
    1    1   -0.17726752E-04  0.12785588E-08 -0.30705567E-04 -0.50769233E-09 -0.41719072E-04 -0.11996758E-07
    2    1    0.11780131E-03 -0.18677992E-08  0.11726625E-03 -0.28772612E-08 -0.60170054E-04 -0.72523141E-08
    3    1   -0.39372980E-05  0.40754513E-08 -0.88624789E-04  0.30450137E-08 -0.35274280E-04  0.86590759E-08
    4    1    0.27281644E-04  0.12070225E-08  0.31672535E-03  0.13560529E-08 -0.27489668E-04  0.13616018E-07
    1    2    0.12541036E-03 -0.25942925E-08 -0.21718188E-03 -0.21984344E-08 -0.62804230E-04 -0.22285761E-08
    2    2    0.10804212E-04  0.63962415E-09  0.18715656E-04 -0.16303611E-08  0.90858885E-04  0.15229514E-07
    3    2    0.20965769E-04 -0.19534241E-08  0.33086934E-04  0.28751163E-08 -0.25189631E-04 -0.14672964E-08
    4    2    0.10797512E-03 -0.18015829E-08 -0.11346373E-03 -0.10700071E-08 -0.28092302E-04 -0.38684749E-08
    1    3    0.39769617E-04 -0.29710615E-08  0.63055132E-08  0.44659331E-08 -0.17513480E-04 -0.70286033E-08
    2    3    0.58731882E-04 -0.67160093E-09  0.17542004E-03 -0.38684975E-09  0.10032096E-04  0.38568504E-08
    3    3   -0.10784319E-04  0.12443144E-08 -0.18680670E-04 -0.91482992E-09 -0.90194661E-04  0.22691934E-09
    4    3    0.12320162E-03 -0.96258983E-09  0.10894652E-03  0.14671726E-08 -0.87700107E-04 -0.49351716E-08
    1    4   -0.10068915E-04 -0.43910106E-08 -0.18399022E-03  0.16113487E-08 -0.67072042E-04  0.11310347E-07
    2    4   -0.73502196E-04  0.18143356E-08  0.98924673E-04 -0.18785370E-08 -0.22639800E-04 -0.26360792E-08
    3    4    0.10199588E-04 -0.15220530E-08 -0.15793564E-03  0.29410470E-08  0.57748557E-04 -0.39288684E-08
    4    4    0.17734444E-04 -0.16708924E-08  0.30713351E-04 -0.45922544E-09  0.42174557E-04  0.34439705E-08

   -2   -4    0
    1    1   -0.72765964E-05 -0.13911984E-08  0.12604491E-04  0.19695712E-08  0.11521286E-03 -0.29168127E-08
    2    1    0.42656054E-04 -0.81205703E-09  0.16065320E-03  0.81598432E-08 -0.60159433E-04 -0.57529227E-08
    3    1   -0.74782311E-04  0.22195541E-08 -0.47721989E-04 -0.39652868E-08 -0.35267515E-04  0.11148139E-07
    4    1    0.87804152E-04 -0.13849057E-08  0.15208652E-03 -0.19800452E-08  0.39077398E-03  0.10398796E-07
    1    2   -0.69934174E-04  0.57811114E-08 -0.92064506E-04  0.44131990E-08  0.15217986E-03 -0.47124919E-08
    2    2   -0.44765995E-04  0.51876822E-09  0.77536358E-04 -0.28227261E-09 -0.67834670E-04  0.42432810E-08
    3    2    0.61502825E-04 -0.55609453E-09 -0.14788285E-03 -0.24043712E-08 -0.31285264E-04 -0.60379220E-08
    4    2   -0.13147740E-03 -0.21390011E-08  0.34826170E-04  0.11049362E-08 -0.28087517E-04 -0.54903055E-08
    1    3   -0.88617991E-04 -0.14586891E-08  0.12713424E-03 -0.40245494E-08 -0.50733833E-04  0.72812331E-08
    2    3    0.11619039E-03 -0.72442182E-09 -0.25881767E-03  0.16423230E-08 -0.31512056E-03  0.15892405E-08
    3    3    0.44657771E-04 -0.18868551E-09 -0.77350016E-04  0.64856588E-09  0.67888412E-04  0.45601024E-08
    4    3    0.32961088E-05  0.41005894E-08  0.20089811E-03 -0.27721215E-08 -0.87696570E-04 -0.10949833E-09
    1    4    0.12004862E-03  0.34324230E-08  0.21034277E-03 -0.30918496E-08  0.13103629E-03  0.42800282E-08
    2    4   -0.74301823E-04  0.20583733E-08  0.11679287E-03  0.12034061E-08  0.87405016E-04  0.12010489E-08
    3    4   -0.77994686E-04  0.22851621E-08 -0.11801857E-03  0.45447786E-09  0.52661267E-04  0.11854915E-08
    4    4    0.73976208E-05 -0.56232254E-09 -0.12812625E-04 -0.25599080E-10 -0.11494542E-03 -0.90046112E-08

   -2   -3    0
    1    1    0.67708800E-06 -0.13950699E-09 -0.15191368E-04  0.14892949E-09  0.15715973E-04 -0.20989747E-07
    2    1   -0.16045256E-03 -0.61242201E-08  0.43389471E-04 -0.32275837E-08 -0.60155413E-04 -0.11550515E-07
    3    1    0.78717200E-04  0.56526232E-08  0.40902704E-04 -0.27365492E-09 -0.35274075E-04  0.12038097E-08
    4    1    0.81875680E-04 -0.26561961E-08 -0.14180900E-03 -0.63432527E-09 -0.19553294E-03  0.46895316E-08
    1    2    0.18175335E-04  0.77899098E-09  0.25448579E-03  0.10697692E-08  0.67270000E-04 -0.64430563E-08
    2    2    0.15228898E-04 -0.61468396E-09 -0.57002332E-04  0.24423549E-08 -0.16059037E-04  0.91085750E-08
    3    2   -0.97846411E-04 -0.37405457E-08 -0.81420983E-04 -0.45550456E-08  0.13606310E-04  0.16049858E-08
    4    2    0.29174100E-04 -0.10969539E-08  0.14829270E-03 -0.33687111E-08 -0.28082642E-04 -0.40997779E-08
    1    3   -0.13722152E-03  0.11056367E-08 -0.49120950E-04  0.32831222E-09 -0.16349583E-03  0.91839281E-08
    2    3   -0.31528182E-03 -0.22155780E-08 -0.36992162E-04 -0.32541604E-08  0.18004536E-03  0.17012170E-08
    3    3   -0.15171558E-04  0.21134509E-09  0.56807291E-04  0.12597100E-08  0.16637939E-04 -0.54381800E-08
    4    3   -0.15443840E-03  0.79227710E-08  0.91949052E-04  0.15037758E-08 -0.87702202E-04  0.42583255E-08
    1    4    0.28606799E-03 -0.31727374E-08  0.91029705E-04 -0.91236464E-09 -0.19372812E-04  0.90566871E-08
    2    4   -0.17031376E-04 -0.46332000E-09 -0.36338211E-03 -0.17829229E-08 -0.12203061E-03 -0.66386528E-08
    3    4    0.66568164E-04 -0.62819659E-10  0.16643509E-03  0.64295165E-09 -0.53586224E-04  0.10234273E-08
    4    4   -0.72139348E-06 -0.75421345E-09  0.15377804E-04  0.55946833E-09 -0.14937510E-04 -0.53006183E-08

   -2   -2    0
    1    1   -0.33692471E-05 -0.24985846E-09  0.18628503E-09  0.31030263E-08 -0.21173716E-03 -0.11481965E-07
    2    1    0.59299553E-04 -0.37300699E-08 -0.12330386E-09 -0.25746329E-08 -0.24757658E-03 -0.98113755E-08
    3    1    0.73114872E-04  0.62178822E-08 -0.22807681E-08  0.10997118E-10  0.14277137E-03  0.12219899E-07
    4    1   -0.17561904E-03 -0.11778849E-08 -0.13814661E-08  0.70234616E-08  0.39077793E-03  0.72509391E-08
    1    2    0.86570566E-03  0.20099515E-08 -0.73512805E-10 -0.42716940E-08 -0.12476575E-03 -0.81383414E-08
    2    2    0.68805299E-05  0.31881375E-09 -0.18566144E-08 -0.41973696E-08 -0.19625746E-03  0.91581876E-08
    3    2   -0.63328814E-05 -0.70710736E-08  0.97939259E-09  0.31770692E-08  0.61576373E-05 -0.88157334E-09
    4    2    0.11931052E-03 -0.57540874E-09  0.13517917E-08 -0.22860989E-09 -0.78754774E-04 -0.50134561E-08
    1    3   -0.42411163E-03 -0.23890645E-08 -0.10867544E-08  0.77414039E-09  0.25586204E-03  0.77878949E-08
    2    3    0.79859742E-03  0.54644934E-08  0.38013984E-08  0.25802414E-08 -0.97968347E-04 -0.82812670E-08
    3    3   -0.68832593E-05 -0.14783206E-09  0.17478610E-08 -0.20772312E-08  0.19707982E-03  0.97154768E-08
    4    3    0.71912747E-04  0.27562283E-08 -0.46495013E-08  0.14594761E-08 -0.11502154E-03  0.15306428E-09
    1    4    0.23289561E-03 -0.13882421E-08  0.28200160E-08  0.45504825E-08 -0.68323953E-03  0.11808395E-08
    2    4   -0.48058784E-03  0.36300109E-08 -0.17889259E-09 -0.45134487E-09  0.88476399E-04 -0.15764971E-07
    3    4    0.80575272E-03  0.25953603E-08 -0.15979002E-08 -0.16631544E-08 -0.55769879E-04 -0.13104240E-08
    4    4    0.33771064E-05  0.14083060E-09 -0.95138747E-09  0.54877194E-08  0.21252050E-03  0.56714117E-09

   -2   -1    0
    1    1    0.24012473E-05  0.71579085E-09 -0.86324655E-05  0.32945413E-08  0.29536030E-03 -0.16034780E-07
    2    1    0.61916266E-03 -0.27908364E-09 -0.13357867E-03  0.65800874E-09  0.28073323E-03  0.64842442E-08
    3    1   -0.19459207E-03 -0.10772014E-08  0.11892633E-03  0.58121630E-09  0.27078846E-04  0.62262138E-08
    4    1    0.26380667E-03  0.23106214E-08 -0.17786123E-03  0.26377077E-08 -0.22014035E-03  0.76346199E-08
    1    2    0.79301006E-03  0.12123904E-08  0.24713455E-04 -0.23094709E-08  0.18238219E-03  0.12634632E-07
    2    2   -0.95078415E-04 -0.35244687E-09 -0.42203792E-03 -0.15290355E-08  0.30209634E-03  0.11452735E-07
    3    2    0.28001412E-03  0.40521586E-08 -0.51400855E-04  0.94840164E-09  0.19932656E-03 -0.14144008E-07
    4    2   -0.24080690E-03 -0.16532988E-08  0.28112763E-04  0.57927966E-09 -0.10850716E-04 -0.42532151E-08
    1    3    0.27199860E-03 -0.22113128E-08  0.22903157E-03 -0.14495337E-08  0.41446280E-03  0.37063522E-08
    2    3   -0.70999329E-04 -0.18497084E-10  0.13940713E-03 -0.16688100E-08 -0.21321259E-03 -0.26712533E-08
    3    3    0.95059401E-04  0.65877853E-09  0.42196268E-03  0.32094307E-08 -0.30019173E-03  0.29363611E-09
    4    3    0.69560681E-03 -0.28566651E-08 -0.10266169E-03 -0.17245298E-08 -0.60532743E-04  0.30324307E-08
    1    4   -0.33746725E-03  0.30294486E-08 -0.45771600E-04  0.66469161E-08 -0.11211310E-03 -0.49123706E-09
    2    4    0.19823132E-03 -0.14574438E-08 -0.65485056E-03 -0.73358020E-08  0.62672026E-03 -0.11510405E-08
    3    4    0.85862719E-03  0.56838511E-08 -0.91245511E-06 -0.10555804E-08 -0.31726702E-03  0.47144154E-08
    4    4   -0.23190239E-05  0.75250681E-09  0.90320315E-05  0.35168582E-08 -0.29312532E-03 -0.40642443E-08

   -2    0    0
    1    1   -0.14932096E-02 -0.24912426E-08 -0.25863149E-02 -0.43149622E-08 -0.11585695E-02 -0.13245729E-07
    2    1   -0.58984548E-03  0.65787123E-09  0.87840530E-03  0.12140434E-08  0.34290615E-04 -0.13311105E-07
    3    1    0.17158666E-03 -0.47815217E-08 -0.96912909E-05 -0.52091291E-08  0.13677948E-03  0.12836837E-07
    4    1   -0.13717301E-03 -0.82802548E-08  0.11284875E-03  0.55026126E-08 -0.17775845E-03  0.72535760E-08
    1    2    0.80026917E-03  0.32780306E-08 -0.14323832E-02  0.15668469E-09 -0.18827572E-03  0.40948557E-08
    2    2    0.15604709E-02  0.34900757E-08  0.27028148E-02  0.60449891E-08 -0.98382810E-03 -0.17333366E-07
    3    2   -0.32251099E-03 -0.89238900E-09  0.29493773E-04  0.36588054E-08  0.38424504E-03 -0.26462499E-08
    4    2    0.25240243E-03  0.27066717E-08 -0.25483354E-03  0.54981903E-08 -0.11210639E-03 -0.37750688E-08
    1    3    0.72483670E-04 -0.31337605E-08 -0.75242217E-03 -0.50278162E-08  0.42374477E-03  0.55044140E-08
    2    3   -0.14739255E-03  0.25792751E-08  0.25768921E-03  0.61953653E-08  0.38424073E-03  0.13781611E-08
    3    3   -0.15606299E-02 -0.90038115E-09 -0.27030902E-02 -0.15594973E-08  0.98686092E-03  0.61942293E-08
    4    3   -0.90233009E-03 -0.24772466E-08  0.65290988E-03 -0.37779566E-08  0.29691315E-03  0.42992701E-08
    1    4   -0.20890637E-03  0.20143335E-08  0.33566583E-04 -0.63833015E-08 -0.16856500E-02  0.19598309E-08
    2    4   -0.10314108E-03  0.79340072E-09  0.12216443E-02 -0.66253730E-09 -0.13216999E-02  0.21581370E-08
    3    4    0.12173417E-02 -0.51337547E-08 -0.13814087E-02  0.15506308E-08 -0.10120794E-02 -0.25010601E-08
    4    4    0.14935226E-02  0.35128384E-08  0.25868570E-02  0.60844048E-08  0.11610780E-02 -0.26374767E-07

   -2    1    0
    1    1   -0.80610341E-06  0.24176466E-08  0.13909262E-05  0.14368514E-08 -0.12509867E-03 -0.63181668E-08
    2    1    0.27973342E-03  0.24975315E-08 -0.51816456E-03  0.13783177E-08  0.18242773E-03 -0.53626479E-08
    3    1    0.62876413E-03 -0.16482942E-08  0.21416205E-03 -0.76660255E-08  0.41445140E-03  0.68828437E-09
    4    1   -0.21580777E-03 -0.86999965E-08  0.12888531E-03  0.34673379E-08 -0.39055294E-04  0.44627924E-08
    1    2    0.10242419E-02  0.40829561E-08 -0.12952714E-02  0.25025983E-09 -0.18826947E-03 -0.93679981E-08
    2    2   -0.22385255E-06 -0.48953266E-08  0.39015183E-06 -0.28034638E-08 -0.87029505E-05  0.54179988E-08
    3    2   -0.58371033E-03  0.10909779E-08  0.79411501E-03  0.32206677E-08 -0.11935151E-02  0.63083119E-08
    4    2   -0.21255046E-04  0.33089924E-08 -0.40307991E-03 -0.17841289E-08  0.62673946E-03 -0.78267324E-08
    1    3    0.64953197E-03  0.64461586E-08 -0.48053216E-03 -0.31199068E-09  0.42374818E-03  0.55275039E-08
    2    3    0.11268498E-03  0.25071919E-08 -0.40954371E-03 -0.18478568E-09  0.38514039E-03  0.33706051E-08
    3    3    0.22626858E-06  0.65819138E-08 -0.38626785E-06  0.38315309E-08  0.11845993E-04 -0.48070011E-08
    4    3    0.27516158E-03  0.20416718E-08 -0.67486911E-03 -0.82545022E-08 -0.31726994E-03  0.41464764E-09
    1    4   -0.10352403E-03 -0.58378041E-08  0.48739329E-04  0.12783138E-08 -0.11211425E-03  0.12274133E-07
    2    4   -0.43662433E-03 -0.20252874E-08  0.88755224E-03 -0.33875902E-08 -0.13216961E-02 -0.47923442E-08
    3    4    0.95763588E-03  0.30708791E-08 -0.16313857E-02  0.93732484E-09 -0.10120746E-02  0.31146319E-08
    4    4    0.80275908E-06 -0.23310151E-08 -0.13967125E-05 -0.13122140E-08  0.12865038E-03 -0.17928143E-07

   -2    2    0
    1    1    0.29864279E-02  0.96869630E-09 -0.42680195E-14  0.70502159E-16 -0.11585648E-02 -0.19653887E-07
    2    1    0.30887235E-03  0.79692779E-09 -0.50134296E-03  0.22490585E-08  0.18241882E-03  0.64316934E-08
    3    1   -0.49985524E-03 -0.15685275E-08 -0.43743865E-03 -0.45491697E-08  0.41445418E-03  0.38905865E-08
    4    1    0.84113488E-04 -0.13025512E-08 -0.14567433E-03 -0.74601792E-09 -0.68326612E-03 -0.11347213E-08
    1    2   -0.32750508E-03 -0.14507790E-09 -0.33622478E-03 -0.16866128E-08  0.18239384E-03  0.14167820E-07
    2    2   -0.31209353E-02 -0.64739861E-08 -0.28145888E-15 -0.16257183E-14 -0.98383150E-03 -0.93217700E-09
    3    2    0.10592010E-03 -0.42654208E-08  0.14497007E-03 -0.22643180E-08  0.38423889E-03 -0.11764246E-08
    4    2    0.35587200E-03  0.36048183E-08  0.40062672E-04  0.26914759E-08  0.62674261E-03  0.18647336E-08
    1    3   -0.39600305E-03 -0.67098472E-09 -0.65660791E-04 -0.56974395E-09  0.41445965E-03  0.82220742E-08
    2    3   -0.97839102E-04 -0.52131529E-08  0.24844072E-03  0.72578758E-08  0.38422984E-03 -0.55367168E-08
    3    3    0.31212587E-02 -0.21451908E-08 -0.26970613E-14 -0.15841090E-14  0.98686445E-03  0.11772925E-07
    4    3    0.31654745E-03  0.88527477E-09 -0.62815833E-03 -0.16397831E-08 -0.31727254E-03  0.55834987E-08
    1    4   -0.11971466E-04 -0.19768730E-08 -0.97184288E-04  0.11329005E-08 -0.68323576E-03 -0.84398537E-10
    2    4    0.38728435E-03  0.47991228E-08 -0.40023979E-03  0.31109301E-10  0.62671973E-03 -0.10738440E-07
    3    4   -0.29323602E-03  0.12631399E-08 -0.16198061E-03 -0.22079650E-09 -0.31727079E-03  0.18714668E-08
    4    4   -0.29870453E-02 -0.10444326E-08  0.38684334E-15  0.32819532E-14  0.11610984E-02 -0.59613742E-08

   -2    3    0
    1    1    0.62790915E-05  0.26116962E-08 -0.63970119E-05 -0.87907134E-09  0.29535933E-03 -0.15190221E-07
    2    1   -0.46580200E-03 -0.51949535E-09  0.95002623E-03  0.13416520E-08  0.34288999E-04  0.15851147E-07
    3    1   -0.77402013E-04  0.68986069E-08 -0.15344116E-03 -0.24489280E-08  0.13678472E-03  0.30558366E-08
    4    1   -0.37111145E-05 -0.15765320E-08  0.25134343E-03  0.45749951E-09 -0.39046270E-04 -0.93221202E-09
    1    2   -0.23096710E-03  0.11370873E-08 -0.57325142E-03  0.46568084E-08 -0.12476985E-03 -0.25239055E-08
    2    2    0.41303799E-03 -0.21467199E-09 -0.12867965E-03  0.80345820E-10  0.30208629E-03  0.39629845E-08
    3    2   -0.35285767E-04 -0.15058775E-08 -0.20510554E-03 -0.41730131E-08  0.19932230E-03 -0.15590429E-08
    4    2    0.71669755E-04  0.26059462E-08 -0.29810914E-03  0.62103571E-09 -0.11210335E-03 -0.31019614E-08
    1    3    0.75568953E-04  0.95453845E-09  0.28105864E-03 -0.57416663E-08  0.25585684E-03  0.73077963E-08
    2    3   -0.45764342E-04  0.24831583E-08  0.12383160E-03  0.58797344E-09 -0.21320684E-03 -0.49450979E-08
    3    3   -0.41295554E-03  0.20034454E-08  0.12865589E-03 -0.68081235E-09 -0.30020900E-03 -0.34502574E-08
    4    3   -0.37762120E-05 -0.11329756E-08  0.99006344E-03 -0.28605205E-08  0.29691276E-03 -0.14971789E-08
    1    4   -0.40037602E-04 -0.10764704E-08 -0.15602591E-03  0.18541662E-08 -0.19378045E-04  0.35180815E-09
    2    4    0.44734650E-04 -0.52670902E-09  0.31224642E-03  0.22575914E-08  0.88484284E-04 -0.59816571E-08
    3    4   -0.66590212E-04  0.24311858E-08 -0.51160635E-03 -0.22305488E-08 -0.55764839E-04  0.19458947E-08
    4    4   -0.66662416E-05 -0.25484829E-08  0.65256582E-05  0.81181133E-09 -0.29314166E-03 -0.60990877E-08

   -2    4    0
    1    1    0.16852869E-05  0.35728654E-09  0.29171033E-05 -0.46653352E-09 -0.21173012E-03 -0.82036726E-08
    2    1   -0.19389446E-03  0.10410250E-08 -0.60299917E-03  0.51934484E-09  0.28072883E-03 -0.40682829E-08
    3    1   -0.56984669E-05  0.11409295E-08  0.22798348E-03  0.24784672E-08  0.27073133E-04  0.14169175E-07
    4    1   -0.29150150E-04  0.17299245E-08  0.17522001E-03  0.29241511E-08 -0.17776364E-03  0.86871891E-08
    1    2   -0.17698735E-03 -0.43726700E-08  0.10337969E-03 -0.53020622E-08  0.67284237E-04  0.24301934E-08
    2    2   -0.34380321E-05 -0.29409326E-08 -0.59599827E-05  0.17440422E-08 -0.19625515E-03  0.50578119E-08
    3    2   -0.15410653E-04  0.65373543E-09  0.78812680E-05  0.17438402E-08  0.61535956E-05 -0.48314297E-09
    4    2    0.72910753E-04 -0.23756937E-08  0.18466349E-03 -0.18099082E-08 -0.10851000E-04 -0.37360910E-08
    1    3   -0.16172876E-04  0.65181666E-09  0.80912099E-04 -0.32647288E-09 -0.16349701E-03  0.19941778E-08
    2    3   -0.25104469E-03  0.13463495E-08 -0.61875483E-03  0.31232211E-08 -0.97961102E-04 -0.13174963E-07
    3    3    0.34421972E-05 -0.18456911E-08  0.59611054E-05  0.99092351E-09  0.19707846E-03  0.50851134E-08
    4    3   -0.16246790E-03 -0.17224469E-08 -0.56251634E-03  0.10469100E-08 -0.60528156E-04  0.22544308E-08
    1    4   -0.79558151E-04  0.15940040E-08 -0.34704074E-05 -0.47012527E-08  0.13103485E-03 -0.42467076E-09
    2    4    0.22094691E-03  0.16237886E-08 -0.14642903E-03  0.54447483E-09 -0.12203439E-03 -0.98594850E-08
    3    4    0.65902026E-06  0.55696129E-09  0.43308770E-04 -0.12438105E-08 -0.53586944E-04  0.10699854E-08
    4    4   -0.16869031E-05  0.30906249E-08 -0.29258468E-05 -0.18089076E-08  0.21253025E-03  0.61652281E-09

   -2    5    0
    1    1    0.12814785E-04 -0.20683019E-08 -0.81787470E-05  0.26733082E-08  0.15719332E-04 -0.16382122E-07
    2    1   -0.29652217E-04 -0.81862417E-09 -0.51360600E-04 -0.19743810E-09 -0.24757384E-03  0.31785971E-08
    3    1   -0.36558509E-04  0.22894314E-08 -0.63321188E-04 -0.27112934E-08  0.14276963E-03  0.94037846E-08
    4    1    0.22129013E-04  0.10291765E-08 -0.31739375E-03  0.43652090E-08 -0.22014090E-03  0.13919042E-07
    1    2    0.83277792E-04 -0.29974543E-08  0.36227391E-04  0.38545577E-08  0.15219209E-03  0.29660170E-08
    2    2    0.41750706E-04  0.56648877E-09 -0.41689883E-04 -0.10732171E-08 -0.16043660E-04  0.11183329E-07
    3    2    0.77858600E-04  0.29755930E-08  0.47029022E-04  0.45573044E-08  0.13609448E-04 -0.37314853E-09
    4    2   -0.42601117E-04 -0.16660028E-08 -0.11773938E-03  0.14044100E-10 -0.78759912E-04 -0.49015067E-08
    1    3   -0.38971162E-04  0.28291154E-08  0.15005155E-03  0.19117612E-08 -0.50739256E-04  0.26320259E-08
    2    3    0.16725098E-03 -0.36662085E-08  0.27082706E-03 -0.40972560E-09  0.18004167E-03 -0.29242858E-08
    3    3   -0.41611917E-04 -0.16427133E-08  0.41543472E-04  0.16508953E-08  0.16653478E-04 -0.32887541E-08
    4    3   -0.48481582E-04  0.15951689E-08 -0.53326033E-04 -0.78988684E-08 -0.11502978E-03  0.33630879E-08
    1    4    0.28755383E-04 -0.31147605E-08 -0.24764532E-04  0.55495716E-08 -0.20394122E-03 -0.86328081E-08
    2    4   -0.61609230E-04 -0.13211817E-08  0.13034646E-03 -0.73738478E-09  0.87401749E-04 -0.31666622E-08
    3    4    0.11458960E-03  0.93254234E-09  0.55694033E-05  0.22139085E-08  0.52659082E-04  0.21577177E-08
    4    4   -0.12953597E-04 -0.58400700E-09  0.83112290E-05  0.19264326E-09 -0.14919580E-04  0.11669362E-07

   -1   -4    0
    1    1   -0.64827805E-04  0.28757869E-08  0.13241740E-03 -0.58059717E-08 -0.11678411E-04 -0.28122826E-08
    2    1    0.10419975E-03  0.35225911E-09 -0.18048018E-03  0.30179724E-08  0.57077688E-04 -0.80309155E-09
    3    1   -0.22557876E-04 -0.15516751E-08  0.39072049E-04  0.23918457E-08 -0.92086421E-04 -0.64397398E-08
    4    1    0.26065475E-03  0.57439401E-08  0.18198989E-03 -0.33445148E-08 -0.27497336E-04 -0.18238505E-08
    1    2    0.11525058E-03 -0.19775905E-08  0.28511530E-03  0.21830169E-08 -0.48287573E-04 -0.71442081E-08
    2    2    0.35988426E-04 -0.61813210E-09 -0.87442933E-04  0.12343324E-08  0.41859512E-04 -0.16785350E-09
    3    2    0.17332284E-03  0.21565674E-08  0.21014294E-03 -0.74360626E-09  0.11832624E-03  0.15775716E-08
    4    2   -0.11203028E-03 -0.12569966E-08  0.17129548E-03  0.19443074E-08 -0.28115331E-03  0.14192928E-08
    1    3   -0.40372000E-04  0.56878078E-09 -0.97111640E-04  0.46460376E-08  0.99836258E-04  0.12835344E-08
    2    3   -0.21278082E-03  0.24269352E-08 -0.19875147E-03  0.18795955E-08 -0.80429650E-05  0.22701113E-08
    3    3   -0.36070030E-04  0.18165010E-09  0.87620115E-04 -0.31336591E-09 -0.41180629E-04 -0.15578016E-08
    4    3    0.51598393E-04 -0.47703630E-08 -0.12816638E-03 -0.78776318E-09  0.12840197E-03 -0.16646542E-08
    1    4   -0.20285973E-03 -0.11175635E-08 -0.17642021E-03  0.24278919E-09 -0.94461347E-04  0.11214148E-07
    2    4    0.62588953E-05  0.50722762E-09 -0.23056096E-03  0.10766453E-08  0.49932312E-04  0.11459515E-08
    3    4    0.22286221E-03 -0.23894887E-08  0.49711076E-04 -0.13890934E-08  0.55789446E-04 -0.39045283E-08
    4    4    0.64884472E-04 -0.51022859E-10 -0.13253933E-03 -0.88033851E-10  0.12369373E-04 -0.98918574E-08

   -1   -3    0
    1    1    0.30266905E-04 -0.69750457E-09 -0.71904471E-04  0.16110662E-08  0.30608386E-04 -0.63383930E-08
    2    1    0.43938661E-03  0.26410982E-09  0.16382840E-03 -0.34282332E-08 -0.12647057E-04 -0.76957611E-08
    3    1   -0.12067253E-03 -0.31653714E-08  0.41647051E-04  0.50169375E-08  0.41721016E-04 -0.19557411E-08
    4    1   -0.28792937E-03 -0.43688225E-08 -0.13473770E-03 -0.16569734E-08 -0.27492791E-04  0.57032654E-08
    1    2    0.31512115E-03 -0.18040589E-08 -0.21561991E-03 -0.16990757E-08 -0.21685478E-03 -0.88490493E-08
    2    2    0.38405779E-04 -0.53938943E-10 -0.11839970E-03  0.52457368E-10  0.68327660E-04  0.38890179E-09
    3    2    0.17495755E-03 -0.32380599E-09  0.59373317E-04  0.78651257E-09 -0.16040978E-03  0.21124072E-08
    4    2    0.11165372E-04  0.21914119E-08 -0.29998546E-03 -0.36049594E-08  0.15947174E-03 -0.58810135E-08
    1    3    0.17077957E-03 -0.12049590E-09 -0.17301061E-04 -0.14407094E-08  0.29970064E-04  0.12955822E-08
    2    3    0.33273989E-03  0.18505581E-09  0.43363496E-03  0.24328500E-08 -0.44490656E-04 -0.37939759E-08
    3    3   -0.38291095E-04  0.32718815E-09  0.11806684E-03 -0.10093938E-08 -0.67176942E-04  0.16391239E-07
    4    3    0.46706833E-03  0.15249186E-08  0.92213143E-04 -0.68872231E-09  0.96631927E-04  0.16330506E-08
    1    4   -0.28336734E-03  0.18881923E-08 -0.18805770E-03  0.35296930E-08 -0.39037641E-04  0.50592364E-08
    2    4    0.74623837E-04 -0.18337589E-08  0.28926458E-03  0.89733992E-09  0.11659217E-03 -0.12485497E-07
    3    4    0.19442921E-03 -0.20079076E-08  0.14591579E-03 -0.25344616E-09  0.93091014E-05 -0.22189844E-08
    4    4   -0.30361392E-04 -0.12381100E-08  0.72146002E-04  0.36398398E-08 -0.29802129E-04 -0.10307863E-07

   -1   -2    0
    1    1    0.24021106E-05 -0.21240281E-09  0.86281745E-05  0.75864376E-09  0.29535058E-03 -0.38318623E-08
    2    1    0.61916348E-03 -0.30965271E-08  0.13358325E-03  0.31335704E-08  0.28073512E-03  0.96136454E-08
    3    1   -0.19458918E-03 -0.37472626E-09 -0.11892749E-03 -0.11957283E-08  0.27079175E-04 -0.35399069E-08
    4    1    0.26380379E-03  0.50817718E-08  0.17786120E-03 -0.13870509E-08 -0.22014585E-03  0.99314807E-08
    1    2    0.79300323E-03 -0.21930262E-09 -0.24719774E-04 -0.98029186E-09  0.18241441E-03 -0.17164467E-07
    2    2   -0.95079331E-04 -0.43539673E-09  0.42204220E-03  0.22358151E-08  0.30209417E-03  0.13600495E-07
    3    2    0.28001383E-03  0.19138046E-08  0.51400193E-04  0.21982120E-08  0.19931099E-03 -0.65671619E-09
    4    2   -0.24081188E-03 -0.26350463E-08 -0.28109897E-04  0.46607940E-08 -0.10841970E-04 -0.15327630E-08
    1    3    0.27200157E-03 -0.41996126E-08 -0.22903214E-03 -0.10404326E-08  0.41446957E-03  0.51043528E-08
    2    3   -0.71002073E-04 -0.26226638E-08 -0.13940573E-03  0.16415470E-09 -0.21321360E-03 -0.29763846E-08
    3    3    0.95058895E-04  0.34385799E-09 -0.42195959E-03 -0.15095766E-08 -0.30019299E-03 -0.77781392E-09
    4    3    0.69560613E-03  0.28316232E-08  0.10265775E-03 -0.29047503E-08 -0.60529192E-04 -0.14420125E-08
    1    4   -0.33746452E-03  0.67865395E-08  0.45770070E-04  0.48625906E-08 -0.11211877E-03  0.11417124E-07
    2    4    0.19822725E-03 -0.16346126E-08  0.65484919E-03  0.26427666E-09  0.62672286E-03 -0.51926583E-08
    3    4    0.85863265E-03  0.81023816E-08  0.91495921E-06 -0.12844206E-08 -0.31727276E-03 -0.76697292E-09
    4    4   -0.23180886E-05 -0.18633877E-09 -0.90369487E-05  0.34193238E-09 -0.29311915E-03 -0.73424691E-08

   -1   -1    0
    1    1    0.16076720E-05 -0.73231892E-11 -0.10624283E-08 -0.31048180E-08 -0.12513179E-03  0.25691788E-08
    2    1    0.12356863E-03 -0.32357503E-08  0.29753441E-09 -0.57953654E-09 -0.30367307E-03  0.99209085E-08
    3    1   -0.38857755E-03 -0.80024943E-09  0.13245457E-08  0.18846723E-08 -0.51601880E-03  0.60245533E-08
    4    1    0.32106515E-03  0.77149250E-09  0.34819893E-08 -0.77490113E-08  0.19033776E-03  0.38580298E-08
    1    2    0.15755055E-02 -0.26039398E-08  0.19648644E-08 -0.57663779E-09  0.21059670E-03  0.15413833E-08
    2    2    0.44983933E-06  0.18780725E-10 -0.33652053E-08 -0.60810713E-09 -0.86790187E-05 -0.17367621E-07
    3    2    0.46754954E-03 -0.53192780E-08 -0.11768507E-08 -0.72149472E-08  0.38514741E-03  0.53040056E-08
    4    2   -0.56842502E-03  0.67322742E-09  0.74848701E-08  0.59652057E-09 -0.41827654E-03  0.66515723E-08
    1    3   -0.24465120E-02  0.20140595E-08  0.35791758E-08  0.32016048E-08 -0.21662348E-02  0.35629917E-08
    2    3   -0.11520645E-02 -0.47582833E-08 -0.30467916E-08 -0.13293394E-08 -0.11935267E-02 -0.14634682E-07
    3    3   -0.44766042E-06 -0.14810381E-10 -0.63636926E-08  0.74159476E-09  0.11835789E-04  0.12387603E-07
    4    3    0.14981903E-03 -0.78011411E-09  0.61172137E-09  0.25260488E-08  0.12310207E-03  0.43624034E-09
    1    4    0.77743956E-03 -0.32283914E-08 -0.32527231E-08  0.23288159E-08  0.29202853E-02 -0.31784990E-08
    2    4    0.19159256E-02  0.17600980E-08  0.46484927E-08  0.22119033E-08  0.24003931E-02  0.18350750E-08
    3    4    0.19593259E-02 -0.59635340E-08  0.33954835E-08 -0.76634897E-09 -0.10615419E-02 -0.52716141E-08
    4    4   -0.16109867E-05 -0.64343704E-11  0.80100822E-09 -0.38703404E-09  0.12867411E-03 -0.47397596E-08

   -1    0    0
    1    1   -0.10506989E-01  0.27097215E-09 -0.18198638E-01  0.46952107E-09  0.17742891E-02 -0.33064105E-08
    2    1    0.11125343E-02 -0.44171704E-09 -0.23791570E-03 -0.46059593E-08 -0.18826373E-03  0.13227820E-07
    3    1   -0.12547879E-02 -0.72882564E-09 -0.31262581E-03  0.45180796E-08  0.42374584E-03 -0.22782217E-08
    4    1    0.13319792E-03  0.56471526E-08  0.54462273E-04 -0.27564084E-09  0.64512540E-03 -0.22137942E-08
    1    2    0.62458058E-02  0.13885259E-08 -0.54088734E-02  0.92221174E-10 -0.17336774E-02 -0.21646716E-07
    2    2    0.11119638E-01 -0.35030248E-08  0.19259778E-01 -0.60655886E-08  0.57165297E-03  0.98344138E-08
    3    2    0.61511371E-03 -0.34493378E-09 -0.19615120E-03 -0.35212290E-08  0.12200557E-03 -0.22150790E-11
    4    2    0.55703192E-03 -0.74406358E-09  0.34844070E-03 -0.68812805E-09 -0.13216845E-02 -0.72069575E-09
    1    3   -0.29989619E-04 -0.14481587E-10 -0.24692538E-03  0.11467207E-07  0.42040531E-02 -0.71827181E-09
    2    3    0.43473351E-03  0.12103851E-08 -0.38278787E-03 -0.87427715E-09  0.12200569E-03  0.12919478E-08
    3    3   -0.11121955E-01 -0.39671133E-09 -0.19263792E-01 -0.68435509E-09 -0.56404358E-03  0.10943656E-07
    4    3    0.19729177E-02 -0.17948656E-08  0.13544092E-03 -0.44341070E-08 -0.10120788E-02 -0.37119504E-08
    1    4    0.47469420E-03 -0.17999234E-08 -0.77611763E-04 -0.32998399E-08  0.29202943E-02  0.63967151E-08
    2    4   -0.47959658E-03 -0.51151142E-08  0.43151964E-03  0.41933664E-08  0.39288459E-02  0.36336258E-08
    3    4    0.98915250E-02 -0.26457786E-08 -0.71402806E-02 -0.26184431E-08 -0.17788838E-02  0.39964052E-08
    4    4    0.10508276E-01 -0.15257187E-08  0.18200869E-01 -0.26423337E-08 -0.17673188E-02  0.27783016E-07

   -1    1    0
    1    1    0.21013969E-01 -0.25464203E-08 -0.11919288E-11  0.54245044E-12  0.17742350E-02  0.10888456E-07
    2    1    0.43680837E-03  0.23428344E-08 -0.75654420E-03  0.13305364E-08  0.21061127E-03 -0.18129071E-07
    3    1    0.16860200E-02  0.74001995E-08 -0.29202512E-02 -0.42075641E-09 -0.21662367E-02 -0.65750965E-08
    4    1   -0.79007227E-04 -0.39909396E-08  0.14068417E-03  0.28332134E-08 -0.11213309E-03  0.12046226E-07
    1    2   -0.63144756E-03 -0.33545670E-08 -0.16130999E-03  0.19337056E-08  0.21059242E-03 -0.30776154E-07
    2    2   -0.22239280E-01  0.34671997E-08  0.45983920E-12 -0.53000396E-12  0.57163732E-03 -0.47389031E-08
    3    2   -0.22094936E-04  0.18005173E-08 -0.23600030E-03  0.88591520E-08  0.12199444E-03  0.74447033E-08
    4    2   -0.12282462E-02 -0.40518895E-08  0.25178152E-02  0.17412657E-08  0.24004090E-02  0.38262398E-08
    1    3    0.17194356E-02 -0.95084480E-08  0.28504373E-02 -0.50748543E-08 -0.21662279E-02  0.80361745E-08
    2    3    0.10810061E-03 -0.11094704E-08 -0.38376045E-03 -0.46668158E-08  0.12199277E-03  0.99130744E-08
    3    3    0.22243907E-01 -0.28860764E-08  0.76668836E-12 -0.63602106E-13 -0.56408203E-03  0.17572342E-08
    4    3    0.25015128E-03 -0.21423660E-08 -0.13241797E-02  0.89470768E-09 -0.10615389E-02  0.28905074E-08
    1    4   -0.38636884E-04 -0.17781976E-08  0.94507103E-04 -0.98103139E-08 -0.11211747E-03  0.67881076E-08
    2    4   -0.16379342E-02  0.22856921E-08 -0.28250174E-02  0.16935512E-08  0.24003786E-02 -0.76885460E-08
    3    4   -0.77144460E-03 -0.63513506E-08  0.44873119E-03  0.35101472E-08 -0.10615448E-02 -0.79882114E-08
    4    4   -0.21016546E-01  0.12344824E-07 -0.44999074E-12 -0.35351925E-12 -0.17673009E-02  0.17975750E-07

   -1    2    0
    1    1   -0.80477145E-06 -0.75764030E-08 -0.13916849E-05  0.43701870E-08 -0.12514368E-03 -0.15992845E-07
    2    1   -0.35023557E-03  0.24937234E-08 -0.10824371E-02 -0.30185339E-08 -0.18822757E-03  0.19636957E-07
    3    1    0.89812893E-03  0.21549787E-08  0.93036380E-03 -0.51097242E-09  0.42374161E-03 -0.84952911E-08
    4    1   -0.82341362E-04 -0.32407767E-08  0.13875714E-03  0.21495771E-08 -0.11213918E-03 -0.45325672E-08
    1    2   -0.25071112E-03  0.41829627E-08 -0.36094263E-03 -0.50396842E-09  0.18240777E-03 -0.24012037E-07
    2    2   -0.22607668E-06  0.80406430E-08 -0.38887806E-06 -0.46360047E-08 -0.86958820E-05  0.45587588E-08
    3    2   -0.21305525E-03  0.35674130E-08 -0.13962146E-03 -0.12824218E-08  0.38514400E-03  0.21178990E-08
    4    2   -0.68502231E-03  0.25899800E-08 -0.72655293E-03 -0.70398003E-09 -0.13216817E-02  0.18505122E-08
    1    3    0.33975282E-03  0.17755856E-08 -0.29469318E-03 -0.38739106E-08  0.41446453E-03  0.12401957E-07
    2    3    0.16575837E-03  0.38683738E-09  0.51938313E-03  0.66219273E-08 -0.11935226E-02 -0.76347948E-08
    3    3    0.22871626E-06  0.74162957E-09  0.38487745E-06 -0.37525780E-09  0.11838176E-04  0.53656428E-10
    4    3   -0.40768881E-03  0.25316985E-08 -0.67698293E-03 -0.92464742E-09 -0.10120731E-02 -0.61882372E-08
    1    4    0.39138418E-04 -0.76598029E-08  0.44272700E-04 -0.22462137E-08 -0.39036262E-04  0.16386269E-07
    2    4   -0.36979985E-03  0.45966521E-09  0.25461171E-03  0.19997785E-08  0.62672733E-03 -0.61788810E-08
    3    4   -0.24764287E-03  0.23773612E-08 -0.16107180E-03 -0.24146428E-08 -0.31727303E-03  0.12336257E-08
    4    4    0.80214887E-06  0.21853726E-08  0.13970837E-05 -0.12738569E-08  0.12865550E-03 -0.10035165E-07

   -1    3    0
    1    1   -0.86760861E-05  0.14128895E-08  0.22363432E-05 -0.12971513E-08  0.29534995E-03 -0.95180266E-08
    2    1   -0.61785578E-04  0.38473842E-09 -0.10701801E-03 -0.18144081E-08 -0.30367964E-03  0.37229166E-08
    3    1    0.19429119E-03 -0.29304370E-08  0.33652405E-03  0.35771918E-08 -0.51601539E-03  0.15211678E-08
    4    1   -0.11376078E-03  0.16583345E-08 -0.88130904E-04 -0.19041460E-08  0.64512705E-03 -0.19362352E-08
    1    2    0.10524761E-03 -0.29252558E-08 -0.35632008E-03  0.31587615E-08 -0.21684495E-03 -0.10352154E-07
    2    2   -0.31795767E-03 -0.16021400E-08  0.29336055E-03  0.14236635E-08  0.30210336E-03  0.19300043E-07
    3    2   -0.91009330E-04 -0.28013825E-08 -0.15370548E-03  0.25655960E-08  0.19931228E-03 -0.12225137E-08
    4    2    0.15674516E-03 -0.47825078E-08  0.32389908E-03 -0.59433884E-09 -0.41827634E-03 -0.20117898E-08
    1    3    0.48302700E-04  0.31537200E-08 -0.14645532E-03 -0.29476339E-08  0.29965196E-04 -0.51109761E-09
    2    3    0.62289639E-04  0.18624283E-08 -0.15575177E-04 -0.11421843E-08 -0.21321337E-03 -0.82978212E-08
    3    3    0.31789564E-03  0.35840107E-08 -0.29330094E-03 -0.30972222E-08 -0.30020456E-03 -0.70813023E-08
    4    3   -0.72317662E-04 -0.26649485E-08 -0.70688366E-04  0.50183866E-08  0.12310265E-03  0.23338176E-09
    1    4    0.88243427E-04 -0.26493273E-08  0.60912737E-04 -0.34507750E-08 -0.94457066E-04  0.16715649E-08
    2    4   -0.17225133E-03  0.53093342E-08  0.10162615E-03  0.50059083E-08  0.11660313E-03 -0.16356282E-07
    3    4   -0.19707889E-03  0.56799976E-09  0.89865623E-05  0.10823835E-08  0.93089431E-05 -0.42142174E-08
    4    4    0.89870500E-05 -0.22000253E-08 -0.25125366E-05  0.18588935E-08 -0.29312231E-03  0.11366501E-07

   -1    4    0
    1    1    0.47138651E-04 -0.12406854E-08 -0.62165212E-04  0.17214019E-08  0.30607849E-04 -0.51279119E-08
    2    1   -0.42526560E-03  0.18498890E-08 -0.46941312E-03 -0.12612209E-08  0.28072026E-03  0.63156988E-08
    3    1    0.20028756E-03 -0.84947592E-09  0.10905463E-03  0.80621755E-08  0.27086390E-04 -0.80506337E-09
    4    1   -0.16053529E-03  0.10305119E-08 -0.27804972E-03  0.34827687E-09  0.19033654E-03  0.55915251E-08
    1    2   -0.26579662E-03  0.12334820E-09  0.53123068E-04 -0.46617156E-08 -0.48275986E-04 -0.45135748E-08
    2    2    0.83333355E-04 -0.17506514E-09 -0.92459406E-04  0.69871211E-10  0.68328887E-04  0.15665736E-07
    3    2   -0.84840888E-04  0.20767064E-08 -0.11008355E-03  0.31824669E-08 -0.16042345E-03 -0.15740652E-08
    4    2    0.53747459E-04  0.30082359E-09  0.15655242E-03 -0.28298278E-08 -0.10851004E-04 -0.26491763E-08
    1    3    0.37059317E-04  0.50770182E-09 -0.44318955E-05  0.61920531E-08  0.99840764E-04 -0.54815624E-08
    2    3   -0.35178428E-03  0.21353339E-08 -0.50052224E-04 -0.11800404E-08 -0.44471235E-04 -0.18217335E-08
    3    3   -0.83100059E-04  0.11463139E-08  0.92190714E-04 -0.13764504E-08 -0.67174421E-04 -0.63918648E-08
    4    3   -0.25921132E-03 -0.29218952E-08 -0.45985626E-03  0.65375862E-08 -0.60527370E-04 -0.48440060E-09
    1    4    0.89821548E-05 -0.34332358E-08  0.24809538E-04 -0.12310890E-09 -0.10835219E-03  0.28701044E-08
    2    4    0.13385831E-03 -0.84164466E-09 -0.13429646E-03  0.30875394E-08  0.49938970E-04 -0.43438437E-08
    3    4    0.10894610E-04  0.33409288E-08 -0.17844356E-03  0.67198743E-08  0.55790017E-04 -0.16963661E-08
    4    4   -0.47301492E-04  0.24217485E-08  0.62368944E-04 -0.25026676E-08 -0.29786024E-04  0.21637959E-07

   -1    5    0
    1    1   -0.82263501E-04  0.53286131E-09  0.12235177E-03 -0.68168591E-09 -0.11685084E-04  0.13163264E-07
    2    1   -0.36157446E-03  0.23869476E-08 -0.29860572E-03  0.28305253E-08 -0.12657007E-04 -0.18490758E-08
    3    1    0.24269170E-04 -0.61610862E-08  0.12532751E-03 -0.17644702E-08  0.41714743E-04  0.24871735E-08
    4    1   -0.28593230E-03 -0.46022331E-08 -0.13952988E-03 -0.36087887E-08 -0.22013771E-03  0.14189002E-07
    1    2    0.74054236E-04 -0.13706752E-08 -0.95059633E-04 -0.76339524E-09 -0.26202416E-03 -0.95937393E-08
    2    2    0.57732711E-04  0.31695182E-09 -0.74886826E-04 -0.55088629E-09  0.41873682E-04  0.29285552E-08
    3    2   -0.21417013E-03  0.26818103E-09 -0.49272759E-04 -0.24318223E-08  0.11831625E-03  0.75610101E-08
    4    2    0.25148388E-03  0.20580967E-08 -0.13597878E-03  0.15310851E-08  0.15945152E-03 -0.61681036E-08
    1    3    0.29174986E-04  0.96038309E-09 -0.69492691E-04 -0.40060579E-08  0.25877197E-03  0.26775270E-09
    2    3    0.22955955E-03  0.15841452E-08  0.92083272E-04 -0.17676167E-08 -0.80366200E-05  0.63655470E-09
    3    3   -0.57844425E-04  0.12789625E-08  0.75045117E-04 -0.20990026E-08 -0.41173245E-04 -0.40867620E-08
    4    3   -0.23163880E-03 -0.13224102E-08 -0.35832274E-03  0.98006055E-09  0.96630559E-04  0.16267036E-09
    1    4   -0.45221270E-04 -0.59219852E-08 -0.25497597E-04 -0.28551796E-08 -0.10835668E-03  0.45452212E-08
    2    4   -0.27321642E-04 -0.14874044E-08  0.13017948E-03 -0.17212948E-08  0.35415574E-06  0.34239639E-08
    3    4   -0.10975174E-03 -0.82498696E-09  0.18535678E-03 -0.34473307E-08  0.15284088E-04 -0.16250831E-08
    4    4    0.82340386E-04 -0.93081914E-09 -0.12246156E-03  0.19393785E-08  0.12368189E-04  0.39826392E-08

    0   -5    0
    1    1   -0.55996167E-04 -0.14197588E-17  0.96988206E-04  0.24590972E-17  0.11399390E-03 -0.53717556E-18
    2    1    0.26002435E-04 -0.55751754E-08  0.10048514E-03 -0.12150150E-08  0.94693939E-04  0.25638733E-08
    3    1    0.26388034E-03  0.16490397E-08  0.98258878E-04 -0.91433978E-09 -0.45259252E-04 -0.58163344E-08
    4    1   -0.12407841E-03  0.59224453E-08  0.44996874E-04  0.30105802E-08  0.37145709E-04 -0.22335732E-08
    1    2   -0.12208465E-04 -0.53146706E-08 -0.12437700E-03 -0.16662224E-08  0.94693939E-04 -0.25638751E-08
    2    2   -0.14164743E-03  0.88575146E-16  0.24534055E-03 -0.27851053E-17  0.10262040E-03 -0.16225621E-18
    3    2   -0.24735153E-04  0.58442857E-09  0.50321726E-04  0.41039517E-08  0.28259934E-04  0.12924754E-09
    4    2    0.23095726E-03 -0.63676849E-08  0.11872905E-03  0.53019780E-08 -0.14274587E-04 -0.15121634E-08
    1    3   -0.23482208E-03 -0.40858258E-09 -0.14858926E-03  0.26495672E-08 -0.45259252E-04  0.58163376E-08
    2    3    0.32231662E-04  0.29313304E-08 -0.63306062E-04  0.38997247E-10  0.28259934E-04 -0.12924986E-09
    3    3    0.14182531E-03  0.85358748E-16 -0.24564864E-03  0.27858616E-17 -0.10203078E-03  0.21753914E-15
    4    3   -0.65953928E-05  0.37830164E-08  0.15793282E-03  0.20843420E-08 -0.13867626E-03  0.13691036E-08
    1    4    0.11042196E-03  0.36443350E-08 -0.21343211E-04  0.69563812E-08  0.37145709E-04  0.22335712E-08
    2    4   -0.24231479E-03 -0.93054840E-09 -0.99057233E-04 -0.41154160E-08 -0.14274587E-04  0.15121671E-08
    3    4   -0.51037007E-04  0.40203683E-08 -0.58110572E-04  0.16732377E-08 -0.13867626E-03 -0.13691025E-08
    4    4    0.56039866E-04  0.17535426E-15 -0.97063894E-04 -0.24593981E-17 -0.11364739E-03  0.21791413E-15

    0   -4    0
    1    1    0.19659822E-03  0.21939487E-08 -0.34051811E-03 -0.38000296E-08 -0.13736766E-03 -0.51932753E-08
    2    1   -0.10002409E-03  0.55955872E-08  0.27727592E-04  0.65013165E-08  0.94703213E-04 -0.15120603E-07
    3    1   -0.21704077E-03 -0.47668593E-08 -0.17939994E-03 -0.28465129E-08 -0.45265293E-04  0.23206249E-08
    4    1    0.10267244E-03 -0.20328050E-08 -0.17782792E-03 -0.28644028E-08  0.24883114E-03  0.50727936E-08
    1    2   -0.89413698E-03 -0.65962265E-08 -0.51179114E-03  0.27091268E-08 -0.96808709E-04 -0.10472264E-07
    2    2    0.56050398E-05 -0.78994330E-09 -0.97082145E-05  0.13682231E-08 -0.17514790E-03 -0.73588452E-08
    3    2   -0.16160108E-03  0.25219277E-08 -0.22357191E-03 -0.11613866E-08 -0.12797326E-03  0.45828234E-08
    4    2   -0.24219866E-03  0.25466813E-09 -0.15427812E-03 -0.19217679E-08 -0.14274050E-04  0.40585452E-08
    1    3    0.36185551E-03 -0.11294075E-08  0.19236606E-03 -0.73123813E-09 -0.74982157E-04 -0.40761095E-08
    2    3   -0.29078083E-03  0.69560098E-09  0.15721717E-06  0.25045182E-09 -0.12797937E-03 -0.99210161E-10
    3    3   -0.56072344E-05 -0.13616456E-08  0.97120148E-05  0.23584381E-08  0.17567016E-03 -0.54413002E-08
    4    3   -0.12970445E-03 -0.83353529E-08  0.90832944E-04 -0.29381052E-08 -0.13867029E-03  0.26718579E-08
    1    4   -0.19236313E-03 -0.21334736E-08 -0.10591794E-03  0.54463210E-09 -0.17774790E-03 -0.33359981E-08
    2    4    0.33587513E-03 -0.37056298E-08  0.24509376E-03  0.18561590E-08  0.19828941E-03 -0.61592965E-08
    3    4   -0.78696569E-03  0.23036346E-08 -0.70456096E-03 -0.21313185E-08  0.15345241E-03 -0.17785375E-08
    4    4   -0.19675587E-03  0.49053799E-09  0.34079116E-03 -0.84963654E-09  0.13808673E-03 -0.59000992E-08

    0   -3    0
    1    1   -0.41600298E-04 -0.11601725E-08  0.72053825E-04  0.20094751E-08  0.37262047E-03  0.70020468E-08
    2    1   -0.91203925E-03  0.25642299E-08 -0.27638545E-03  0.44867749E-10 -0.96789161E-04  0.22725512E-08
    3    1    0.37131558E-03  0.32697438E-09  0.19257212E-03 -0.14937241E-08 -0.74984457E-04 -0.31020912E-09
    4    1    0.23075717E-04  0.30749503E-10  0.12996055E-03  0.42643124E-08  0.37135599E-04  0.71159367E-08
    1    2   -0.10694547E-02  0.27193135E-08 -0.54118291E-03  0.33211825E-08  0.34272176E-04 -0.11836675E-07
    2    2   -0.19296634E-03 -0.13563793E-09  0.33422751E-03  0.23492846E-09  0.20377304E-03  0.50088250E-08
    3    2   -0.44854702E-03  0.35329880E-09 -0.16986994E-03 -0.39207938E-08 -0.13051132E-03 -0.31203162E-09
    4    2    0.34488192E-03  0.34648394E-08  0.22948868E-03  0.24662478E-08  0.19829498E-03  0.46964717E-08
    1    3    0.32798434E-03 -0.97783478E-09  0.10806164E-03 -0.41739433E-08  0.13678790E-03  0.44194513E-08
    2    3   -0.34632695E-03  0.17293609E-08 -0.32483662E-03 -0.12320208E-08 -0.13051836E-03 -0.18911424E-08
    3    3    0.19267527E-03  0.48513993E-09 -0.33372335E-03 -0.84028678E-09 -0.20285083E-03  0.90975919E-08
    4    3   -0.89855910E-03  0.11870994E-09 -0.51127063E-03 -0.24525041E-08  0.15345348E-03 -0.39932657E-09
    1    4   -0.39403162E-05  0.64679234E-09  0.18668359E-03  0.55254285E-09  0.64513369E-03  0.35516829E-08
    2    4    0.24196131E-03 -0.96629735E-09  0.21070097E-03  0.74087989E-08 -0.11212373E-03 -0.36173608E-08
    3    4   -0.13477269E-02 -0.16502475E-08 -0.27821251E-03 -0.56443549E-08  0.29691042E-03  0.23439129E-08
    4    4    0.41784358E-04 -0.34673498E-09 -0.72372631E-04  0.60056386E-09 -0.37172223E-03 -0.74072373E-08

    0   -2    0
    1    1   -0.14932135E-02 -0.12866533E-08  0.25863217E-02  0.22285515E-08 -0.11585871E-02  0.12375304E-07
    2    1   -0.58984556E-03 -0.34060849E-08 -0.87840478E-03 -0.39437324E-08  0.34287930E-04 -0.75770836E-09
    3    1    0.17158468E-03  0.53985210E-08  0.96839542E-05 -0.91560850E-09  0.13679805E-03 -0.83493705E-08
    4    1   -0.13717234E-03  0.15155243E-08 -0.11285431E-03 -0.45064993E-08 -0.17775236E-03  0.18040814E-08
    1    2    0.80026676E-03 -0.27265954E-09  0.14323869E-02  0.18446142E-08 -0.18825134E-03 -0.12553558E-07
    2    2    0.15604671E-02  0.14237073E-08 -0.27028083E-02 -0.24659431E-08 -0.98383140E-03  0.56732209E-08
    3    2   -0.32251101E-03 -0.46133036E-08 -0.29486152E-04  0.33025363E-09  0.38423574E-03  0.92758958E-08
    4    2    0.25240839E-03 -0.43273341E-08  0.25482678E-03 -0.32555801E-08 -0.11211602E-03  0.10675628E-07
    1    3    0.72490429E-04 -0.57558661E-09  0.75242068E-03 -0.24809520E-08  0.42374731E-03  0.88219026E-08
    2    3   -0.14739044E-03 -0.21758086E-08 -0.25768671E-03 -0.35968162E-08  0.38423031E-03 -0.79410459E-08
    3    3   -0.15606318E-02 -0.38060887E-08  0.27030935E-02  0.65923258E-08  0.98685563E-03  0.10094230E-07
    4    3   -0.90233193E-03 -0.18843408E-08 -0.65291511E-03  0.11292308E-08  0.29691079E-03  0.21984060E-08
    1    4   -0.20891200E-03 -0.88755430E-09 -0.33574470E-04 -0.40040172E-08 -0.16856600E-02  0.46178910E-10
    2    4   -0.10314272E-03  0.22149794E-08 -0.12216425E-02 -0.66544039E-08 -0.13216908E-02 -0.16636102E-07
    3    4    0.12173433E-02 -0.66170232E-08  0.13814063E-02 -0.40467861E-08 -0.10120721E-02 -0.97681551E-08
    4    4    0.14935230E-02  0.40744523E-08 -0.25868577E-02 -0.70571436E-08  0.11610680E-02  0.41683138E-08

    0   -1    0
    1    1   -0.10506989E-01  0.59812412E-09  0.18198637E-01 -0.10353434E-08  0.17742462E-02 -0.31875809E-07
    2    1    0.11125335E-02 -0.59187465E-09  0.23791835E-03  0.21511081E-08 -0.18825902E-03  0.31932597E-07
    3    1   -0.12547876E-02 -0.10050866E-08  0.31262254E-03 -0.32667956E-08  0.42375308E-03 -0.53379896E-08
    4    1    0.13319736E-03  0.34838299E-08 -0.54464232E-04  0.42771708E-08  0.64512948E-03 -0.10746262E-07
    1    2    0.62458127E-02  0.67195525E-09  0.54088694E-02 -0.19782221E-09 -0.17336291E-02  0.45575376E-08
    2    2    0.11119644E-01 -0.33630194E-08 -0.19259789E-01  0.58268287E-08  0.57165019E-03  0.66136619E-08
    3    2    0.61511651E-03  0.98233940E-09  0.19615966E-03 -0.36677133E-09  0.12199303E-03 -0.98345214E-08
    4    2    0.55702878E-03 -0.28129903E-08 -0.34844554E-03  0.59487878E-08 -0.13217021E-02  0.21943471E-08
    1    3   -0.29991936E-04  0.59963496E-08  0.24693103E-03  0.40099481E-08  0.42040487E-02  0.85257765E-08
    2    3    0.43473321E-03 -0.42867061E-08  0.38279081E-03 -0.18548597E-08  0.12200393E-03 -0.26889385E-08
    3    3   -0.11121955E-01 -0.18307422E-08  0.19263792E-01  0.31739382E-08 -0.56408990E-03 -0.22952192E-07
    4    3    0.19729197E-02  0.53231687E-08 -0.13543717E-03 -0.18233714E-08 -0.10120713E-02  0.56882902E-08
    1    4    0.47469923E-03 -0.94156386E-09  0.77607299E-04 -0.80859077E-09  0.29202957E-02  0.86100085E-09
    2    4   -0.47958904E-03  0.40689809E-09 -0.43152344E-03  0.45844406E-08  0.39288564E-02  0.27469355E-08
    3    4    0.98915240E-02  0.47763413E-08  0.71402824E-02  0.10585584E-09 -0.17788805E-02  0.32746399E-08
    4    4    0.10508276E-01 -0.28590913E-09 -0.18200869E-01  0.49559799E-09 -0.17673270E-02 -0.39843197E-08

    0    0    0
    1    1    0.31419525E-07  0.00000000E+00 -0.66649845E-08  0.00000000E+00 -0.94486367E-02  0.00000000E+00
    2    1    0.40291964E-02 -0.55870022E-10  0.31805528E-09  0.17514330E-08 -0.17336557E-02 -0.12297483E-07
    3    1   -0.52202799E-03 -0.35187569E-08 -0.92065269E-08 -0.19094928E-08  0.42040496E-02 -0.33136724E-08
    4    1   -0.77800151E-04  0.70570443E-08  0.18011144E-09  0.11162050E-08 -0.16856548E-02 -0.17296100E-09
    1    2    0.40291964E-02  0.55868697E-10  0.31805546E-09 -0.17514374E-08 -0.17336557E-02  0.12297485E-07
    2    2    0.14202816E+01  0.00000000E+00  0.89640255E-08  0.00000000E+00 -0.95916814E-03  0.00000000E+00
    3    2    0.32262770E-03  0.83884993E-09  0.43998924E-09 -0.66987088E-09  0.12676554E-02  0.47836553E-08
    4    2    0.79784141E-04 -0.23735165E-08 -0.67861845E-08 -0.54315574E-08  0.39288485E-02  0.97196725E-09
    1    3   -0.52202799E-03  0.35187568E-08 -0.92065330E-08  0.19094890E-08  0.42040496E-02  0.33136691E-08
    2    3    0.32262770E-03 -0.83884682E-09  0.43999457E-09  0.66986994E-09  0.12676554E-02 -0.47836530E-08
    3    3    0.14202816E+01  0.00000000E+00  0.10644130E-07  0.00000000E+00  0.35509744E+01  0.00000000E+00
    4    3    0.11410200E-01 -0.60776574E-09 -0.15803239E-08  0.30594380E-08 -0.17788820E-02  0.22341532E-08
    1    4   -0.77800151E-04 -0.70570465E-08  0.18011955E-09 -0.11161992E-08 -0.16856548E-02  0.17296299E-09
    2    4    0.79784141E-04  0.23735151E-08 -0.67861822E-08  0.54315562E-08  0.39288485E-02 -0.97197097E-09
    3    4    0.11410200E-01  0.60776754E-09 -0.15803229E-08 -0.30594466E-08 -0.17788820E-02 -0.22341542E-08
    4    4    0.28405632E+01  0.00000000E+00  0.82658614E-08  0.00000000E+00  0.35594646E+01  0.00000000E+00

    0    1    0
    1    1   -0.10506989E-01 -0.59812412E-09  0.18198637E-01  0.10353434E-08  0.17742462E-02  0.31875809E-07
    2    1   -0.20147230E-02 -0.34370369E-09 -0.34896031E-02  0.28528474E-11 -0.17336291E-02 -0.45575363E-08
    3    1    0.26100778E-03 -0.57758666E-08  0.45210121E-03 -0.30808859E-08  0.42040487E-02 -0.85257759E-08
    4    1    0.89485904E-04  0.17213479E-08 -0.15499020E-03  0.13910938E-08  0.29202957E-02 -0.86099861E-09
    1    2   -0.31238584E-03  0.99627477E-09  0.13711965E-03 -0.26469302E-08 -0.18825902E-03 -0.31932599E-07
    2    2    0.11119644E-01  0.33630194E-08 -0.19259789E-01 -0.58268287E-08  0.57165019E-03 -0.66136619E-08
    3    2   -0.21880546E-04  0.51408727E-08 -0.39847019E-04  0.20474296E-08  0.12200393E-03  0.26889354E-08
    4    2   -0.32834974E-03 -0.10447795E-08 -0.29676376E-03 -0.48569076E-08  0.39288564E-02 -0.27469346E-08
    1    3   -0.11342010E-02  0.26061757E-08  0.27188408E-03  0.54476592E-08  0.42375308E-03  0.53379910E-08
    2    3    0.45454033E-04  0.24791233E-08 -0.97096378E-06  0.16899360E-08  0.12199303E-03  0.98345231E-08
    3    3   -0.11121955E-01  0.18307422E-08  0.19263792E-01 -0.31739382E-08 -0.56408990E-03  0.22952192E-07
    4    3    0.24004871E-02 -0.24204110E-08 -0.13705231E-02  0.11442063E-08 -0.17788805E-02 -0.32746411E-08
    1    4    0.33292914E-04 -0.37477989E-08  0.74159936E-05 -0.35099295E-08  0.64512948E-03  0.10746258E-07
    2    4    0.10484031E-02  0.26045730E-08 -0.33410176E-03 -0.74327440E-08 -0.13217021E-02 -0.21943457E-08
    3    4    0.79377731E-03 -0.25743299E-08 -0.24997961E-03  0.45985798E-08 -0.10120713E-02 -0.56882883E-08
    4    4    0.10508276E-01  0.28590913E-09 -0.18200869E-01 -0.49559799E-09 -0.17673270E-02  0.39843197E-08

    0    2    0
    1    1   -0.14932135E-02  0.12866533E-08  0.25863217E-02 -0.22285515E-08 -0.11585871E-02 -0.12375304E-07
    2    1   -0.76230721E-03  0.88845889E-09 -0.84452825E-03  0.33357294E-09 -0.18825134E-03  0.12553556E-07
    3    1    0.35666031E-03 -0.87370222E-09  0.12429874E-02  0.13917913E-08  0.42374731E-03 -0.88218997E-08
    4    1    0.38892112E-04 -0.49426007E-08  0.67376947E-04  0.13657832E-08 -0.16856600E-02 -0.46182300E-10
    1    2    0.57281039E-03 -0.37512827E-08  0.22711164E-03  0.14146032E-08  0.34287930E-04  0.75770808E-09
    2    2    0.15604671E-02 -0.14237073E-08 -0.27028083E-02  0.24659431E-08 -0.98383140E-03 -0.56732209E-08
    3    2    0.89828146E-04  0.48718625E-08  0.11548000E-03  0.51851510E-08  0.38423031E-03  0.79410455E-08
    4    2   -0.23486386E-03  0.38424781E-08 -0.10749889E-02  0.11666730E-07 -0.13216908E-02  0.16636105E-07
    1    3   -0.16542154E-03 -0.49775317E-08 -0.19996870E-03  0.78969838E-09  0.13679805E-03  0.83493729E-08
    2    3    0.91659158E-04  0.45991185E-08 -0.92444689E-05  0.91399991E-09  0.38423574E-03 -0.92758992E-08
    3    3   -0.15606318E-02  0.38060887E-08  0.27030935E-02 -0.65923258E-08  0.98685563E-03 -0.10094230E-07
    4    3   -0.18039656E-03 -0.24648889E-08 -0.81242667E-03  0.10487907E-08 -0.10120721E-02  0.97681568E-08
    1    4    0.61466650E-04 -0.31720632E-09  0.36999045E-04  0.44952712E-08 -0.17775236E-03 -0.18040812E-08
    2    4    0.23502481E-05  0.18396822E-08  0.96606239E-04  0.42314407E-08 -0.11211602E-03 -0.10675626E-07
    3    4    0.11657319E-03  0.11577738E-08  0.44002506E-03 -0.42877935E-08  0.29691079E-03 -0.21984062E-08
    4    4    0.14935230E-02 -0.40744523E-08 -0.25868577E-02  0.70571436E-08  0.11610680E-02 -0.41683138E-08

    0    3    0
    1    1   -0.41600298E-04  0.11601725E-08  0.72053825E-04 -0.20094751E-08  0.37262047E-03 -0.70020468E-08
    2    1    0.10556394E-02  0.36909291E-08  0.71618891E-04  0.55709257E-09  0.34272176E-04  0.11836676E-07
    3    1   -0.94175721E-04 -0.16073385E-08 -0.14375545E-03  0.15438588E-08  0.13678790E-03 -0.44194537E-08
    4    1   -0.19432625E-04 -0.18962484E-08 -0.14259236E-03 -0.26375927E-08  0.64513369E-03 -0.35516831E-08
    1    2    0.60811223E-03 -0.81478829E-09  0.42457218E-03  0.63130501E-08 -0.96789161E-04 -0.22725487E-08
    2    2   -0.19296634E-03  0.13563793E-09  0.33422751E-03 -0.23492846E-09  0.20377304E-03 -0.50088250E-08
    3    2    0.23458575E-03  0.16787686E-08  0.20090343E-03  0.75974777E-10 -0.13051836E-03  0.18911458E-08
    4    2   -0.25786061E-03  0.51996522E-08 -0.43287880E-04 -0.58451421E-08 -0.11212373E-03  0.36173579E-08
    1    3   -0.19547708E-03 -0.22136388E-08 -0.15107718E-03  0.79744879E-09 -0.74984457E-04  0.31020622E-09
    2    3    0.26681918E-03 -0.44280230E-08  0.87264710E-04  0.15548370E-08 -0.13051132E-03  0.31203203E-09
    3    3    0.19267527E-03 -0.48513993E-09 -0.33372335E-03  0.84028678E-09 -0.20285083E-03 -0.90975919E-08
    4    3    0.36693634E-03 -0.21153167E-08  0.33715217E-03 -0.21771396E-08  0.29691042E-03 -0.23439127E-08
    1    4   -0.37227650E-04  0.18940104E-08 -0.74711063E-04  0.73997324E-09  0.37135599E-04 -0.71159334E-08
    2    4   -0.24361754E-03  0.25896420E-08 -0.11334519E-03 -0.45055880E-09  0.19829498E-03 -0.46964748E-08
    3    4    0.42230443E-03 -0.13761879E-08  0.14227760E-03  0.15583969E-08  0.15345348E-03  0.39932482E-09
    4    4    0.41784358E-04  0.34673498E-09 -0.72372631E-04 -0.60056386E-09 -0.37172223E-03  0.74072373E-08

    0    4    0
    1    1    0.19659822E-03 -0.21939487E-08 -0.34051811E-03  0.38000296E-08 -0.13736766E-03  0.51932753E-08
    2    1    0.69537442E-03 -0.21563785E-08  0.65165556E-03 -0.34507133E-08 -0.96808709E-04  0.10472266E-07
    3    1   -0.35243492E-03  0.11828562E-08 -0.22527511E-03 -0.22614065E-08 -0.74982157E-04  0.40761081E-08
    4    1    0.16632102E-03 -0.21633692E-08  0.62365360E-04 -0.24169453E-08 -0.17774790E-03  0.33360016E-08
    1    2    0.97784018E-04  0.97262568E-08 -0.50690915E-04 -0.31012674E-08  0.94703213E-04  0.15120602E-07
    2    2    0.56050398E-05  0.78994330E-09 -0.97082145E-05 -0.13682231E-08 -0.17514790E-03  0.73588452E-08
    3    2    0.20401340E-03  0.22473608E-09  0.26396425E-04  0.10769087E-08 -0.12797937E-03  0.99208468E-10
    4    2   -0.22432616E-03  0.16013786E-08 -0.10746586E-03 -0.72557128E-08  0.19828941E-03  0.61592952E-08
    1    3    0.21695586E-03 -0.19655392E-08  0.13698965E-03 -0.18306300E-08 -0.45265293E-04 -0.23206255E-08
    2    3    0.12338519E-03  0.27399155E-08  0.22117861E-03  0.15083502E-08 -0.12797326E-03 -0.45828203E-08
    3    3   -0.56072344E-05  0.13616456E-08  0.97120148E-05 -0.23584381E-08  0.17567016E-03  0.54413002E-08
    4    3    0.65292656E-03 -0.12220476E-08  0.39672682E-03  0.28533280E-08  0.15345241E-03  0.17785356E-08
    1    4   -0.37435924E-04 -0.24099453E-08  0.10175082E-03 -0.15631305E-08  0.24883114E-03 -0.50727958E-08
    2    4    0.16439061E-03  0.48247728E-10  0.12489529E-03  0.49388033E-09 -0.14274050E-04 -0.40585462E-08
    3    4    0.29764846E-04 -0.43713929E-08  0.18461347E-04 -0.48817648E-08 -0.13867029E-03 -0.26718567E-08
    4    4   -0.19675587E-03 -0.49053799E-09  0.34079116E-03  0.84963654E-09  0.13808673E-03  0.59000992E-08

    0    5    0
    1    1   -0.55996167E-04  0.14197588E-17  0.96988206E-04 -0.24590972E-17  0.11399390E-03  0.53717556E-18
    2    1    0.26002435E-04 -0.55751754E-08  0.10048514E-03 -0.12150150E-08  0.94693939E-04  0.25638733E-08
    3    1    0.26388034E-03  0.16490397E-08  0.98258878E-04 -0.91433978E-09 -0.45259252E-04 -0.58163344E-08
    4    1   -0.12407841E-03  0.59224453E-08  0.44996874E-04  0.30105802E-08  0.37145709E-04 -0.22335732E-08
    1    2   -0.12208465E-04 -0.53146706E-08 -0.12437700E-03 -0.16662224E-08  0.94693939E-04 -0.25638751E-08
    2    2   -0.14164743E-03 -0.88575146E-16  0.24534055E-03  0.27851053E-17  0.10262040E-03  0.16225621E-18
    3    2   -0.24735153E-04  0.58442857E-09  0.50321726E-04  0.41039517E-08  0.28259934E-04  0.12924754E-09
    4    2    0.23095726E-03 -0.63676849E-08  0.11872905E-03  0.53019780E-08 -0.14274587E-04 -0.15121634E-08
    1    3   -0.23482208E-03 -0.40858258E-09 -0.14858926E-03  0.26495672E-08 -0.45259252E-04  0.58163376E-08
    2    3    0.32231662E-04  0.29313304E-08 -0.63306062E-04  0.38997246E-10  0.28259934E-04 -0.12924986E-09
    3    3    0.14182531E-03 -0.85358748E-16 -0.24564864E-03 -0.27858616E-17 -0.10203078E-03 -0.21753914E-15
    4    3   -0.65953928E-05  0.37830164E-08  0.15793282E-03  0.20843420E-08 -0.13867626E-03  0.13691036E-08
    1    4    0.11042196E-03  0.36443350E-08 -0.21343211E-04  0.69563812E-08  0.37145709E-04  0.22335712E-08
    2    4   -0.24231479E-03 -0.93054840E-09 -0.99057233E-04 -0.41154160E-08 -0.14274587E-04  0.15121671E-08
    3    4   -0.51037007E-04  0.40203683E-08 -0.58110572E-04  0.16732377E-08 -0.13867626E-03 -0.13691025E-08
    4    4    0.56039866E-04 -0.17535426E-15 -0.97063894E-04  0.24593981E-17 -0.11364739E-03 -0.21791413E-15

    1   -5    0
    1    1   -0.82263501E-04 -0.53286131E-09  0.12235177E-03  0.68168591E-09 -0.11685084E-04 -0.13163264E-07
    2    1    0.12427766E-03 -0.26085894E-08 -0.21525441E-03  0.10666218E-08 -0.26202416E-03  0.95937367E-08
    3    1    0.83482383E-04 -0.10131803E-09 -0.14458652E-03 -0.23548967E-08  0.25877197E-03 -0.26774980E-09
    4    1    0.24901276E-04 -0.15259955E-08  0.54113377E-04 -0.88087118E-08 -0.10835668E-03 -0.45452246E-08
    1    2    0.34372776E-03  0.27247182E-08  0.35337402E-03  0.24709495E-08 -0.12657007E-04  0.18490755E-08
    2    2    0.57732711E-04 -0.31695182E-09 -0.74886826E-04  0.55088629E-09  0.41873682E-04 -0.29285552E-08
    3    2   -0.27494830E-03  0.21436599E-09 -0.10544490E-03  0.22970152E-09 -0.80366200E-05 -0.63655514E-09
    4    2   -0.55852458E-04 -0.34481361E-08  0.66936240E-04  0.11298854E-08  0.35415574E-06 -0.34239607E-08
    1    3   -0.25383436E-03 -0.20129500E-08  0.15857279E-03 -0.90432777E-08  0.41714743E-04 -0.24871711E-08
    2    3    0.26422317E-03 -0.27028641E-08  0.61189205E-04 -0.93751708E-09  0.11831625E-03 -0.75610134E-08
    3    3   -0.57844425E-04 -0.12789625E-08  0.75045117E-04  0.20990026E-08 -0.41173245E-04  0.40867620E-08
    4    3   -0.60722769E-04  0.18077577E-08  0.12675309E-03 -0.51685660E-08  0.15284088E-04  0.16250849E-08
    1    4    0.32230624E-03 -0.31480516E-08  0.17041372E-03 -0.64121407E-08 -0.22013771E-03 -0.14189002E-07
    2    4   -0.88418283E-04  0.44160584E-08 -0.17485976E-03  0.15956483E-08  0.15945152E-03  0.61681065E-08
    3    4    0.37201966E-03 -0.29690431E-08  0.25671957E-03  0.17690873E-08  0.96630559E-04 -0.16267052E-09
    4    4    0.82340386E-04  0.93081914E-09 -0.12246156E-03 -0.19393785E-08  0.12368189E-04 -0.39826392E-08

    1   -4    0
    1    1    0.47138651E-04  0.12406854E-08 -0.62165212E-04 -0.17214019E-08  0.30607849E-04  0.51279119E-08
    2    1    0.11921425E-03 -0.30573523E-08  0.20900232E-03 -0.89538612E-09 -0.48275986E-04  0.45135751E-08
    3    1   -0.18185469E-03  0.25124579E-08  0.11138853E-03  0.19260704E-08  0.99840764E-04  0.54815600E-08
    4    1   -0.59320603E-04 -0.18503822E-08  0.54838651E-05 -0.11850974E-08 -0.10835219E-03 -0.28701046E-08
    1    2    0.47333528E-03  0.13813029E-08  0.51787263E-03 -0.34200294E-09  0.28072026E-03 -0.63156962E-08
    2    2    0.83333355E-04  0.17506514E-09 -0.92459406E-04 -0.69871211E-10  0.68328887E-04 -0.15665736E-07
    3    2    0.52694702E-03  0.10585288E-08  0.14535305E-03 -0.97985264E-09 -0.44471235E-04  0.18217368E-08
    4    2   -0.94767209E-04  0.29845199E-08 -0.30051143E-04 -0.15544434E-08  0.49938970E-04  0.43438408E-08
    1    3   -0.15718164E-03  0.86410123E-08 -0.18918552E-03 -0.12407372E-08  0.27086390E-04  0.80506045E-09
    2    3    0.16044304E-03  0.26738653E-08  0.97331170E-04  0.15989665E-08 -0.16042345E-03  0.15740656E-08
    3    3   -0.83100059E-04 -0.11463139E-08  0.92190714E-04  0.13764504E-08 -0.67174421E-04  0.63918648E-08
    4    3    0.30702439E-03  0.90876748E-08 -0.56168832E-04  0.53215502E-08  0.55790017E-04  0.16963662E-08
    1    4    0.23841824E-03 -0.32833584E-08  0.28513964E-03  0.97271549E-09  0.19033654E-03 -0.55915218E-08
    2    4   -0.23312552E-03  0.76522699E-09 -0.10505936E-03  0.28959009E-08 -0.10851004E-04  0.26491732E-08
    3    4    0.53098440E-03  0.41488494E-08  0.48637353E-03  0.10607413E-09 -0.60527370E-04  0.48439884E-09
    4    4   -0.47301492E-04 -0.24217485E-08  0.62368944E-04  0.25026676E-08 -0.29786024E-04 -0.21637959E-07

    1   -3    0
    1    1   -0.86760861E-05 -0.14128895E-08  0.22363432E-05  0.12971513E-08  0.29534995E-03  0.95180266E-08
    2    1    0.26610607E-03  0.34755360E-08 -0.15969963E-04 -0.37392782E-08 -0.21684495E-03  0.10352156E-07
    3    1    0.28474331E-03 -0.55335499E-09 -0.96885036E-04  0.58118614E-08  0.29965196E-04  0.51109619E-09
    4    1   -0.22424644E-03 -0.53512476E-08 -0.96701926E-04 -0.24572125E-08 -0.94457066E-04 -0.16715614E-08
    1    2    0.48910771E-04  0.17383197E-09  0.13313335E-03 -0.15293992E-08 -0.30367964E-03 -0.37229179E-08
    2    2   -0.31795767E-03  0.16021400E-08  0.29336055E-03 -0.14236635E-08  0.30210336E-03 -0.19300043E-07
    3    2   -0.16136715E-03 -0.25819413E-08 -0.15332579E-04 -0.10419804E-08 -0.21321337E-03  0.82978195E-08
    4    2    0.85523546E-04 -0.23688479E-09  0.18004776E-03 -0.42184548E-08  0.11660313E-03  0.16356280E-07
    1    3   -0.27510164E-03  0.40063792E-08 -0.43727052E-03 -0.10939584E-08 -0.51601539E-03 -0.15211684E-08
    2    3    0.19803931E-03  0.13646539E-08  0.18995761E-03 -0.58254307E-08  0.19931228E-03  0.12225168E-08
    3    3    0.31789564E-03 -0.35840107E-08 -0.29330094E-03  0.30972222E-08 -0.30020456E-03  0.70813023E-08
    4    3    0.84991129E-05  0.38428970E-09  0.35578176E-03  0.19368134E-08  0.93089431E-05  0.42142156E-08
    1    4    0.13255502E-03 -0.40600854E-08  0.17926992E-03  0.74195285E-10  0.64512705E-03  0.19362330E-08
    2    4   -0.31935717E-03 -0.56042481E-09 -0.40583696E-03 -0.13251971E-08 -0.41827634E-03  0.20117889E-08
    3    4    0.38052171E-04  0.52723341E-08  0.16422861E-03  0.15190002E-08  0.12310265E-03 -0.23338052E-09
    4    4    0.89870500E-05  0.22000253E-08 -0.25125366E-05 -0.18588935E-08 -0.29312231E-03 -0.11366501E-07

    1   -2    0
    1    1   -0.80477145E-06  0.75764030E-08 -0.13916849E-05 -0.43701870E-08 -0.12514368E-03  0.15992845E-07
    2    1    0.27974042E-03  0.29250389E-09  0.51815721E-03  0.50763927E-08  0.18240777E-03  0.24012036E-07
    3    1    0.62875605E-03 -0.40304942E-09 -0.21416390E-03  0.33707142E-08  0.41446453E-03 -0.12401954E-07
    4    1   -0.21580898E-03  0.52932846E-08 -0.12887996E-03  0.45996618E-09 -0.39036262E-04 -0.16386271E-07
    1    2    0.10242348E-02 -0.50249224E-08  0.12952710E-02 -0.20233280E-08 -0.18822757E-03 -0.19636959E-07
    2    2   -0.22607668E-06 -0.80406430E-08 -0.38887806E-06  0.46360047E-08 -0.86958820E-05 -0.45587588E-08
    3    2   -0.58370305E-03  0.83135626E-09 -0.79411143E-03 -0.59099325E-08 -0.11935226E-02  0.76347925E-08
    4    2   -0.21253191E-04  0.77652396E-09  0.40308023E-03 -0.60520037E-09  0.62672733E-03  0.61788847E-08
    1    3    0.64952867E-03 -0.74567013E-09  0.48053128E-03  0.38020431E-08  0.42374161E-03  0.84952943E-08
    2    3    0.11269201E-03 -0.22106544E-08  0.40954427E-03  0.20546051E-08  0.38514400E-03 -0.21179014E-08
    3    3    0.22871626E-06 -0.74162957E-09  0.38487745E-06  0.37525780E-09  0.11838176E-04 -0.53656428E-10
    4    3    0.27515679E-03 -0.44827753E-08  0.67487244E-03  0.92841672E-10 -0.31727303E-03 -0.12336247E-08
    1    4   -0.10352222E-03  0.42516340E-08 -0.48755291E-04  0.11240561E-08 -0.11213918E-03  0.45325652E-08
    2    4   -0.43662593E-03 -0.23173154E-08 -0.88755054E-03  0.65414556E-09 -0.13216817E-02 -0.18505085E-08
    3    4    0.95763417E-03  0.78967072E-09  0.16313839E-02  0.20543046E-08 -0.10120731E-02  0.61882382E-08
    4    4    0.80214887E-06 -0.21853726E-08  0.13970837E-05  0.12738569E-08  0.12865550E-03  0.10035165E-07

    1   -1    0
    1    1    0.21013969E-01  0.25464203E-08 -0.11919288E-11 -0.54245044E-12  0.17742350E-02 -0.10888456E-07
    2    1    0.43680075E-03  0.24143315E-08  0.75654753E-03 -0.25561342E-08  0.21059242E-03  0.30776152E-07
    3    1    0.16860085E-02  0.91561140E-08  0.29202526E-02  0.35645007E-08 -0.21662279E-02 -0.80361751E-08
    4    1   -0.79008450E-04  0.10109205E-08 -0.14069669E-03  0.89262065E-08 -0.11211747E-03 -0.67881098E-08
    1    2   -0.63144033E-03 -0.28925119E-08  0.16131502E-03 -0.15488293E-08  0.21061127E-03  0.18129073E-07
    2    2   -0.22239280E-01 -0.34671997E-08  0.45983920E-12  0.53000396E-12  0.57163732E-03  0.47389031E-08
    3    2   -0.22095747E-04 -0.30795959E-10  0.23600765E-03  0.51134263E-08  0.12199277E-03 -0.99130713E-08
    4    2   -0.12282440E-02 -0.19286764E-08 -0.25177962E-02 -0.35790899E-08  0.24003786E-02  0.76885450E-08
    1    3    0.17194477E-02 -0.81062708E-08 -0.28504354E-02  0.10810142E-08 -0.21662367E-02  0.65750951E-08
    2    3    0.10810137E-03 -0.15884889E-08  0.38376841E-03 -0.84164718E-08  0.12199444E-03 -0.74447049E-08
    3    3    0.22243907E-01  0.28860764E-08  0.76668836E-12  0.63602106E-13 -0.56408203E-03 -0.17572342E-08
    4    3    0.25014778E-03  0.65422194E-08  0.13241802E-02 -0.38901709E-08 -0.10615448E-02  0.79882127E-08
    1    4   -0.38635381E-04  0.44010880E-08 -0.94519093E-04 -0.27058621E-08 -0.11213309E-03 -0.12046222E-07
    2    4   -0.16379389E-02  0.42004261E-08  0.28250347E-02 -0.34488614E-08  0.24004090E-02 -0.38262411E-08
    3    4   -0.77144195E-03  0.11383987E-08 -0.44872983E-03  0.95956525E-10 -0.10615389E-02 -0.28905093E-08
    4    4   -0.21016546E-01 -0.12344824E-07 -0.44999074E-12  0.35351925E-12 -0.17673009E-02 -0.17975750E-07

    1    0    0
    1    1   -0.10506989E-01 -0.27097215E-09 -0.18198638E-01 -0.46952107E-09  0.17742891E-02  0.33064105E-08
    2    1   -0.20147306E-02  0.17272100E-09  0.34895994E-02 -0.50599537E-09 -0.17336774E-02  0.21646719E-07
    3    1    0.26100973E-03 -0.11904052E-08 -0.45209626E-03 -0.11052777E-07  0.42040531E-02  0.71826890E-09
    4    1    0.89480963E-04  0.18764653E-08  0.15498545E-03  0.36490164E-08  0.29202943E-02 -0.63967117E-08
    1    2   -0.31238464E-03  0.18566849E-08 -0.13711625E-03  0.38632094E-08 -0.18826373E-03 -0.13227820E-07
    2    2    0.11119638E-01  0.35030248E-08  0.19259778E-01  0.60655886E-08  0.57165297E-03 -0.98344138E-08
    3    2   -0.21877376E-04 -0.97040891E-09  0.39847965E-04  0.73264808E-09  0.12200569E-03 -0.12919473E-08
    4    2   -0.32836220E-03  0.71250471E-08  0.29676039E-03 -0.48934189E-08  0.39288459E-02 -0.36336290E-08
    1    3   -0.11341997E-02  0.18270735E-08 -0.27188749E-03 -0.50690344E-08  0.42374584E-03  0.22782193E-08
    2    3    0.45448781E-04  0.25549529E-08  0.98064952E-06  0.26441198E-08  0.12200557E-03  0.22184659E-11
    3    3   -0.11121955E-01  0.39671133E-09 -0.19263792E-01  0.68435509E-09 -0.56404358E-03 -0.10943656E-07
    4    3    0.24004894E-02  0.42703320E-08  0.13705250E-02  0.25632702E-08 -0.17788838E-02 -0.39964070E-08
    1    4    0.33294592E-04 -0.28428718E-08 -0.74173265E-05 -0.20520353E-08  0.64512540E-03  0.22137941E-08
    2    4    0.10484052E-02 -0.50099751E-09  0.33409820E-03  0.11598431E-08 -0.13216845E-02  0.72069286E-09
    3    4    0.79377733E-03  0.17348536E-08  0.24998295E-03  0.51973908E-08 -0.10120788E-02  0.37119506E-08
    4    4    0.10508276E-01  0.15257187E-08  0.18200869E-01  0.26423337E-08 -0.17673188E-02 -0.27783016E-07

    1    1    0
    1    1    0.16076720E-05  0.73231892E-11 -0.10624283E-08  0.31048180E-08 -0.12513179E-03 -0.25691788E-08
    2    1   -0.87359021E-03 -0.14832005E-08  0.17763343E-08  0.16845322E-08  0.21059670E-03 -0.15413836E-08
    3    1   -0.33720213E-02 -0.34836132E-08  0.39466744E-08 -0.38648939E-08 -0.21662348E-02 -0.35629893E-08
    4    1   -0.17896094E-03  0.34024686E-08 -0.34437019E-08 -0.28656424E-08  0.29202853E-02  0.31784992E-08
    1    2   -0.66663936E-04 -0.17382669E-08  0.13581279E-08 -0.95846682E-09 -0.30367307E-03 -0.99209110E-08
    2    2    0.44983933E-06 -0.18780725E-10 -0.33652053E-08  0.60810713E-09 -0.86790187E-05  0.17367621E-07
    3    2    0.27345414E-03  0.60800292E-08 -0.38095454E-08  0.22394542E-08 -0.11935267E-02  0.14634679E-07
    4    2    0.34943701E-02 -0.20334882E-08  0.77809720E-08 -0.35072652E-08  0.24003931E-02 -0.18350721E-08
    1    3    0.26018889E-03  0.82356944E-09  0.10873226E-08 -0.16922212E-08 -0.51601880E-03 -0.60245503E-08
    2    3   -0.11613848E-03 -0.64680216E-09 -0.92116655E-09  0.81284608E-08  0.38514741E-03 -0.53040060E-08
    3    3   -0.44766042E-06  0.14810381E-10 -0.63636926E-08 -0.74159476E-09  0.11835789E-04 -0.12387603E-07
    4    3   -0.19945479E-05  0.33216779E-10  0.48523546E-08 -0.55030275E-09 -0.10615419E-02  0.52716139E-08
    1    4   -0.75992755E-04  0.33359433E-09  0.40620411E-08  0.65528188E-08  0.19033776E-03 -0.38580332E-08
    2    4   -0.31816661E-04  0.11174634E-08  0.85287393E-08 -0.21771902E-08 -0.41827654E-03 -0.66515692E-08
    3    4   -0.49341697E-06 -0.44555969E-11 -0.17519956E-09 -0.49386616E-09  0.12310207E-03 -0.43623858E-09
    4    4   -0.16109867E-05  0.64343704E-11  0.80100822E-09  0.38703404E-09  0.12867411E-03  0.47397596E-08

    1    2    0
    1    1    0.24021106E-05  0.21240281E-09  0.86281745E-05 -0.75864376E-09  0.29535058E-03  0.38318623E-08
    2    1   -0.58860541E-03 -0.60257482E-09  0.16818336E-04  0.96879990E-09  0.18241441E-03  0.17164464E-07
    3    1   -0.12890391E-03  0.71738830E-09 -0.65160103E-03 -0.19056705E-08  0.41446957E-03 -0.51043514E-08
    4    1    0.16134195E-03 -0.12714093E-08 -0.19244565E-05 -0.34841411E-08 -0.11211877E-03 -0.11417127E-07
    1    2   -0.45798571E-03 -0.17412060E-08 -0.58702763E-04 -0.24226957E-09  0.28073512E-03 -0.96136442E-08
    2    2   -0.95079331E-04  0.43539673E-09  0.42204220E-03 -0.22358151E-08  0.30209417E-03 -0.13600495E-07
    3    2    0.44107558E-04  0.20787152E-08  0.65367310E-04 -0.14302129E-08 -0.21321360E-03  0.29763863E-08
    4    2   -0.13150288E-03 -0.10122503E-08  0.44314458E-03  0.26266437E-09  0.62672286E-03  0.51926597E-08
    1    3    0.14893097E-03 -0.15989565E-08 -0.11110117E-04 -0.94319091E-09  0.27079175E-04  0.35399075E-08
    2    3   -0.14160673E-03  0.50078041E-08 -0.34178698E-04 -0.25122657E-08  0.19931099E-03  0.65671309E-09
    3    3    0.95058895E-04 -0.34385799E-09 -0.42195959E-03  0.15095766E-08 -0.30019299E-03  0.77781392E-09
    4    3   -0.27786287E-03  0.18921782E-08  0.46718220E-04  0.17307400E-08 -0.31727276E-03  0.76697478E-09
    1    4   -0.14452483E-03  0.52000658E-08 -0.84174916E-04  0.57231587E-08 -0.22014585E-03 -0.99314784E-08
    2    4    0.75099722E-04 -0.21991243E-08  0.95663390E-04 -0.51271559E-08 -0.10841970E-04  0.15327640E-08
    3    4   -0.20874881E-03  0.37267108E-09 -0.93167703E-04  0.14670901E-08 -0.60529192E-04  0.14420113E-08
    4    4   -0.23180886E-05  0.18633877E-09 -0.90369487E-05 -0.34193238E-09 -0.29311915E-03  0.73424691E-08

    1    3    0
    1    1    0.30266905E-04  0.69750457E-09 -0.71904471E-04 -0.16110662E-08  0.30608386E-04  0.63383930E-08
    2    1   -0.11922300E-03 -0.11359723E-08 -0.23844248E-03 -0.30297209E-08 -0.21685478E-03  0.88490511E-08
    3    1   -0.58471901E-04  0.68840411E-10 -0.29503693E-03  0.18008873E-08  0.29970064E-04 -0.12955855E-08
    4    1    0.21952320E-03 -0.18689282E-08  0.12245584E-03  0.75909577E-09 -0.39037641E-04 -0.50592344E-08
    1    2   -0.40189690E-03 -0.30973385E-09 -0.68394659E-04 -0.20994652E-08 -0.12647057E-04  0.76957629E-08
    2    2    0.38405779E-04  0.53938943E-10 -0.11839970E-03 -0.52457368E-10  0.68327660E-04 -0.38890179E-09
    3    2   -0.27483018E-03  0.30652870E-08 -0.26858009E-03 -0.10237293E-08 -0.44490656E-04  0.37939782E-08
    4    2   -0.12872734E-03  0.84466086E-09  0.10589109E-03 -0.95395630E-09  0.11659217E-03  0.12485493E-07
    1    3    0.17859205E-04  0.12857859E-08  0.30381606E-03 -0.76430662E-08  0.41721016E-04  0.19557378E-08
    2    3   -0.12038321E-03  0.10633071E-08 -0.59713149E-04  0.19098159E-08 -0.16040978E-03 -0.21124049E-08
    3    3   -0.38291095E-04 -0.32718815E-09  0.11806684E-03  0.10093938E-08 -0.67176942E-04 -0.16391239E-07
    4    3   -0.22496037E-03 -0.12105265E-08  0.22867154E-03 -0.54420259E-09  0.93091014E-05  0.22189835E-08
    1    4    0.21509774E-03 -0.20729261E-08  0.96885324E-04 -0.88137691E-09 -0.27492791E-04 -0.57032634E-08
    2    4    0.72631177E-04 -0.10283452E-08 -0.13237614E-03  0.69204405E-09  0.15947174E-03  0.58810097E-08
    3    4   -0.25430075E-03  0.33605554E-09 -0.15013126E-03  0.11086869E-08  0.96631927E-04 -0.16330516E-08
    4    4   -0.30361392E-04  0.12381100E-08  0.72146002E-04 -0.36398398E-08 -0.29802129E-04  0.10307863E-07

    1    4    0
    1    1   -0.64827805E-04 -0.28757869E-08  0.13241740E-03  0.58059717E-08 -0.11678411E-04  0.28122826E-08
    2    1   -0.24061286E-03 -0.12748345E-08  0.12568904E-05  0.45007351E-09 -0.48287573E-04  0.71442094E-08
    3    1   -0.55318643E-05  0.34686220E-08  0.21318253E-03 -0.56059652E-09  0.99836258E-04 -0.12835338E-08
    4    1    0.19587663E-03 -0.45487262E-08  0.14585098E-03  0.33678808E-08 -0.94461347E-04 -0.11214146E-07
    1    2   -0.40548963E-04  0.21169639E-08  0.49016863E-04  0.84436167E-10  0.57077688E-04  0.80308916E-09
    2    2    0.35988426E-04  0.61813210E-09 -0.87442933E-04 -0.12343324E-08  0.41859512E-04  0.16785350E-09
    3    2    0.20693112E-03  0.21412282E-08  0.16190141E-03  0.28618660E-08 -0.80429650E-05 -0.22701145E-08
    4    2    0.59298813E-04 -0.17016534E-08  0.17074329E-04  0.42961199E-08  0.49932312E-04 -0.11459506E-08
    1    3    0.64120388E-04 -0.67712591E-09 -0.15065958E-03  0.30958034E-09 -0.92086421E-04  0.64397412E-08
    2    3   -0.16565087E-03  0.11467639E-08 -0.17301764E-03  0.18789672E-08  0.11832624E-03 -0.15775699E-08
    3    3   -0.36070030E-04 -0.18165010E-09  0.87620115E-04  0.31336591E-09 -0.41180629E-04  0.15578016E-08
    4    3   -0.77569553E-04 -0.31457065E-08 -0.28657765E-03  0.59111335E-09  0.55789446E-04  0.39045270E-08
    1    4   -0.24522627E-03  0.14068812E-08 -0.16079174E-03  0.38845423E-08 -0.27497336E-04  0.18238470E-08
    2    4    0.31936517E-04 -0.21825970E-08  0.34977465E-04  0.24726481E-08 -0.28115331E-03 -0.14192915E-08
    3    4   -0.50666622E-04 -0.32021731E-08  0.11064459E-03 -0.23555296E-08  0.12840197E-03  0.16646561E-08
    4    4    0.64884472E-04  0.51022859E-10 -0.13253933E-03  0.88033851E-10  0.12369373E-04  0.98918574E-08

    2   -5    0
    1    1    0.12814785E-04  0.20683019E-08 -0.81787470E-05 -0.26733082E-08  0.15719332E-04  0.16382122E-07
    2    1   -0.14568351E-03 -0.27500232E-08 -0.31237351E-04  0.19439860E-08  0.15219209E-03 -0.29660193E-08
    3    1    0.36203696E-04  0.18248707E-08 -0.87241629E-04  0.15013397E-08 -0.50739256E-04 -0.26320245E-08
    4    1   -0.11005459E-05  0.25218187E-08  0.19083306E-05 -0.79651958E-09 -0.20394122E-03  0.86328046E-08
    1    2    0.25440416E-04 -0.26865201E-08  0.72834095E-04  0.54598096E-09 -0.24757384E-03 -0.31785959E-08
    2    2    0.41750706E-04 -0.56648877E-09 -0.41689883E-04  0.10732171E-08 -0.16043660E-04 -0.11183329E-07
    3    2   -0.21033010E-03 -0.53677632E-09 -0.25999428E-03 -0.46054668E-08  0.18004167E-03  0.29242874E-08
    4    2    0.43855521E-04 -0.37435978E-08 -0.10306394E-03 -0.73666017E-09  0.87401749E-04  0.31666636E-08
    1    3    0.72392165E-04 -0.77844056E-08  0.98076573E-04  0.33706330E-08  0.14276963E-03 -0.94037840E-08
    2    3   -0.12829846E-03  0.58722632E-08 -0.46387707E-04  0.29986076E-08  0.13609448E-04  0.37314540E-09
    3    3   -0.41611917E-04  0.16427133E-08  0.41543472E-04 -0.16508953E-08  0.16653478E-04  0.32887541E-08
    4    3   -0.11728058E-03 -0.21585175E-08 -0.44047045E-04  0.38975888E-08  0.52659082E-04 -0.21577158E-08
    1    4   -0.29129903E-04  0.75107485E-08  0.25459107E-03  0.87497280E-10 -0.22014090E-03 -0.13919040E-07
    2    4    0.10678203E-03 -0.21503822E-08  0.41869410E-04  0.55986827E-09 -0.78759912E-04  0.49015077E-08
    3    4    0.21523604E-04 -0.30351688E-08  0.47819370E-04 -0.33465901E-08 -0.11502978E-03 -0.33630891E-08
    4    4   -0.12953597E-04  0.58400700E-09  0.83112290E-05 -0.19264326E-09 -0.14919580E-04 -0.11669362E-07

    2   -4    0
    1    1    0.16852869E-05 -0.35728654E-09  0.29171033E-05  0.46653352E-09 -0.21173012E-03  0.82036726E-08
    2    1    0.97916678E-04 -0.50429401E-08  0.19110333E-04 -0.53091116E-08  0.67284237E-04 -0.24301917E-08
    3    1   -0.33537222E-03  0.11792881E-08  0.15829519E-03  0.25428931E-08 -0.16349701E-03 -0.19941811E-08
    4    1    0.21291051E-03 -0.11671226E-08  0.21637616E-04  0.25554585E-09  0.13103485E-03  0.42467273E-09
    1    2    0.30289411E-03 -0.71761389E-09  0.57657270E-03  0.14671558E-08  0.28072883E-03  0.40682847E-08
    2    2   -0.34380321E-05  0.29409326E-08 -0.59599827E-05 -0.17440422E-08 -0.19625515E-03 -0.50578119E-08
    3    2    0.45704245E-03 -0.17368778E-08  0.63371893E-03  0.27371877E-08 -0.97961102E-04  0.13174966E-07
    4    2   -0.97928758E-04 -0.27572140E-08 -0.16689524E-03  0.62555473E-09 -0.12203439E-03  0.98594813E-08
    1    3   -0.10988813E-03  0.79918493E-10 -0.17808549E-03 -0.25774288E-08  0.27073133E-04 -0.14169178E-07
    2    3   -0.14014841E-04  0.12421116E-08  0.54031525E-05  0.83598710E-09  0.61535956E-05  0.48314533E-09
    3    3    0.34421972E-05  0.18456911E-08  0.59611054E-05 -0.99092351E-09  0.19707846E-03 -0.50851134E-08
    4    3    0.22377871E-03 -0.13892632E-08 -0.82695347E-04 -0.39829280E-09 -0.53586944E-04 -0.10699864E-08
    1    4    0.55368623E-04 -0.13166764E-08 -0.14291394E-03 -0.36627440E-09 -0.17776364E-03 -0.86871871E-08
    2    4   -0.58454615E-04 -0.19456156E-08 -0.20071927E-03 -0.93176559E-09 -0.10851000E-04  0.37360873E-08
    3    4    0.31330975E-03 -0.14952839E-08  0.57954074E-03 -0.40756401E-09 -0.60528156E-04 -0.22544318E-08
    4    4   -0.16869031E-05 -0.30906249E-08 -0.29258468E-05  0.18089076E-08  0.21253025E-03 -0.61652281E-09

    2   -3    0
    1    1    0.62790915E-05 -0.26116962E-08 -0.63970119E-05  0.87907134E-09  0.29535933E-03  0.15190221E-07
    2    1    0.35412194E-03  0.19347190E-08  0.61335593E-03  0.47389861E-08 -0.12476985E-03  0.25239068E-08
    3    1   -0.21453084E-03 -0.36233137E-08 -0.37157526E-03 -0.17802728E-08  0.25585684E-03 -0.73077957E-08
    4    1    0.19225347E-03  0.25063705E-08  0.18883459E-03  0.29261382E-08 -0.19378045E-04 -0.35180590E-09
    1    2    0.16979142E-04  0.15178245E-08 -0.76829802E-03  0.95441357E-09  0.34288999E-04 -0.15851149E-07
    2    2    0.41303799E-03  0.21467199E-09 -0.12867965E-03 -0.80345820E-10  0.30208629E-03 -0.39629845E-08
    3    2    0.69782114E-04  0.34424545E-09 -0.80699567E-04  0.24999882E-08 -0.21320684E-03  0.49450948E-08
    4    2   -0.25690692E-03  0.11399830E-09 -0.30161365E-03  0.77646009E-09  0.88484284E-04  0.59816581E-08
    1    3   -0.95479839E-04 -0.57853023E-08  0.30802857E-03  0.26183605E-08  0.13678472E-03 -0.30558351E-08
    2    3    0.11219214E-03 -0.11129760E-08  0.22413480E-03 -0.31285055E-08  0.19932230E-03  0.15590446E-08
    3    3   -0.41295554E-03 -0.20034454E-08  0.12865589E-03  0.68081235E-09 -0.30020900E-03  0.34502574E-08
    4    3    0.46562588E-03 -0.39549065E-08  0.66175383E-03 -0.23091051E-09 -0.55764839E-04 -0.19458959E-08
    1    4   -0.16458575E-05  0.26687135E-08 -0.23234007E-03 -0.18944164E-08 -0.39046270E-04  0.93220854E-09
    2    4    0.66749942E-04 -0.30778635E-09  0.11409190E-03  0.19455044E-08 -0.11210335E-03  0.31019627E-08
    3    4    0.34935444E-03  0.10711586E-08 -0.71823645E-03 -0.28572939E-08  0.29691276E-03  0.14971808E-08
    4    4   -0.66662416E-05  0.25484829E-08  0.65256582E-05 -0.81181133E-09 -0.29314166E-03  0.60990877E-08

    2   -2    0
    1    1    0.29864279E-02 -0.96869630E-09 -0.42680195E-14 -0.70502159E-16 -0.11585648E-02  0.19653887E-07
    2    1    0.30887321E-03 -0.17185187E-08  0.50134206E-03 -0.17308432E-08  0.18239384E-03 -0.14167823E-07
    3    1   -0.49985460E-03  0.12487108E-09  0.43743591E-03  0.23275580E-09  0.41445965E-03 -0.82220713E-08
    4    1    0.84106188E-04  0.32855225E-08  0.14567633E-03  0.26344345E-08 -0.68323576E-03  0.84395143E-10
    1    2   -0.32750829E-03 -0.15815182E-09  0.33622397E-03  0.18723146E-08  0.18241882E-03 -0.64316937E-08
    2    2   -0.31209353E-02  0.64739861E-08 -0.28145888E-15  0.16257183E-14 -0.98383150E-03  0.93217700E-09
    3    2    0.10591931E-03  0.58296876E-08 -0.14496056E-03 -0.67046930E-08  0.38422984E-03  0.55367163E-08
    4    2    0.35587446E-03 -0.40582239E-08 -0.40061719E-04  0.56755427E-09  0.62671973E-03  0.10738443E-07
    1    3   -0.39600421E-03  0.14262768E-08  0.65660710E-04  0.14565935E-09  0.41445418E-03 -0.38905841E-08
    2    3   -0.97839992E-04  0.35194519E-08 -0.24843250E-03 -0.69985271E-09  0.38423889E-03  0.11764212E-08
    3    3    0.31212587E-02  0.21451908E-08 -0.26970613E-14  0.15841090E-14  0.98686445E-03 -0.11772925E-07
    4    3    0.31654801E-03 -0.22491058E-08  0.62815599E-03 -0.87118777E-09 -0.31727079E-03 -0.18714650E-08
    1    4   -0.11963663E-04  0.87892800E-09  0.97179742E-04 -0.19128010E-08 -0.68326612E-03  0.11347215E-08
    2    4    0.38728126E-03 -0.22652846E-08  0.40024280E-03 -0.28078474E-08  0.62674261E-03 -0.18647307E-08
    3    4   -0.29323604E-03 -0.13650293E-08  0.16198318E-03 -0.18022113E-08 -0.31727254E-03 -0.55834988E-08
    4    4   -0.29870453E-02  0.10444326E-08  0.38684334E-15 -0.32819532E-14  0.11610984E-02  0.59613742E-08

    2   -1    0
    1    1   -0.80610341E-06 -0.24176466E-08  0.13909262E-05 -0.14368514E-08 -0.12509867E-03  0.63181668E-08
    2    1   -0.35022859E-03 -0.32795876E-08  0.10824403E-02 -0.12128814E-08 -0.18826947E-03  0.93679985E-08
    3    1    0.89813322E-03 -0.60180334E-08 -0.93036219E-03  0.59491607E-09  0.42374818E-03 -0.55275063E-08
    4    1   -0.82340406E-04  0.70376276E-08 -0.13877354E-03 -0.18106038E-08 -0.11211425E-03 -0.12274133E-07
    1    2   -0.25071750E-03 -0.12856699E-08  0.36093819E-03 -0.14904297E-08  0.18242773E-03  0.53626504E-08
    2    2   -0.22385255E-06  0.48953266E-08  0.39015183E-06  0.28034638E-08 -0.87029505E-05 -0.54179988E-08
    3    2   -0.21306400E-03 -0.31488904E-08  0.13962274E-03  0.76104782E-09  0.38514039E-03 -0.33706017E-08
    4    2   -0.68502058E-03  0.16587460E-08  0.72655587E-03  0.34164879E-08 -0.13216961E-02  0.47923413E-08
    1    3    0.33975884E-03  0.32670450E-08  0.29469248E-03  0.71545861E-08  0.41445140E-03 -0.68828730E-09
    2    3    0.16575318E-03  0.46141065E-09 -0.51938081E-03 -0.21555039E-08 -0.11935151E-02 -0.63083115E-08
    3    3    0.22626858E-06 -0.65819138E-08 -0.38626785E-06 -0.38315309E-08  0.11845993E-04  0.48070011E-08
    4    3   -0.40768957E-03 -0.27748171E-08  0.67698371E-03  0.90016570E-09 -0.10120746E-02 -0.31146318E-08
    1    4    0.39145428E-04  0.55528909E-08 -0.44275214E-04 -0.14441190E-08 -0.39055294E-04 -0.44627890E-08
    2    4   -0.36980403E-03 -0.27711097E-08 -0.25460854E-03  0.30610177E-08  0.62673946E-03  0.78267293E-08
    3    4   -0.24763909E-03  0.28586614E-08  0.16107423E-03 -0.20964414E-09 -0.31726994E-03 -0.41464940E-09
    4    4    0.80275908E-06  0.23310151E-08 -0.13967125E-05  0.13122140E-08  0.12865038E-03  0.17928143E-07

    2    0    0
    1    1   -0.14932096E-02  0.24912426E-08 -0.25863149E-02  0.43149622E-08 -0.11585695E-02  0.13245729E-07
    2    1   -0.76230431E-03 -0.49543816E-10  0.84453145E-03 -0.25741928E-08 -0.18827572E-03 -0.40948534E-08
    3    1    0.35665101E-03  0.22099958E-08 -0.12429858E-02  0.40908576E-08  0.42374477E-03 -0.55044154E-08
    4    1    0.38899274E-04 -0.38779282E-08 -0.67384432E-04  0.69665837E-08 -0.16856500E-02 -0.19598275E-08
    1    2    0.57281049E-03 -0.79888464E-09 -0.22711198E-03 -0.18659829E-08  0.34290615E-04  0.13311104E-07
    2    2    0.15604709E-02 -0.34900757E-08  0.27028148E-02 -0.60449891E-08 -0.98382810E-03  0.17333366E-07
    3    2    0.89827805E-04 -0.38699438E-08 -0.11547677E-03 -0.41103404E-08  0.38424073E-03 -0.13781628E-08
    4    2   -0.23486586E-03 -0.17565593E-08  0.10749914E-02  0.25035688E-08 -0.13216999E-02 -0.21581383E-08
    1    3   -0.16541687E-03  0.51537059E-08  0.19996022E-03  0.53160635E-08  0.13677948E-03 -0.12836837E-07
    2    3    0.91654416E-04 -0.36918811E-08  0.92532703E-05 -0.32766650E-08  0.38424504E-03  0.26462531E-08
    3    3   -0.15606299E-02  0.90038115E-09 -0.27030902E-02  0.15594973E-08  0.98686092E-03 -0.61942293E-08
    4    3   -0.18040001E-03 -0.13813706E-08  0.81242209E-03 -0.10930246E-08 -0.10120794E-02  0.25010582E-08
    1    4    0.61460691E-04  0.19436479E-08 -0.37000289E-04 -0.50732054E-09 -0.17775845E-03 -0.72535783E-08
    2    4    0.23440833E-05  0.17009765E-09 -0.96611842E-04 -0.53637444E-08 -0.11210639E-03  0.37750678E-08
    3    4    0.11657105E-03  0.18668653E-08 -0.44002813E-03  0.40994674E-08  0.29691315E-03 -0.42992688E-08
    4    4    0.14935226E-02 -0.35128384E-08  0.25868570E-02 -0.60844048E-08  0.11610780E-02  0.26374767E-07

    2    1    0
    1    1    0.24012473E-05 -0.71579085E-09 -0.86324655E-05 -0.32945413E-08  0.29536030E-03  0.16034780E-07
    2    1   -0.58861274E-03  0.22712587E-08 -0.16822425E-04  0.34264599E-08  0.18238219E-03 -0.12634634E-07
    3    1   -0.12890381E-03  0.15811382E-09  0.65160069E-03  0.17446151E-08  0.41446280E-03 -0.37063490E-08
    4    1    0.16135143E-03 -0.22770953E-08  0.19179356E-05 -0.72371373E-08 -0.11211310E-03  0.49123508E-09
    1    2   -0.45798344E-03  0.51891504E-10  0.58708975E-04  0.25603741E-08  0.28073323E-03 -0.64842460E-08
    2    2   -0.95078415E-04  0.35244687E-09 -0.42203792E-03  0.15290355E-08  0.30209634E-03 -0.11452735E-07
    3    2    0.44106580E-04  0.49047524E-08 -0.65368014E-04 -0.32919190E-09 -0.21321259E-03  0.26712509E-08
    4    2   -0.13150379E-03  0.66557287E-09 -0.44314810E-03  0.98815162E-08  0.62672026E-03  0.11510442E-08
    1    3    0.14893850E-03 -0.19428297E-08  0.11106472E-04 -0.10114801E-08  0.27078846E-04 -0.62262105E-08
    2    3   -0.14161050E-03 -0.25020357E-08  0.34175165E-04  0.75587350E-09  0.19932656E-03  0.14144006E-07
    3    3    0.95059401E-04 -0.65877853E-09  0.42196268E-03 -0.32094307E-08 -0.30019173E-03 -0.29363611E-09
    4    3   -0.27786055E-03  0.19493302E-08 -0.46716980E-04  0.30687047E-09 -0.31726702E-03 -0.47144144E-08
    1    4   -0.14453041E-03  0.27682271E-08  0.84174121E-04 -0.39444431E-08 -0.22014035E-03 -0.76346219E-08
    2    4    0.75103359E-04 -0.20448490E-08 -0.95656051E-04  0.40353675E-08 -0.10850716E-04  0.42532188E-08
    3    4   -0.20875028E-03 -0.72553993E-09  0.93160640E-04 -0.10961800E-08 -0.60532743E-04 -0.30324297E-08
    4    4   -0.23190239E-05 -0.75250681E-09  0.90320315E-05 -0.35168582E-08 -0.29312532E-03  0.40642443E-08

    2    2    0
    1    1   -0.33692471E-05  0.24985846E-09  0.18628503E-09 -0.31030263E-08 -0.21173716E-03  0.11481965E-07
    2    1   -0.70824169E-03  0.16437328E-08 -0.31318593E-08  0.30697363E-08 -0.12476575E-03  0.81383401E-08
    3    1    0.42906189E-03 -0.48981809E-08  0.15195259E-08  0.21350107E-08  0.25586204E-03 -0.77878955E-08
    4    1   -0.16821029E-03 -0.44426158E-08  0.75921565E-08 -0.81548347E-08 -0.68323953E-03 -0.11808417E-08
    1    2   -0.63055411E-04 -0.29031253E-08 -0.50759745E-08  0.36280225E-08 -0.24757658E-03  0.98113778E-08
    2    2    0.68805299E-05 -0.31881375E-09 -0.18566144E-08  0.41973696E-08 -0.19625746E-03 -0.91581876E-08
    3    2   -0.56718270E-03  0.71647810E-08  0.42035325E-08 -0.39710824E-08 -0.97968347E-04  0.82812701E-08
    4    2    0.20820534E-03  0.53668320E-08 -0.35180545E-08 -0.16527088E-09  0.88476399E-04  0.15764970E-07
    1    3   -0.12305956E-03  0.73260695E-08  0.29174938E-08 -0.21205677E-09  0.14277137E-03 -0.12219901E-07
    2    3   -0.83395312E-06 -0.37339475E-08 -0.30010982E-08 -0.40452148E-08  0.61576373E-05  0.88157165E-09
    3    3   -0.68832593E-05  0.14783206E-09  0.17478610E-08  0.20772312E-08  0.19707982E-03 -0.97154768E-08
    4    3   -0.48258191E-03  0.14718662E-08  0.31971028E-08  0.41951969E-08 -0.55769879E-04  0.13104253E-08
    1    4    0.12543253E-03  0.26392437E-08 -0.98769124E-09 -0.43525888E-08  0.39077793E-03 -0.72509356E-08
    2    4    0.13207598E-06 -0.19265128E-08 -0.27346077E-08  0.31777878E-08 -0.78754774E-04  0.50134548E-08
    3    4   -0.43170321E-04  0.12454625E-08 -0.30480095E-10 -0.28616866E-09 -0.11502154E-03 -0.15306613E-09
    4    4    0.33771064E-05 -0.14083060E-09 -0.95138747E-09 -0.54877194E-08  0.21252050E-03 -0.56714117E-09

    2    3    0
    1    1    0.67708800E-06  0.13950699E-09 -0.15191368E-04 -0.14892949E-09  0.15715973E-04  0.20989747E-07
    2    1   -0.65507006E-04  0.24730988E-09 -0.75244167E-04  0.15941780E-08  0.67270000E-04  0.64430589E-08
    3    1    0.30598827E-04  0.40176029E-09  0.36959044E-03  0.20366104E-08 -0.16349583E-03 -0.91839310E-08
    4    1   -0.25966399E-03 -0.44015995E-08 -0.72077779E-04 -0.38910817E-08 -0.19372812E-04 -0.90566837E-08
    1    2    0.16013881E-03 -0.68712604E-08 -0.72233892E-04  0.24362079E-09 -0.60155413E-04  0.11550515E-07
    2    2    0.15228898E-04  0.61468396E-09 -0.57002332E-04 -0.24423549E-08 -0.16059037E-04 -0.91085750E-08
    3    2    0.29965827E-03 -0.19769530E-08  0.31596659E-04 -0.21949632E-08  0.18004536E-03 -0.17012167E-08
    4    2    0.11785472E-03 -0.80667412E-09 -0.93541674E-04  0.18382106E-08 -0.12203061E-03  0.66386497E-08
    1    3   -0.41190500E-04  0.47055072E-08 -0.14465092E-03  0.25260372E-08 -0.35274075E-04 -0.12038121E-08
    2    3    0.84665377E-04 -0.30756530E-08  0.59871657E-04 -0.26665461E-08  0.13606310E-04 -0.16049824E-08
    3    3   -0.15171558E-04 -0.21134509E-09  0.56807291E-04 -0.12597100E-08  0.16637939E-04  0.54381800E-08
    4    3   -0.26756741E-04 -0.46061414E-10 -0.20073278E-03  0.28852708E-08 -0.53586224E-04 -0.10234291E-08
    1    4   -0.74551860E-04 -0.11879494E-08  0.90862574E-04 -0.49301906E-09 -0.19553294E-03 -0.46895317E-08
    2    4   -0.56535433E-04 -0.84164489E-09  0.14571721E-04  0.28103555E-08 -0.28082642E-04  0.40997750E-08
    3    4    0.11977913E-03  0.58641314E-08 -0.19288021E-05  0.25050412E-08 -0.87702202E-04 -0.42583253E-08
    4    4   -0.72139348E-06  0.75421345E-09  0.15377804E-04 -0.55946833E-09 -0.14937510E-04  0.53006183E-08

    2    4    0
    1    1   -0.72765964E-05  0.13911984E-08  0.12604491E-04 -0.19695712E-08  0.11521286E-03  0.29168127E-08
    2    1    0.99897463E-04  0.55840229E-08  0.11054712E-03  0.33226284E-08  0.15217986E-03  0.47124915E-08
    3    1    0.57443506E-04 -0.12560855E-08 -0.74978915E-04 -0.19452262E-08 -0.50733833E-04 -0.72812307E-08
    4    1   -0.12519162E-03  0.42742441E-08 -0.17356363E-03 -0.19681558E-08  0.13103629E-03 -0.42800280E-08
    1    2   -0.21501147E-04  0.15872460E-08 -0.16815043E-03  0.43673909E-08 -0.60159433E-04  0.57529201E-08
    2    2   -0.44765995E-04 -0.51876822E-09  0.77536358E-04  0.28227261E-09 -0.67834670E-04 -0.42432810E-08
    3    2   -0.11999118E-03  0.33119905E-09  0.17836594E-03 -0.27329409E-09 -0.31512056E-03 -0.15892439E-08
    4    2    0.81845062E-04  0.12713941E-08 -0.73091222E-04  0.32710712E-09  0.87405016E-04 -0.12010460E-08
    1    3    0.14684995E-03  0.11006734E-08 -0.47528702E-04  0.92531726E-09 -0.35267515E-04 -0.11148136E-07
    2    3   -0.74286405E-04  0.20927162E-08  0.10748413E-03 -0.53463604E-08 -0.31285264E-04  0.60379216E-08
    3    3    0.44657771E-04  0.18868551E-09 -0.77350016E-04 -0.64856588E-09  0.67888412E-04 -0.45601024E-08
    4    3    0.95042071E-04 -0.85592548E-09  0.48447235E-04  0.42636954E-08  0.52661267E-04 -0.11854917E-08
    1    4   -0.94774350E-04 -0.29058130E-08 -0.12431386E-03 -0.37999271E-09  0.39077398E-03 -0.10398799E-07
    2    4    0.92324498E-04 -0.30840295E-08  0.73587406E-04 -0.76004733E-10 -0.28087517E-04  0.54903086E-08
    3    4   -0.40042368E-04  0.44067506E-08 -0.10319786E-03 -0.13840960E-08 -0.87696570E-04  0.10950012E-09
    4    4    0.73976208E-05  0.56232254E-09 -0.12812625E-04  0.25599080E-10 -0.11494542E-03  0.90046112E-08

    3   -6    0
    1    1   -0.17726752E-04 -0.12785588E-08 -0.30705567E-04  0.50769233E-09 -0.41719072E-04  0.11996758E-07
    2    1   -0.47949662E-04 -0.23010983E-08  0.83050710E-04 -0.23091832E-08 -0.62804230E-04  0.22285743E-08
    3    1    0.83864192E-04 -0.93276174E-09 -0.14526193E-03  0.48767701E-09 -0.17513480E-04  0.70286066E-08
    4    1    0.72933281E-05 -0.55294181E-08  0.14956002E-03  0.20149077E-08 -0.67072042E-04 -0.11310348E-07
    1    2   -0.17325851E-03 -0.33865724E-08 -0.95920397E-04 -0.27679925E-08 -0.60170054E-04  0.72523123E-08
    2    2    0.10804212E-04 -0.63962415E-09  0.18715656E-04  0.16303611E-08  0.90858885E-04 -0.15229514E-07
    3    2   -0.11347493E-03 -0.22098800E-08 -0.14145969E-03  0.95504668E-09  0.10032096E-04 -0.38568527E-08
    4    2    0.42187648E-06  0.31915331E-08  0.63713687E-04 -0.22164473E-08 -0.22639800E-04  0.26360829E-08
    1    3   -0.98761667E-04  0.98707516E-08  0.97124565E-04  0.13487238E-08 -0.35274280E-04 -0.86590726E-08
    2    3   -0.15536217E-04  0.75892580E-10 -0.29343684E-04  0.13844302E-08 -0.25189631E-04  0.14672940E-08
    3    3   -0.10784319E-04 -0.12443144E-08 -0.18680670E-04  0.91482992E-09 -0.90194661E-04 -0.22691934E-09
    4    3   -0.11047705E-03 -0.17971591E-08  0.20812166E-03  0.39019426E-08  0.57748557E-04  0.39288694E-08
    1    4   -0.29664453E-04 -0.28516005E-08 -0.25767687E-03 -0.97592286E-09 -0.27489668E-04 -0.13616020E-07
    2    4   -0.40441126E-04 -0.28342683E-08  0.59010872E-04 -0.15671634E-08 -0.28092302E-04  0.38684787E-08
    3    4   -0.15522065E-03 -0.50214827E-10 -0.10126661E-03  0.18165025E-08 -0.87700107E-04  0.49351726E-08
    4    4    0.17734444E-04  0.16708924E-08  0.30713351E-04  0.45922544E-09  0.42174557E-04 -0.34439705E-08

    3   -5    0
    1    1   -0.13492902E-04  0.18230548E-08  0.70098760E-05 -0.36975098E-09  0.15741126E-04  0.90209709E-08
    2    1    0.13575079E-04  0.40422805E-08  0.23512412E-04 -0.51088483E-09 -0.14739843E-03  0.51323169E-08
    3    1    0.15015160E-03 -0.10342218E-08  0.26006065E-03  0.32653445E-08  0.20706362E-03  0.25647826E-08
    4    1   -0.13316678E-03  0.11348435E-08  0.68469751E-04  0.79363435E-09 -0.67075037E-04 -0.82345555E-08
    1    2    0.19082375E-03 -0.43128852E-10  0.42177769E-03 -0.81625506E-08 -0.12664385E-04  0.15500977E-07
    2    2   -0.56977358E-04 -0.96734482E-09  0.15311599E-04  0.15499018E-09 -0.16051635E-04 -0.16564853E-07
    3    2   -0.14888213E-03  0.46850528E-09 -0.29159837E-03  0.26382591E-08  0.18004938E-03  0.10607402E-08
    4    2    0.18983602E-03  0.12507930E-08  0.27571295E-03 -0.10304692E-08  0.74754568E-04  0.15205539E-07
    1    3    0.24287983E-03  0.34917002E-08 -0.14524798E-03  0.59379323E-08  0.41701326E-04 -0.41363888E-08
    2    3    0.67397699E-05 -0.14713164E-08 -0.10625324E-03  0.11317701E-08  0.13614294E-04  0.63185313E-08
    3    3    0.56786006E-04 -0.33107592E-08 -0.15266489E-04  0.75678981E-09  0.16660209E-04 -0.53684802E-08
    4    3   -0.15342266E-04 -0.35816404E-08 -0.32063312E-05 -0.68585347E-08 -0.14761908E-03  0.18858478E-08
    1    4   -0.12593258E-03  0.12284955E-08  0.53374022E-04  0.86865334E-08  0.37138319E-04 -0.41657538E-08
    2    4    0.22628489E-05 -0.19120545E-08 -0.42481142E-04 -0.38053164E-08  0.15946016E-03  0.10087911E-07
    3    4    0.15938382E-03  0.52977589E-08  0.40684547E-03  0.79007185E-08  0.96630816E-04  0.95290016E-09
    4    4    0.13673319E-04  0.25833361E-08 -0.70615275E-05 -0.11028316E-08 -0.14927298E-04  0.36989876E-08

    3   -4    0
    1    1   -0.77406279E-04 -0.10107860E-08  0.97405775E-05  0.35476523E-09  0.30644971E-04  0.17163859E-07
    2    1   -0.32402423E-04 -0.61278968E-09  0.94357072E-04  0.30548213E-08  0.67289356E-04 -0.72708532E-08
    3    1    0.30477453E-03  0.76486412E-09 -0.21129216E-03 -0.45031063E-08 -0.16350936E-03  0.34709729E-08
    4    1   -0.14834697E-03 -0.15097321E-08 -0.25694560E-03  0.76259094E-09  0.49249195E-04 -0.61310543E-08
    1    2   -0.47313092E-04 -0.27123418E-09 -0.93636453E-03 -0.80230832E-09 -0.96808614E-04  0.13663686E-07
    2    2   -0.12174312E-03 -0.40207838E-08  0.25940097E-04  0.61828474E-09  0.68338401E-04 -0.16498917E-07
    3    2   -0.19281928E-03 -0.19914694E-09  0.41392862E-03 -0.19839776E-08 -0.44473390E-04  0.32962133E-09
    4    2   -0.14961316E-04  0.11971712E-08 -0.73344212E-04 -0.79282131E-09 -0.12203341E-03  0.75459306E-08
    1    3   -0.18689236E-04 -0.20840455E-08  0.34343314E-03 -0.71114174E-08 -0.74993066E-04 -0.81049470E-08
    2    3    0.62202133E-04  0.17945815E-08  0.15704099E-03  0.12753549E-08 -0.16041256E-03  0.75215221E-08
    3    3    0.12139305E-03 -0.22718464E-08 -0.25871997E-04  0.38024692E-09 -0.67162182E-04 -0.15873137E-08
    4    3   -0.19840749E-03  0.36272632E-08  0.11803550E-03 -0.64513587E-08 -0.53583295E-04  0.61594895E-08
    1    4   -0.36091447E-04  0.32211573E-08 -0.23732470E-03 -0.32544852E-08 -0.94466311E-04 -0.48975723E-08
    2    4   -0.10670572E-04 -0.26019851E-08  0.35844090E-03  0.33283288E-09  0.19830272E-03  0.22702757E-08
    3    4   -0.25767200E-03  0.16416879E-08 -0.84683971E-03 -0.75279247E-08  0.15345387E-03  0.29666159E-08
    4    4    0.77660176E-04 -0.29089197E-08 -0.97793255E-05  0.64650888E-09 -0.29804361E-04  0.42639165E-08

    3   -3    0
    1    1    0.83195656E-04 -0.90119994E-09  0.14916487E-14 -0.42421323E-16  0.37264320E-03  0.11388594E-07
    2    1   -0.14688507E-03 -0.77092109E-09  0.22247269E-03  0.14738309E-08 -0.21685956E-03  0.41415598E-08
    3    1   -0.22627525E-03  0.66267170E-08  0.19815547E-03  0.19735125E-08  0.29961164E-04 -0.19384114E-08
    4    1    0.67404072E-04  0.12621839E-08  0.26092205E-03  0.27495312E-08 -0.19385172E-04 -0.32804760E-08
    1    2   -0.27338695E-03  0.18317545E-08  0.14070375E-03  0.71335655E-09 -0.21685393E-03  0.97697083E-09
    2    2    0.38593406E-03  0.22393568E-08  0.13179562E-14  0.17679054E-15  0.20374781E-03 -0.11642203E-07
    3    2    0.90943322E-04 -0.74111194E-08 -0.37077518E-03  0.33400095E-08 -0.13050536E-03 -0.45118108E-08
    4    2    0.11359155E-03  0.31974620E-08  0.74157220E-04 -0.12992657E-08  0.11659668E-03  0.73730075E-08
    1    3   -0.12767261E-03  0.54116313E-09  0.12915350E-03  0.41793383E-09  0.29960052E-04 -0.11739939E-08
    2    3   -0.64135585E-04 -0.37130568E-08 -0.41210218E-03  0.18212897E-08 -0.13050189E-03  0.16106539E-08
    3    3   -0.38535131E-03  0.22260825E-08 -0.15759963E-14 -0.21306450E-15 -0.20284478E-03 -0.89819944E-09
    4    3    0.36550038E-03  0.44211200E-08  0.12711415E-03  0.32252433E-08  0.93102924E-05  0.37814675E-08
    1    4    0.15375519E-04  0.40043597E-08  0.24705709E-03 -0.60667436E-09 -0.19389350E-04  0.16661648E-08
    2    4    0.18140287E-03 -0.18818949E-08  0.18764422E-03 -0.88629038E-10  0.11659876E-03  0.20766306E-08
    3    4    0.22315753E-03  0.28360907E-08  0.13693095E-03 -0.79518477E-09  0.93091011E-05  0.35830055E-08
    4    4   -0.83577428E-04 -0.69924892E-08 -0.65485811E-15 -0.72410346E-15 -0.37173984E-03 -0.11904276E-07

    3   -2    0
    1    1    0.62724047E-05 -0.52490697E-08  0.63946545E-05 -0.16647875E-08  0.29538562E-03  0.16671940E-08
    2    1   -0.46580286E-03  0.57839590E-08 -0.95002375E-03  0.18504665E-08  0.34259948E-04  0.10626354E-08
    3    1   -0.77404967E-04 -0.31392545E-08  0.15343574E-03  0.36750285E-08  0.13678960E-03 -0.22217000E-08
    4    1   -0.37087399E-05 -0.36062951E-08 -0.25134511E-03  0.17747557E-08 -0.39030190E-04 -0.93839989E-08
    1    2   -0.23096174E-03  0.11722401E-08  0.57325031E-03 -0.64832027E-08 -0.12477584E-03 -0.40052450E-08
    2    2    0.41303934E-03  0.25376627E-08  0.12868007E-03  0.91867265E-09  0.30209342E-03 -0.21556182E-07
    3    2   -0.35285585E-04  0.70266800E-09  0.20510943E-03 -0.24697497E-09  0.19932107E-03  0.45356914E-08
    4    2    0.71671589E-04  0.42431641E-08  0.29811398E-03 -0.63882034E-08 -0.11211720E-03  0.12485525E-07
    1    3    0.75570378E-04 -0.18593644E-08 -0.28106960E-03  0.43056961E-08  0.25584070E-03  0.37154450E-08
    2    3   -0.45764719E-04 -0.16319849E-08 -0.12382608E-03  0.30209692E-08 -0.21320264E-03 -0.17089223E-08
    3    3   -0.41295565E-03  0.22086017E-08 -0.12865587E-03  0.81760428E-09 -0.30018773E-03 -0.84085137E-09
    4    3   -0.37769742E-05  0.33487194E-08 -0.99006982E-03  0.69520280E-09  0.29690427E-03  0.45073479E-09
    1    4   -0.40038808E-04  0.10886317E-08  0.15603066E-03 -0.13703172E-08 -0.19390242E-04 -0.21897382E-08
    2    4    0.44731508E-04  0.15966681E-08 -0.31223884E-03 -0.42244075E-09  0.88493872E-04 -0.34407765E-08
    3    4   -0.66588567E-04  0.60469167E-09  0.51160254E-03  0.63716182E-08 -0.55763454E-04  0.18960976E-08
    4    4   -0.66695640E-05 -0.45235171E-08 -0.65266359E-05 -0.13853294E-08 -0.29314526E-03 -0.12912884E-07

    3   -1    0
    1    1   -0.86749990E-05  0.97747942E-09 -0.22353792E-05  0.92072692E-09  0.29538707E-03 -0.16109236E-07
    2    1   -0.61784304E-04  0.22089330E-08  0.10701394E-03  0.13373893E-08 -0.30371054E-03  0.86663498E-08
    3    1    0.19428664E-03 -0.24387197E-10 -0.33651720E-03 -0.25849764E-08 -0.51601408E-03  0.11283484E-07
    4    1   -0.11376674E-03  0.23731687E-09  0.88121618E-04  0.29924626E-08  0.64513166E-03 -0.71629700E-08
    1    2    0.10524826E-03 -0.12180955E-09  0.35631670E-03 -0.16962233E-09 -0.21683819E-03  0.22131362E-07
    2    2   -0.31796120E-03 -0.35561451E-08 -0.29336364E-03 -0.30792743E-08  0.30209421E-03 -0.14312995E-07
    3    2   -0.91009913E-04 -0.15230667E-08  0.15370700E-03 -0.52938595E-09  0.19931659E-03 -0.61540861E-08
    4    2    0.15675047E-03  0.41356247E-08 -0.32390091E-03 -0.68368598E-08 -0.41827862E-03  0.12928710E-07
    1    3    0.48305911E-04 -0.22909231E-08  0.14645791E-03  0.48399678E-09  0.29955091E-04 -0.46784066E-08
    2    3    0.62283825E-04 -0.28904358E-08  0.15574364E-04 -0.72648674E-09 -0.21319213E-03 -0.26192603E-08
    3    3    0.31789343E-03  0.28183645E-08  0.29329884E-03  0.25494666E-08 -0.30017642E-03 -0.27144348E-07
    4    3   -0.72316734E-04 -0.17225860E-08  0.70694822E-04 -0.32451976E-08  0.12311003E-03  0.57827305E-08
    1    4    0.88248225E-04  0.55726068E-08 -0.60912110E-04 -0.59232204E-08 -0.94467601E-04 -0.15719155E-07
    2    4   -0.17224992E-03 -0.33133534E-09 -0.10162230E-03 -0.21596925E-08  0.11660612E-03  0.90084788E-08
    3    4   -0.19708210E-03 -0.17376056E-08 -0.89881476E-05  0.36595832E-08  0.93077213E-05  0.61833125E-08
    4    4    0.89845507E-05 -0.47072551E-08  0.25105129E-05 -0.42217106E-08 -0.29313334E-03 -0.43778346E-09

    3    0    0
    1    1   -0.41599775E-04  0.33198244E-09 -0.72052920E-04  0.57501267E-09  0.37265840E-03  0.22352034E-07
    2    1    0.10556394E-02 -0.21008055E-08 -0.71619613E-04  0.12998877E-08  0.34258734E-04 -0.64843035E-09
    3    1   -0.94176926E-04  0.16425894E-08  0.14375863E-03 -0.76608152E-08  0.13678153E-03  0.10221721E-08
    4    1   -0.19428019E-04  0.20237749E-08  0.14259135E-03  0.75230927E-08  0.64514068E-03  0.44093070E-08
    1    2    0.60811526E-03  0.44077056E-08 -0.42456995E-03  0.66513221E-09 -0.96816430E-04  0.13999267E-07
    2    2   -0.19296724E-03  0.61541666E-09 -0.33422905E-03  0.10659345E-08  0.20375767E-03 -0.68338604E-08
    3    2    0.23458696E-03 -0.11117340E-08 -0.20089977E-03  0.45474195E-08 -0.13050398E-03 -0.61658039E-08
    4    2   -0.25786479E-03 -0.15243165E-09  0.43288378E-04  0.12869910E-08 -0.11212998E-03 -0.78786102E-08
    1    3   -0.19547825E-03  0.10879630E-08  0.15106673E-03 -0.36797966E-08 -0.74998668E-04 -0.12870213E-07
    2    3    0.26681792E-03 -0.18320087E-08 -0.87260919E-04  0.37509105E-08 -0.13049723E-03  0.58344447E-08
    3    3    0.19267773E-03 -0.11563341E-08  0.33372762E-03 -0.20028228E-08 -0.20282563E-03 -0.17368305E-08
    4    3    0.36693862E-03 -0.57151778E-09 -0.33715321E-03  0.11864479E-08  0.29690231E-03 -0.17335481E-08
    1    4   -0.37228270E-04  0.41140276E-08  0.74716987E-04 -0.43297360E-08  0.37132155E-04 -0.13883740E-07
    2    4   -0.24362311E-03 -0.96141296E-09  0.11333990E-03 -0.58392833E-09  0.19830303E-03  0.12470255E-07
    3    4    0.42230226E-03 -0.63990692E-09 -0.14227773E-03 -0.40392500E-09  0.15345451E-03  0.62156520E-08
    4    4    0.41787478E-04  0.54110426E-08  0.72378035E-04  0.93721891E-08 -0.37172327E-03  0.16873983E-07

    3    1    0
    1    1    0.30266092E-04 -0.20883249E-09  0.71901222E-04 -0.75644924E-09  0.30640416E-04  0.16850703E-07
    2    1   -0.11922204E-03  0.16895824E-08  0.23844349E-03 -0.17017133E-08 -0.21687063E-03 -0.75888912E-08
    3    1   -0.58472069E-04  0.28176814E-09  0.29503804E-03 -0.21999658E-08  0.29962313E-04  0.13769386E-08
    4    1    0.21952357E-03  0.28975371E-09 -0.12246127E-03  0.33536767E-08 -0.39031057E-04  0.38699353E-08
    1    2   -0.40189894E-03  0.28340337E-08  0.68391132E-04 -0.16128730E-08 -0.12668153E-04  0.67447988E-08
    2    2    0.38405184E-04 -0.47528040E-09  0.11839823E-03 -0.12875232E-08  0.68326270E-04 -0.80015835E-09
    3    2   -0.27482451E-03  0.75390848E-09  0.26857166E-03  0.14889380E-08 -0.44476577E-04  0.75708165E-09
    4    2   -0.12872649E-03 -0.29344523E-08 -0.10589283E-03 -0.63514048E-08  0.11660340E-03  0.81161917E-10
    1    3    0.17865752E-04 -0.73550212E-09 -0.30382289E-03  0.47125006E-08  0.41709508E-04 -0.65774453E-08
    2    3   -0.12037767E-03  0.20459365E-08  0.59716489E-04  0.22392943E-08 -0.16040765E-03  0.70477292E-08
    3    3   -0.38291790E-04 -0.19780626E-09 -0.11806846E-03 -0.98321732E-09 -0.67158596E-04 -0.72442034E-08
    4    3   -0.22496346E-03 -0.39586403E-08 -0.22867259E-03 -0.43825017E-08  0.93087775E-05  0.23406237E-10
    1    4    0.21509505E-03  0.18054652E-08 -0.96891083E-04  0.36072633E-08 -0.27483244E-04 -0.69828177E-08
    2    4    0.72623948E-04 -0.15467449E-08  0.13237453E-03 -0.31032066E-08  0.15945821E-03  0.90432126E-08
    3    4   -0.25429725E-03 -0.21541819E-08  0.15013521E-03 -0.37954496E-09  0.96635306E-04  0.46862158E-08
    4    4   -0.30360546E-04  0.51201486E-09 -0.72143727E-04  0.15480432E-08 -0.29816957E-04  0.80504101E-09

    3    2    0
    1    1    0.67745646E-06 -0.56247690E-09  0.15196356E-04  0.88125546E-09  0.15717560E-04  0.78884136E-08
    2    1   -0.65512134E-04 -0.13600800E-08  0.75242451E-04 -0.17973017E-09  0.67283453E-04 -0.63308696E-08
    3    1    0.30598881E-04 -0.30719873E-08 -0.36958797E-03  0.32166520E-08 -0.16350344E-03 -0.26157779E-08
    4    1   -0.25966496E-03 -0.29932561E-08  0.72081284E-04  0.73429874E-08 -0.19382059E-04 -0.75114724E-08
    1    2    0.16014193E-03  0.10581384E-08  0.72230811E-04  0.22651350E-10 -0.60176834E-04  0.24696667E-08
    2    2    0.15229137E-04  0.45123384E-09  0.57001640E-04  0.37929944E-09 -0.16060584E-04 -0.21997645E-07
    3    2    0.29966141E-03 -0.24966879E-08 -0.31592647E-04  0.28519036E-08  0.18005232E-03  0.45487488E-08
    4    2    0.11785306E-03  0.29527650E-08  0.93545191E-04  0.21088297E-09 -0.12203430E-03  0.67440186E-08
    1    3   -0.41190446E-04 -0.68230601E-08  0.14465562E-03 -0.46573145E-08 -0.35269463E-04  0.46594094E-08
    2    3    0.84664533E-04 -0.15941374E-09 -0.59864722E-04  0.25408669E-08  0.13610349E-04  0.84223390E-08
    3    3   -0.15172093E-04 -0.56423045E-11 -0.56811048E-04  0.42793404E-09  0.16649404E-04 -0.98197564E-08
    4    3   -0.26754600E-04 -0.44076011E-08  0.20073343E-03 -0.29835059E-09 -0.53582488E-04  0.36338788E-08
    1    4   -0.74552229E-04  0.43644597E-08 -0.90858520E-04 -0.26440837E-08 -0.19552936E-03 -0.10861039E-07
    2    4   -0.56533285E-04  0.48221152E-09 -0.14573873E-04 -0.11393516E-08 -0.28089989E-04  0.45243074E-08
    3    4    0.11977298E-03 -0.41560682E-08  0.19306931E-05  0.30873544E-09 -0.87703620E-04  0.30834418E-08
    4    4   -0.72075769E-06  0.10057077E-08 -0.15373376E-04  0.29114605E-08 -0.14954206E-04 -0.73258944E-09

    3    3    0
    1    1    0.35454563E-04  0.37747054E-09  0.38616087E-09  0.12665372E-08 -0.41723166E-04 -0.10961453E-08
    2    1   -0.27147221E-04 -0.57306469E-09  0.23731636E-08 -0.63480438E-09 -0.14739821E-03  0.27237266E-08
    3    1   -0.30029693E-03 -0.26785763E-08 -0.22255636E-08  0.32417851E-10  0.20706652E-03 -0.81293781E-09
    4    1    0.29669600E-03  0.28371460E-08 -0.24276901E-08  0.23767833E-09  0.49249493E-04 -0.83441089E-08
    1    2    0.10175351E-05  0.63051097E-08  0.36859250E-08 -0.17547630E-08  0.28467637E-03  0.18663378E-07
    2    2   -0.21609742E-04 -0.18366776E-09  0.54673251E-09 -0.12018259E-08  0.90854696E-04 -0.51057714E-08
    3    2    0.17737706E-03  0.12825201E-08 -0.12003444E-08  0.72702587E-09  0.10025915E-04 -0.63006341E-08
    4    2   -0.31492614E-03  0.34248872E-08  0.16944413E-08 -0.30274344E-08  0.74758302E-04  0.84401646E-08
    1    3    0.88163555E-05  0.27252860E-08 -0.24791011E-08 -0.23969748E-08  0.94695794E-04 -0.11419639E-07
    2    3    0.39319938E-04 -0.97615188E-09  0.47467402E-09  0.13224686E-08 -0.25191728E-04  0.21644683E-08
    3    3    0.21569076E-04  0.33912986E-09  0.71060889E-09  0.71428999E-09 -0.90187331E-04 -0.15587277E-07
    4    3   -0.12536457E-04  0.28486697E-08 -0.52227027E-08 -0.23741558E-08 -0.14761800E-03 -0.16763495E-08
    1    4    0.16913197E-03 -0.30697033E-09  0.15368546E-08 -0.40531103E-08 -0.19552513E-03 -0.11187675E-07
    2    4   -0.27661823E-04 -0.23571069E-08  0.29313242E-08 -0.33445142E-08  0.26626385E-03  0.76337007E-08
    3    4    0.19430109E-05  0.30164204E-08  0.89982023E-09  0.31141860E-08  0.28736685E-03  0.47461905E-08
    4    4   -0.35465570E-04 -0.59543621E-09 -0.20685175E-08 -0.10687564E-08  0.42154567E-04  0.88479927E-08

    4   -6    0
    1    1    0.14552023E-04  0.56465291E-08 -0.40056776E-09  0.51198204E-09  0.11522842E-03  0.10542450E-07
    2    1    0.95902942E-04  0.60211197E-08 -0.26273228E-08  0.50501528E-08 -0.62794250E-04  0.65377447E-09
    3    1   -0.16773143E-03 -0.69306843E-08  0.38159277E-08 -0.18686110E-08 -0.17518157E-04  0.26457491E-09
    4    1   -0.10387330E-08  0.14663391E-08  0.15828732E-08 -0.24442571E-08  0.12109478E-03 -0.78306921E-08
    1    2    0.17287493E-03 -0.16259514E-08 -0.37924159E-08  0.63087529E-08  0.57058962E-04  0.99160189E-08
    2    2    0.89532371E-04 -0.96420217E-09 -0.10144736E-09 -0.26987150E-09 -0.67820790E-04 -0.60568079E-08
    3    2    0.30935259E-03  0.44299021E-08  0.21123232E-08 -0.36110732E-09 -0.31511379E-03 -0.35661862E-08
    4    2   -0.56090258E-06  0.22974053E-08 -0.38207780E-09  0.42075892E-08 -0.22638111E-04  0.53461954E-08
    1    3   -0.22016040E-03 -0.30373192E-08  0.39885644E-08 -0.20716012E-08 -0.92090866E-04 -0.12015686E-07
    2    3    0.17122434E-03 -0.28240179E-08  0.47875930E-09 -0.15063175E-08 -0.31289945E-04  0.75437679E-08
    3    3   -0.89315177E-04  0.27509106E-09 -0.14123889E-09  0.39448836E-10  0.67891684E-04 -0.19210865E-08
    4    3    0.24950719E-03 -0.68933362E-09  0.55067126E-09  0.11665880E-08  0.57746981E-04 -0.18310065E-08
    1    4    0.28730441E-03  0.41827620E-08  0.34485257E-09  0.21996112E-08  0.24881194E-03 -0.29308671E-08
    2    4   -0.12738868E-03  0.13209972E-08 -0.24460013E-08 -0.75223703E-09 -0.28115598E-03  0.48634948E-08
    3    4    0.26695284E-03 -0.10569588E-08 -0.23996607E-09 -0.14680637E-08  0.12840334E-03  0.34694475E-08
    4    4   -0.14794144E-04  0.64611284E-09 -0.24010280E-09  0.31159484E-09 -0.11493871E-03  0.85240439E-08

    4   -5    0
    1    1    0.14709216E-03 -0.97008040E-09 -0.10066240E-04  0.96889106E-11 -0.11638852E-04  0.75556568E-08
    2    1    0.45786346E-04 -0.34821220E-09 -0.14177759E-03  0.50419893E-08  0.15218944E-03 -0.21653652E-09
    3    1   -0.93658547E-04 -0.89333292E-09 -0.12269197E-04 -0.21360755E-08 -0.50750866E-04 -0.68703432E-08
    4    1    0.12588071E-03 -0.90272001E-09 -0.81093078E-04 -0.26025997E-08 -0.67082352E-04 -0.32132174E-09
    1    2   -0.16350767E-03  0.12028946E-08 -0.73678094E-04  0.24304942E-08  0.94695799E-04  0.10080462E-07
    2    2   -0.93724114E-04  0.23795930E-08  0.12554851E-04 -0.19585327E-09  0.41855846E-04  0.28494819E-08
    3    2    0.54553377E-04  0.62256810E-09 -0.26734549E-03 -0.43795177E-08 -0.80232515E-05 -0.26397644E-08
    4    2   -0.16733654E-03  0.11545723E-08 -0.29969564E-04 -0.23976096E-08  0.87413530E-04  0.18240660E-08
    1    3    0.20665953E-04  0.21659181E-08 -0.28558036E-03 -0.48721475E-08 -0.45277352E-04 -0.19760675E-08
    2    3   -0.84206282E-04 -0.17751427E-08  0.23420931E-03 -0.30507568E-09  0.11833354E-03 -0.12511340E-08
    3    3    0.93915799E-04  0.39195411E-08 -0.12572329E-04 -0.33912085E-09 -0.41168894E-04  0.56435343E-08
    4    3    0.35476223E-04 -0.20542695E-08 -0.92498418E-04  0.27734162E-08  0.52657792E-04 -0.29301001E-08
    1    4   -0.97917983E-04 -0.13336740E-08 -0.50316713E-04 -0.30321703E-09 -0.10836097E-03 -0.67606022E-08
    2    4    0.50518971E-04 -0.73620086E-10 -0.22395711E-03  0.83852764E-09 -0.14265427E-04  0.48119863E-08
    3    4   -0.15358483E-03 -0.13160769E-08 -0.76576168E-04 -0.11669452E-08 -0.13867829E-03  0.54783443E-09
    4    4   -0.14722094E-03 -0.15102816E-08  0.10077729E-04  0.23011226E-09  0.12372750E-04  0.74590862E-08

    4   -4    0
    1    1   -0.39319853E-03 -0.11381546E-08 -0.80255016E-15 -0.23464804E-15 -0.13734888E-03  0.12028576E-07
    2    1    0.12139449E-03 -0.39963174E-09  0.20773686E-03 -0.29261065E-08 -0.48299317E-04 -0.20275298E-08
    3    1    0.18739003E-03 -0.37917003E-09 -0.10179053E-03  0.43334166E-08  0.99826820E-04  0.12726753E-08
    4    1   -0.87711319E-04  0.54509266E-08  0.19520038E-03 -0.13200065E-08  0.13102773E-03 -0.42139107E-08
    1    2    0.20833252E-03 -0.65972379E-09  0.23198860E-03  0.15942090E-09 -0.48311804E-04  0.22422227E-08
    2    2   -0.11208667E-04  0.44893987E-09 -0.69692516E-15 -0.13902207E-15 -0.17516754E-03  0.84566882E-09
    3    2   -0.16178466E-03  0.62124742E-10 -0.24996880E-03  0.33999235E-08 -0.12796057E-03 -0.37262261E-08
    4    2    0.66797755E-04 -0.46382577E-08 -0.47127914E-04 -0.41415460E-09  0.49941124E-04 -0.36941327E-08
    1    3    0.94485586E-05  0.25346538E-08 -0.92670013E-04  0.25949400E-09  0.99836860E-04 -0.76853768E-08
    2    3    0.79847555E-04  0.23007381E-08 -0.22102120E-03 -0.15982083E-08 -0.12797354E-03  0.50669051E-08
    3    3    0.11215422E-04 -0.15952760E-09 -0.30145157E-14  0.14287491E-14  0.17566059E-03  0.63899092E-08
    4    3   -0.16553558E-03  0.38871257E-09  0.23041435E-03  0.65601202E-08  0.55790645E-04 -0.58058331E-08
    1    4    0.67313986E-04 -0.51348560E-08  0.21380934E-03 -0.65651709E-09  0.13102087E-03  0.66890332E-08
    2    4   -0.89103654E-04  0.35700937E-09 -0.96256854E-04 -0.61186790E-10  0.49948308E-04  0.51249135E-08
    3    4   -0.68547331E-04 -0.31243057E-09  0.22814798E-03  0.28743112E-08  0.55791052E-04  0.79333134E-10
    4    4    0.39351857E-03  0.26162514E-08  0.44287490E-14 -0.10716725E-14  0.13809332E-03  0.43063508E-08

    4   -3    0
    1    1   -0.77407094E-04  0.27476182E-08 -0.97406340E-05  0.49214812E-09  0.30639002E-04  0.88143482E-08
    2    1    0.21666030E-03 -0.47593557E-08 -0.92804124E-03 -0.80100698E-10 -0.96802176E-04 -0.71167609E-08
    3    1   -0.18882480E-04 -0.39644013E-09  0.41785399E-03  0.91080799E-09 -0.74998586E-04  0.89889563E-09
    4    1    0.28380609E-04  0.67077968E-08 -0.24255477E-03 -0.63045274E-09 -0.94463502E-04  0.24840450E-08
    1    2    0.15465220E-03 -0.65589152E-10  0.15111710E-03 -0.15569221E-10  0.67289069E-04 -0.11235111E-07
    2    2   -0.12173779E-03  0.18762853E-08 -0.25939127E-04  0.27825140E-09  0.68322529E-04 -0.18748134E-08
    3    2    0.14086924E-04  0.32213085E-09  0.16945526E-03  0.18699676E-08 -0.16040880E-03  0.30252805E-08
    4    2    0.25182373E-04 -0.56353746E-08  0.33695234E-03  0.31157132E-08  0.19830963E-03  0.53502841E-08
    1    3    0.14018955E-03 -0.13271878E-08 -0.13004023E-03  0.82464573E-08 -0.16351221E-03 -0.49113971E-09
    2    3    0.91233735E-04  0.10045991E-09  0.48368934E-03  0.26720013E-08 -0.44477085E-04  0.31403157E-08
    3    3    0.12140351E-03 -0.54465000E-08  0.25874017E-04 -0.11927554E-08 -0.67173648E-04  0.23445218E-08
    4    3   -0.49553972E-04 -0.38524791E-09 -0.90799444E-03  0.78684338E-08  0.15345307E-03 -0.20835380E-08
    1    4    0.90631612E-05  0.70734173E-09 -0.26412710E-03  0.16560901E-08  0.49235138E-04  0.37850836E-08
    2    4   -0.22078893E-03  0.16650777E-08 -0.21694676E-03 -0.50165756E-08 -0.12202118E-03 -0.32110705E-08
    3    4   -0.51031177E-04  0.25041596E-09  0.12312289E-03  0.27916452E-08 -0.53586051E-04 -0.18644774E-09
    4    4    0.77658358E-04  0.49814118E-08  0.97789390E-05  0.10337939E-08 -0.29806435E-04 -0.26836488E-08

    4   -2    0
    1    1    0.16851776E-05 -0.14534099E-08 -0.29172006E-05 -0.73623680E-09 -0.21171448E-03 -0.25548234E-09
    2    1   -0.19389240E-03  0.45551523E-10  0.60299608E-03  0.19321495E-08  0.28071485E-03 -0.49337359E-08
    3    1   -0.57039645E-05 -0.98602281E-09 -0.22798042E-03 -0.31112306E-08  0.27073073E-04 -0.71163865E-08
    4    1   -0.29143155E-04  0.13292397E-08 -0.17521771E-03 -0.18400125E-08 -0.17774451E-03  0.10825582E-08
    1    2   -0.17699610E-03  0.42664571E-09 -0.10337809E-03  0.25424385E-08  0.67302351E-04 -0.33568490E-08
    2    2   -0.34380559E-05 -0.11469843E-08  0.59599794E-05 -0.69771195E-09 -0.19625524E-03  0.60862489E-08
    3    2   -0.15407198E-04  0.49463048E-09 -0.78840342E-05 -0.96515418E-10  0.61631279E-05 -0.14600677E-08
    4    2    0.72902599E-04 -0.14602060E-08 -0.18466201E-03  0.15124187E-08 -0.10849293E-04  0.26482291E-08
    1    3   -0.16172410E-04 -0.58473159E-08 -0.80919234E-04 -0.11153469E-08 -0.16351127E-03 -0.38287941E-08
    2    3   -0.25104072E-03 -0.94144340E-09  0.61875801E-03 -0.33509695E-09 -0.97962609E-04 -0.63707901E-09
    3    3    0.34409911E-05  0.39758933E-09 -0.59615826E-05  0.10234718E-09  0.19707961E-03 -0.23836486E-08
    4    3   -0.16246666E-03 -0.13225347E-09  0.56251584E-03 -0.51318615E-08 -0.60532080E-04 -0.40596893E-08
    1    4   -0.79560635E-04  0.30222810E-08  0.34615828E-05 -0.13356001E-08  0.13100972E-03  0.23483215E-08
    2    4    0.22094142E-03  0.17062543E-08  0.14643377E-03 -0.17857396E-09 -0.12201812E-03 -0.14850242E-08
    3    4    0.65787544E-06 -0.81057928E-09 -0.43305563E-04 -0.32079802E-08 -0.53586135E-04  0.18369333E-08
    4    4   -0.16907045E-05  0.54352467E-09  0.29231844E-05  0.22888826E-09  0.21253393E-03  0.51514410E-08

    4   -1    0
    1    1    0.47140981E-04 -0.18736156E-08  0.62168561E-04 -0.21625241E-08  0.30631758E-04 -0.19503062E-08
    2    1   -0.42526329E-03 -0.11660979E-08  0.46941394E-03  0.10396641E-08  0.28070930E-03 -0.16828956E-08
    3    1    0.20028956E-03  0.86187115E-08 -0.10905406E-03 -0.22677032E-08  0.27074593E-04 -0.27421485E-09
    4    1   -0.16053274E-03 -0.22899890E-08  0.27804615E-03 -0.16265623E-08  0.19033925E-03 -0.18879338E-09
    1    2   -0.26579737E-03  0.24190384E-08 -0.53116520E-04 -0.14846589E-08 -0.48286299E-04  0.17979137E-07
    2    2    0.83329634E-04  0.18133720E-08  0.92454785E-04  0.19576812E-08  0.68318774E-04 -0.13728713E-08
    3    2   -0.84837792E-04 -0.40071166E-08  0.11008277E-03  0.18103331E-08 -0.16041413E-03 -0.12578354E-07
    4    2    0.53750870E-04  0.12531583E-08 -0.15654794E-03  0.30323179E-08 -0.10859524E-04  0.29037388E-08
    1    3    0.37068936E-04 -0.39273286E-08  0.44416134E-05  0.85282017E-10  0.99830632E-04 -0.24680628E-08
    2    3   -0.35178647E-03 -0.48555310E-09  0.50048467E-04  0.20873940E-09 -0.44471631E-04  0.70449207E-08
    3    3   -0.83104527E-04  0.52677469E-09 -0.92196098E-04  0.54502514E-09 -0.67160142E-04 -0.85650220E-08
    4    3   -0.25920471E-03 -0.88244991E-09  0.45986295E-03  0.13726959E-08 -0.60531053E-04 -0.17553637E-08
    1    4    0.89856912E-05  0.42296688E-08 -0.24816169E-04 -0.70845379E-08 -0.10836387E-03 -0.53537841E-08
    2    4    0.13385578E-03  0.38387472E-08  0.13430449E-03  0.15205150E-09  0.49956958E-04  0.82092805E-08
    3    4    0.10899504E-04 -0.10974691E-08  0.17844082E-03 -0.58395808E-09  0.55791161E-04 -0.16387341E-08
    4    4   -0.47298855E-04  0.65553696E-10 -0.62365760E-04  0.16106689E-09 -0.29800367E-04  0.19205688E-07

    4    0    0
    1    1    0.19659876E-03  0.17088570E-08  0.34051903E-03  0.29598260E-08 -0.13733272E-03  0.12020512E-07
    2    1    0.69537815E-03  0.97949810E-09 -0.65165151E-03 -0.22474996E-08 -0.96815193E-04 -0.11671030E-07
    3    1   -0.35243687E-03  0.99832505E-11  0.22527644E-03  0.82904154E-09 -0.74999038E-04  0.44361072E-08
    4    1    0.16631981E-03 -0.35872688E-08 -0.62370996E-04  0.24631650E-09 -0.17773775E-03 -0.20773198E-08
    1    2    0.97778540E-04  0.26257796E-08  0.50695236E-04  0.21817329E-08  0.94692888E-04  0.15041127E-07
    2    2    0.56041568E-05 -0.84485398E-09  0.97066850E-05 -0.14633303E-08 -0.17516583E-03 -0.37141051E-08
    3    2    0.20401282E-03 -0.21565098E-08 -0.26397762E-04 -0.26616104E-08 -0.12796514E-03 -0.84771143E-08
    4    2   -0.22432508E-03 -0.88258338E-09  0.10746444E-03  0.55858595E-08  0.19830002E-03 -0.60400652E-08
    1    3    0.21695969E-03  0.26750615E-08 -0.13698789E-03  0.44101605E-08 -0.45280132E-04 -0.11426457E-07
    2    3    0.12338873E-03 -0.24591744E-08 -0.22117882E-03  0.16940044E-08 -0.12796583E-03  0.14570699E-07
    3    3   -0.56082088E-05 -0.24501976E-09 -0.97137026E-05 -0.42439209E-09  0.17567639E-03 -0.35334026E-08
    4    3    0.65292715E-03  0.43910365E-08 -0.39672503E-03 -0.21349748E-08  0.15345099E-03 -0.22451237E-08
    1    4   -0.37433532E-04 -0.24263467E-08 -0.10174587E-03  0.20236362E-08  0.24882360E-03 -0.16983132E-08
    2    4    0.16438983E-03 -0.27798011E-09 -0.12489144E-03 -0.31057512E-08 -0.14258683E-04  0.15654745E-07
    3    4    0.29771263E-04  0.14394964E-08 -0.18465859E-04  0.43951867E-08 -0.13867923E-03  0.18437617E-08
    4    4   -0.19675571E-03 -0.53401199E-09 -0.34079088E-03 -0.92492819E-09  0.13807972E-03  0.35728161E-08

    4    1    0
    1    1   -0.64826794E-04 -0.92043180E-09 -0.13241501E-03 -0.12223393E-08 -0.11636959E-04  0.15903080E-07
    2    1   -0.24060155E-03 -0.98936799E-09 -0.12593137E-05 -0.76356682E-09 -0.48287089E-04 -0.15778226E-07
    3    1   -0.55390319E-05  0.71324464E-08 -0.21317902E-03  0.77243946E-09  0.99817859E-04 -0.47686152E-08
    4    1    0.19587010E-03 -0.43563409E-08 -0.14585069E-03 -0.16669269E-08 -0.94467621E-04 -0.35974948E-09
    1    2   -0.40552330E-04  0.69206296E-09 -0.49007311E-04 -0.25125189E-08  0.57064075E-04  0.35609954E-08
    2    2    0.35988444E-04  0.10489216E-09  0.87443448E-04 -0.22143736E-09  0.41854054E-04 -0.18413563E-08
    3    2    0.20693275E-03 -0.22984622E-08 -0.16190284E-03 -0.86403106E-09 -0.80261265E-05 -0.41203383E-08
    4    2    0.59301882E-04 -0.31525298E-08 -0.17071532E-04 -0.18764397E-08  0.49952656E-04 -0.45729333E-08
    1    3    0.64113447E-04  0.25913760E-08  0.15066057E-03 -0.73789638E-09 -0.92088890E-04 -0.80038111E-08
    2    3   -0.16565112E-03 -0.93270108E-09  0.17301190E-03  0.64411824E-09  0.11832479E-03  0.80545167E-08
    3    3   -0.36069976E-04 -0.16195393E-08 -0.87620031E-04 -0.33304022E-08 -0.41155944E-04  0.13676626E-07
    4    3   -0.77576702E-04 -0.13492244E-08  0.28658470E-03  0.80321671E-09  0.55791379E-04 -0.17987310E-08
    1    4   -0.24522365E-03 -0.31099904E-08  0.16079139E-03 -0.35220891E-09 -0.27497375E-04  0.26494234E-08
    2    4    0.31939190E-04  0.22069146E-09 -0.34976716E-04 -0.10788649E-08 -0.28115743E-03  0.35725939E-08
    3    4   -0.50667052E-04  0.50680536E-08 -0.11064516E-03 -0.17833640E-08  0.12839916E-03 -0.71131677E-09
    4    4    0.64882986E-04  0.10978122E-08  0.13253624E-03  0.20892383E-08  0.12365751E-04 -0.65619401E-08

    4    2    0
    1    1   -0.72790617E-05  0.44018644E-11 -0.12607307E-04 -0.52288465E-10  0.11521698E-03  0.66737294E-08
    2    1    0.99889361E-04  0.10381372E-08 -0.11054321E-03 -0.27746982E-08  0.15219387E-03 -0.20691987E-08
    3    1    0.57454921E-04  0.25032517E-08  0.74971920E-04  0.16933999E-08 -0.50745151E-04 -0.57370945E-08
    4    1   -0.12519884E-03  0.81378944E-08  0.17356314E-03 -0.16371619E-08  0.13102626E-03 -0.45347249E-08
    1    2   -0.21494532E-04  0.73468132E-08  0.16815875E-03 -0.42619154E-08 -0.60179689E-04  0.90715291E-08
    2    2   -0.44765273E-04  0.11529834E-08 -0.77536658E-04  0.11034073E-09 -0.67827822E-04 -0.98360769E-08
    3    2   -0.11999063E-03 -0.56257892E-09 -0.17836784E-03 -0.38452724E-09 -0.31510958E-03 -0.29172713E-08
    4    2    0.81845138E-04 -0.35347674E-08  0.73095857E-04  0.28910066E-08  0.87418018E-04  0.18153860E-08
    1    3    0.14684831E-03 -0.23419423E-08  0.47526764E-04  0.56304636E-08 -0.35263343E-04 -0.14759944E-07
    2    3   -0.74284433E-04  0.18033916E-08 -0.10748505E-03  0.18364706E-08 -0.31298151E-04  0.82883460E-08
    3    3    0.44657589E-04  0.30251436E-09  0.77349071E-04 -0.12834675E-08  0.67887943E-04  0.31090747E-08
    4    3    0.95048081E-04  0.25300159E-08 -0.48451000E-04  0.31908844E-09  0.52658205E-04 -0.27902347E-08
    1    4   -0.94776788E-04 -0.13079395E-08  0.12432089E-03  0.56122931E-08  0.39077882E-03 -0.40945210E-08
    2    4    0.92325886E-04  0.21545082E-08 -0.73584361E-04 -0.32697636E-08 -0.28094324E-04  0.10106781E-07
    3    4   -0.40033127E-04 -0.14177515E-08  0.10318789E-03 -0.14637328E-09 -0.87702937E-04  0.19862248E-08
    4    4    0.73989626E-05 -0.35732304E-09  0.12814944E-04  0.79541341E-09 -0.11495101E-03  0.23023929E-08

    5   -5    0
    1    1    0.11200633E-03  0.30869001E-18  0.19710457E-14  0.60108038E-19  0.11403767E-03  0.34821620E-18
    2    1   -0.24855694E-03  0.41327531E-08 -0.33678910E-08  0.42022675E-10 -0.26202667E-03 -0.13091761E-07
    3    1   -0.16696036E-03 -0.27523190E-08  0.53523996E-08  0.32135418E-08  0.25875223E-03  0.40436553E-08
    4    1    0.21985094E-05 -0.28135428E-08  0.25740781E-08  0.33706961E-08 -0.20394621E-03 -0.10270369E-08
    1    2   -0.13594986E-03  0.21397381E-09  0.33678872E-08  0.42027855E-10 -0.26202667E-03  0.13091763E-07
    2    2    0.28329711E-03 -0.51074598E-16  0.15183167E-14 -0.26610925E-18  0.10258946E-03  0.30755297E-19
    3    2    0.80044588E-04 -0.76188391E-09  0.99498920E-09 -0.46257888E-09  0.28262990E-04 -0.15346558E-07
    4    2    0.59450226E-04  0.37032964E-08 -0.50524193E-08 -0.14766908E-08  0.36712746E-06 -0.26819694E-08
    1    3   -0.81349038E-04  0.22535874E-08 -0.53523974E-08  0.32135438E-08  0.25875223E-03 -0.40436586E-08
    2    3   -0.51162886E-04  0.22810161E-08 -0.99498727E-09 -0.46258132E-09  0.28262990E-04  0.15346560E-07
    3    3   -0.28365225E-03 -0.50302908E-16 -0.98662398E-15  0.26610416E-18 -0.10201542E-03 -0.12672760E-15
    4    3    0.96559164E-04 -0.22505209E-08 -0.33058490E-08  0.11674187E-08  0.15283575E-04 -0.54643673E-09
    1    4    0.61317210E-04  0.19732142E-08 -0.25740778E-08  0.33706942E-08 -0.20394621E-03  0.10270389E-08
    2    4    0.16414531E-03 -0.31295021E-08  0.50524177E-08 -0.14766929E-08  0.36712746E-06  0.26819657E-08
    3    4    0.18775605E-03  0.47504601E-09  0.33058487E-08  0.11674146E-08  0.15283575E-04  0.54643573E-09
    4    4   -0.11207828E-03 -0.10168624E-15 -0.54296845E-15 -0.59988653E-19 -0.11363883E-03 -0.12704517E-15

    5   -4    0
    1    1    0.14708729E-03 -0.11227407E-08  0.10065982E-04 -0.65373817E-10 -0.11650769E-04 -0.19255145E-08
    2    1    0.74022337E-04  0.20200006E-09 -0.72759905E-04  0.40433006E-08  0.94706162E-04 -0.91542466E-08
    3    1   -0.46845328E-04  0.61248827E-09 -0.27765508E-03 -0.11636632E-08 -0.45270022E-04  0.16722291E-08
    4    1    0.34410274E-04 -0.58977403E-08 -0.48638298E-04 -0.99889007E-09 -0.10836491E-03 -0.19033325E-08
    1    2    0.33803595E-05  0.13767427E-09 -0.12829689E-03 -0.47912612E-08  0.15219321E-03  0.11858658E-07
    2    2   -0.93723666E-04  0.89365110E-09 -0.12554961E-04  0.15984337E-09  0.41846052E-04  0.43112058E-08
    3    2    0.71852064E-04  0.10001277E-09  0.25941541E-03  0.26067357E-08  0.11833380E-03 -0.61804468E-08
    4    2    0.41656917E-05  0.57968503E-08 -0.27301895E-03 -0.22662147E-08 -0.14253031E-04 -0.47691639E-08
    1    3    0.81347506E-04 -0.27817217E-08 -0.22913027E-04  0.29110245E-09 -0.50743468E-04 -0.35710776E-08
    2    3   -0.38092066E-04 -0.54605606E-09 -0.29084029E-03  0.74129431E-09 -0.80338554E-05  0.12210733E-08
    3    3    0.93913842E-04 -0.19723388E-08  0.12572230E-04 -0.24371966E-10 -0.41185866E-04  0.13441891E-08
    4    3    0.76458565E-04 -0.16611581E-08 -0.67092075E-04 -0.54504059E-08 -0.13867336E-03 -0.45808840E-11
    1    4   -0.58340897E-04 -0.93354962E-09 -0.94879852E-04 -0.43415133E-08 -0.67089251E-04  0.16992187E-08
    2    4   -0.38195960E-04  0.14386238E-08 -0.13554639E-04  0.34888090E-08  0.87418058E-04 -0.11933774E-08
    3    4   -0.27858186E-05 -0.10878705E-08 -0.12357727E-03  0.40729359E-08  0.52660619E-04 -0.39744035E-09
    4    4   -0.14722322E-03  0.25354399E-08 -0.10077680E-04  0.14042791E-09  0.12366617E-04 -0.36988785E-08

    5   -3    0
    1    1   -0.13487417E-04  0.34502982E-08 -0.70077001E-05  0.12714241E-08  0.15741012E-04 -0.90727622E-08
    2    1   -0.77812932E-04 -0.27449731E-08  0.46244454E-03 -0.93198505E-10 -0.12654817E-04 -0.81247199E-08
    3    1    0.96402978E-04 -0.65371691E-09 -0.83688951E-04 -0.26651076E-08  0.41706245E-04  0.57324651E-08
    4    1    0.10101380E-03  0.88703015E-09  0.84966698E-04 -0.62515653E-08  0.37129914E-04 -0.40445280E-08
    1    2   -0.20131818E-04 -0.38247201E-08 -0.15788481E-05  0.70248743E-08 -0.14737576E-03  0.80763174E-09
    2    2   -0.56981995E-04 -0.14674865E-08 -0.15312831E-04 -0.54480697E-09 -0.16075271E-04  0.30585087E-08
    3    2   -0.21092971E-04  0.20160335E-08 -0.12844650E-03 -0.59566220E-08  0.13607509E-04 -0.27014449E-08
    4    2   -0.25154572E-03 -0.63489895E-09 -0.16400303E-03 -0.28037483E-08  0.15947056E-03 -0.43243205E-08
    1    3   -0.13034515E-03  0.57439927E-08  0.30447424E-03  0.92253464E-09  0.20706558E-03 -0.25751732E-08
    2    3    0.11521683E-03 -0.34145198E-08 -0.30782509E-03 -0.37161451E-08  0.18005005E-03  0.44484301E-08
    3    3    0.56781450E-04 -0.15057889E-08  0.15264944E-04 -0.48148977E-09  0.16646325E-04 -0.36239194E-08
    4    3   -0.11858109E-03  0.45083663E-08  0.45052556E-03 -0.38401957E-08  0.96636074E-04 -0.13424332E-09
    1    4    0.63427691E-04 -0.19848657E-08  0.89117981E-04 -0.14060871E-09 -0.67086958E-04  0.57434741E-08
    2    4   -0.23657261E-04  0.29294973E-08  0.28590068E-03 -0.19711266E-08  0.74772732E-04 -0.68329477E-08
    3    4   -0.68842028E-04  0.25875754E-08 -0.51314298E-05  0.85329030E-09 -0.14761472E-03  0.16138318E-08
    4    4    0.13675325E-04 -0.62790305E-09  0.70624874E-05 -0.28224610E-09 -0.14930589E-04 -0.27965750E-08

    5   -2    0
    1    1    0.12817257E-04  0.23303805E-08  0.81802820E-05  0.87958541E-09  0.15730873E-04 -0.73656185E-08
    2    1   -0.29649848E-04 -0.12138293E-08  0.51359294E-04  0.62734305E-09 -0.24759153E-03 -0.40218933E-08
    3    1   -0.36560958E-04 -0.11245596E-09  0.63325970E-04  0.11134090E-08  0.14276499E-03  0.74956458E-08
    4    1    0.22130791E-04  0.56539926E-09  0.31738704E-03  0.26642041E-08 -0.22013724E-03  0.93713400E-08
    1    2    0.83280607E-04 -0.48510416E-08 -0.36233308E-04  0.20143482E-08  0.15221142E-03  0.17112648E-07
    2    2    0.41750021E-04 -0.56541799E-09  0.41689681E-04 -0.22756992E-09 -0.16061695E-04  0.12360696E-08
    3    2    0.77857200E-04  0.21387546E-08 -0.47022730E-04 -0.58515149E-09  0.13597446E-04 -0.31173492E-08
    4    2   -0.42600646E-04 -0.98220509E-09  0.11773911E-03 -0.39997007E-08 -0.78758592E-04  0.66583535E-08
    1    3   -0.38977491E-04  0.20704515E-08 -0.15005306E-03  0.59757902E-09 -0.50742110E-04 -0.35196935E-08
    2    3    0.16725607E-03  0.73781767E-09 -0.27083094E-03  0.29574679E-09  0.18005686E-03  0.29474649E-08
    3    3   -0.41611610E-04 -0.18167340E-08 -0.41542480E-04 -0.11602625E-08  0.16642972E-04 -0.87616141E-08
    4    3   -0.48486327E-04  0.42900973E-08  0.53324526E-04  0.31835081E-09 -0.11502498E-03 -0.20902181E-08
    1    4    0.28764533E-04 -0.18545252E-08  0.24761622E-04 -0.47333937E-08 -0.20395359E-03 -0.80083474E-08
    2    4   -0.61613178E-04 -0.42150566E-10 -0.13035052E-03 -0.18126673E-09  0.87420592E-04  0.24225793E-08
    3    4    0.11458851E-03  0.24504195E-08 -0.55613634E-05 -0.18976371E-08  0.52658375E-04 -0.25266689E-08
    4    4   -0.12952995E-04 -0.22591487E-08 -0.83112219E-05 -0.15017368E-08 -0.14921879E-04  0.15301973E-07

    5   -1    0
    1    1   -0.82264835E-04  0.76912095E-09 -0.12235427E-03  0.94327017E-09 -0.11649371E-04  0.45322835E-08
    2    1   -0.36158457E-03 -0.56325579E-09  0.29861587E-03  0.60711435E-09 -0.12665279E-04 -0.29392536E-08
    3    1    0.24271171E-04 -0.46747680E-10 -0.12533065E-03 -0.27884487E-08  0.41713341E-04  0.54803517E-08
    4    1   -0.28594041E-03  0.19392344E-09  0.13953255E-03  0.31539437E-08 -0.22013359E-03  0.24694562E-08
    1    2    0.74059160E-04 -0.33933086E-08  0.95061108E-04 -0.29295959E-09 -0.26202330E-03  0.24648357E-07
    2    2    0.57735082E-04 -0.31805822E-09  0.74890285E-04 -0.49105417E-09  0.41843019E-04  0.81382411E-09
    3    2   -0.21417022E-03 -0.29591264E-09  0.49269658E-04  0.10108696E-08  0.11833021E-03 -0.14519284E-07
    4    2    0.25149062E-03 -0.13410260E-08  0.13598174E-03 -0.72968160E-10  0.15946318E-03 -0.42721338E-08
    1    3    0.29183753E-04 -0.46287990E-09  0.69490219E-04  0.84471231E-08  0.25875373E-03 -0.26777065E-08
    2    3    0.22956036E-03 -0.11640475E-08 -0.92081728E-04  0.16101056E-08 -0.80304243E-05  0.15819677E-08
    3    3   -0.57845177E-04 -0.16470272E-08 -0.75045903E-04 -0.23902544E-08 -0.41174739E-04 -0.26803815E-08
    4    3   -0.23163392E-03  0.27195296E-08  0.35831639E-03  0.12866577E-08  0.96635376E-04 -0.21739513E-08
    1    4   -0.45226693E-04  0.26013930E-08  0.25502604E-04  0.60981011E-08 -0.10837654E-03 -0.26751754E-08
    2    4   -0.27332485E-04  0.96343271E-10 -0.13017514E-03  0.38038814E-09  0.36930336E-06  0.64588652E-08
    3    4   -0.10974961E-03  0.55379024E-09 -0.18535505E-03  0.26833407E-08  0.15290426E-04  0.47634635E-08
    4    4    0.82338678E-04  0.60263790E-09  0.12245951E-03  0.73398398E-09  0.12366799E-04  0.14143112E-07

    5    0    0
    1    1   -0.56002202E-04  0.14197534E-17 -0.96998660E-04  0.24590887E-17  0.11404438E-03  0.53717838E-18
    2    1    0.25999781E-04 -0.10734233E-07 -0.10048537E-03  0.70788989E-08  0.94690347E-04 -0.13666983E-07
    3    1    0.26387507E-03 -0.77756895E-09 -0.98255121E-04  0.12847861E-08 -0.45275345E-04 -0.40423553E-09
    4    1   -0.12408064E-03  0.61670667E-08 -0.45004241E-04 -0.19771253E-08  0.37133497E-04  0.29373434E-08
    1    2   -0.12206503E-04 -0.11102415E-07  0.12437603E-03  0.64411996E-08  0.94690347E-04  0.13666981E-07
    2    2   -0.14164407E-03 -0.88575143E-16 -0.24533473E-03 -0.27851011E-17  0.10259288E-03  0.16224693E-18
    3    2   -0.24733070E-04 -0.61872048E-09 -0.50322423E-04 -0.11184189E-08  0.28269867E-04 -0.12155271E-07
    4    2    0.23096294E-03 -0.22408645E-08 -0.11873716E-03  0.17387677E-09 -0.14264806E-04 -0.11313452E-07
    1    3   -0.23481759E-03 -0.43482281E-08  0.14858415E-03 -0.48997725E-08 -0.45275345E-04  0.40423881E-09
    2    3    0.32230091E-04 -0.30945409E-09  0.63307643E-04 -0.58276005E-09  0.28269867E-04  0.12155268E-07
    3    3    0.14182718E-03 -0.85358746E-16  0.24565189E-03  0.27858632E-17 -0.10202381E-03 -0.21753915E-15
    4    3   -0.65975755E-05  0.16632592E-08 -0.15793971E-03 -0.37040700E-08 -0.13867492E-03  0.93255491E-09
    1    4    0.11042062E-03  0.43278750E-08  0.21344390E-04 -0.51627043E-08  0.37133497E-04 -0.29373454E-08
    2    4   -0.24232338E-03 -0.17892893E-08  0.99060295E-04  0.95602646E-09 -0.14264806E-04  0.11313456E-07
    3    4   -0.51039059E-04  0.14090933E-08  0.58110133E-04 -0.41443055E-08 -0.13867492E-03 -0.93255393E-09
    4    4    0.56036658E-04 -0.17535427E-15  0.97058339E-04 -0.24594044E-17 -0.11364597E-03 -0.21791413E-15

    6   -4    0
    1    1    0.14552023E-04 -0.56465291E-08 -0.40056776E-09 -0.51198205E-09  0.11522842E-03 -0.10542450E-07
    2    1   -0.20840181E-03  0.15253733E-08  0.40845005E-08  0.55207201E-08  0.57058962E-04 -0.99160192E-08
    3    1    0.45120327E-04  0.38158259E-08 -0.40139361E-08 -0.15802537E-08 -0.92090866E-04  0.12015689E-07
    4    1   -0.20534947E-03 -0.14294820E-08 -0.43701505E-09  0.31015081E-08  0.24881194E-03  0.29308672E-08
    1    2   -0.21885391E-03  0.65170125E-08  0.30893467E-08  0.48068777E-08 -0.62794250E-04 -0.65377704E-09
    2    2    0.89532371E-04  0.96420218E-09 -0.10144735E-09  0.26987150E-09 -0.67820790E-04  0.60568079E-08
    3    2   -0.11580773E-03 -0.45345471E-08 -0.56108416E-09 -0.19047269E-08 -0.31289945E-04 -0.75437713E-08
    4    2    0.13681138E-03 -0.13125884E-08  0.39804619E-08 -0.15400264E-08 -0.28115598E-03 -0.48634919E-08
    1    3   -0.66638850E-04 -0.66509093E-08 -0.12126593E-08 -0.24255918E-08 -0.17518157E-04 -0.26457199E-09
    2    3   -0.17845569E-03  0.19796972E-08 -0.22480807E-08 -0.12525049E-09 -0.31511379E-03  0.35661858E-08
    3    3   -0.89315177E-04 -0.27509107E-09 -0.14123889E-09 -0.39448843E-10  0.67891684E-04  0.19210865E-08
    4    3   -0.28442493E-04  0.42416035E-09  0.29299319E-09 -0.15318436E-08  0.12840334E-03 -0.34694476E-08
    1    4    0.28222480E-05  0.55564389E-08 -0.14004218E-08 -0.28338946E-08  0.12109478E-03  0.78306887E-08
    2    4    0.16751193E-03 -0.15301934E-08 -0.15113329E-08  0.31369942E-08 -0.22638111E-04 -0.53461923E-08
    3    4    0.27653575E-04 -0.15730490E-08  0.41428379E-09  0.13986085E-08  0.57746981E-04  0.18310083E-08
    4    4   -0.14794144E-04 -0.64611284E-09 -0.24010279E-09 -0.31159483E-09 -0.11493871E-03 -0.85240439E-08

    6   -3    0
    1    1   -0.17727146E-04 -0.55846210E-09  0.30702966E-04 -0.17357104E-08 -0.41725561E-04 -0.18803546E-07
    2    1    0.11780474E-03 -0.43645220E-08 -0.11727265E-03  0.91808578E-09 -0.60166979E-04 -0.54756321E-08
    3    1   -0.39384713E-05  0.21381169E-08  0.88627656E-04  0.27530412E-08 -0.35270085E-04  0.47599909E-08
    4    1    0.27276298E-04  0.97447179E-09 -0.31672108E-03  0.13352705E-08 -0.27498280E-04  0.82547097E-08
    1    2    0.12540982E-03 -0.11116276E-08  0.21718550E-03 -0.14349747E-08 -0.62791240E-04  0.13990570E-08
    2    2    0.10804961E-04  0.14122782E-08 -0.18713665E-04  0.17990471E-08  0.90846809E-04  0.20770908E-07
    3    2    0.20965049E-04 -0.23714264E-08 -0.33084563E-04  0.18171385E-08 -0.25193269E-04 -0.80454518E-09
    4    2    0.10798015E-03 -0.15183405E-08  0.11346134E-03  0.30861299E-08 -0.28086234E-04 -0.87407200E-08
    1    3    0.39771373E-04  0.53008364E-09 -0.62962301E-08 -0.26621531E-08 -0.17519689E-04  0.45154848E-08
    2    3    0.58734510E-04  0.55216468E-09 -0.17540886E-03  0.48524708E-08  0.10036500E-04  0.24547442E-08
    3    3   -0.10784265E-04  0.11480656E-09  0.18680669E-04  0.87197441E-09 -0.90194334E-04 -0.48489741E-08
    4    3    0.12320346E-03 -0.29954509E-08 -0.10894502E-03  0.13224721E-09 -0.87705964E-04  0.11771410E-08
    1    4   -0.10070679E-04 -0.31911499E-08  0.18399090E-03 -0.18400878E-09 -0.67076291E-04 -0.25878116E-08
    2    4   -0.73506164E-04 -0.28644192E-08 -0.98918662E-04  0.26090170E-08 -0.22629585E-04 -0.97928337E-08
    3    4    0.10203951E-04 -0.16112897E-08  0.15793315E-03 -0.79535548E-09  0.57751823E-04  0.17102858E-08
    4    4    0.17732784E-04  0.66983927E-09 -0.30714478E-04  0.11017245E-08  0.42164423E-04  0.45184567E-08
